OrderDate,SalesID,SalesName,InvoiceNo,CustomerName,Gender,CustomerID,CustomerType,ProductName,ProductCode,ProductCategory,CategoryCode,UnitPrice,Quantity,OrderValue,DiscountValue,SalesValue,SalesReturn,CreditedAmount,Commission,Year,Month,Day,NetSales,DueAmount
3/25/2026,SID019,Rafiul Karim,INV2603100001,Fashion Central,Male,CUS00483,Walk In,Body Spray,COS011,Cosmetics,CAT002,500,22,11000,1100,9900,198,0,297,2026,March,25,9702,0
8/28/2025,SID015,Mim Akter,INV2508100002,Beauty Express,Male,CUST002,Online,Belt,ACC003,Accessories,CAT003,800,25,20000,1000,19000,0,5700,570,2025,August,28,19000,5700
12/7/2026,SID015,Tasnia Rahman,INV2612100003,Classic Apparel,Female,CUST003,Walk In,Women's Nightwear,APP014,Fashion Apparel,CAT001,800,22,17600,1232,16368,818.4,4910.4,491.04,2026,December,7,15549.6,4910.4
8/6/2026,SID017,Nusrat Jahan,INV2608100004,Style Corner,Female,CUS00046,Walk In,Hand Sanitizer,HYG001,Hygiene Products,CAT004,250,20,5000,500,4500,90,900,135,2026,August,6,4410,900
10/25/2026,SID018,Tasnia Rahman,INV2610100005,Fresh Look,Female,CUS00469,Retail,Women's Top,APP006,Fashion Apparel,CAT001,1200,89,106800,7476,99324,4966.2,19864.8,2979.72,2026,October,25,94357.8,19864.8
11/18/2026,SID017,Jannatul Ferdous,INV2611100006,Classic Apparel,Female,CUST003,Walk In,Kids T-Shirt,APP007,Fashion Apparel,CAT001,650,92,59800,1794,58006,2900.3,17401.8,1740.18,2026,November,18,55105.7,17401.8
6/26/2025,SID010,Mahmudul Hasan,INV2506100007,Fashion Central,Male,CUS00061,Retail,Shampoo,COS005,Cosmetics,CAT002,700,47,32900,1645,31255,625.1,6251,937.65,2025,June,26,30629.9,6251
8/30/2025,SID006,Tanvir Islam,INV2508100008,Premium Beauty,Male,CUS00113,Walk In,Jacket,APP010,Fashion Apparel,CAT001,3800,87,330600,16530,314070,15703.5,0,9422.1,2025,August,30,298366.5,0
12/18/2025,SID004,Mehedi Hasan,INV2512100009,Elite Collection,Both,CUS00485,Distributor,Condom,COS036,Cosmetics,CAT002,300,27,8100,243,7857,392.85,2357.1,235.71,2025,December,18,7464.15,2357.1
2/14/2025,SID010,Mehedi Hasan,INV2502100010,Wonder Collection,Male,CUS00461,Distributor,Men Shirt,APP017,Fashion Apparel,CAT001,1600,13,20800,0,20800,1040,4160,624,2025,February,14,19760,4160
2/19/2026,SID011,Shuvo Das,INV2602100011,Smart Beauty,Male,CUS00193,Walk In,Hair Serum,COS006,Cosmetics,CAT002,1200,7,8400,840,7560,378,1512,226.8,2026,February,19,7182,1512
3/6/2025,SID003,Nayeem Hasan,INV2503100012,Fashion Central,Both,CUS00323,Walk In,Keychain,ACC015,Accessories,CAT003,300,71,21300,1491,19809,396.18,0,594.27,2025,March,6,19412.82,0
11/29/2026,SID012,Sharmin Akter,INV2611100013,Beauty World,Male,CUST010,Distributor,Hair Dryer,COS038,Cosmetics,CAT002,4000,14,56000,3920,52080,2604,0,1562.4,2026,November,29,49476,0
3/19/2025,SID006,Bonna Akter,INV2503100014,Fashion Hub Ltd,Male,CUS00260,Distributor,Perfume,COS003,Cosmetics,CAT002,2200,98,215600,15092,200508,4010.16,60152.4,6015.24,2025,March,19,196497.84,60152.4
1/15/2026,SID006,Bonna Akter,INV2601100015,Fashion Central,Male,CUS00320,Retail,Men's Innerwear,APP016,Fashion Apparel,CAT001,700,26,18200,546,17654,353.08,5296.2,529.62,2026,January,15,17300.92,5296.2
12/27/2025,SID010,Imran Hossain,INV2512100016,Urban Avenue,Female,CUS00099,Online,Body Butter,COS017,Cosmetics,CAT002,700,49,34300,2401,31899,637.98,6379.8,956.97,2025,December,27,31261.02,6379.8
12/4/2025,SID010,Tanjina Sultana,INV2512100017,Glamour House,Both,CUS00252,Corporate,Toothbrush,HYG006,Hygiene Products,CAT004,150,95,14250,0,14250,0,4275,427.5,2025,December,4,14250,4275
3/5/2026,SID019,Arif Hossain,INV2603100018,Blue Sky Fashion,Both,CUST014,Online,Hair Removal Cream,COS025,Cosmetics,CAT002,450,30,13500,1350,12150,243,0,364.5,2026,March,5,11907,0
9/23/2026,SID005,Nayeem Hasan,INV2609100019,Trendy Boutique,Male,CUS00266,Corporate,Hat,ACC007,Accessories,CAT003,700,17,11900,595,11305,565.25,3391.5,339.15,2026,September,23,10739.75,3391.5
8/21/2026,SID016,Abdullah Al Mamun,INV2608100020,Style World,Both,CUS00164,Retail,Handbag,ACC001,Accessories,CAT003,3500,14,49000,4900,44100,882,13230,1323,2026,August,21,43218,13230
11/9/2026,SID005,Siam Ahmed,INV2611100021,Smart Beauty,Both,CUS00257,Retail,Shampoo,COS005,Cosmetics,CAT002,700,97,67900,0,67900,3395,20370,2037,2026,November,9,64505,20370
5/14/2025,SID002,Shuvo Das,INV2505100022,Fashion Avenue,Female,CUS00381,Online,Body Spray,COS011,Cosmetics,CAT002,500,77,38500,0,38500,0,7700,1155,2025,May,14,38500,7700
1/8/2025,SID020,Tanjina Sultana,INV2501100023,Glow & Shine,Female,CUS00080,Walk In,Hair Mask,COS018,Cosmetics,CAT002,1100,89,97900,0,97900,0,0,2937,2025,January,8,97900,0
5/12/2025,SID018,Siam Ahmed,INV2505100024,Shine Collection,Both,CUS00152,Walk In,Face Wash,COS001,Cosmetics,CAT002,450,49,22050,2205,19845,0,5953.5,595.35,2025,May,12,19845,5953.5
8/23/2025,SID019,Rakib Hasan,INV2508100025,Global Apparel,Both,CUS00080,Walk In,Gloves,ACC008,Accessories,CAT003,600,21,12600,0,12600,0,3780,378,2025,August,23,12600,3780
10/16/2026,SID019,Abdullah Al Mamun,INV2610100026,Urban Avenue,Both,CUS00478,Corporate,Diapers,HYG012,Hygiene Products,CAT004,800,90,72000,7200,64800,1296,12960,1944,2026,October,16,63504,12960
5/26/2025,SID013,Samira Akter,INV2505100027,Elegant Choice,Both,CUS00100,Retail,Mouthwash,HYG007,Hygiene Products,CAT004,300,9,2700,0,2700,135,810,81,2025,May,26,2565,810
8/3/2026,SID020,Rafiul Karim,INV2608100028,Urban Trends,Both,CUS00039,Retail,Hand Sanitizer,HYG001,Hygiene Products,CAT004,250,81,20250,1012.5,19237.5,384.75,5771.25,577.12,2026,August,3,18852.75,5771.25
4/12/2025,SID003,Nusrat Jahan,INV2504100029,Fresh Look,Both,CUS00369,Online,Men T-Shirt,APP001,Fashion Apparel,CAT001,750,15,11250,562.5,10687.5,534.38,2137.5,320.62,2025,April,12,10153.12,2137.5
4/22/2025,SID009,Shuvo Das,INV2504100030,Unique Collection,Male,CUS00391,Corporate,Sunglasses,ACC004,Accessories,CAT003,1500,5,7500,750,6750,135,0,202.5,2025,April,22,6615,0
10/4/2025,SID007,Sharmin Akter,INV2510100031,Unique Collection,Female,CUS00215,Corporate,Feminine Wash,COS022,Cosmetics,CAT002,400,7,2800,196,2604,0,520.8,78.12,2025,October,4,2604,520.8
2/13/2026,SID013,Farzana Akter,INV2602100032,Elegant Choice,Male,CUS00229,Walk In,Sunglasses,ACC004,Accessories,CAT003,1500,60,90000,9000,81000,4050,24300,2430,2026,February,13,76950,24300
8/17/2025,SID013,Bonna Akter,INV2508100033,Cosmetics Plus,Both,CUS00468,Corporate,Hair Accessories,ACC010,Accessories,CAT003,400,99,39600,1980,37620,752.4,0,1128.6,2025,August,17,36867.6,0
9/5/2025,SID004,Tanjina Sultana,INV2509100034,Classic Beauty,Both,CUST025,Corporate,Men T-Shirt,APP001,Fashion Apparel,CAT001,750,50,37500,2625,34875,697.5,6975,1046.25,2025,September,5,34177.5,6975
5/9/2026,SID006,Samira Akter,INV2605100035,Elite Fashion,Both,CUS00148,Distributor,Diapers,HYG012,Hygiene Products,CAT004,800,8,6400,640,5760,0,1728,172.8,2026,May,9,5760,1728
1/11/2025,SID005,Imran Hossain,INV2501100036,Bloom Cosmetics,Female,CUST027,Distributor,Sanitary Napkins,HYG004,Hygiene Products,CAT004,350,38,13300,0,13300,266,2660,399,2025,January,11,13034,2660
10/3/2025,SID018,Shakil Khan,INV2510100037,New Era Fashion,Both,CUS00187,Corporate,Bra & Panty Set,APP013,Fashion Apparel,CAT001,900,91,81900,8190,73710,1474.2,0,2211.3,2025,October,3,72235.8,0
12/20/2026,SID008,Mim Akter,INV2612100038,Shine Collection,Female,CUS00483,Distributor,Makeup Remover,COS015,Cosmetics,CAT002,550,8,4400,440,3960,198,792,118.8,2026,December,20,3762,792
3/26/2026,SID012,Tanvir Islam,INV2603100039,Elite Fashion,Both,CUS00498,Distributor,Face Toner,COS033,Cosmetics,CAT002,500,95,47500,4750,42750,0,12825,1282.5,2026,March,26,42750,12825
3/12/2026,SID002,Samira Akter,INV2603100040,Fashion Central,Female,CUS00072,Walk In,Hair Dryer,COS038,Cosmetics,CAT002,4000,31,124000,0,124000,0,37200,3720,2026,March,12,124000,37200
11/20/2025,SID017,Nusrat Jahan,INV2511100041,Star Fashion,Female,CUS00410,Corporate,Face Cream,COS007,Cosmetics,CAT002,950,76,72200,7220,64980,0,0,1949.4,2025,November,20,64980,0
12/21/2026,SID001,Samira Akter,INV2612100042,Rainbow Apparel,Both,CUS00220,Walk In,Body Mist,COS037,Cosmetics,CAT002,450,100,45000,3150,41850,837,8370,1255.5,2026,December,21,41013,8370
1/4/2026,SID019,Rafiul Karim,INV2601100043,Glamour House,Female,CUS00107,Retail,Deodorant,COS016,Cosmetics,CAT002,450,21,9450,945,8505,425.25,0,255.15,2026,January,4,8079.75,0
11/14/2026,SID013,Mehedi Hasan,INV2611100044,Beauty Express,Male,CUST002,Online,Women's Nightwear,APP014,Fashion Apparel,CAT001,800,54,43200,1296,41904,0,12571.2,1257.12,2026,November,14,41904,12571.2
9/12/2025,SID003,Rakib Hasan,INV2509100045,Urban Beauty,Male,CUS00085,Walk In,Disinfectant Spray,HYG003,Hygiene Products,CAT004,400,52,20800,1040,19760,988,5928,592.8,2025,September,12,18772,5928
4/6/2026,SID005,Farzana Akter,INV2604100046,Fresh Look,Both,CUS00141,Online,Backpack,ACC012,Accessories,CAT003,3000,48,144000,10080,133920,0,40176,4017.6,2026,April,6,133920,40176
10/1/2025,SID009,Bonna Akter,INV2510100047,Fashion Hub Ltd,Female,CUS00102,Walk In,Men T-Shirt,APP001,Fashion Apparel,CAT001,750,14,10500,1050,9450,0,1890,283.5,2025,October,1,9450,1890
10/18/2025,SID006,Tanvir Islam,INV2510100048,Elegant Choice,Male,CUS00462,Distributor,Hair Conditioner,COS032,Cosmetics,CAT002,750,23,17250,1725,15525,310.5,4657.5,465.75,2025,October,18,15214.5,4657.5
4/13/2026,SID005,Nusrat Jahan,INV2604100049,Fashion Point,Male,CUS00105,Distributor,Personal Toys,COS041,Cosmetics,CAT002,1500,84,126000,0,126000,6300,37800,3780,2026,April,13,119700,37800
10/3/2025,SID010,Arif Hossain,INV2510100050,Pink Beauty,Male,CUS00013,Retail,Face Toner,COS033,Cosmetics,CAT002,500,50,25000,0,25000,500,0,750,2025,October,3,24500,0
11/17/2025,SID008,Sharmin Akter,INV2511100051,Trendy Boutique,Both,CUS00471,Retail,Backpack,ACC012,Accessories,CAT003,3000,27,81000,8100,72900,0,21870,2187,2025,November,17,72900,21870
7/19/2025,SID003,Sadia Afrin,INV2507100052,Moonlight Cosmetics,Male,CUS00216,Online,Foot Care Cream,COS023,Cosmetics,CAT002,300,40,12000,840,11160,0,0,334.8,2025,July,19,11160,0
7/8/2025,SID012,Nusrat Jahan,INV2507100053,Elegant Boutique,Male,CUS00330,Walk In,Compact Powder,COS008,Cosmetics,CAT002,800,80,64000,6400,57600,1152,11520,1728,2025,July,8,56448,11520
11/11/2025,SID009,Tanvir Islam,INV2511100054,Blue Sky Fashion,Both,CUST014,Online,Handbag,ACC001,Accessories,CAT003,3500,33,115500,3465,112035,2240.7,33610.5,3361.05,2025,November,11,109794.3,33610.5
5/30/2026,SID004,Tasnia Rahman,INV2605100055,Cosmetics Plus,Female,CUS00350,Walk In,Women's Nightwear,APP014,Fashion Apparel,CAT001,800,81,64800,4536,60264,0,12052.8,1807.92,2026,May,30,60264,12052.8
12/8/2026,SID020,Shuvo Das,INV2612100056,Grace Boutique,Both,CUS00175,Corporate,Body Spray,COS011,Cosmetics,CAT002,500,15,7500,225,7275,0,0,218.25,2026,December,8,7275,0
5/7/2026,SID015,Mehedi Hasan,INV2605100057,Fashion Central,Both,CUS00319,Walk In,Watch,ACC005,Accessories,CAT003,5000,55,275000,0,275000,13750,82500,8250,2026,May,7,261250,82500
7/9/2025,SID009,Nusrat Jahan,INV2507100058,Beauty Express,Male,CUST002,Online,Toothbrush,HYG006,Hygiene Products,CAT004,150,85,12750,637.5,12112.5,605.62,3633.75,363.38,2025,July,9,11506.88,3633.75
1/5/2026,SID005,Rakib Hasan,INV2601100059,Nova Cosmetics,Male,CUS00476,Corporate,Jewelry Set,ACC009,Accessories,CAT003,4500,44,198000,9900,188100,0,0,5643,2026,January,5,188100,0
9/20/2025,SID015,Arif Hossain,INV2509100060,Rainbow Apparel,Male,CUS00215,Retail,Men's Innerwear,APP016,Fashion Apparel,CAT001,700,31,21700,651,21049,0,0,631.47,2025,September,20,21049,0
8/1/2026,SID008,Mahmudul Hasan,INV2608100061,Fashion Central,Male,CUS00230,Corporate,Men T-Shirt,APP001,Fashion Apparel,CAT001,750,12,9000,630,8370,167.4,1674,251.1,2026,August,1,8202.6,1674
5/10/2025,SID016,Imran Hossain,INV2505100062,Urban Beauty,Both,CUS00116,Online,Luggage,ACC013,Accessories,CAT003,8000,90,720000,36000,684000,13680,0,20520,2025,May,10,670320,0
6/14/2025,SID020,Sadia Afrin,INV2506100063,Diamond Cosmetics,Female,CUS00119,Distributor,Men T-Shirt,APP001,Fashion Apparel,CAT001,750,98,73500,5145,68355,1367.1,13671,2050.65,2025,June,14,66987.9,13671
6/1/2025,SID005,Nayeem Hasan,INV2506100064,Beauty World,Male,CUST010,Distributor,Women's Skirt,APP011,Fashion Apparel,CAT001,1500,90,135000,13500,121500,6075,36450,3645,2025,June,1,115425,36450
6/30/2026,SID020,Rashedul Islam,INV2606100065,New Era Fashion,Male,CUS00478,Distributor,Hat,ACC007,Accessories,CAT003,700,45,31500,3150,28350,1417.5,0,850.5,2026,June,30,26932.5,0
4/27/2026,SID009,Arif Hossain,INV2604100066,Nova Cosmetics,Female,CUS00054,Online,Disinfectant Spray,HYG003,Hygiene Products,CAT004,400,66,26400,0,26400,528,5280,792,2026,April,27,25872,5280
2/7/2026,SID015,Nayeem Hasan,INV2602100067,Classic Beauty,Both,CUST025,Corporate,Compact Powder,COS008,Cosmetics,CAT002,800,78,62400,0,62400,3120,0,1872,2026,February,7,59280,0
3/3/2025,SID010,Jannatul Ferdous,INV2503100068,Lily Boutique,Both,CUS00463,Corporate,Foot Care Cream,HYG014,Hygiene Products,CAT004,300,91,27300,0,27300,1365,8190,819,2025,March,3,25935,8190
1/17/2025,SID019,Mim Akter,INV2501100069,Glamour Point,Female,CUS00242,Walk In,Body Scrub,COS026,Cosmetics,CAT002,650,28,18200,910,17290,864.5,0,518.7,2025,January,17,16425.5,0
1/11/2026,SID016,Nayeem Hasan,INV2601100070,Beauty World,Male,CUST010,Distributor,Men's Nightwear,APP015,Fashion Apparel,CAT001,850,64,54400,0,54400,2720,10880,1632,2026,January,11,51680,10880
3/31/2025,SID008,Sharmin Akter,INV2503100071,Beauty Express,Male,CUST002,Online,Beard Oil,COS010,Cosmetics,CAT002,900,94,84600,5922,78678,0,23603.4,2360.34,2025,March,31,78678,23603.4
9/25/2025,SID017,Nusrat Jahan,INV2509100072,Elite Fashion,Female,CUS00341,Walk In,Underarm Whitening Cream,HYG015,Hygiene Products,CAT004,500,7,3500,245,3255,0,0,97.65,2025,September,25,3255,0
6/13/2026,SID019,Mim Akter,INV2606100073,Diamond Cosmetics,Male,CUS00434,Distributor,Wallet,ACC002,Accessories,CAT003,1200,55,66000,1980,64020,0,12804,1920.6,2026,June,13,64020,12804
3/23/2025,SID010,Tanjina Sultana,INV2503100074,Elite Fashion,Both,CUS00237,Retail,Women's Top,APP006,Fashion Apparel,CAT001,1200,30,36000,1800,34200,1710,0,1026,2025,March,23,32490,0
10/25/2025,SID013,Mehedi Hasan,INV2510100075,Dream Fashion,Both,CUS00470,Distributor,Hair Color,COS012,Cosmetics,CAT002,1500,57,85500,0,85500,1710,25650,2565,2025,October,25,83790,25650
11/2/2026,SID010,Sharmin Akter,INV2611100076,Golden Fashion,Male,CUS00270,Retail,Wallet,ACC002,Accessories,CAT003,1200,24,28800,864,27936,558.72,8380.8,838.08,2026,November,2,27377.28,8380.8
5/27/2026,SID005,Tanvir Islam,INV2605100077,Fashion Plus,Male,CUS00400,Corporate,Foot Care Cream,COS023,Cosmetics,CAT002,300,78,23400,2340,21060,421.2,4212,631.8,2026,May,27,20638.8,4212
6/20/2025,SID007,Shuvo Das,INV2506100078,Fashion Express,Female,CUS00334,Corporate,Face Serum,COS014,Cosmetics,CAT002,1300,5,6500,325,6175,123.5,1852.5,185.25,2025,June,20,6051.5,1852.5
8/22/2026,SID017,Nusrat Jahan,INV2608100079,Smart Beauty,Female,CUS00379,Corporate,Face Mask,HYG002,Hygiene Products,CAT004,150,43,6450,193.5,6256.5,0,1251.3,187.69,2026,August,22,6256.5,1251.3
3/3/2026,SID002,Sabbir Ahmed,INV2603100080,Diamond Cosmetics,Male,CUS00382,Walk In,Nail Polish,COS013,Cosmetics,CAT002,400,37,14800,1480,13320,666,0,399.6,2026,March,3,12654,0
10/17/2025,SID009,Shuvo Das,INV2510100081,Bloom Cosmetics,Female,CUST027,Distributor,Belt,ACC003,Accessories,CAT003,800,82,65600,1968,63632,3181.6,12726.4,1908.96,2025,October,17,60450.4,12726.4
1/6/2026,SID015,Sadia Afrin,INV2601100082,Elegant Choice,Both,CUS00357,Online,Hair Accessories,ACC010,Accessories,CAT003,400,40,16000,1120,14880,744,4464,446.4,2026,January,6,14136,4464
6/7/2026,SID001,Imran Hossain,INV2606100083,Iconic Fashion,Female,CUS00455,Corporate,Hair Dryer,COS038,Cosmetics,CAT002,4000,22,88000,2640,85360,1707.2,17072,2560.8,2026,June,7,83652.8,17072
2/1/2026,SID019,Arif Hossain,INV2602100084,Urban Style,Male,CUS00311,Retail,Hair Color,COS012,Cosmetics,CAT002,1500,94,141000,4230,136770,0,0,4103.1,2026,February,1,136770,0
12/23/2025,SID006,Siam Ahmed,INV2512100085,Urban Avenue,Male,CUS00293,Retail,Feminine Wash,HYG010,Hygiene Products,CAT004,400,35,14000,420,13580,0,4074,407.4,2025,December,23,13580,4074
12/29/2025,SID008,Arif Hossain,INV2512100086,Star Fashion,Female,CUS00411,Corporate,Body Butter,COS017,Cosmetics,CAT002,700,58,40600,0,40600,0,8120,1218,2025,December,29,40600,8120
6/27/2026,SID005,Rafiul Karim,INV2606100087,Glamour House,Female,CUS00004,Walk In,Hair Mask,COS018,Cosmetics,CAT002,1100,60,66000,3300,62700,1254,18810,1881,2026,June,27,61446,18810
6/19/2026,SID007,Rakib Hasan,INV2606100088,Metro Fashion,Both,CUS00258,Distributor,Perfume,COS003,Cosmetics,CAT002,2200,14,30800,2156,28644,572.88,0,859.32,2026,June,19,28071.12,0
4/5/2026,SID014,Mehedi Hasan,INV2604100089,Fashion Point,Both,CUS00290,Retail,Bra & Panty Set,APP013,Fashion Apparel,CAT001,900,19,17100,0,17100,342,0,513,2026,April,5,16758,0
5/1/2025,SID013,Arif Hossain,INV2505100090,Elite Fashion,Female,CUS00234,Distributor,Face Mask,COS020,Cosmetics,CAT002,600,47,28200,2820,25380,0,7614,761.4,2025,May,1,25380,7614
2/17/2026,SID001,Rashedul Islam,INV2602100091,Royal Cosmetics,Both,CUS00251,Distributor,Body Butter,COS017,Cosmetics,CAT002,700,34,23800,1666,22134,442.68,6640.2,664.02,2026,February,17,21691.32,6640.2
10/3/2026,SID010,Samira Akter,INV2610100092,Diamond Cosmetics,Male,CUS00126,Retail,Hand Sanitizer,HYG001,Hygiene Products,CAT004,250,42,10500,1050,9450,0,2835,283.5,2026,October,3,9450,2835
7/17/2026,SID012,Tanvir Islam,INV2607100093,Fashion Hub Ltd,Both,CUS00035,Online,Makeup Kit,COS034,Cosmetics,CAT002,2500,73,182500,5475,177025,3540.5,53107.5,5310.75,2026,July,17,173484.5,53107.5
1/1/2025,SID016,Rakib Hasan,INV2501100094,Beauty Avenue,Female,CUST049,Distributor,Personal Toys,COS041,Cosmetics,CAT002,1500,51,76500,3825,72675,3633.75,14535,2180.25,2025,January,1,69041.25,14535
6/29/2026,SID003,Siam Ahmed,INV2606100095,Wonder Collection,Both,CUS00322,Walk In,Kids T-Shirt,APP007,Fashion Apparel,CAT001,650,43,27950,1956.5,25993.5,519.87,0,779.8,2026,June,29,25473.63,0
2/23/2025,SID011,Bonna Akter,INV2502100096,Chic Collection,Male,CUST050,Online,Aftershave,COS019,Cosmetics,CAT002,800,61,48800,4880,43920,878.4,13176,1317.6,2025,February,23,43041.6,13176
6/3/2025,SID009,Tasnia Rahman,INV2506100097,Prime Collection,Male,CUS00233,Retail,Deodorant,HYG008,Hygiene Products,CAT004,450,77,34650,1039.5,33610.5,672.21,6722.1,1008.31,2025,June,3,32938.29,6722.1
11/13/2026,SID011,Shakil Khan,INV2611100098,Elite Collection,Male,CUS00007,Online,Body Wash,COS030,Cosmetics,CAT002,600,79,47400,3318,44082,881.64,0,1322.46,2026,November,13,43200.36,0
5/5/2026,SID018,Jannatul Ferdous,INV2605100099,Glamour House,Female,CUS00188,Retail,Body Oil,COS040,Cosmetics,CAT002,800,41,32800,0,32800,1640,0,984,2026,May,5,31160,0
8/7/2026,SID012,Bonna Akter,INV2608100100,Glow & Shine,Both,CUS00196,Online,Umbrella,ACC014,Accessories,CAT003,1200,31,37200,1860,35340,706.8,7068,1060.2,2026,August,7,34633.2,7068
2/10/2026,SID018,Jannatul Ferdous,INV2602100101,Style World,Female,CUS00060,Online,Body Mist,COS037,Cosmetics,CAT002,450,41,18450,1291.5,17158.5,343.17,0,514.75,2026,February,10,16815.33,0
10/23/2026,SID014,Arif Hossain,INV2610100102,Fashion Avenue,Male,CUS00433,Online,Gloves,ACC008,Accessories,CAT003,600,55,33000,0,33000,1650,6600,990,2026,October,23,31350,6600
1/9/2026,SID016,Mim Akter,INV2601100103,Wonder Collection,Female,CUS00412,Corporate,Lipstick,COS002,Cosmetics,CAT002,850,26,22100,663,21437,1071.85,4287.4,643.11,2026,January,9,20365.15,4287.4
5/18/2026,SID010,Samira Akter,INV2605100104,Glamour House,Female,CUS00080,Walk In,Hair Conditioner,COS032,Cosmetics,CAT002,750,57,42750,0,42750,2137.5,0,1282.5,2026,May,18,40612.5,0
12/17/2025,SID003,Mehedi Hasan,INV2512100105,Beauty Express,Male,CUST002,Online,Makeup Remover,COS015,Cosmetics,CAT002,550,45,24750,2475,22275,445.5,6682.5,668.25,2025,December,17,21829.5,6682.5
3/10/2026,SID012,Shakil Khan,INV2603100106,Glamour House,Both,CUS00488,Corporate,Hair Mask,COS018,Cosmetics,CAT002,1100,42,46200,2310,43890,0,0,1316.7,2026,March,10,43890,0
3/8/2026,SID018,Samira Akter,INV2603100107,Trendy Boutique,Both,CUS00277,Walk In,Hair Serum,COS006,Cosmetics,CAT002,1200,90,108000,10800,97200,1944,19440,2916,2026,March,8,95256,19440
7/18/2026,SID019,Sabbir Ahmed,INV2607100108,Cosmetics World,Female,CUS00010,Corporate,Bra & Panty Set,APP013,Fashion Apparel,CAT001,900,13,11700,585,11115,222.3,2223,333.45,2026,July,18,10892.7,2223
4/9/2026,SID008,Siam Ahmed,INV2604100109,Trendy Shop,Female,CUS00283,Corporate,Diapers,HYG012,Hygiene Products,CAT004,800,32,25600,2560,23040,460.8,0,691.2,2026,April,9,22579.2,0
1/17/2025,SID010,Imran Hossain,INV2501100110,Glow & Shine,Both,CUS00250,Distributor,Bra & Panty Set,APP013,Fashion Apparel,CAT001,900,47,42300,4230,38070,0,11421,1142.1,2025,January,17,38070,11421
7/31/2025,SID014,Tasnia Rahman,INV2507100111,Urban Beauty,Both,CUS00498,Walk In,Deodorant,COS016,Cosmetics,CAT002,450,27,12150,0,12150,243,3645,364.5,2025,July,31,11907,3645
4/26/2026,SID006,Sharmin Akter,INV2604100112,Modern Boutique,Female,CUS00331,Distributor,Women's Nightwear,APP014,Fashion Apparel,CAT001,800,85,68000,0,68000,3400,13600,2040,2026,April,26,64600,13600
10/13/2026,SID004,Shuvo Das,INV2610100113,Cosmo House,Both,CUST055,Distributor,Face Scrub,COS027,Cosmetics,CAT002,550,39,21450,1072.5,20377.5,1018.88,0,611.32,2026,October,13,19358.62,0
4/1/2026,SID012,Tasnia Rahman,INV2604100114,Style Corner,Male,CUS00367,Retail,Hat,ACC007,Accessories,CAT003,700,46,32200,1610,30590,1529.5,0,917.7,2026,April,1,29060.5,0
12/10/2026,SID015,Mahmudul Hasan,INV2612100115,Signature Fashion,Both,CUS00489,Corporate,Body Butter,COS017,Cosmetics,CAT002,700,69,48300,4830,43470,869.4,8694,1304.1,2026,December,10,42600.6,8694
12/3/2026,SID008,Tasnia Rahman,INV2612100116,Glamour House,Both,CUS00325,Retail,Toothpaste,HYG005,Hygiene Products,CAT004,200,62,12400,868,11532,576.6,2306.4,345.96,2026,December,3,10955.4,2306.4
3/4/2026,SID004,Mehedi Hasan,INV2603100117,Cosmetics Plus,Male,CUS00253,Retail,Men T-Shirt,APP001,Fashion Apparel,CAT001,750,70,52500,5250,47250,945,9450,1417.5,2026,March,4,46305,9450
11/28/2026,SID008,Nayeem Hasan,INV2611100118,Trendy Boutique,Male,CUS00270,Retail,Face Scrub,COS027,Cosmetics,CAT002,550,30,16500,495,16005,0,4801.5,480.15,2026,November,28,16005,4801.5
10/15/2026,SID009,Bonna Akter,INV2610100119,Fashion Avenue,Both,CUS00474,Walk In,Hair Removal Cream,HYG013,Hygiene Products,CAT004,450,96,43200,2160,41040,0,0,1231.2,2026,October,15,41040,0
7/23/2026,SID010,Tanjina Sultana,INV2607100120,Signature Fashion,Male,CUS00325,Online,Body Lotion,COS004,Cosmetics,CAT002,650,95,61750,6175,55575,0,0,1667.25,2026,July,23,55575,0
4/7/2026,SID012,Tasnia Rahman,INV2604100121,Crystal Cosmetics,Male,CUS00052,Walk In,Face Toner,COS033,Cosmetics,CAT002,500,24,12000,840,11160,0,2232,334.8,2026,April,7,11160,2232
7/1/2026,SID014,Imran Hossain,INV2607100122,Beauty Express,Male,CUST002,Online,Body Oil,COS040,Cosmetics,CAT002,800,91,72800,3640,69160,1383.2,0,2074.8,2026,July,1,67776.8,0
5/29/2025,SID007,Bonna Akter,INV2505100123,Modern Boutique,Both,CUS00495,Walk In,Footwear,ACC011,Accessories,CAT003,2500,71,177500,12425,165075,8253.75,49522.5,4952.25,2025,May,29,156821.25,49522.5
2/2/2026,SID013,Shuvo Das,INV2602100124,Unique Collection,Both,CUS00360,Distributor,Feminine Wash,COS022,Cosmetics,CAT002,400,38,15200,760,14440,288.8,2888,433.2,2026,February,2,14151.2,2888
8/12/2026,SID007,Nusrat Jahan,INV2608100125,Shine Collection,Male,CUS00186,Distributor,Shaving Cream,HYG009,Hygiene Products,CAT004,350,94,32900,2303,30597,611.94,6119.4,917.91,2026,August,12,29985.06,6119.4
7/30/2025,SID010,Bonna Akter,INV2507100126,Star Fashion,Female,CUS00057,Walk In,Body Lotion,COS004,Cosmetics,CAT002,650,72,46800,2340,44460,2223,8892,1333.8,2025,July,30,42237,8892
1/12/2026,SID010,Tasnia Rahman,INV2601100127,Elegant Boutique,Male,CUS00245,Walk In,Face Scrub,COS027,Cosmetics,CAT002,550,23,12650,885.5,11764.5,588.23,2352.9,352.94,2026,January,12,11176.27,2352.9
9/14/2026,SID017,Samira Akter,INV2609100128,Beauty Avenue,Female,CUST049,Distributor,Body Lotion,COS004,Cosmetics,CAT002,650,8,5200,260,4940,0,0,148.2,2026,September,14,4940,0
5/16/2025,SID003,Sharmin Akter,INV2505100129,Cosmetics Central,Female,CUST058,Distributor,Hair Color,COS012,Cosmetics,CAT002,1500,79,118500,5925,112575,0,22515,3377.25,2025,May,16,112575,22515
9/28/2026,SID018,Sadia Afrin,INV2609100130,Infinity Style,Both,CUS00243,Distributor,Luggage,ACC013,Accessories,CAT003,8000,97,776000,77600,698400,13968,139680,20952,2026,September,28,684432,139680
10/22/2026,SID020,Sadia Afrin,INV2610100131,New Era Fashion,Both,CUS00269,Walk In,Kids Dress,APP008,Fashion Apparel,CAT001,950,30,28500,2850,25650,513,0,769.5,2026,October,22,25137,0
12/3/2026,SID002,Abdullah Al Mamun,INV2612100132,Fresh Look,Male,CUS00023,Online,Makeup Kit,COS034,Cosmetics,CAT002,2500,27,67500,0,67500,3375,13500,2025,2026,December,3,64125,13500
2/5/2025,SID014,Farzana Akter,INV2502100133,Prime Collection,Male,CUS00323,Online,Umbrella,ACC014,Accessories,CAT003,1200,45,54000,0,54000,1080,10800,1620,2025,February,5,52920,10800
12/26/2026,SID009,Rafiul Karim,INV2612100134,Classic Apparel,Female,CUST003,Walk In,Feminine Wash,COS022,Cosmetics,CAT002,400,21,8400,840,7560,0,0,226.8,2026,December,26,7560,0
11/6/2026,SID012,Mahmudul Hasan,INV2611100135,Cosmetics Plus,Male,CUS00261,Online,Handbag,ACC001,Accessories,CAT003,3500,82,287000,14350,272650,5453,54530,8179.5,2026,November,6,267197,54530
8/11/2025,SID001,Mahmudul Hasan,INV2508100136,Fashion Avenue,Both,CUS00136,Retail,Face Mask,COS020,Cosmetics,CAT002,600,66,39600,2772,36828,1841.4,7365.6,1104.84,2025,August,11,34986.6,7365.6
1/2/2026,SID018,Jannatul Ferdous,INV2601100137,New Era Fashion,Both,CUS00477,Online,Jewelry Set,ACC009,Accessories,CAT003,4500,22,99000,4950,94050,4702.5,18810,2821.5,2026,January,2,89347.5,18810
6/17/2025,SID015,Farzana Akter,INV2506100138,Urban Avenue,Female,CUS00231,Online,Foot Care Cream,HYG014,Hygiene Products,CAT004,300,56,16800,504,16296,0,4888.8,488.88,2025,June,17,16296,4888.8
10/24/2026,SID014,Sharmin Akter,INV2610100139,Modern Boutique,Both,CUS00151,Walk In,Sunscreen,COS009,Cosmetics,CAT002,1150,49,56350,1690.5,54659.5,1093.19,16397.85,1639.78,2026,October,24,53566.31,16397.85
4/2/2025,SID009,Sadia Afrin,INV2504100140,Fashion Express,Male,CUS00493,Walk In,Wallet,ACC002,Accessories,CAT003,1200,31,37200,0,37200,0,7440,1116,2025,April,2,37200,7440
4/23/2026,SID018,Rakib Hasan,INV2604100141,Unique Collection,Female,CUS00418,Online,Body Oil,COS040,Cosmetics,CAT002,800,70,56000,0,56000,2800,16800,1680,2026,April,23,53200,16800
7/10/2025,SID005,Sharmin Akter,INV2507100142,Infinity Style,Female,CUS00253,Walk In,Hand Sanitizer,HYG001,Hygiene Products,CAT004,250,9,2250,0,2250,0,675,67.5,2025,July,10,2250,675
2/10/2025,SID010,Bonna Akter,INV2502100143,Beauty Express,Male,CUST002,Online,Hair Removal Cream,HYG013,Hygiene Products,CAT004,450,24,10800,756,10044,200.88,3013.2,301.32,2025,February,10,9843.12,3013.2
10/11/2025,SID019,Farzana Akter,INV2510100144,Cosmo House,Both,CUST055,Distributor,Bra & Panty Set,APP013,Fashion Apparel,CAT001,900,73,65700,4599,61101,3055.05,18330.3,1833.03,2025,October,11,58045.95,18330.3
9/3/2025,SID010,Rashedul Islam,INV2509100145,Rainbow Apparel,Both,CUS00236,Walk In,Personal Toys,COS041,Cosmetics,CAT002,1500,79,118500,8295,110205,2204.1,0,3306.15,2025,September,3,108000.9,0
1/2/2025,SID009,Nusrat Jahan,INV2501100146,Elegant Choice,Both,CUS00313,Distributor,Deodorant,COS016,Cosmetics,CAT002,450,13,5850,585,5265,105.3,1579.5,157.95,2025,January,2,5159.7,1579.5
4/17/2025,SID011,Shuvo Das,INV2504100147,Cosmetics Plus,Male,CUS00486,Retail,Gloves,ACC008,Accessories,CAT003,600,73,43800,2190,41610,2080.5,0,1248.3,2025,April,17,39529.5,0
9/27/2025,SID007,Nayeem Hasan,INV2509100148,Dream Fashion,Male,CUS00159,Retail,Baby Wipes,HYG011,Hygiene Products,CAT004,250,81,20250,2025,18225,364.5,3645,546.75,2025,September,27,17860.5,3645
8/12/2026,SID017,Shakil Khan,INV2608100149,Cosmetics Central,Female,CUST058,Distributor,Personal Lubricant,COS039,Cosmetics,CAT002,350,50,17500,1750,15750,315,0,472.5,2026,August,12,15435,0
2/6/2026,SID019,Abdullah Al Mamun,INV2602100150,Luxury Apparel,Male,CUS00238,Corporate,Hair Spray,COS029,Cosmetics,CAT002,450,72,32400,1620,30780,615.6,9234,923.4,2026,February,6,30164.4,9234
11/7/2026,SID003,Tanjina Sultana,INV2611100151,Elite Fashion,Female,CUS00078,Distributor,Baby Wipes,HYG011,Hygiene Products,CAT004,250,27,6750,337.5,6412.5,320.62,1282.5,192.38,2026,November,7,6091.88,1282.5
6/10/2026,SID004,Shuvo Das,INV2606100152,Smart Beauty,Male,CUS00427,Retail,Hair Accessories,ACC010,Accessories,CAT003,400,61,24400,732,23668,1183.4,7100.4,710.04,2026,June,10,22484.6,7100.4
7/28/2025,SID009,Mehedi Hasan,INV2507100153,New Era Fashion,Male,CUS00312,Online,Personal Toys,COS041,Cosmetics,CAT002,1500,57,85500,5985,79515,3975.75,15903,2385.45,2025,July,28,75539.25,15903
10/7/2025,SID007,Bonna Akter,INV2510100154,Urban Style,Female,CUS00401,Walk In,Women's Saree,APP005,Fashion Apparel,CAT001,3200,13,41600,0,41600,2080,12480,1248,2025,October,7,39520,12480
11/18/2026,SID019,Rafiul Karim,INV2611100155,Shine Collection,Female,CUS00360,Online,Kids T-Shirt,APP007,Fashion Apparel,CAT001,650,8,5200,520,4680,234,936,140.4,2026,November,18,4446,936
10/17/2026,SID010,Nusrat Jahan,INV2610100156,Diamond Cosmetics,Both,CUS00364,Distributor,Lipstick,COS002,Cosmetics,CAT002,850,66,56100,0,56100,1122,11220,1683,2026,October,17,54978,11220
9/12/2026,SID001,Rakib Hasan,INV2609100157,Fashion Avenue,Both,CUS00268,Retail,Hair Conditioner,COS032,Cosmetics,CAT002,750,90,67500,6750,60750,1215,18225,1822.5,2026,September,12,59535,18225
12/2/2025,SID009,Rashedul Islam,INV2512100158,Unique Collection,Both,CUS00253,Walk In,Body Mist,COS037,Cosmetics,CAT002,450,53,23850,1669.5,22180.5,443.61,6654.15,665.41,2025,December,2,21736.89,6654.15
3/29/2025,SID004,Shakil Khan,INV2503100159,Rainbow Apparel,Female,CUS00221,Corporate,Hair Mask,COS018,Cosmetics,CAT002,1100,8,8800,440,8360,418,1672,250.8,2025,March,29,7942,1672
11/2/2025,SID016,Rafiul Karim,INV2511100160,Grace Boutique,Male,CUS00156,Retail,Body Wash,COS030,Cosmetics,CAT002,600,89,53400,1602,51798,1035.96,15539.4,1553.94,2025,November,2,50762.04,15539.4
8/28/2025,SID010,Siam Ahmed,INV2508100161,Fashion Plus,Both,CUS00016,Walk In,Underarm Whitening Cream,COS024,Cosmetics,CAT002,500,74,37000,1850,35150,1757.5,7030,1054.5,2025,August,28,33392.5,7030
5/28/2025,SID013,Imran Hossain,INV2505100162,Dream Fashion,Female,CUS00448,Online,Women's Saree,APP005,Fashion Apparel,CAT001,3200,93,297600,0,297600,0,0,8928,2025,May,28,297600,0
3/17/2026,SID015,Rafiul Karim,INV2603100163,Cosmetics Plus,Male,CUS00073,Online,Jewelry Set,ACC009,Accessories,CAT003,4500,96,432000,0,432000,21600,86400,12960,2026,March,17,410400,86400
10/14/2026,SID020,Siam Ahmed,INV2610100164,Royal Cosmetics,Male,CUS00356,Online,Personal Toys,COS041,Cosmetics,CAT002,1500,90,135000,4050,130950,2619,0,3928.5,2026,October,14,128331,0
10/30/2025,SID005,Nayeem Hasan,INV2510100165,Infinity Style,Both,CUS00146,Retail,Nail Polish,COS013,Cosmetics,CAT002,400,98,39200,1176,38024,0,0,1140.72,2025,October,30,38024,0
2/8/2026,SID004,Rakib Hasan,INV2602100166,Glamour House,Both,CUS00103,Retail,Men Shirt,APP017,Fashion Apparel,CAT001,1600,73,116800,11680,105120,5256,31536,3153.6,2026,February,8,99864,31536
5/9/2026,SID009,Imran Hossain,INV2605100167,Luxury Apparel,Both,CUS00472,Distributor,Feminine Wash,HYG010,Hygiene Products,CAT004,400,76,30400,912,29488,0,5897.6,884.64,2026,May,9,29488,5897.6
9/17/2025,SID005,Abdullah Al Mamun,INV2509100168,Prime Collection,Male,CUS00383,Walk In,Kids Dress,APP008,Fashion Apparel,CAT001,950,33,31350,3135,28215,0,5643,846.45,2025,September,17,28215,5643
10/8/2025,SID007,Jannatul Ferdous,INV2510100169,Infinity Style,Both,CUS00366,Online,Mouthwash,HYG007,Hygiene Products,CAT004,300,96,28800,864,27936,0,8380.8,838.08,2025,October,8,27936,8380.8
7/19/2025,SID005,Tanjina Sultana,INV2507100170,Elite Collection,Both,CUS00209,Walk In,Women's Top,APP006,Fashion Apparel,CAT001,1200,46,55200,2760,52440,1048.8,15732,1573.2,2025,July,19,51391.2,15732
9/16/2025,SID016,Arif Hossain,INV2509100171,Royal Cosmetics,Female,CUS00166,Corporate,Underarm Whitening Cream,COS024,Cosmetics,CAT002,500,50,25000,0,25000,1250,7500,750,2025,September,16,23750,7500
9/15/2026,SID003,Rashedul Islam,INV2609100172,Premium Beauty,Female,CUS00211,Corporate,Face Wash,COS001,Cosmetics,CAT002,450,17,7650,229.5,7420.5,148.41,0,222.61,2026,September,15,7272.09,0
2/11/2026,SID020,Bonna Akter,INV2602100173,Classic Beauty,Both,CUST025,Corporate,Hair Straightener,COS035,Cosmetics,CAT002,3500,63,220500,6615,213885,4277.7,0,6416.55,2026,February,11,209607.3,0
9/6/2026,SID014,Mehedi Hasan,INV2609100174,Beauty Express,Male,CUST002,Online,Belt,ACC003,Accessories,CAT003,800,47,37600,0,37600,1880,11280,1128,2026,September,6,35720,11280
1/21/2025,SID004,Rakib Hasan,INV2501100175,Global Apparel,Male,CUS00145,Walk In,Personal Toys,COS041,Cosmetics,CAT002,1500,44,66000,6600,59400,0,11880,1782,2025,January,21,59400,11880
4/28/2026,SID005,Arif Hossain,INV2604100176,Luxury Apparel,Male,CUS00140,Online,Makeup Remover,COS015,Cosmetics,CAT002,550,11,6050,181.5,5868.5,117.37,1760.55,176.06,2026,April,28,5751.13,1760.55
5/13/2025,SID020,Imran Hossain,INV2505100177,Unique Collection,Female,CUS00286,Corporate,Personal Toys,COS041,Cosmetics,CAT002,1500,11,16500,1650,14850,0,0,445.5,2025,May,13,14850,0
3/23/2026,SID018,Rafiul Karim,INV2603100178,Premium Beauty,Both,CUS00148,Online,Women's Skirt,APP011,Fashion Apparel,CAT001,1500,73,109500,7665,101835,0,30550.5,3055.05,2026,March,23,101835,30550.5
12/27/2025,SID003,Mehedi Hasan,INV2512100179,New Era Fashion,Both,CUS00291,Online,Keychain,ACC015,Accessories,CAT003,300,76,22800,684,22116,442.32,6634.8,663.48,2025,December,27,21673.68,6634.8
8/5/2025,SID005,Mehedi Hasan,INV2508100180,Royal Cosmetics,Female,CUS00082,Online,Belt,ACC003,Accessories,CAT003,800,85,68000,6800,61200,0,18360,1836,2025,August,5,61200,18360
12/16/2025,SID017,Samira Akter,INV2512100181,Elite Collection,Both,CUS00293,Walk In,Hair Straightener,COS035,Cosmetics,CAT002,3500,36,126000,0,126000,6300,0,3780,2025,December,16,119700,0
11/8/2025,SID010,Nayeem Hasan,INV2511100182,Fashion Plus,Female,CUS00484,Walk In,Handbag,ACC001,Accessories,CAT003,3500,8,28000,0,28000,0,0,840,2025,November,8,28000,0
3/17/2026,SID009,Bonna Akter,INV2603100183,Beauty Avenue,Female,CUST049,Distributor,Body Butter,COS017,Cosmetics,CAT002,700,95,66500,4655,61845,0,12369,1855.35,2026,March,17,61845,12369
4/12/2026,SID005,Mim Akter,INV2604100184,Modern Boutique,Female,CUS00067,Walk In,Personal Toys,COS041,Cosmetics,CAT002,1500,26,39000,1170,37830,0,0,1134.9,2026,April,12,37830,0
1/20/2026,SID017,Rakib Hasan,INV2601100185,Cosmetics Central,Female,CUST058,Distributor,Keychain,ACC015,Accessories,CAT003,300,31,9300,0,9300,0,2790,279,2026,January,20,9300,2790
10/2/2025,SID014,Jannatul Ferdous,INV2510100186,Urban Beauty,Both,CUS00256,Distributor,Gloves,ACC008,Accessories,CAT003,600,86,51600,1548,50052,2502.6,10010.4,1501.56,2025,October,2,47549.4,10010.4
1/16/2026,SID020,Shakil Khan,INV2601100187,Cosmetics World,Female,CUS00438,Retail,Men T-Shirt,APP001,Fashion Apparel,CAT001,750,84,63000,6300,56700,1134,0,1701,2026,January,16,55566,0
7/4/2025,SID001,Tanvir Islam,INV2507100188,Chic Collection,Male,CUST050,Online,Face Scrub,COS027,Cosmetics,CAT002,550,91,50050,3503.5,46546.5,0,0,1396.39,2025,July,4,46546.5,0
12/21/2026,SID001,Abdullah Al Mamun,INV2612100189,Wonder Collection,Both,CUS00290,Online,After Sun Lotion,COS031,Cosmetics,CAT002,700,92,64400,6440,57960,0,11592,1738.8,2026,December,21,57960,11592
12/2/2026,SID006,Rakib Hasan,INV2612100190,Apex Fashion,Female,CUST061,Distributor,Perfume,COS003,Cosmetics,CAT002,2200,27,59400,2970,56430,0,16929,1692.9,2026,December,2,56430,16929
10/15/2026,SID020,Nayeem Hasan,INV2610100191,NextGen Fashion,Female,CUS00091,Walk In,Sunscreen,COS009,Cosmetics,CAT002,1150,8,9200,0,9200,0,2760,276,2026,October,15,9200,2760
11/26/2026,SID020,Jannatul Ferdous,INV2611100192,Global Apparel,Both,CUS00268,Online,Men's Nightwear,APP015,Fashion Apparel,CAT001,850,90,76500,0,76500,3825,15300,2295,2026,November,26,72675,15300
4/3/2025,SID004,Abdullah Al Mamun,INV2504100193,Modern Style,Male,CUS00031,Corporate,Foot Care Cream,COS023,Cosmetics,CAT002,300,21,6300,189,6111,122.22,1833.3,183.33,2025,April,3,5988.78,1833.3
2/15/2026,SID001,Nusrat Jahan,INV2602100194,Wonder Collection,Female,CUS00103,Corporate,Compact Powder,COS008,Cosmetics,CAT002,800,36,28800,0,28800,1440,5760,864,2026,February,15,27360,5760
7/25/2025,SID017,Tasnia Rahman,INV2507100195,Prime Collection,Both,CUS00430,Retail,Hair Serum,COS006,Cosmetics,CAT002,1200,70,84000,8400,75600,1512,0,2268,2025,July,25,74088,0
10/15/2025,SID011,Shakil Khan,INV2510100196,Fresh Look,Both,CUS00079,Walk In,Men T-Shirt,APP001,Fashion Apparel,CAT001,750,89,66750,2002.5,64747.5,0,0,1942.42,2025,October,15,64747.5,0
5/6/2026,SID008,Tanvir Islam,INV2605100197,Fashion Plus,Both,CUS00076,Corporate,Men's Nightwear,APP015,Fashion Apparel,CAT001,850,24,20400,2040,18360,367.2,3672,550.8,2026,May,6,17992.8,3672
8/9/2025,SID006,Rafiul Karim,INV2508100198,Trendy Boutique,Both,CUS00479,Distributor,After Sun Lotion,COS031,Cosmetics,CAT002,700,29,20300,1015,19285,964.25,3857,578.55,2025,August,9,18320.75,3857
1/16/2026,SID014,Abdullah Al Mamun,INV2601100199,Urban Trends,Both,CUS00060,Distributor,Hoodie,APP009,Fashion Apparel,CAT001,2500,17,42500,2125,40375,2018.75,0,1211.25,2026,January,16,38356.25,0
11/7/2025,SID009,Shuvo Das,INV2511100200,Urban Beauty,Male,CUS00496,Walk In,Body Butter,COS017,Cosmetics,CAT002,700,88,61600,1848,59752,2987.6,0,1792.56,2025,November,7,56764.4,0
12/3/2026,SID004,Sabbir Ahmed,INV2612100201,Trendy Boutique,Both,CUS00219,Retail,Disinfectant Spray,HYG003,Hygiene Products,CAT004,400,48,19200,0,19200,0,5760,576,2026,December,3,19200,5760
8/21/2025,SID004,Tanvir Islam,INV2508100202,Trendy Shop,Female,CUS00288,Online,Hair Removal Cream,HYG013,Hygiene Products,CAT004,450,35,15750,1575,14175,0,2835,425.25,2025,August,21,14175,2835
10/28/2026,SID010,Farzana Akter,INV2610100203,Glamour Point,Female,CUS00055,Walk In,Face Mask,HYG002,Hygiene Products,CAT004,150,69,10350,310.5,10039.5,200.79,2007.9,301.19,2026,October,28,9838.71,2007.9
10/30/2025,SID011,Tasnia Rahman,INV2510100204,Prime Collection,Both,CUS00301,Online,Men's Innerwear,APP016,Fashion Apparel,CAT001,700,97,67900,3395,64505,3225.25,0,1935.15,2025,October,30,61279.75,0
10/6/2026,SID014,Mehedi Hasan,INV2610100205,Iconic Fashion,Both,CUS00331,Corporate,Personal Toys,COS041,Cosmetics,CAT002,1500,62,93000,0,93000,1860,0,2790,2026,October,6,91140,0
1/24/2025,SID020,Rakib Hasan,INV2501100206,Fashion Plus,Female,CUS00491,Corporate,Men's Innerwear,APP016,Fashion Apparel,CAT001,700,64,44800,0,44800,0,8960,1344,2025,January,24,44800,8960
5/19/2025,SID017,Sabbir Ahmed,INV2505100207,Shine Collection,Both,CUS00418,Distributor,Handbag,ACC001,Accessories,CAT003,3500,52,182000,5460,176540,0,0,5296.2,2025,May,19,176540,0
10/10/2025,SID009,Sharmin Akter,INV2510100208,Trendy Shop,Female,CUS00399,Walk In,Women's Top,APP006,Fashion Apparel,CAT001,1200,20,24000,2400,21600,0,0,648,2025,October,10,21600,0
10/29/2025,SID017,Rakib Hasan,INV2510100209,Royal Style,Male,CUS00032,Retail,Hair Conditioner,COS032,Cosmetics,CAT002,750,19,14250,712.5,13537.5,676.88,0,406.12,2025,October,29,12860.62,0
12/4/2025,SID002,Mehedi Hasan,INV2512100210,Smart Collection,Both,CUS00116,Walk In,Body Wash,COS030,Cosmetics,CAT002,600,55,33000,0,33000,660,0,990,2025,December,4,32340,0
12/31/2025,SID019,Mim Akter,INV2512100211,Beauty Point,Female,CUST066,Corporate,Foot Care Cream,HYG014,Hygiene Products,CAT004,300,28,8400,0,8400,0,2520,252,2025,December,31,8400,2520
6/7/2026,SID002,Bonna Akter,INV2606100212,Moonlight Cosmetics,Both,CUS00454,Online,Lipstick,COS002,Cosmetics,CAT002,850,45,38250,1912.5,36337.5,0,0,1090.12,2026,June,7,36337.5,0
5/23/2025,SID017,Tasnia Rahman,INV2505100213,Fashion Express,Both,CUS00058,Online,Toothpaste,HYG005,Hygiene Products,CAT004,200,40,8000,240,7760,388,2328,232.8,2025,May,23,7372,2328
6/1/2026,SID002,Samira Akter,INV2606100214,Dream Fashion,Female,CUS00165,Online,Jewelry Set,ACC009,Accessories,CAT003,4500,59,265500,18585,246915,4938.3,74074.5,7407.45,2026,June,1,241976.7,74074.5
6/17/2026,SID010,Farzana Akter,INV2606100215,Shine Collection,Both,CUS00035,Distributor,Men T-Shirt,APP001,Fashion Apparel,CAT001,750,66,49500,1485,48015,960.3,9603,1440.45,2026,June,17,47054.7,9603
4/7/2025,SID010,Mim Akter,INV2504100216,Beauty World,Male,CUST010,Distributor,Sunscreen,COS009,Cosmetics,CAT002,1150,16,18400,1288,17112,855.6,5133.6,513.36,2025,April,7,16256.4,5133.6
8/13/2026,SID017,Sadia Afrin,INV2608100217,Bloom Cosmetics,Female,CUST027,Distributor,Men's Nightwear,APP015,Fashion Apparel,CAT001,850,48,40800,1224,39576,0,7915.2,1187.28,2026,August,13,39576,7915.2
6/21/2025,SID010,Jannatul Ferdous,INV2506100218,Style World,Both,CUS00203,Corporate,Men T-Shirt,APP001,Fashion Apparel,CAT001,750,27,20250,1417.5,18832.5,376.65,3766.5,564.98,2025,June,21,18455.85,3766.5
7/8/2026,SID011,Sadia Afrin,INV2607100219,Fashion Plus,Female,CUS00102,Distributor,Makeup Kit,COS034,Cosmetics,CAT002,2500,51,127500,6375,121125,2422.5,24225,3633.75,2026,July,8,118702.5,24225
11/25/2026,SID008,Arif Hossain,INV2611100220,Classic Apparel,Female,CUST003,Walk In,Men's Innerwear,APP016,Fashion Apparel,CAT001,700,15,10500,315,10185,509.25,0,305.55,2026,November,25,9675.75,0
6/23/2025,SID017,Sadia Afrin,INV2506100221,Apex Fashion,Female,CUST061,Online,Toothbrush,HYG006,Hygiene Products,CAT004,150,99,14850,445.5,14404.5,288.09,2880.9,432.13,2025,June,23,14116.41,2880.9
6/17/2025,SID011,Nayeem Hasan,INV2506100222,Chic Collection,Male,CUST050,Online,Hair Removal Cream,HYG013,Hygiene Products,CAT004,450,18,8100,0,8100,0,0,243,2025,June,17,8100,0
9/4/2025,SID015,Farzana Akter,INV2509100223,Elite Collection,Male,CUS00379,Walk In,Feminine Wash,HYG010,Hygiene Products,CAT004,400,85,34000,3400,30600,0,9180,918,2025,September,4,30600,9180
9/29/2025,SID009,Nayeem Hasan,INV2509100224,Smart Collection,Male,CUS00470,Online,Men's Nightwear,APP015,Fashion Apparel,CAT001,850,98,83300,5831,77469,1549.38,15493.8,2324.07,2025,September,29,75919.62,15493.8
6/18/2025,SID010,Tanvir Islam,INV2506100225,Classic Apparel,Female,CUST003,Walk In,Hair Serum,COS006,Cosmetics,CAT002,1200,42,50400,0,50400,1008,10080,1512,2025,June,18,49392,10080
10/17/2026,SID003,Imran Hossain,INV2610100226,Fashion World,Female,CUS00258,Retail,Hair Spray,COS029,Cosmetics,CAT002,450,60,27000,810,26190,523.8,0,785.7,2026,October,17,25666.2,0
4/28/2026,SID020,Sharmin Akter,INV2604100227,Bloom Cosmetics,Female,CUST027,Distributor,Wallet,ACC002,Accessories,CAT003,1200,42,50400,2520,47880,957.6,0,1436.4,2026,April,28,46922.4,0
10/28/2026,SID002,Imran Hossain,INV2610100228,Premium Beauty,Male,CUS00472,Walk In,Scarf,ACC006,Accessories,CAT003,900,23,20700,2070,18630,931.5,0,558.9,2026,October,28,17698.5,0
2/8/2026,SID001,Rafiul Karim,INV2602100229,Blue Sky Fashion,Both,CUST014,Online,Face Scrub,COS027,Cosmetics,CAT002,550,43,23650,1182.5,22467.5,0,0,674.02,2026,February,8,22467.5,0
12/7/2026,SID003,Jannatul Ferdous,INV2612100230,Smart Collection,Both,CUS00303,Retail,Footwear,ACC011,Accessories,CAT003,2500,73,182500,12775,169725,3394.5,0,5091.75,2026,December,7,166330.5,0
6/25/2025,SID008,Tanvir Islam,INV2506100231,Glamour Point,Female,CUS00276,Distributor,Aftershave,COS019,Cosmetics,CAT002,800,55,44000,3080,40920,818.4,0,1227.6,2025,June,25,40101.6,0
7/19/2026,SID012,Farzana Akter,INV2607100232,Trendy Shop,Male,CUS00433,Retail,Body Butter,COS017,Cosmetics,CAT002,700,94,65800,3290,62510,1250.2,18753,1875.3,2026,July,19,61259.8,18753
1/25/2025,SID007,Mehedi Hasan,INV2501100233,Modern Style,Both,CUS00492,Walk In,Underarm Whitening Cream,COS024,Cosmetics,CAT002,500,28,14000,1400,12600,630,3780,378,2025,January,25,11970,3780
11/9/2025,SID015,Sharmin Akter,INV2511100234,Fashion Gallery,Both,CUS00098,Walk In,Wallet,ACC002,Accessories,CAT003,1200,78,93600,4680,88920,1778.4,17784,2667.6,2025,November,9,87141.6,17784
5/14/2025,SID013,Shuvo Das,INV2505100235,Cosmo House,Both,CUST055,Distributor,Women's Nightwear,APP014,Fashion Apparel,CAT001,800,16,12800,1280,11520,576,3456,345.6,2025,May,14,10944,3456
9/6/2026,SID010,Samira Akter,INV2609100236,Fashion Point,Female,CUS00394,Corporate,Handbag,ACC001,Accessories,CAT003,3500,74,259000,12950,246050,0,73815,7381.5,2026,September,6,246050,73815
10/30/2025,SID004,Rakib Hasan,INV2510100237,Lily Boutique,Male,CUS00182,Walk In,Body Wash,COS030,Cosmetics,CAT002,600,95,57000,3990,53010,1060.2,10602,1590.3,2025,October,30,51949.8,10602
8/7/2025,SID018,Sabbir Ahmed,INV2508100238,Fashion Point,Male,CUS00199,Online,Jewelry Set,ACC009,Accessories,CAT003,4500,46,207000,10350,196650,0,0,5899.5,2025,August,7,196650,0
2/21/2025,SID002,Sharmin Akter,INV2502100239,Urban Style,Female,CUS00469,Corporate,Compact Powder,COS008,Cosmetics,CAT002,800,64,51200,0,51200,0,10240,1536,2025,February,21,51200,10240
9/1/2025,SID015,Rashedul Islam,INV2509100240,Modern Boutique,Both,CUS00237,Online,Mouthwash,HYG007,Hygiene Products,CAT004,300,74,22200,2220,19980,0,5994,599.4,2025,September,1,19980,5994
5/27/2025,SID013,Mim Akter,INV2505100241,Elite Fashion,Female,CUS00265,Corporate,Women's Skirt,APP011,Fashion Apparel,CAT001,1500,25,37500,1125,36375,0,0,1091.25,2025,May,27,36375,0
6/27/2026,SID009,Jannatul Ferdous,INV2606100242,New Era Fashion,Female,CUS00040,Distributor,Deodorant,COS016,Cosmetics,CAT002,450,72,32400,2268,30132,0,9039.6,903.96,2026,June,27,30132,9039.6
3/29/2025,SID002,Tanvir Islam,INV2503100243,Classic Beauty,Both,CUST025,Corporate,Shaving Cream,COS021,Cosmetics,CAT002,350,57,19950,1995,17955,897.75,5386.5,538.65,2025,March,29,17057.25,5386.5
10/5/2025,SID016,Mim Akter,INV2510100244,Moonlight Cosmetics,Male,CUS00476,Walk In,Bra & Panty Set,APP013,Fashion Apparel,CAT001,900,58,52200,1566,50634,2531.7,0,1519.02,2025,October,5,48102.3,0
3/26/2026,SID020,Samira Akter,INV2603100245,Trendy Boutique,Male,CUS00452,Distributor,Toothbrush,HYG006,Hygiene Products,CAT004,150,70,10500,735,9765,0,1953,292.95,2026,March,26,9765,1953
8/14/2025,SID011,Mim Akter,INV2508100246,Elite Collection,Both,CUS00255,Distributor,Hair Gel,COS028,Cosmetics,CAT002,400,32,12800,0,12800,640,0,384,2025,August,14,12160,0
4/11/2026,SID017,Sadia Afrin,INV2604100247,Urban Beauty,Female,CUS00187,Retail,Shaving Cream,HYG009,Hygiene Products,CAT004,350,21,7350,0,7350,147,2205,220.5,2026,April,11,7203,2205
6/27/2025,SID020,Sadia Afrin,INV2506100248,Fashion Central,Female,CUS00045,Retail,Keychain,ACC015,Accessories,CAT003,300,85,25500,2550,22950,1147.5,4590,688.5,2025,June,27,21802.5,4590
6/22/2026,SID008,Shakil Khan,INV2606100249,Urban Trends,Female,CUS00290,Distributor,Hoodie,APP009,Fashion Apparel,CAT001,2500,26,65000,6500,58500,1170,0,1755,2026,June,22,57330,0
3/8/2025,SID007,Mahmudul Hasan,INV2503100250,Fashion World,Male,CUS00485,Walk In,Shaving Cream,HYG009,Hygiene Products,CAT004,350,75,26250,2625,23625,472.5,0,708.75,2025,March,8,23152.5,0
8/24/2025,SID010,Shuvo Das,INV2508100251,Smart Beauty,Both,CUS00077,Retail,Hair Spray,COS029,Cosmetics,CAT002,450,39,17550,1755,15795,789.75,0,473.85,2025,August,24,15005.25,0
3/28/2025,SID012,Jannatul Ferdous,INV2503100252,Trendy Boutique,Both,CUS00471,Corporate,Men T-Shirt,APP001,Fashion Apparel,CAT001,750,55,41250,2062.5,39187.5,1959.38,0,1175.62,2025,March,28,37228.12,0
2/13/2025,SID007,Tanvir Islam,INV2502100253,Beauty Point,Female,CUST066,Corporate,Women's Top,APP006,Fashion Apparel,CAT001,1200,48,57600,4032,53568,1071.36,16070.4,1607.04,2025,February,13,52496.64,16070.4
4/20/2026,SID005,Sabbir Ahmed,INV2604100254,Elegant Boutique,Female,CUS00261,Corporate,Women's Nightwear,APP014,Fashion Apparel,CAT001,800,25,20000,1400,18600,372,0,558,2026,April,20,18228,0
10/3/2025,SID014,Tasnia Rahman,INV2510100255,Grace Boutique,Male,CUS00350,Retail,Makeup Kit,COS034,Cosmetics,CAT002,2500,39,97500,9750,87750,1755,0,2632.5,2025,October,3,85995,0
10/9/2025,SID017,Mehedi Hasan,INV2510100256,Iconic Fashion,Both,CUS00319,Distributor,Personal Toys,COS041,Cosmetics,CAT002,1500,42,63000,6300,56700,2835,0,1701,2025,October,9,53865,0
10/11/2025,SID010,Nayeem Hasan,INV2510100257,Glamour House,Female,CUS00247,Walk In,Men Jeans,APP003,Fashion Apparel,CAT001,2200,52,114400,8008,106392,5319.6,0,3191.76,2025,October,11,101072.4,0
5/28/2025,SID017,Tanvir Islam,INV2505100258,Crystal Cosmetics,Male,CUS00409,Online,Hair Removal Cream,COS025,Cosmetics,CAT002,450,53,23850,2385,21465,0,6439.5,643.95,2025,May,28,21465,6439.5
4/8/2025,SID001,Samira Akter,INV2504100259,Apex Fashion,Female,CUST061,Walk In,Shaving Cream,HYG009,Hygiene Products,CAT004,350,99,34650,1039.5,33610.5,672.21,0,1008.31,2025,April,8,32938.29,0
3/15/2025,SID011,Rashedul Islam,INV2503100260,Grace Boutique,Female,CUS00247,Distributor,After Sun Lotion,COS031,Cosmetics,CAT002,700,90,63000,1890,61110,1222.2,12222,1833.3,2025,March,15,59887.8,12222
11/4/2026,SID015,Nusrat Jahan,INV2611100261,Cosmo House,Both,CUST055,Distributor,Watch,ACC005,Accessories,CAT003,5000,49,245000,0,245000,4900,73500,7350,2026,November,4,240100,73500
6/20/2026,SID005,Tasnia Rahman,INV2606100262,Rainbow Apparel,Female,CUS00115,Corporate,Sunglasses,ACC004,Accessories,CAT003,1500,97,145500,10185,135315,2706.3,27063,4059.45,2026,June,20,132608.7,27063
1/13/2026,SID009,Tanjina Sultana,INV2601100263,Iconic Fashion,Male,CUS00344,Walk In,Women's Leggings,APP012,Fashion Apparel,CAT001,1300,61,79300,3965,75335,0,22600.5,2260.05,2026,January,13,75335,22600.5
1/31/2026,SID001,Rashedul Islam,INV2601100264,Rainbow Apparel,Female,CUS00040,Walk In,Sanitary Napkins,HYG004,Hygiene Products,CAT004,350,8,2800,140,2660,53.2,798,79.8,2026,January,31,2606.8,798
10/9/2025,SID001,Nusrat Jahan,INV2510100265,Golden Fashion,Female,CUS00136,Distributor,Shaving Cream,HYG009,Hygiene Products,CAT004,350,83,29050,0,29050,1452.5,5810,871.5,2025,October,9,27597.5,5810
4/11/2025,SID017,Siam Ahmed,INV2504100266,Grace Boutique,Female,CUS00196,Online,Body Lotion,COS004,Cosmetics,CAT002,650,25,16250,1625,14625,0,2925,438.75,2025,April,11,14625,2925
7/18/2026,SID007,Samira Akter,INV2607100267,Grace Boutique,Both,CUS00268,Distributor,Men Polo Shirt,APP002,Fashion Apparel,CAT001,1100,92,101200,5060,96140,1922.8,28842,2884.2,2026,July,18,94217.2,28842
12/25/2025,SID018,Shuvo Das,INV2512100268,Chic Collection,Male,CUST050,Online,Handbag,ACC001,Accessories,CAT003,3500,47,164500,8225,156275,7813.75,46882.5,4688.25,2025,December,25,148461.25,46882.5
7/2/2026,SID015,Sadia Afrin,INV2607100269,Smart Collection,Both,CUS00452,Corporate,Women's Nightwear,APP014,Fashion Apparel,CAT001,800,88,70400,4928,65472,1309.44,19641.6,1964.16,2026,July,2,64162.56,19641.6
3/19/2025,SID003,Jannatul Ferdous,INV2503100270,Chic Collection,Male,CUST050,Online,Deodorant,HYG008,Hygiene Products,CAT004,450,9,4050,0,4050,0,1215,121.5,2025,March,19,4050,1215
10/14/2025,SID010,Farzana Akter,INV2510100271,Infinity Style,Female,CUS00189,Distributor,Men's Nightwear,APP015,Fashion Apparel,CAT001,850,43,36550,1096.5,35453.5,0,7090.7,1063.61,2025,October,14,35453.5,7090.7
1/19/2026,SID017,Sabbir Ahmed,INV2601100272,Urban Avenue,Both,CUS00035,Walk In,Baby Wipes,HYG011,Hygiene Products,CAT004,250,47,11750,822.5,10927.5,218.55,2185.5,327.82,2026,January,19,10708.95,2185.5
8/13/2025,SID015,Sharmin Akter,INV2508100273,Smart Collection,Both,CUS00444,Distributor,Body Oil,COS040,Cosmetics,CAT002,800,89,71200,2136,69064,0,20719.2,2071.92,2025,August,13,69064,20719.2
10/21/2025,SID013,Imran Hossain,INV2510100274,Beauty Point,Female,CUST066,Corporate,Hair Dryer,COS038,Cosmetics,CAT002,4000,31,124000,3720,120280,6014,24056,3608.4,2025,October,21,114266,24056
5/26/2025,SID002,Sabbir Ahmed,INV2505100275,Trendy Shop,Male,CUS00356,Distributor,Hand Sanitizer,HYG001,Hygiene Products,CAT004,250,46,11500,0,11500,0,2300,345,2025,May,26,11500,2300
12/21/2025,SID007,Rashedul Islam,INV2512100276,Royal Style,Both,CUS00057,Walk In,Women's Saree,APP005,Fashion Apparel,CAT001,3200,42,134400,9408,124992,0,0,3749.76,2025,December,21,124992,0
4/13/2026,SID001,Tanvir Islam,INV2604100277,Apex Fashion,Female,CUST061,Online,Toothpaste,HYG005,Hygiene Products,CAT004,200,25,5000,350,4650,0,930,139.5,2026,April,13,4650,930
2/28/2025,SID020,Rakib Hasan,INV2502100278,Fashion Hub Ltd,Female,CUS00235,Walk In,Foot Care Cream,COS023,Cosmetics,CAT002,300,36,10800,0,10800,0,0,324,2025,February,28,10800,0
4/9/2025,SID017,Rafiul Karim,INV2504100279,Fashion Central,Male,CUS00457,Walk In,Women's Saree,APP005,Fashion Apparel,CAT001,3200,92,294400,0,294400,0,0,8832,2025,April,9,294400,0
10/15/2026,SID009,Rashedul Islam,INV2610100280,Rainbow Apparel,Male,CUS00312,Online,Underarm Whitening Cream,HYG015,Hygiene Products,CAT004,500,96,48000,0,48000,2400,0,1440,2026,October,15,45600,0
11/17/2025,SID010,Tanvir Islam,INV2511100281,Iconic Fashion,Female,CUS00062,Walk In,Hair Gel,COS028,Cosmetics,CAT002,400,90,36000,2520,33480,0,10044,1004.4,2025,November,17,33480,10044
7/10/2025,SID013,Rashedul Islam,INV2507100282,Luxury Apparel,Both,CUS00385,Walk In,Baby Wipes,HYG011,Hygiene Products,CAT004,250,5,1250,0,1250,25,0,37.5,2025,July,10,1225,0
4/22/2026,SID002,Siam Ahmed,INV2604100283,Trendy Shop,Female,CUS00122,Distributor,Underarm Whitening Cream,COS024,Cosmetics,CAT002,500,31,15500,775,14725,736.25,0,441.75,2026,April,22,13988.75,0
3/7/2025,SID012,Rashedul Islam,INV2503100284,Glamour House,Male,CUS00040,Walk In,Handbag,ACC001,Accessories,CAT003,3500,60,210000,10500,199500,9975,39900,5985,2025,March,7,189525,39900
9/19/2026,SID014,Mim Akter,INV2609100285,Blue Sky Fashion,Both,CUST014,Online,Women's Nightwear,APP014,Fashion Apparel,CAT001,800,79,63200,0,63200,3160,18960,1896,2026,September,19,60040,18960
4/12/2026,SID012,Arif Hossain,INV2604100286,Cosmetics Plus,Both,CUS00186,Walk In,Women's Skirt,APP011,Fashion Apparel,CAT001,1500,74,111000,3330,107670,0,21534,3230.1,2026,April,12,107670,21534
7/18/2026,SID016,Shakil Khan,INV2607100287,Fashion Gallery,Female,CUS00425,Retail,Belt,ACC003,Accessories,CAT003,800,48,38400,2688,35712,714.24,0,1071.36,2026,July,18,34997.76,0
4/21/2026,SID015,Shakil Khan,INV2604100288,Fashion Point,Male,CUS00238,Online,Makeup Remover,COS015,Cosmetics,CAT002,550,75,41250,4125,37125,742.5,0,1113.75,2026,April,21,36382.5,0
10/1/2025,SID008,Rakib Hasan,INV2510100289,Urban Beauty,Male,CUS00377,Walk In,Jacket,APP010,Fashion Apparel,CAT001,3800,8,30400,3040,27360,1368,0,820.8,2025,October,1,25992,0
7/7/2026,SID017,Imran Hossain,INV2607100290,Royal Cosmetics,Female,CUS00407,Distributor,Body Lotion,COS004,Cosmetics,CAT002,650,18,11700,0,11700,585,0,351,2026,July,7,11115,0
7/31/2026,SID007,Shakil Khan,INV2607100291,Fashion Central,Both,CUS00205,Walk In,Face Mask,COS020,Cosmetics,CAT002,600,76,45600,1368,44232,0,0,1326.96,2026,July,31,44232,0
10/25/2025,SID017,Sadia Afrin,INV2510100292,Nova Cosmetics,Both,CUS00058,Corporate,Women's Leggings,APP012,Fashion Apparel,CAT001,1300,41,53300,5330,47970,959.4,0,1439.1,2025,October,25,47010.6,0
10/23/2026,SID009,Rashedul Islam,INV2610100293,Moonlight Cosmetics,Female,CUS00383,Online,Face Serum,COS014,Cosmetics,CAT002,1300,38,49400,4940,44460,2223,13338,1333.8,2026,October,23,42237,13338
3/31/2026,SID017,Sabbir Ahmed,INV2603100294,Apex Fashion,Female,CUST061,Distributor,Mouthwash,HYG007,Hygiene Products,CAT004,300,40,12000,840,11160,558,3348,334.8,2026,March,31,10602,3348
11/16/2026,SID002,Abdullah Al Mamun,INV2611100295,Classic Apparel,Female,CUST003,Walk In,Deodorant,HYG008,Hygiene Products,CAT004,450,68,30600,0,30600,0,6120,918,2026,November,16,30600,6120
3/13/2025,SID004,Tanjina Sultana,INV2503100296,Star Fashion,Both,CUS00344,Retail,Diapers,HYG012,Hygiene Products,CAT004,800,20,16000,1600,14400,288,0,432,2025,March,13,14112,0
11/5/2026,SID019,Tanvir Islam,INV2611100297,Golden Fashion,Male,CUS00267,Distributor,Umbrella,ACC014,Accessories,CAT003,1200,77,92400,0,92400,0,0,2772,2026,November,5,92400,0
2/15/2025,SID003,Rakib Hasan,INV2502100298,Pink Beauty,Female,CUS00104,Corporate,Toothbrush,HYG006,Hygiene Products,CAT004,150,55,8250,825,7425,0,1485,222.75,2025,February,15,7425,1485
7/24/2026,SID020,Nusrat Jahan,INV2607100299,Nova Cosmetics,Female,CUS00494,Online,Face Scrub,COS027,Cosmetics,CAT002,550,27,14850,0,14850,297,2970,445.5,2026,July,24,14553,2970
3/9/2025,SID007,Farzana Akter,INV2503100300,Cosmo House,Both,CUST055,Distributor,Luggage,ACC013,Accessories,CAT003,8000,23,184000,5520,178480,0,35696,5354.4,2025,March,9,178480,35696
11/21/2025,SID017,Tanvir Islam,INV2511100301,Fashion World,Both,CUS00245,Walk In,Condom,COS036,Cosmetics,CAT002,300,37,11100,777,10323,516.15,2064.6,309.69,2025,November,21,9806.85,2064.6
3/23/2026,SID006,Nayeem Hasan,INV2603100302,Wonder Collection,Both,CUS00244,Walk In,Personal Toys,COS041,Cosmetics,CAT002,1500,41,61500,3075,58425,2921.25,0,1752.75,2026,March,23,55503.75,0
5/24/2025,SID001,Bonna Akter,INV2505100303,Lily Boutique,Female,CUS00121,Corporate,Handbag,ACC001,Accessories,CAT003,3500,18,63000,1890,61110,0,0,1833.3,2025,May,24,61110,0
6/12/2025,SID008,Nusrat Jahan,INV2506100304,Cosmetics Central,Female,CUST058,Distributor,Disinfectant Spray,HYG003,Hygiene Products,CAT004,400,25,10000,700,9300,0,0,279,2025,June,12,9300,0
7/16/2025,SID017,Tasnia Rahman,INV2507100305,Modern Style,Both,CUS00214,Walk In,Backpack,ACC012,Accessories,CAT003,3000,44,132000,6600,125400,2508,37620,3762,2025,July,16,122892,37620
2/20/2025,SID001,Mehedi Hasan,INV2502100306,Beauty Point,Female,CUST066,Corporate,Deodorant,HYG008,Hygiene Products,CAT004,450,45,20250,607.5,19642.5,982.12,5892.75,589.27,2025,February,20,18660.38,5892.75
5/23/2026,SID002,Mehedi Hasan,INV2605100307,Fresh Look,Both,CUS00060,Walk In,Umbrella,ACC014,Accessories,CAT003,1200,89,106800,7476,99324,1986.48,29797.2,2979.72,2026,May,23,97337.52,29797.2
12/1/2026,SID004,Sabbir Ahmed,INV2612100308,Fashion Hub Ltd,Both,CUS00131,Distributor,Handbag,ACC001,Accessories,CAT003,3500,65,227500,0,227500,11375,0,6825,2026,December,1,216125,0
11/23/2025,SID014,Tanjina Sultana,INV2511100309,Signature Fashion,Both,CUS00391,Online,Feminine Wash,COS022,Cosmetics,CAT002,400,26,10400,312,10088,0,2017.6,302.64,2025,November,23,10088,2017.6
4/12/2026,SID001,Nayeem Hasan,INV2604100310,Lily Boutique,Female,CUS00038,Corporate,Hair Accessories,ACC010,Accessories,CAT003,400,54,21600,2160,19440,972,3888,583.2,2026,April,12,18468,3888
10/26/2026,SID006,Sharmin Akter,INV2610100311,Lily Boutique,Both,CUS00006,Corporate,Face Serum,COS014,Cosmetics,CAT002,1300,82,106600,0,106600,5330,21320,3198,2026,October,26,101270,21320
4/28/2025,SID010,Sadia Afrin,INV2504100312,Nova Cosmetics,Female,CUS00493,Online,Footwear,ACC011,Accessories,CAT003,2500,20,50000,2500,47500,2375,0,1425,2025,April,28,45125,0
5/14/2026,SID016,Nayeem Hasan,INV2605100313,Cosmetics Central,Female,CUST058,Distributor,Disinfectant Spray,HYG003,Hygiene Products,CAT004,400,15,6000,600,5400,270,1620,162,2026,May,14,5130,1620
7/17/2025,SID006,Rashedul Islam,INV2507100314,Urban Avenue,Female,CUS00360,Walk In,Hair Color,COS012,Cosmetics,CAT002,1500,32,48000,3360,44640,2232,8928,1339.2,2025,July,17,42408,8928
3/16/2025,SID010,Sharmin Akter,INV2503100315,Cosmetics Central,Female,CUST058,Distributor,Underarm Whitening Cream,COS024,Cosmetics,CAT002,500,35,17500,0,17500,350,5250,525,2025,March,16,17150,5250
3/17/2026,SID009,Mahmudul Hasan,INV2603100316,Beauty World,Male,CUST010,Distributor,Aftershave,COS019,Cosmetics,CAT002,800,91,72800,3640,69160,0,20748,2074.8,2026,March,17,69160,20748
10/18/2025,SID001,Imran Hossain,INV2510100317,Luxury Apparel,Female,CUS00311,Walk In,Hand Sanitizer,HYG001,Hygiene Products,CAT004,250,55,13750,412.5,13337.5,266.75,0,400.12,2025,October,18,13070.75,0
9/11/2026,SID018,Rafiul Karim,INV2609100318,Cosmo House,Both,CUST055,Distributor,Handbag,ACC001,Accessories,CAT003,3500,23,80500,0,80500,4025,0,2415,2026,September,11,76475,0
7/5/2026,SID001,Rafiul Karim,INV2607100319,Beauty Point,Female,CUST066,Corporate,Men T-Shirt,APP001,Fashion Apparel,CAT001,750,86,64500,3225,61275,0,0,1838.25,2026,July,5,61275,0
5/15/2026,SID010,Tasnia Rahman,INV2605100320,Luxury Apparel,Both,CUS00369,Walk In,Women's Nightwear,APP014,Fashion Apparel,CAT001,800,6,4800,480,4320,216,0,129.6,2026,May,15,4104,0
7/28/2026,SID017,Sabbir Ahmed,INV2607100321,Smart Beauty,Female,CUS00385,Online,Hair Accessories,ACC010,Accessories,CAT003,400,94,37600,1880,35720,714.4,0,1071.6,2026,July,28,35005.6,0
7/5/2026,SID010,Mahmudul Hasan,INV2607100322,Urban Beauty,Female,CUS00035,Distributor,Face Wash,COS001,Cosmetics,CAT002,450,51,22950,1147.5,21802.5,0,0,654.07,2026,July,5,21802.5,0
3/15/2026,SID020,Abdullah Al Mamun,INV2603100323,Elite Collection,Male,CUS00183,Online,Hair Accessories,ACC010,Accessories,CAT003,400,74,29600,888,28712,574.24,0,861.36,2026,March,15,28137.76,0
8/19/2025,SID004,Arif Hossain,INV2508100324,Urban Style,Female,CUS00342,Distributor,Hair Spray,COS029,Cosmetics,CAT002,450,16,7200,504,6696,334.8,0,200.88,2025,August,19,6361.2,0
9/10/2025,SID007,Shakil Khan,INV2509100325,Fashion Plus,Male,CUS00255,Corporate,Face Mask,HYG002,Hygiene Products,CAT004,150,7,1050,73.5,976.5,48.83,292.95,29.29,2025,September,10,927.67,292.95
8/23/2026,SID005,Sadia Afrin,INV2608100326,Golden Fashion,Male,CUS00159,Retail,Nail Polish,COS013,Cosmetics,CAT002,400,82,32800,1640,31160,1558,0,934.8,2026,August,23,29602,0
7/2/2026,SID020,Bonna Akter,INV2607100327,Trendy Shop,Female,CUS00157,Distributor,Jacket,APP010,Fashion Apparel,CAT001,3800,18,68400,0,68400,3420,0,2052,2026,July,2,64980,0
5/27/2025,SID012,Tanvir Islam,INV2505100328,Apex Fashion,Female,CUST061,Corporate,Women's Leggings,APP012,Fashion Apparel,CAT001,1300,27,35100,1755,33345,0,6669,1000.35,2025,May,27,33345,6669
7/8/2026,SID003,Mehedi Hasan,INV2607100329,Unique Collection,Both,CUS00396,Corporate,Kids Dress,APP008,Fashion Apparel,CAT001,950,95,90250,6317.5,83932.5,4196.62,25179.75,2517.97,2026,July,8,79735.88,25179.75
5/2/2026,SID013,Farzana Akter,INV2605100330,Fashion Avenue,Female,CUS00358,Distributor,Condom,COS036,Cosmetics,CAT002,300,5,1500,150,1350,0,405,40.5,2026,May,2,1350,405
10/16/2025,SID017,Siam Ahmed,INV2510100331,Premium Beauty,Female,CUS00074,Retail,Underarm Whitening Cream,HYG015,Hygiene Products,CAT004,500,43,21500,645,20855,0,6256.5,625.65,2025,October,16,20855,6256.5
8/29/2025,SID015,Rakib Hasan,INV2508100332,Unique Collection,Male,CUS00320,Distributor,Hair Straightener,COS035,Cosmetics,CAT002,3500,90,315000,0,315000,6300,94500,9450,2025,August,29,308700,94500
8/12/2025,SID017,Nusrat Jahan,INV2508100333,Elegant Choice,Female,CUS00437,Distributor,Deodorant,HYG008,Hygiene Products,CAT004,450,9,4050,283.5,3766.5,75.33,753.3,112.99,2025,August,12,3691.17,753.3
10/28/2025,SID001,Sadia Afrin,INV2510100334,Prime Collection,Both,CUS00324,Distributor,Body Butter,COS017,Cosmetics,CAT002,700,99,69300,6930,62370,0,12474,1871.1,2025,October,28,62370,12474
5/24/2025,SID016,Tanjina Sultana,INV2505100335,Dream Fashion,Male,CUS00266,Online,Perfume,COS003,Cosmetics,CAT002,2200,39,85800,4290,81510,1630.2,0,2445.3,2025,May,24,79879.8,0
6/6/2025,SID015,Shuvo Das,INV2506100336,Beauty Express,Male,CUST002,Online,Personal Toys,COS041,Cosmetics,CAT002,1500,50,75000,5250,69750,3487.5,0,2092.5,2025,June,6,66262.5,0
8/22/2026,SID010,Jannatul Ferdous,INV2608100337,Fashion Central,Female,CUS00270,Distributor,Men T-Shirt,APP001,Fashion Apparel,CAT001,750,54,40500,2025,38475,1923.75,11542.5,1154.25,2026,August,22,36551.25,11542.5
12/18/2026,SID020,Samira Akter,INV2612100338,Fashion Hub Ltd,Female,CUS00378,Distributor,Feminine Wash,HYG010,Hygiene Products,CAT004,400,60,24000,1680,22320,446.4,6696,669.6,2026,December,18,21873.6,6696
5/10/2026,SID013,Arif Hossain,INV2605100339,Urban Avenue,Female,CUS00421,Corporate,Lipstick,COS002,Cosmetics,CAT002,850,51,43350,3034.5,40315.5,806.31,8063.1,1209.46,2026,May,10,39509.19,8063.1
11/5/2025,SID003,Nayeem Hasan,INV2511100340,Style Corner,Female,CUS00106,Distributor,Diapers,HYG012,Hygiene Products,CAT004,800,18,14400,432,13968,698.4,4190.4,419.04,2025,November,5,13269.6,4190.4
4/17/2025,SID005,Rafiul Karim,INV2504100341,Smart Beauty,Both,CUS00441,Corporate,Women's Skirt,APP011,Fashion Apparel,CAT001,1500,34,51000,3570,47430,948.6,0,1422.9,2025,April,17,46481.4,0
4/24/2026,SID015,Arif Hossain,INV2604100342,Trendy Shop,Male,CUS00423,Distributor,Umbrella,ACC014,Accessories,CAT003,1200,23,27600,2760,24840,496.8,0,745.2,2026,April,24,24343.2,0
2/7/2026,SID009,Nusrat Jahan,INV2602100343,Blue Sky Fashion,Both,CUST014,Online,Diapers,HYG012,Hygiene Products,CAT004,800,54,43200,2160,41040,0,8208,1231.2,2026,February,7,41040,8208
9/8/2026,SID001,Sharmin Akter,INV2609100344,Metro Fashion,Both,CUS00003,Corporate,Sanitary Napkins,HYG004,Hygiene Products,CAT004,350,91,31850,1592.5,30257.5,605.15,9077.25,907.73,2026,September,8,29652.35,9077.25
7/8/2025,SID003,Mim Akter,INV2507100345,Metro Fashion,Female,CUS00074,Corporate,Face Serum,COS014,Cosmetics,CAT002,1300,66,85800,8580,77220,3861,23166,2316.6,2025,July,8,73359,23166
9/6/2025,SID007,Rafiul Karim,INV2509100346,Nova Cosmetics,Female,CUS00317,Distributor,Jacket,APP010,Fashion Apparel,CAT001,3800,20,76000,0,76000,0,0,2280,2025,September,6,76000,0
4/30/2026,SID014,Shakil Khan,INV2604100347,Fashion Express,Male,CUS00397,Walk In,Underarm Whitening Cream,COS024,Cosmetics,CAT002,500,27,13500,675,12825,641.25,3847.5,384.75,2026,April,30,12183.75,3847.5
6/26/2025,SID011,Tanjina Sultana,INV2506100348,Iconic Fashion,Both,CUS00067,Corporate,Hair Straightener,COS035,Cosmetics,CAT002,3500,27,94500,6615,87885,4394.25,26365.5,2636.55,2025,June,26,83490.75,26365.5
12/20/2026,SID008,Mim Akter,INV2612100349,Fashion Plus,Both,CUS00023,Walk In,Women's Nightwear,APP014,Fashion Apparel,CAT001,800,94,75200,7520,67680,1353.6,20304,2030.4,2026,December,20,66326.4,20304
5/3/2026,SID020,Rashedul Islam,INV2605100350,Moonlight Cosmetics,Male,CUS00452,Retail,Diapers,HYG012,Hygiene Products,CAT004,800,56,44800,4480,40320,2016,8064,1209.6,2026,May,3,38304,8064
10/16/2025,SID020,Shakil Khan,INV2510100351,Cosmo House,Both,CUST055,Distributor,Bra & Panty Set,APP013,Fashion Apparel,CAT001,900,8,7200,0,7200,0,1440,216,2025,October,16,7200,1440
4/3/2025,SID018,Shuvo Das,INV2504100352,Beauty Express,Male,CUST002,Online,Feminine Wash,COS022,Cosmetics,CAT002,400,59,23600,2360,21240,1062,0,637.2,2025,April,3,20178,0
6/9/2026,SID018,Arif Hossain,INV2606100353,Star Fashion,Male,CUS00372,Corporate,Men Shirt,APP017,Fashion Apparel,CAT001,1600,23,36800,2576,34224,1711.2,6844.8,1026.72,2026,June,9,32512.8,6844.8
1/17/2025,SID006,Samira Akter,INV2501100354,Trendy Boutique,Male,CUS00412,Corporate,Baby Wipes,HYG011,Hygiene Products,CAT004,250,36,9000,0,9000,180,0,270,2025,January,17,8820,0
6/4/2026,SID002,Shakil Khan,INV2606100355,Moonlight Cosmetics,Male,CUS00240,Corporate,Men T-Shirt,APP001,Fashion Apparel,CAT001,750,6,4500,0,4500,225,0,135,2026,June,4,4275,0
6/4/2025,SID009,Tanvir Islam,INV2506100356,Chic Collection,Male,CUST050,Online,Backpack,ACC012,Accessories,CAT003,3000,63,189000,13230,175770,3515.4,52731,5273.1,2025,June,4,172254.6,52731
3/21/2026,SID005,Nayeem Hasan,INV2603100357,Smart Collection,Both,CUS00488,Online,Belt,ACC003,Accessories,CAT003,800,34,27200,816,26384,527.68,0,791.52,2026,March,21,25856.32,0
2/7/2025,SID001,Tasnia Rahman,INV2502100358,Glamour House,Both,CUS00197,Walk In,Nail Polish,COS013,Cosmetics,CAT002,400,27,10800,540,10260,513,0,307.8,2025,February,7,9747,0
6/14/2025,SID017,Abdullah Al Mamun,INV2506100359,Trendy Shop,Female,CUS00169,Distributor,Hair Dryer,COS038,Cosmetics,CAT002,4000,56,224000,15680,208320,10416,41664,6249.6,2025,June,14,197904,41664
12/22/2025,SID004,Mahmudul Hasan,INV2512100360,Blue Sky Fashion,Both,CUST014,Online,Toothbrush,HYG006,Hygiene Products,CAT004,150,80,12000,840,11160,558,0,334.8,2025,December,22,10602,0
10/1/2025,SID014,Nusrat Jahan,INV2510100361,Fresh Look,Both,CUS00468,Retail,Umbrella,ACC014,Accessories,CAT003,1200,33,39600,2772,36828,1841.4,11048.4,1104.84,2025,October,1,34986.6,11048.4
8/7/2026,SID012,Mahmudul Hasan,INV2608100362,Blue Sky Fashion,Both,CUST014,Online,Men T-Shirt,APP001,Fashion Apparel,CAT001,750,9,6750,472.5,6277.5,125.55,0,188.32,2026,August,7,6151.95,0
6/4/2025,SID012,Shakil Khan,INV2506100363,Fashion Plus,Male,CUS00389,Retail,Umbrella,ACC014,Accessories,CAT003,1200,47,56400,2820,53580,0,16074,1607.4,2025,June,4,53580,16074
8/22/2026,SID007,Samira Akter,INV2608100364,Style World,Male,CUS00216,Online,Underarm Whitening Cream,COS024,Cosmetics,CAT002,500,14,7000,350,6650,332.5,0,199.5,2026,August,22,6317.5,0
10/22/2026,SID009,Mahmudul Hasan,INV2610100365,Glow & Shine,Female,CUS00202,Walk In,Body Oil,COS040,Cosmetics,CAT002,800,38,30400,3040,27360,547.2,5472,820.8,2026,October,22,26812.8,5472
4/8/2026,SID017,Mim Akter,INV2604100366,Trendy Shop,Female,CUS00313,Retail,Men Polo Shirt,APP002,Fashion Apparel,CAT001,1100,74,81400,0,81400,1628,16280,2442,2026,April,8,79772,16280
11/3/2025,SID004,Rashedul Islam,INV2511100367,Urban Style,Male,CUS00167,Online,Hair Spray,COS029,Cosmetics,CAT002,450,93,41850,2929.5,38920.5,0,7784.1,1167.62,2025,November,3,38920.5,7784.1
2/26/2026,SID013,Imran Hossain,INV2602100368,Modern Boutique,Male,CUS00029,Online,Body Oil,COS040,Cosmetics,CAT002,800,24,19200,0,19200,0,0,576,2026,February,26,19200,0
4/11/2025,SID004,Nusrat Jahan,INV2504100369,Dream Fashion,Female,CUS00393,Online,Toothpaste,HYG005,Hygiene Products,CAT004,200,14,2800,84,2716,0,814.8,81.48,2025,April,11,2716,814.8
9/29/2025,SID014,Sabbir Ahmed,INV2509100370,Trendy Boutique,Both,CUS00168,Retail,Hair Straightener,COS035,Cosmetics,CAT002,3500,6,21000,1470,19530,0,0,585.9,2025,September,29,19530,0
12/20/2026,SID002,Mim Akter,INV2612100371,Royal Cosmetics,Male,CUS00439,Walk In,Shaving Cream,COS021,Cosmetics,CAT002,350,70,24500,1225,23275,1163.75,6982.5,698.25,2026,December,20,22111.25,6982.5
1/23/2025,SID002,Rashedul Islam,INV2501100372,Royal Style,Male,CUS00164,Walk In,Hand Sanitizer,HYG001,Hygiene Products,CAT004,250,100,25000,750,24250,1212.5,7275,727.5,2025,January,23,23037.5,7275
10/25/2026,SID006,Mehedi Hasan,INV2610100373,Royal Cosmetics,Both,CUS00401,Online,Women's Nightwear,APP014,Fashion Apparel,CAT001,800,89,71200,4984,66216,1324.32,13243.2,1986.48,2026,October,25,64891.68,13243.2
3/21/2026,SID009,Bonna Akter,INV2603100374,Unique Collection,Male,CUS00202,Corporate,Jewelry Set,ACC009,Accessories,CAT003,4500,57,256500,7695,248805,4976.1,49761,7464.15,2026,March,21,243828.9,49761
10/21/2025,SID019,Tanjina Sultana,INV2510100375,Trendy Boutique,Female,CUS00397,Walk In,Gloves,ACC008,Accessories,CAT003,600,76,45600,0,45600,912,9120,1368,2025,October,21,44688,9120
4/22/2025,SID002,Mahmudul Hasan,INV2504100376,Elegant Choice,Both,CUS00359,Retail,Kids Dress,APP008,Fashion Apparel,CAT001,950,22,20900,2090,18810,0,5643,564.3,2025,April,22,18810,5643
7/3/2026,SID002,Rafiul Karim,INV2607100377,New Era Fashion,Both,CUS00453,Corporate,Bra & Panty Set,APP013,Fashion Apparel,CAT001,900,26,23400,2340,21060,421.2,4212,631.8,2026,July,3,20638.8,4212
3/5/2025,SID009,Farzana Akter,INV2503100378,Fresh Look,Male,CUS00022,Online,Hair Removal Cream,COS025,Cosmetics,CAT002,450,65,29250,877.5,28372.5,567.45,5674.5,851.17,2025,March,5,27805.05,5674.5
12/2/2025,SID014,Jannatul Ferdous,INV2512100379,Luxury Apparel,Male,CUS00058,Online,Sunglasses,ACC004,Accessories,CAT003,1500,39,58500,0,58500,1170,17550,1755,2025,December,2,57330,17550
6/28/2025,SID009,Imran Hossain,INV2506100380,Classic Beauty,Both,CUST025,Corporate,Belt,ACC003,Accessories,CAT003,800,99,79200,3960,75240,1504.8,15048,2257.2,2025,June,28,73735.2,15048
11/1/2026,SID015,Jannatul Ferdous,INV2611100381,Iconic Fashion,Both,CUS00312,Walk In,Hair Gel,COS028,Cosmetics,CAT002,400,67,26800,1340,25460,1273,7638,763.8,2026,November,1,24187,7638
1/5/2025,SID006,Mehedi Hasan,INV2501100382,Fashion Avenue,Male,CUS00057,Walk In,Sunglasses,ACC004,Accessories,CAT003,1500,44,66000,1980,64020,0,0,1920.6,2025,January,5,64020,0
6/18/2025,SID005,Tanjina Sultana,INV2506100383,Elegant Choice,Both,CUS00406,Retail,Footwear,ACC011,Accessories,CAT003,2500,29,72500,5075,67425,3371.25,13485,2022.75,2025,June,18,64053.75,13485
8/25/2026,SID010,Farzana Akter,INV2608100384,Prime Collection,Both,CUS00291,Corporate,Feminine Wash,COS022,Cosmetics,CAT002,400,93,37200,2604,34596,0,6919.2,1037.88,2026,August,25,34596,6919.2
12/12/2025,SID004,Samira Akter,INV2512100385,Style World,Male,CUS00114,Walk In,Body Butter,COS017,Cosmetics,CAT002,700,60,42000,1260,40740,0,0,1222.2,2025,December,12,40740,0
11/18/2026,SID016,Sabbir Ahmed,INV2611100386,Fashion Central,Both,CUS00327,Walk In,Women's Top,APP006,Fashion Apparel,CAT001,1200,55,66000,3300,62700,3135,12540,1881,2026,November,18,59565,12540
4/20/2025,SID006,Tanjina Sultana,INV2504100387,Crystal Cosmetics,Both,CUS00331,Corporate,Women's Leggings,APP012,Fashion Apparel,CAT001,1300,9,11700,1170,10530,526.5,0,315.9,2025,April,20,10003.5,0
8/27/2025,SID015,Rashedul Islam,INV2508100388,Glow & Shine,Both,CUS00091,Corporate,Hair Serum,COS006,Cosmetics,CAT002,1200,79,94800,6636,88164,0,17632.8,2644.92,2025,August,27,88164,17632.8
4/8/2026,SID012,Jannatul Ferdous,INV2604100389,Urban Avenue,Both,CUS00092,Walk In,Face Serum,COS014,Cosmetics,CAT002,1300,38,49400,4940,44460,0,13338,1333.8,2026,April,8,44460,13338
4/3/2026,SID004,Bonna Akter,INV2604100390,Cosmo House,Both,CUST055,Distributor,Body Oil,COS040,Cosmetics,CAT002,800,43,34400,1720,32680,653.6,0,980.4,2026,April,3,32026.4,0
3/8/2026,SID011,Shakil Khan,INV2603100391,Shine Collection,Female,CUS00054,Online,Body Wash,COS030,Cosmetics,CAT002,600,9,5400,270,5130,0,1026,153.9,2026,March,8,5130,1026
2/22/2025,SID009,Mahmudul Hasan,INV2502100392,Signature Fashion,Female,CUS00015,Online,Men's Innerwear,APP016,Fashion Apparel,CAT001,700,13,9100,455,8645,0,1729,259.35,2025,February,22,8645,1729
5/16/2025,SID007,Rakib Hasan,INV2505100393,Iconic Fashion,Female,CUS00041,Distributor,Hair Straightener,COS035,Cosmetics,CAT002,3500,30,105000,5250,99750,4987.5,0,2992.5,2025,May,16,94762.5,0
1/15/2025,SID005,Mahmudul Hasan,INV2501100394,Style World,Male,CUS00161,Corporate,Face Cream,COS007,Cosmetics,CAT002,950,30,28500,1425,27075,541.5,5415,812.25,2025,January,15,26533.5,5415
9/18/2025,SID020,Farzana Akter,INV2509100395,Moonlight Cosmetics,Male,CUS00397,Corporate,Body Wash,COS030,Cosmetics,CAT002,600,48,28800,2016,26784,1339.2,8035.2,803.52,2025,September,18,25444.8,8035.2
1/11/2026,SID012,Samira Akter,INV2601100396,Global Apparel,Female,CUS00043,Walk In,Hair Removal Cream,HYG013,Hygiene Products,CAT004,450,13,5850,175.5,5674.5,283.73,1134.9,170.23,2026,January,11,5390.77,1134.9
1/9/2025,SID010,Rafiul Karim,INV2501100397,Elegant Boutique,Female,CUS00382,Corporate,Men's Innerwear,APP016,Fashion Apparel,CAT001,700,62,43400,4340,39060,781.2,7812,1171.8,2025,January,9,38278.8,7812
12/14/2026,SID007,Samira Akter,INV2612100398,Fashion Avenue,Both,CUS00291,Corporate,Footwear,ACC011,Accessories,CAT003,2500,35,87500,6125,81375,4068.75,24412.5,2441.25,2026,December,14,77306.25,24412.5
1/14/2026,SID018,Shuvo Das,INV2601100399,Moonlight Cosmetics,Female,CUS00302,Corporate,Makeup Kit,COS034,Cosmetics,CAT002,2500,80,200000,20000,180000,0,0,5400,2026,January,14,180000,0
11/28/2025,SID005,Tasnia Rahman,INV2511100400,Luxury Apparel,Female,CUS00308,Corporate,Toothbrush,HYG006,Hygiene Products,CAT004,150,94,14100,987,13113,655.65,2622.6,393.39,2025,November,28,12457.35,2622.6
9/7/2025,SID018,Tanjina Sultana,INV2509100401,Style World,Both,CUS00181,Walk In,Watch,ACC005,Accessories,CAT003,5000,66,330000,9900,320100,6402,64020,9603,2025,September,7,313698,64020
4/13/2026,SID001,Shuvo Das,INV2604100402,Style World,Male,CUS00133,Walk In,Handbag,ACC001,Accessories,CAT003,3500,64,224000,6720,217280,4345.6,0,6518.4,2026,April,13,212934.4,0
9/10/2025,SID012,Farzana Akter,INV2509100403,Royal Cosmetics,Both,CUS00187,Online,Disinfectant Spray,HYG003,Hygiene Products,CAT004,400,7,2800,140,2660,133,0,79.8,2025,September,10,2527,0
10/27/2026,SID020,Siam Ahmed,INV2610100404,Infinity Style,Male,CUS00371,Distributor,Hair Removal Cream,COS025,Cosmetics,CAT002,450,32,14400,1440,12960,259.2,2592,388.8,2026,October,27,12700.8,2592
10/7/2025,SID020,Sadia Afrin,INV2510100405,Crystal Cosmetics,Both,CUS00305,Retail,Hair Serum,COS006,Cosmetics,CAT002,1200,16,19200,960,18240,364.8,5472,547.2,2025,October,7,17875.2,5472
8/19/2026,SID005,Shuvo Das,INV2608100406,Metro Fashion,Female,CUS00027,Distributor,Women's Nightwear,APP014,Fashion Apparel,CAT001,800,37,29600,0,29600,0,8880,888,2026,August,19,29600,8880
6/30/2025,SID016,Tanvir Islam,INV2506100407,Blue Sky Fashion,Both,CUST014,Online,Hair Gel,COS028,Cosmetics,CAT002,400,48,19200,0,19200,0,3840,576,2025,June,30,19200,3840
9/13/2026,SID018,Samira Akter,INV2609100408,Fashion World,Both,CUS00335,Corporate,Disinfectant Spray,HYG003,Hygiene Products,CAT004,400,68,27200,1360,25840,516.8,0,775.2,2026,September,13,25323.2,0
2/8/2026,SID006,Mim Akter,INV2602100409,Glow & Shine,Male,CUS00137,Walk In,Personal Toys,COS041,Cosmetics,CAT002,1500,49,73500,2205,71295,3564.75,0,2138.85,2026,February,8,67730.25,0
5/31/2026,SID005,Mim Akter,INV2605100410,Cosmetics Plus,Both,CUS00269,Corporate,Aftershave,COS019,Cosmetics,CAT002,800,52,41600,1248,40352,807.04,0,1210.56,2026,May,31,39544.96,0
4/14/2025,SID011,Rakib Hasan,INV2504100411,Luxury Apparel,Both,CUS00255,Online,Women's Kurti,APP004,Fashion Apparel,CAT001,1800,16,28800,1440,27360,547.2,8208,820.8,2025,April,14,26812.8,8208
10/1/2026,SID011,Samira Akter,INV2610100412,Glamour House,Male,CUS00133,Retail,Nail Polish,COS013,Cosmetics,CAT002,400,26,10400,312,10088,0,3026.4,302.64,2026,October,1,10088,3026.4
9/4/2025,SID003,Sharmin Akter,INV2509100413,Grace Boutique,Both,CUS00076,Walk In,Jacket,APP010,Fashion Apparel,CAT001,3800,9,34200,0,34200,1710,0,1026,2025,September,4,32490,0
11/1/2026,SID013,Rafiul Karim,INV2611100414,Classic Apparel,Female,CUST003,Walk In,Body Lotion,COS004,Cosmetics,CAT002,650,15,9750,487.5,9262.5,185.25,1852.5,277.88,2026,November,1,9077.25,1852.5
5/17/2026,SID006,Shuvo Das,INV2605100415,Star Fashion,Female,CUS00294,Retail,Beard Oil,COS010,Cosmetics,CAT002,900,12,10800,540,10260,205.2,0,307.8,2026,May,17,10054.8,0
2/14/2026,SID009,Rashedul Islam,INV2602100416,Fashion Point,Both,CUS00181,Walk In,Shampoo,COS005,Cosmetics,CAT002,700,49,34300,3430,30870,1543.5,9261,926.1,2026,February,14,29326.5,9261
6/13/2026,SID017,Shuvo Das,INV2606100417,Wonder Collection,Female,CUS00023,Walk In,Makeup Remover,COS015,Cosmetics,CAT002,550,85,46750,1402.5,45347.5,906.95,9069.5,1360.42,2026,June,13,44440.55,9069.5
2/6/2026,SID020,Nusrat Jahan,INV2602100418,Fashion Central,Both,CUS00287,Distributor,Underarm Whitening Cream,COS024,Cosmetics,CAT002,500,96,48000,1440,46560,0,9312,1396.8,2026,February,6,46560,9312
2/8/2025,SID001,Tanjina Sultana,INV2502100419,Modern Style,Female,CUS00477,Corporate,Men's Innerwear,APP016,Fashion Apparel,CAT001,700,48,33600,0,33600,0,0,1008,2025,February,8,33600,0
3/1/2025,SID010,Imran Hossain,INV2503100420,Royal Style,Male,CUS00242,Retail,Face Scrub,COS027,Cosmetics,CAT002,550,5,2750,82.5,2667.5,133.38,533.5,80.02,2025,March,1,2534.12,533.5
7/5/2025,SID012,Rakib Hasan,INV2507100421,Pink Beauty,Male,CUS00419,Online,Disinfectant Spray,HYG003,Hygiene Products,CAT004,400,23,9200,920,8280,414,1656,248.4,2025,July,5,7866,1656
10/2/2026,SID011,Shakil Khan,INV2610100422,Cosmetics Central,Female,CUST058,Distributor,Body Mist,COS037,Cosmetics,CAT002,450,25,11250,787.5,10462.5,523.12,0,313.88,2026,October,2,9939.38,0
2/15/2025,SID018,Tasnia Rahman,INV2502100423,Glow & Shine,Female,CUS00302,Corporate,Hair Removal Cream,COS025,Cosmetics,CAT002,450,94,42300,1269,41031,820.62,12309.3,1230.93,2025,February,15,40210.38,12309.3
2/1/2025,SID004,Mahmudul Hasan,INV2502100424,Apex Fashion,Female,CUST061,Online,Underarm Whitening Cream,HYG015,Hygiene Products,CAT004,500,15,7500,0,7500,375,0,225,2025,February,1,7125,0
8/23/2025,SID017,Rakib Hasan,INV2508100425,Rainbow Apparel,Female,CUS00378,Online,Keychain,ACC015,Accessories,CAT003,300,87,26100,1827,24273,485.46,7281.9,728.19,2025,August,23,23787.54,7281.9
5/30/2025,SID016,Arif Hossain,INV2505100426,Premium Beauty,Both,CUS00418,Online,Kids T-Shirt,APP007,Fashion Apparel,CAT001,650,5,3250,0,3250,65,975,97.5,2025,May,30,3185,975
1/8/2025,SID008,Sabbir Ahmed,INV2501100427,Smart Beauty,Female,CUS00300,Distributor,Women's Kurti,APP004,Fashion Apparel,CAT001,1800,64,115200,8064,107136,5356.8,0,3214.08,2025,January,8,101779.2,0
1/10/2026,SID001,Arif Hossain,INV2601100428,Glow & Shine,Female,CUS00238,Walk In,Underarm Whitening Cream,COS024,Cosmetics,CAT002,500,21,10500,1050,9450,472.5,1890,283.5,2026,January,10,8977.5,1890
1/19/2026,SID010,Rashedul Islam,INV2601100429,Nova Cosmetics,Male,CUS00249,Walk In,Men Shirt,APP017,Fashion Apparel,CAT001,1600,41,65600,6560,59040,0,17712,1771.2,2026,January,19,59040,17712
6/29/2025,SID018,Nayeem Hasan,INV2506100430,Perfect Beauty,Both,CUS00475,Corporate,Watch,ACC005,Accessories,CAT003,5000,92,460000,23000,437000,21850,131100,13110,2025,June,29,415150,131100
9/17/2025,SID003,Nayeem Hasan,INV2509100431,Style Corner,Both,CUS00232,Online,Men Shirt,APP017,Fashion Apparel,CAT001,1600,47,75200,5264,69936,0,0,2098.08,2025,September,17,69936,0
7/20/2025,SID001,Arif Hossain,INV2507100432,Prime Collection,Both,CUS00493,Online,Jewelry Set,ACC009,Accessories,CAT003,4500,50,225000,15750,209250,4185,41850,6277.5,2025,July,20,205065,41850
3/28/2026,SID003,Sharmin Akter,INV2603100433,Fashion Avenue,Female,CUS00457,Distributor,Backpack,ACC012,Accessories,CAT003,3000,22,66000,3300,62700,0,12540,1881,2026,March,28,62700,12540
1/14/2025,SID017,Mim Akter,INV2501100434,Nova Cosmetics,Female,CUS00468,Retail,Lipstick,COS002,Cosmetics,CAT002,850,96,81600,8160,73440,1468.8,14688,2203.2,2025,January,14,71971.2,14688
9/26/2025,SID015,Tasnia Rahman,INV2509100435,Global Apparel,Female,CUS00365,Corporate,Foot Care Cream,COS023,Cosmetics,CAT002,300,67,20100,1407,18693,934.65,5607.9,560.79,2025,September,26,17758.35,5607.9
5/11/2026,SID019,Mahmudul Hasan,INV2605100436,Chic Collection,Male,CUST050,Online,Body Wash,COS030,Cosmetics,CAT002,600,9,5400,0,5400,0,1620,162,2026,May,11,5400,1620
11/23/2025,SID004,Mim Akter,INV2511100437,Iconic Fashion,Male,CUS00389,Online,Toothbrush,HYG006,Hygiene Products,CAT004,150,99,14850,742.5,14107.5,282.15,0,423.22,2025,November,23,13825.35,0
12/1/2025,SID006,Rafiul Karim,INV2512100438,Moonlight Cosmetics,Both,CUS00182,Corporate,Hair Gel,COS028,Cosmetics,CAT002,400,93,37200,2604,34596,0,0,1037.88,2025,December,1,34596,0
12/14/2025,SID019,Siam Ahmed,INV2512100439,Fashion Point,Female,CUS00312,Retail,Perfume,COS003,Cosmetics,CAT002,2200,6,13200,1320,11880,237.6,0,356.4,2025,December,14,11642.4,0
3/3/2026,SID008,Jannatul Ferdous,INV2603100440,New Era Fashion,Female,CUS00006,Corporate,Condom,COS036,Cosmetics,CAT002,300,39,11700,585,11115,0,3334.5,333.45,2026,March,3,11115,3334.5
7/5/2025,SID006,Nayeem Hasan,INV2507100441,Elegant Boutique,Both,CUS00099,Retail,Hoodie,APP009,Fashion Apparel,CAT001,2500,88,220000,22000,198000,9900,39600,5940,2025,July,5,188100,39600
9/1/2026,SID009,Abdullah Al Mamun,INV2609100442,Nova Cosmetics,Both,CUS00258,Walk In,After Sun Lotion,COS031,Cosmetics,CAT002,700,61,42700,0,42700,854,8540,1281,2026,September,1,41846,8540
7/24/2026,SID013,Farzana Akter,INV2607100443,Beauty Avenue,Female,CUST049,Distributor,Body Spray,COS011,Cosmetics,CAT002,500,19,9500,475,9025,180.5,0,270.75,2026,July,24,8844.5,0
6/4/2025,SID012,Imran Hossain,INV2506100444,Prime Collection,Female,CUS00138,Online,Kids Dress,APP008,Fashion Apparel,CAT001,950,86,81700,4085,77615,1552.3,0,2328.45,2025,June,4,76062.7,0
11/18/2025,SID019,Siam Ahmed,INV2511100445,Beauty Point,Female,CUST066,Corporate,Face Mask,HYG002,Hygiene Products,CAT004,150,36,5400,540,4860,243,1458,145.8,2025,November,18,4617,1458
10/12/2026,SID020,Mahmudul Hasan,INV2610100446,Fashion Hub Ltd,Male,CUS00064,Walk In,Mouthwash,HYG007,Hygiene Products,CAT004,300,63,18900,945,17955,0,5386.5,538.65,2026,October,12,17955,5386.5
11/1/2025,SID020,Bonna Akter,INV2511100447,Fashion Express,Both,CUS00199,Walk In,Underarm Whitening Cream,COS024,Cosmetics,CAT002,500,46,23000,2300,20700,414,4140,621,2025,November,1,20286,4140
11/27/2026,SID013,Siam Ahmed,INV2611100448,Beauty Express,Male,CUST002,Online,Footwear,ACC011,Accessories,CAT003,2500,53,132500,9275,123225,6161.25,0,3696.75,2026,November,27,117063.75,0
10/2/2025,SID010,Sabbir Ahmed,INV2510100449,Classic Apparel,Female,CUST003,Walk In,Hair Mask,COS018,Cosmetics,CAT002,1100,13,14300,715,13585,0,4075.5,407.55,2025,October,2,13585,4075.5
4/27/2025,SID002,Tanvir Islam,INV2504100450,Elite Fashion,Male,CUS00426,Walk In,Hair Mask,COS018,Cosmetics,CAT002,1100,41,45100,2255,42845,856.9,12853.5,1285.35,2025,April,27,41988.1,12853.5
1/6/2025,SID001,Rashedul Islam,INV2501100451,Blue Sky Fashion,Both,CUST014,Online,Aftershave,COS019,Cosmetics,CAT002,800,99,79200,2376,76824,0,0,2304.72,2025,January,6,76824,0
3/21/2025,SID008,Nusrat Jahan,INV2503100452,NextGen Fashion,Male,CUS00143,Distributor,Women's Top,APP006,Fashion Apparel,CAT001,1200,94,112800,0,112800,2256,22560,3384,2025,March,21,110544,22560
12/23/2026,SID009,Mahmudul Hasan,INV2612100453,Iconic Fashion,Male,CUS00459,Corporate,Hair Straightener,COS035,Cosmetics,CAT002,3500,62,217000,10850,206150,4123,0,6184.5,2026,December,23,202027,0
8/23/2025,SID002,Mehedi Hasan,INV2508100454,Chic Collection,Male,CUST050,Online,Footwear,ACC011,Accessories,CAT003,2500,88,220000,22000,198000,9900,59400,5940,2025,August,23,188100,59400
9/30/2025,SID008,Siam Ahmed,INV2509100455,Perfect Beauty,Male,CUS00119,Distributor,Body Lotion,COS004,Cosmetics,CAT002,650,30,19500,975,18525,0,5557.5,555.75,2025,September,30,18525,5557.5
12/14/2025,SID014,Rafiul Karim,INV2512100456,Wonder Collection,Both,CUS00080,Distributor,Face Mask,COS020,Cosmetics,CAT002,600,95,57000,3990,53010,1060.2,10602,1590.3,2025,December,14,51949.8,10602
3/24/2026,SID016,Rashedul Islam,INV2603100457,Royal Style,Female,CUS00401,Distributor,Body Spray,COS011,Cosmetics,CAT002,500,13,6500,0,6500,325,1300,195,2026,March,24,6175,1300
8/11/2026,SID015,Nusrat Jahan,INV2608100458,Perfect Beauty,Female,CUS00161,Corporate,Luggage,ACC013,Accessories,CAT003,8000,83,664000,19920,644080,0,193224,19322.4,2026,August,11,644080,193224
9/23/2026,SID018,Arif Hossain,INV2609100459,Classic Beauty,Both,CUST025,Corporate,Luggage,ACC013,Accessories,CAT003,8000,54,432000,21600,410400,8208,123120,12312,2026,September,23,402192,123120
12/30/2025,SID004,Mim Akter,INV2512100460,Urban Avenue,Male,CUS00063,Online,Body Wash,COS030,Cosmetics,CAT002,600,47,28200,1974,26226,1311.3,0,786.78,2025,December,30,24914.7,0
4/24/2026,SID010,Mim Akter,INV2604100461,Nova Cosmetics,Both,CUS00173,Walk In,Compact Powder,COS008,Cosmetics,CAT002,800,70,56000,0,56000,0,11200,1680,2026,April,24,56000,11200
9/19/2026,SID001,Siam Ahmed,INV2609100462,Golden Fashion,Male,CUS00055,Retail,Lipstick,COS002,Cosmetics,CAT002,850,20,17000,510,16490,824.5,0,494.7,2026,September,19,15665.5,0
2/2/2026,SID009,Abdullah Al Mamun,INV2602100463,Unique Collection,Female,CUS00382,Online,Face Serum,COS014,Cosmetics,CAT002,1300,56,72800,3640,69160,0,0,2074.8,2026,February,2,69160,0
10/27/2026,SID020,Mehedi Hasan,INV2610100464,Prime Collection,Male,CUS00079,Corporate,Hand Sanitizer,HYG001,Hygiene Products,CAT004,250,15,3750,112.5,3637.5,72.75,1091.25,109.12,2026,October,27,3564.75,1091.25
1/27/2025,SID016,Farzana Akter,INV2501100465,Lily Boutique,Female,CUS00321,Corporate,Women's Saree,APP005,Fashion Apparel,CAT001,3200,14,44800,2240,42560,2128,0,1276.8,2025,January,27,40432,0
10/16/2026,SID018,Sadia Afrin,INV2610100466,Classic Beauty,Both,CUST025,Corporate,Hoodie,APP009,Fashion Apparel,CAT001,2500,98,245000,24500,220500,4410,0,6615,2026,October,16,216090,0
2/2/2025,SID003,Mehedi Hasan,INV2502100467,Glow & Shine,Both,CUS00306,Distributor,Watch,ACC005,Accessories,CAT003,5000,92,460000,0,460000,23000,92000,13800,2025,February,2,437000,92000
12/9/2026,SID019,Siam Ahmed,INV2612100468,Fashion Plus,Male,CUS00461,Corporate,Belt,ACC003,Accessories,CAT003,800,38,30400,912,29488,0,8846.4,884.64,2026,December,9,29488,8846.4
5/1/2026,SID016,Bonna Akter,INV2605100469,Grace Boutique,Female,CUS00028,Walk In,Women's Skirt,APP011,Fashion Apparel,CAT001,1500,33,49500,1485,48015,0,14404.5,1440.45,2026,May,1,48015,14404.5
1/4/2025,SID016,Sabbir Ahmed,INV2501100470,Smart Collection,Female,CUS00230,Online,Deodorant,HYG008,Hygiene Products,CAT004,450,97,43650,0,43650,2182.5,0,1309.5,2025,January,4,41467.5,0
10/7/2026,SID019,Sabbir Ahmed,INV2610100471,Cosmetics World,Both,CUS00303,Online,Hair Removal Cream,COS025,Cosmetics,CAT002,450,95,42750,4275,38475,769.5,11542.5,1154.25,2026,October,7,37705.5,11542.5
1/18/2025,SID004,Abdullah Al Mamun,INV2501100472,Elite Collection,Male,CUS00476,Walk In,Jewelry Set,ACC009,Accessories,CAT003,4500,53,238500,0,238500,0,0,7155,2025,January,18,238500,0
10/19/2026,SID019,Jannatul Ferdous,INV2610100473,Perfect Beauty,Female,CUS00298,Online,Face Mask,HYG002,Hygiene Products,CAT004,150,73,10950,766.5,10183.5,0,2036.7,305.5,2026,October,19,10183.5,2036.7
10/12/2026,SID014,Farzana Akter,INV2610100474,Urban Trends,Female,CUS00373,Retail,Diapers,HYG012,Hygiene Products,CAT004,800,40,32000,1600,30400,1520,9120,912,2026,October,12,28880,9120
2/19/2026,SID004,Nayeem Hasan,INV2602100475,Modern Style,Both,CUS00214,Distributor,Bra & Panty Set,APP013,Fashion Apparel,CAT001,900,65,58500,0,58500,1170,0,1755,2026,February,19,57330,0
4/28/2025,SID009,Tanvir Islam,INV2504100476,Royal Cosmetics,Female,CUS00404,Online,Body Butter,COS017,Cosmetics,CAT002,700,70,49000,1470,47530,0,14259,1425.9,2025,April,28,47530,14259
1/21/2025,SID019,Shakil Khan,INV2501100477,Lily Boutique,Female,CUS00135,Online,Women's Kurti,APP004,Fashion Apparel,CAT001,1800,75,135000,6750,128250,6412.5,25650,3847.5,2025,January,21,121837.5,25650
3/20/2025,SID010,Tasnia Rahman,INV2503100478,Wonder Collection,Both,CUS00026,Online,Makeup Kit,COS034,Cosmetics,CAT002,2500,89,222500,15575,206925,10346.25,62077.5,6207.75,2025,March,20,196578.75,62077.5
12/26/2026,SID006,Sadia Afrin,INV2612100479,Perfect Beauty,Both,CUS00300,Corporate,Hair Serum,COS006,Cosmetics,CAT002,1200,45,54000,5400,48600,0,9720,1458,2026,December,26,48600,9720
1/25/2025,SID007,Sadia Afrin,INV2501100480,Prime Collection,Both,CUS00273,Walk In,Makeup Kit,COS034,Cosmetics,CAT002,2500,72,180000,18000,162000,0,32400,4860,2025,January,25,162000,32400
11/28/2025,SID001,Nusrat Jahan,INV2511100481,Shine Collection,Male,CUS00186,Walk In,Footwear,ACC011,Accessories,CAT003,2500,96,240000,12000,228000,11400,0,6840,2025,November,28,216600,0
7/16/2025,SID003,Sadia Afrin,INV2507100482,Urban Trends,Both,CUS00478,Retail,Hair Accessories,ACC010,Accessories,CAT003,400,98,39200,0,39200,0,11760,1176,2025,July,16,39200,11760
4/19/2025,SID015,Rashedul Islam,INV2504100483,Glamour House,Both,CUS00491,Retail,Men's Nightwear,APP015,Fashion Apparel,CAT001,850,98,83300,4165,79135,1582.7,15827,2374.05,2025,April,19,77552.3,15827
10/25/2025,SID005,Farzana Akter,INV2510100484,Smart Collection,Female,CUS00327,Online,Men Polo Shirt,APP002,Fashion Apparel,CAT001,1100,22,24200,2420,21780,0,4356,653.4,2025,October,25,21780,4356
4/7/2025,SID011,Mehedi Hasan,INV2504100485,Trendy Boutique,Male,CUS00267,Online,Mouthwash,HYG007,Hygiene Products,CAT004,300,18,5400,540,4860,243,972,145.8,2025,April,7,4617,972
10/12/2025,SID018,Sharmin Akter,INV2510100486,Fashion World,Male,CUS00390,Retail,Disinfectant Spray,HYG003,Hygiene Products,CAT004,400,33,13200,396,12804,0,3841.2,384.12,2025,October,12,12804,3841.2
9/6/2026,SID018,Imran Hossain,INV2609100487,Urban Style,Male,CUS00302,Online,Wallet,ACC002,Accessories,CAT003,1200,70,84000,5880,78120,0,23436,2343.6,2026,September,6,78120,23436
8/14/2026,SID006,Jannatul Ferdous,INV2608100488,Nova Cosmetics,Male,CUS00391,Distributor,Face Serum,COS014,Cosmetics,CAT002,1300,11,14300,1430,12870,257.4,3861,386.1,2026,August,14,12612.6,3861
5/11/2025,SID002,Mahmudul Hasan,INV2505100489,Cosmetics World,Female,CUS00239,Walk In,Personal Lubricant,COS039,Cosmetics,CAT002,350,32,11200,336,10864,543.2,3259.2,325.92,2025,May,11,10320.8,3259.2
4/23/2026,SID001,Mim Akter,INV2604100490,Fashion Central,Male,CUS00297,Online,Women's Skirt,APP011,Fashion Apparel,CAT001,1500,8,12000,360,11640,0,2328,349.2,2026,April,23,11640,2328
4/22/2025,SID012,Tanjina Sultana,INV2504100491,Lily Boutique,Both,CUS00407,Distributor,Gloves,ACC008,Accessories,CAT003,600,5,3000,90,2910,0,582,87.3,2025,April,22,2910,582
8/21/2025,SID006,Bonna Akter,INV2508100492,Blue Sky Fashion,Both,CUST014,Online,Nail Polish,COS013,Cosmetics,CAT002,400,15,6000,0,6000,0,0,180,2025,August,21,6000,0
12/13/2026,SID018,Jannatul Ferdous,INV2612100493,Premium Beauty,Female,CUS00359,Corporate,Body Lotion,COS004,Cosmetics,CAT002,650,93,60450,3022.5,57427.5,2871.38,17228.25,1722.83,2026,December,13,54556.12,17228.25
1/14/2025,SID019,Rafiul Karim,INV2501100494,Star Fashion,Male,CUS00333,Retail,Men T-Shirt,APP001,Fashion Apparel,CAT001,750,64,48000,4800,43200,2160,12960,1296,2025,January,14,41040,12960
7/31/2025,SID004,Jannatul Ferdous,INV2507100495,Urban Trends,Male,CUS00324,Corporate,Belt,ACC003,Accessories,CAT003,800,76,60800,6080,54720,2736,16416,1641.6,2025,July,31,51984,16416
2/12/2026,SID002,Bonna Akter,INV2602100496,Beauty Avenue,Female,CUST049,Distributor,Sunscreen,COS009,Cosmetics,CAT002,1150,28,32200,966,31234,0,0,937.02,2026,February,12,31234,0
8/21/2026,SID004,Shuvo Das,INV2608100497,Cosmetics World,Male,CUS00133,Distributor,Women's Leggings,APP012,Fashion Apparel,CAT001,1300,95,123500,3705,119795,2395.9,23959,3593.85,2026,August,21,117399.1,23959
3/3/2026,SID008,Imran Hossain,INV2603100498,Beauty Avenue,Female,CUST049,Distributor,Hair Accessories,ACC010,Accessories,CAT003,400,33,13200,0,13200,660,3960,396,2026,March,3,12540,3960
3/22/2026,SID004,Sadia Afrin,INV2603100499,Glamour Point,Male,CUS00396,Retail,Baby Wipes,HYG011,Hygiene Products,CAT004,250,96,24000,720,23280,1164,0,698.4,2026,March,22,22116,0
2/2/2026,SID007,Mim Akter,INV2602100500,Crystal Cosmetics,Male,CUS00215,Distributor,Women's Top,APP006,Fashion Apparel,CAT001,1200,20,24000,1200,22800,456,4560,684,2026,February,2,22344,4560
5/5/2025,SID001,Jannatul Ferdous,INV2505100501,Cosmetics World,Male,CUS00385,Retail,Underarm Whitening Cream,COS024,Cosmetics,CAT002,500,92,46000,4600,41400,828,12420,1242,2025,May,5,40572,12420
11/27/2026,SID003,Shuvo Das,INV2611100502,Rainbow Apparel,Both,CUS00020,Walk In,Hand Sanitizer,HYG001,Hygiene Products,CAT004,250,87,21750,1087.5,20662.5,0,6198.75,619.88,2026,November,27,20662.5,6198.75
11/11/2025,SID011,Nusrat Jahan,INV2511100503,Signature Fashion,Both,CUS00146,Walk In,Men Jeans,APP003,Fashion Apparel,CAT001,2200,67,147400,7370,140030,0,0,4200.9,2025,November,11,140030,0
6/16/2025,SID003,Nayeem Hasan,INV2506100504,Fashion Central,Male,CUS00014,Walk In,Face Wash,COS001,Cosmetics,CAT002,450,44,19800,594,19206,0,5761.8,576.18,2025,June,16,19206,5761.8
2/6/2026,SID015,Nusrat Jahan,INV2602100505,Modern Boutique,Both,CUS00301,Corporate,Hoodie,APP009,Fashion Apparel,CAT001,2500,97,242500,12125,230375,0,0,6911.25,2026,February,6,230375,0
4/27/2025,SID008,Abdullah Al Mamun,INV2504100506,Smart Collection,Female,CUS00462,Walk In,Hair Accessories,ACC010,Accessories,CAT003,400,50,20000,1000,19000,380,3800,570,2025,April,27,18620,3800
3/30/2025,SID007,Abdullah Al Mamun,INV2503100507,Elegant Choice,Both,CUS00222,Corporate,Feminine Wash,HYG010,Hygiene Products,CAT004,400,25,10000,1000,9000,180,2700,270,2025,March,30,8820,2700
3/20/2026,SID012,Rashedul Islam,INV2603100508,Smart Collection,Both,CUS00018,Corporate,Umbrella,ACC014,Accessories,CAT003,1200,10,12000,600,11400,570,0,342,2026,March,20,10830,0
2/15/2025,SID016,Mahmudul Hasan,INV2502100509,Luxury Apparel,Male,CUS00238,Walk In,Toothbrush,HYG006,Hygiene Products,CAT004,150,38,5700,399,5301,265.05,1590.3,159.03,2025,February,15,5035.95,1590.3
10/1/2026,SID018,Imran Hossain,INV2610100510,Bloom Cosmetics,Female,CUST027,Distributor,Toothbrush,HYG006,Hygiene Products,CAT004,150,99,14850,0,14850,0,2970,445.5,2026,October,1,14850,2970
6/2/2026,SID003,Imran Hossain,INV2606100511,Urban Style,Both,CUS00323,Distributor,Hair Gel,COS028,Cosmetics,CAT002,400,21,8400,588,7812,390.6,1562.4,234.36,2026,June,2,7421.4,1562.4
9/18/2026,SID014,Tanjina Sultana,INV2609100512,Apex Fashion,Female,CUST061,Online,Feminine Wash,HYG010,Hygiene Products,CAT004,400,86,34400,1032,33368,1668.4,6673.6,1001.04,2026,September,18,31699.6,6673.6
5/12/2025,SID005,Farzana Akter,INV2505100513,Style Corner,Both,CUS00201,Corporate,Beard Oil,COS010,Cosmetics,CAT002,900,77,69300,2079,67221,1344.42,20166.3,2016.63,2025,May,12,65876.58,20166.3
9/2/2025,SID007,Bonna Akter,INV2509100514,Blue Sky Fashion,Both,CUST014,Online,Body Scrub,COS026,Cosmetics,CAT002,650,18,11700,585,11115,0,3334.5,333.45,2025,September,2,11115,3334.5
9/27/2026,SID014,Rafiul Karim,INV2609100515,Fashion Express,Female,CUS00063,Retail,Face Wash,COS001,Cosmetics,CAT002,450,6,2700,270,2430,48.6,0,72.9,2026,September,27,2381.4,0
11/28/2025,SID010,Shuvo Das,INV2511100516,Smart Beauty,Male,CUS00047,Online,Hair Serum,COS006,Cosmetics,CAT002,1200,10,12000,1200,10800,0,2160,324,2025,November,28,10800,2160
8/6/2025,SID003,Nayeem Hasan,INV2508100517,Classic Apparel,Female,CUST003,Walk In,Backpack,ACC012,Accessories,CAT003,3000,62,186000,0,186000,3720,37200,5580,2025,August,6,182280,37200
4/13/2025,SID002,Rashedul Islam,INV2504100518,Elegant Boutique,Female,CUS00146,Online,Body Scrub,COS026,Cosmetics,CAT002,650,96,62400,4368,58032,0,17409.6,1740.96,2025,April,13,58032,17409.6
2/1/2025,SID019,Bonna Akter,INV2502100519,Luxury Apparel,Male,CUS00493,Retail,Compact Powder,COS008,Cosmetics,CAT002,800,60,48000,1440,46560,0,13968,1396.8,2025,February,1,46560,13968
5/13/2026,SID018,Tasnia Rahman,INV2605100520,Fashion Point,Male,CUS00398,Online,Hair Removal Cream,COS025,Cosmetics,CAT002,450,25,11250,1125,10125,506.25,3037.5,303.75,2026,May,13,9618.75,3037.5
1/25/2026,SID004,Tanjina Sultana,INV2601100521,Beauty World,Male,CUST010,Distributor,Face Wash,COS001,Cosmetics,CAT002,450,14,6300,0,6300,0,1260,189,2026,January,25,6300,1260
4/30/2026,SID017,Mahmudul Hasan,INV2604100522,Signature Fashion,Female,CUS00366,Walk In,Watch,ACC005,Accessories,CAT003,5000,70,350000,10500,339500,16975,0,10185,2026,April,30,322525,0
7/11/2025,SID012,Mehedi Hasan,INV2507100523,Blue Sky Fashion,Both,CUST014,Online,Watch,ACC005,Accessories,CAT003,5000,27,135000,0,135000,2700,0,4050,2025,July,11,132300,0
8/24/2026,SID001,Imran Hossain,INV2608100524,Wonder Collection,Both,CUS00171,Distributor,Shaving Cream,COS021,Cosmetics,CAT002,350,42,14700,1029,13671,0,4101.3,410.13,2026,August,24,13671,4101.3
8/8/2025,SID012,Farzana Akter,INV2508100525,Beauty Point,Female,CUST066,Corporate,Hoodie,APP009,Fashion Apparel,CAT001,2500,53,132500,9275,123225,0,36967.5,3696.75,2025,August,8,123225,36967.5
11/11/2025,SID012,Shuvo Das,INV2511100526,Fashion Avenue,Male,CUS00173,Online,Men Shirt,APP017,Fashion Apparel,CAT001,1600,79,126400,12640,113760,0,34128,3412.8,2025,November,11,113760,34128
6/7/2026,SID006,Rafiul Karim,INV2606100527,Bloom Cosmetics,Female,CUST027,Distributor,Backpack,ACC012,Accessories,CAT003,3000,33,99000,0,99000,1980,19800,2970,2026,June,7,97020,19800
1/6/2026,SID002,Siam Ahmed,INV2601100528,Fashion Avenue,Male,CUS00254,Distributor,Body Scrub,COS026,Cosmetics,CAT002,650,65,42250,4225,38025,0,11407.5,1140.75,2026,January,6,38025,11407.5
10/6/2025,SID004,Tanjina Sultana,INV2510100529,Golden Fashion,Female,CUS00367,Distributor,Women's Leggings,APP012,Fashion Apparel,CAT001,1300,9,11700,585,11115,555.75,0,333.45,2025,October,6,10559.25,0
2/17/2025,SID018,Rafiul Karim,INV2502100530,Beauty Avenue,Female,CUST049,Distributor,Women's Saree,APP005,Fashion Apparel,CAT001,3200,13,41600,1248,40352,2017.6,8070.4,1210.56,2025,February,17,38334.4,8070.4
6/24/2025,SID009,Tanjina Sultana,INV2506100531,Modern Style,Male,CUS00396,Online,Face Cream,COS007,Cosmetics,CAT002,950,63,59850,2992.5,56857.5,0,0,1705.72,2025,June,24,56857.5,0
5/1/2026,SID007,Mim Akter,INV2605100532,Dream Fashion,Both,CUS00283,Corporate,Hair Mask,COS018,Cosmetics,CAT002,1100,12,13200,660,12540,627,0,376.2,2026,May,1,11913,0
10/31/2026,SID002,Rakib Hasan,INV2610100533,Lily Boutique,Female,CUS00452,Walk In,Kids T-Shirt,APP007,Fashion Apparel,CAT001,650,13,8450,0,8450,422.5,2535,253.5,2026,October,31,8027.5,2535
1/2/2026,SID015,Jannatul Ferdous,INV2601100534,Apex Fashion,Female,CUST061,Online,Women's Leggings,APP012,Fashion Apparel,CAT001,1300,54,70200,0,70200,3510,0,2106,2026,January,2,66690,0
8/24/2026,SID013,Tanvir Islam,INV2608100535,Classic Apparel,Female,CUST003,Walk In,Disinfectant Spray,HYG003,Hygiene Products,CAT004,400,6,2400,72,2328,116.4,698.4,69.84,2026,August,24,2211.6,698.4
11/26/2025,SID020,Samira Akter,INV2511100536,Elite Fashion,Female,CUS00362,Retail,Diapers,HYG012,Hygiene Products,CAT004,800,61,48800,1464,47336,0,14200.8,1420.08,2025,November,26,47336,14200.8
1/7/2025,SID003,Rakib Hasan,INV2501100537,Style Corner,Female,CUS00130,Online,Condom,COS036,Cosmetics,CAT002,300,17,5100,153,4947,247.35,1484.1,148.41,2025,January,7,4699.65,1484.1
6/13/2025,SID016,Shuvo Das,INV2506100538,Apex Fashion,Female,CUST061,Distributor,Hat,ACC007,Accessories,CAT003,700,81,56700,2835,53865,2693.25,10773,1615.95,2025,June,13,51171.75,10773
3/19/2026,SID002,Rafiul Karim,INV2603100539,Royal Cosmetics,Both,CUS00373,Online,Women's Kurti,APP004,Fashion Apparel,CAT001,1800,70,126000,8820,117180,0,0,3515.4,2026,March,19,117180,0
7/29/2025,SID001,Sharmin Akter,INV2507100540,Glow & Shine,Both,CUS00466,Online,Women's Saree,APP005,Fashion Apparel,CAT001,3200,56,179200,17920,161280,8064,0,4838.4,2025,July,29,153216,0
5/7/2025,SID011,Abdullah Al Mamun,INV2505100541,NextGen Fashion,Female,CUS00015,Online,Toothpaste,HYG005,Hygiene Products,CAT004,200,69,13800,0,13800,0,2760,414,2025,May,7,13800,2760
6/24/2025,SID004,Siam Ahmed,INV2506100542,Chic Collection,Male,CUST050,Online,Women's Skirt,APP011,Fashion Apparel,CAT001,1500,98,147000,0,147000,7350,0,4410,2025,June,24,139650,0
3/5/2026,SID016,Bonna Akter,INV2603100543,Blue Sky Fashion,Both,CUST014,Online,Handbag,ACC001,Accessories,CAT003,3500,98,343000,34300,308700,6174,61740,9261,2026,March,5,302526,61740
11/19/2025,SID011,Sharmin Akter,INV2511100544,Trendy Boutique,Male,CUS00423,Corporate,Makeup Remover,COS015,Cosmetics,CAT002,550,93,51150,0,51150,2557.5,10230,1534.5,2025,November,19,48592.5,10230
7/3/2025,SID012,Bonna Akter,INV2507100545,Luxury Apparel,Male,CUS00076,Walk In,Diapers,HYG012,Hygiene Products,CAT004,800,81,64800,0,64800,1296,0,1944,2025,July,3,63504,0
1/23/2026,SID018,Rafiul Karim,INV2601100546,Urban Beauty,Female,CUS00102,Corporate,Shaving Cream,HYG009,Hygiene Products,CAT004,350,8,2800,84,2716,0,0,81.48,2026,January,23,2716,0
11/28/2026,SID019,Mim Akter,INV2611100547,Glamour Point,Female,CUS00107,Retail,Toothbrush,HYG006,Hygiene Products,CAT004,150,35,5250,525,4725,236.25,0,141.75,2026,November,28,4488.75,0
6/29/2026,SID006,Sadia Afrin,INV2606100548,Perfect Beauty,Both,CUS00286,Corporate,Wallet,ACC002,Accessories,CAT003,1200,97,116400,5820,110580,5529,0,3317.4,2026,June,29,105051,0
9/24/2025,SID017,Nayeem Hasan,INV2509100549,Elegant Choice,Male,CUS00076,Online,Disinfectant Spray,HYG003,Hygiene Products,CAT004,400,36,14400,1440,12960,259.2,3888,388.8,2025,September,24,12700.8,3888
6/6/2026,SID013,Abdullah Al Mamun,INV2606100550,Fashion Central,Both,CUS00351,Retail,Body Wash,COS030,Cosmetics,CAT002,600,84,50400,5040,45360,0,13608,1360.8,2026,June,6,45360,13608
11/9/2025,SID001,Nusrat Jahan,INV2511100551,Prime Collection,Female,CUS00441,Corporate,Luggage,ACC013,Accessories,CAT003,8000,76,608000,30400,577600,0,173280,17328,2025,November,9,577600,173280
2/5/2025,SID018,Arif Hossain,INV2502100552,Diamond Cosmetics,Both,CUS00438,Online,Men T-Shirt,APP001,Fashion Apparel,CAT001,750,17,12750,892.5,11857.5,0,3557.25,355.72,2025,February,5,11857.5,3557.25
9/12/2025,SID009,Shuvo Das,INV2509100553,Signature Fashion,Both,CUS00289,Distributor,Body Lotion,COS004,Cosmetics,CAT002,650,14,9100,455,8645,432.25,2593.5,259.35,2025,September,12,8212.75,2593.5
5/10/2025,SID015,Siam Ahmed,INV2505100554,NextGen Fashion,Male,CUS00324,Online,Hair Spray,COS029,Cosmetics,CAT002,450,41,18450,553.5,17896.5,0,3579.3,536.89,2025,May,10,17896.5,3579.3
6/4/2025,SID002,Rafiul Karim,INV2506100555,New Era Fashion,Both,CUS00360,Retail,Luggage,ACC013,Accessories,CAT003,8000,32,256000,17920,238080,4761.6,0,7142.4,2025,June,4,233318.4,0
9/16/2026,SID005,Abdullah Al Mamun,INV2609100556,Classic Apparel,Female,CUST003,Walk In,Wallet,ACC002,Accessories,CAT003,1200,81,97200,6804,90396,0,18079.2,2711.88,2026,September,16,90396,18079.2
6/1/2026,SID009,Mehedi Hasan,INV2606100557,Golden Fashion,Male,CUS00021,Walk In,Hair Accessories,ACC010,Accessories,CAT003,400,44,17600,1760,15840,316.8,3168,475.2,2026,June,1,15523.2,3168
1/18/2026,SID012,Jannatul Ferdous,INV2601100558,Grace Boutique,Female,CUS00053,Walk In,Scarf,ACC006,Accessories,CAT003,900,72,64800,3240,61560,0,18468,1846.8,2026,January,18,61560,18468
4/11/2025,SID007,Abdullah Al Mamun,INV2504100559,Urban Trends,Female,CUS00048,Online,Deodorant,HYG008,Hygiene Products,CAT004,450,82,36900,1845,35055,701.1,10516.5,1051.65,2025,April,11,34353.9,10516.5
2/11/2026,SID006,Shuvo Das,INV2602100560,Blue Sky Fashion,Both,CUST014,Online,Face Mask,COS020,Cosmetics,CAT002,600,8,4800,480,4320,216,1296,129.6,2026,February,11,4104,1296
7/28/2026,SID001,Nusrat Jahan,INV2607100561,Glamour Point,Female,CUS00475,Corporate,Body Mist,COS037,Cosmetics,CAT002,450,49,22050,1543.5,20506.5,0,0,615.19,2026,July,28,20506.5,0
12/3/2026,SID019,Nayeem Hasan,INV2612100562,Nova Cosmetics,Both,CUS00296,Distributor,Face Wash,COS001,Cosmetics,CAT002,450,31,13950,976.5,12973.5,0,0,389.2,2026,December,3,12973.5,0
6/12/2026,SID015,Samira Akter,INV2606100563,Luxury Apparel,Male,CUS00486,Distributor,Shaving Cream,HYG009,Hygiene Products,CAT004,350,33,11550,346.5,11203.5,560.18,2240.7,336.1,2026,June,12,10643.32,2240.7
8/6/2026,SID006,Arif Hossain,INV2608100564,Glow & Shine,Male,CUS00457,Distributor,Women's Saree,APP005,Fashion Apparel,CAT001,3200,83,265600,13280,252320,12616,75696,7569.6,2026,August,6,239704,75696
4/3/2026,SID015,Samira Akter,INV2604100565,Signature Fashion,Male,CUS00440,Online,Kids T-Shirt,APP007,Fashion Apparel,CAT001,650,67,43550,0,43550,2177.5,0,1306.5,2026,April,3,41372.5,0
11/23/2025,SID006,Tanjina Sultana,INV2511100566,Iconic Fashion,Male,CUS00138,Corporate,Body Scrub,COS026,Cosmetics,CAT002,650,81,52650,2632.5,50017.5,0,15005.25,1500.52,2025,November,23,50017.5,15005.25
4/16/2025,SID016,Tanvir Islam,INV2504100567,Elegant Boutique,Male,CUS00241,Distributor,Body Wash,COS030,Cosmetics,CAT002,600,78,46800,1404,45396,2269.8,13618.8,1361.88,2025,April,16,43126.2,13618.8
3/16/2026,SID004,Mim Akter,INV2603100568,Elegant Choice,Both,CUS00420,Corporate,Women's Nightwear,APP014,Fashion Apparel,CAT001,800,89,71200,3560,67640,1352.8,20292,2029.2,2026,March,16,66287.2,20292
6/27/2026,SID018,Shakil Khan,INV2606100569,Fashion Gallery,Both,CUS00433,Online,Handbag,ACC001,Accessories,CAT003,3500,86,301000,15050,285950,14297.5,0,8578.5,2026,June,27,271652.5,0
3/18/2026,SID014,Nayeem Hasan,INV2603100570,Beauty Avenue,Female,CUST049,Distributor,Nail Polish,COS013,Cosmetics,CAT002,400,46,18400,920,17480,349.6,0,524.4,2026,March,18,17130.4,0
10/29/2026,SID018,Siam Ahmed,INV2610100571,Iconic Fashion,Female,CUS00294,Retail,Men's Nightwear,APP015,Fashion Apparel,CAT001,850,89,75650,3782.5,71867.5,0,0,2156.03,2026,October,29,71867.5,0
1/8/2025,SID013,Shakil Khan,INV2501100572,Modern Boutique,Male,CUS00396,Distributor,Belt,ACC003,Accessories,CAT003,800,33,26400,1320,25080,1254,7524,752.4,2025,January,8,23826,7524
6/15/2025,SID002,Nayeem Hasan,INV2506100573,New Era Fashion,Female,CUS00120,Online,Handbag,ACC001,Accessories,CAT003,3500,19,66500,3325,63175,3158.75,18952.5,1895.25,2025,June,15,60016.25,18952.5
12/29/2025,SID009,Abdullah Al Mamun,INV2512100574,Urban Trends,Male,CUS00290,Distributor,Aftershave,COS019,Cosmetics,CAT002,800,53,42400,1272,41128,822.56,8225.6,1233.84,2025,December,29,40305.44,8225.6
7/23/2025,SID020,Nayeem Hasan,INV2507100575,Cosmetics World,Female,CUS00477,Online,Women's Kurti,APP004,Fashion Apparel,CAT001,1800,74,133200,0,133200,2664,0,3996,2025,July,23,130536,0
10/15/2025,SID008,Sabbir Ahmed,INV2510100576,Blue Sky Fashion,Both,CUST014,Online,Hair Removal Cream,HYG013,Hygiene Products,CAT004,450,68,30600,2142,28458,0,0,853.74,2025,October,15,28458,0
8/16/2025,SID018,Tanjina Sultana,INV2508100577,Apex Fashion,Female,CUST061,Walk In,Men Jeans,APP003,Fashion Apparel,CAT001,2200,22,48400,0,48400,968,14520,1452,2025,August,16,47432,14520
6/17/2026,SID013,Jannatul Ferdous,INV2606100578,Modern Style,Both,CUS00056,Retail,Hair Spray,COS029,Cosmetics,CAT002,450,14,6300,0,6300,315,1260,189,2026,June,17,5985,1260
8/22/2026,SID004,Nusrat Jahan,INV2608100579,Cosmo House,Both,CUST055,Distributor,Perfume,COS003,Cosmetics,CAT002,2200,33,72600,0,72600,0,14520,2178,2026,August,22,72600,14520
3/15/2026,SID003,Sadia Afrin,INV2603100580,Beauty World,Male,CUST010,Distributor,Personal Lubricant,COS039,Cosmetics,CAT002,350,36,12600,882,11718,585.9,0,351.54,2026,March,15,11132.1,0
7/22/2025,SID006,Bonna Akter,INV2507100581,Elegant Boutique,Male,CUS00341,Online,Sanitary Napkins,HYG004,Hygiene Products,CAT004,350,66,23100,1617,21483,1074.15,4296.6,644.49,2025,July,22,20408.85,4296.6
7/22/2026,SID009,Abdullah Al Mamun,INV2607100582,Beauty World,Male,CUST010,Distributor,Men Jeans,APP003,Fashion Apparel,CAT001,2200,15,33000,0,33000,660,6600,990,2026,July,22,32340,6600
5/28/2026,SID011,Tanvir Islam,INV2605100583,Blue Sky Fashion,Both,CUST014,Online,Foot Care Cream,HYG014,Hygiene Products,CAT004,300,76,22800,1140,21660,433.2,6498,649.8,2026,May,28,21226.8,6498
12/16/2026,SID013,Sharmin Akter,INV2612100584,Nova Cosmetics,Both,CUS00404,Online,Shaving Cream,COS021,Cosmetics,CAT002,350,81,28350,0,28350,0,0,850.5,2026,December,16,28350,0
8/16/2026,SID017,Arif Hossain,INV2608100585,Chic Collection,Male,CUST050,Online,Gloves,ACC008,Accessories,CAT003,600,14,8400,252,8148,162.96,1629.6,244.44,2026,August,16,7985.04,1629.6
11/29/2025,SID012,Abdullah Al Mamun,INV2511100586,Beauty Express,Male,CUST002,Online,Handbag,ACC001,Accessories,CAT003,3500,38,133000,3990,129010,2580.2,38703,3870.3,2025,November,29,126429.8,38703
4/14/2026,SID015,Rafiul Karim,INV2604100587,Rainbow Apparel,Male,CUS00442,Corporate,Condom,COS036,Cosmetics,CAT002,300,69,20700,1449,19251,962.55,5775.3,577.53,2026,April,14,18288.45,5775.3
3/29/2026,SID018,Bonna Akter,INV2603100588,Diamond Cosmetics,Male,CUS00373,Distributor,Hat,ACC007,Accessories,CAT003,700,58,40600,0,40600,0,8120,1218,2026,March,29,40600,8120
4/12/2025,SID008,Tanvir Islam,INV2504100589,Fashion Plus,Both,CUS00145,Walk In,Keychain,ACC015,Accessories,CAT003,300,51,15300,765,14535,0,4360.5,436.05,2025,April,12,14535,4360.5
2/8/2026,SID006,Mehedi Hasan,INV2602100590,New Era Fashion,Female,CUS00243,Distributor,Lipstick,COS002,Cosmetics,CAT002,850,17,14450,433.5,14016.5,700.83,0,420.5,2026,February,8,13315.67,0
4/11/2025,SID019,Siam Ahmed,INV2504100591,Premium Beauty,Both,CUS00046,Walk In,Shaving Cream,HYG009,Hygiene Products,CAT004,350,46,16100,805,15295,305.9,3059,458.85,2025,April,11,14989.1,3059
8/22/2025,SID007,Jannatul Ferdous,INV2508100592,Trendy Shop,Both,CUS00488,Online,Deodorant,COS016,Cosmetics,CAT002,450,93,41850,4185,37665,753.3,11299.5,1129.95,2025,August,22,36911.7,11299.5
3/21/2025,SID019,Rafiul Karim,INV2503100593,Fashion Central,Male,CUS00241,Online,Makeup Kit,COS034,Cosmetics,CAT002,2500,82,205000,6150,198850,3977,39770,5965.5,2025,March,21,194873,39770
1/10/2025,SID020,Abdullah Al Mamun,INV2501100594,Urban Style,Both,CUS00362,Walk In,Hoodie,APP009,Fashion Apparel,CAT001,2500,39,97500,9750,87750,4387.5,26325,2632.5,2025,January,10,83362.5,26325
1/29/2026,SID004,Nayeem Hasan,INV2601100595,Modern Boutique,Male,CUS00050,Distributor,Sunglasses,ACC004,Accessories,CAT003,1500,60,90000,0,90000,1800,27000,2700,2026,January,29,88200,27000
11/7/2025,SID013,Farzana Akter,INV2511100596,Beauty Express,Male,CUST002,Online,Women's Nightwear,APP014,Fashion Apparel,CAT001,800,52,41600,2912,38688,1934.4,11606.4,1160.64,2025,November,7,36753.6,11606.4
12/30/2026,SID003,Samira Akter,INV2612100597,Infinity Style,Female,CUS00267,Retail,Baby Wipes,HYG011,Hygiene Products,CAT004,250,65,16250,812.5,15437.5,0,4631.25,463.12,2026,December,30,15437.5,4631.25
2/3/2026,SID001,Siam Ahmed,INV2602100598,Fashion Express,Both,CUS00208,Walk In,Women's Leggings,APP012,Fashion Apparel,CAT001,1300,29,37700,3770,33930,0,6786,1017.9,2026,February,3,33930,6786
9/3/2025,SID005,Nusrat Jahan,INV2509100599,Dream Fashion,Female,CUS00011,Distributor,Women's Nightwear,APP014,Fashion Apparel,CAT001,800,29,23200,1624,21576,0,4315.2,647.28,2025,September,3,21576,4315.2
8/15/2025,SID003,Bonna Akter,INV2508100600,Unique Collection,Male,CUS00056,Corporate,Body Wash,COS030,Cosmetics,CAT002,600,80,48000,4800,43200,2160,8640,1296,2025,August,15,41040,8640
5/6/2025,SID011,Rashedul Islam,INV2505100601,Chic Collection,Male,CUST050,Online,Deodorant,HYG008,Hygiene Products,CAT004,450,92,41400,1242,40158,0,8031.6,1204.74,2025,May,6,40158,8031.6
5/11/2025,SID013,Arif Hossain,INV2505100602,Fashion World,Female,CUS00273,Walk In,Women's Skirt,APP011,Fashion Apparel,CAT001,1500,41,61500,4305,57195,1143.9,17158.5,1715.85,2025,May,11,56051.1,17158.5
6/16/2026,SID018,Imran Hossain,INV2606100603,Lily Boutique,Both,CUS00310,Distributor,Personal Lubricant,COS039,Cosmetics,CAT002,350,20,7000,210,6790,339.5,2037,203.7,2026,June,16,6450.5,2037
3/3/2025,SID004,Imran Hossain,INV2503100604,Classic Apparel,Female,CUST003,Walk In,Wallet,ACC002,Accessories,CAT003,1200,27,32400,0,32400,1620,0,972,2025,March,3,30780,0
6/29/2025,SID013,Mehedi Hasan,INV2506100605,Urban Style,Male,CUS00376,Online,Toothpaste,HYG005,Hygiene Products,CAT004,200,76,15200,760,14440,288.8,4332,433.2,2025,June,29,14151.2,4332
5/7/2025,SID006,Sharmin Akter,INV2505100606,Fashion Central,Female,CUS00301,Walk In,Body Lotion,COS004,Cosmetics,CAT002,650,34,22100,1547,20553,0,4110.6,616.59,2025,May,7,20553,4110.6
3/9/2026,SID014,Sadia Afrin,INV2603100607,Nova Cosmetics,Male,CUS00168,Walk In,Body Wash,COS030,Cosmetics,CAT002,600,57,34200,0,34200,1710,0,1026,2026,March,9,32490,0
10/26/2025,SID014,Shuvo Das,INV2510100608,Premium Beauty,Both,CUS00118,Online,Diapers,HYG012,Hygiene Products,CAT004,800,43,34400,1032,33368,1668.4,10010.4,1001.04,2025,October,26,31699.6,10010.4
10/11/2025,SID019,Sharmin Akter,INV2510100609,Cosmo House,Both,CUST055,Distributor,Mouthwash,HYG007,Hygiene Products,CAT004,300,57,17100,0,17100,855,0,513,2025,October,11,16245,0
7/23/2026,SID009,Mahmudul Hasan,INV2607100610,Iconic Fashion,Female,CUS00063,Online,Face Wash,COS001,Cosmetics,CAT002,450,49,22050,661.5,21388.5,0,6416.55,641.65,2026,July,23,21388.5,6416.55
8/21/2026,SID020,Rakib Hasan,INV2608100611,Trendy Shop,Both,CUS00201,Walk In,Toothpaste,HYG005,Hygiene Products,CAT004,200,57,11400,570,10830,216.6,0,324.9,2026,August,21,10613.4,0
10/27/2025,SID005,Tanvir Islam,INV2510100612,Elegant Boutique,Both,CUS00111,Walk In,Face Serum,COS014,Cosmetics,CAT002,1300,49,63700,4459,59241,1184.82,11848.2,1777.23,2025,October,27,58056.18,11848.2
3/24/2026,SID001,Mahmudul Hasan,INV2603100613,Classic Apparel,Female,CUST003,Walk In,Sanitary Napkins,HYG004,Hygiene Products,CAT004,350,43,15050,451.5,14598.5,0,2919.7,437.95,2026,March,24,14598.5,2919.7
2/9/2026,SID016,Sadia Afrin,INV2602100614,Trendy Shop,Both,CUS00309,Walk In,Makeup Kit,COS034,Cosmetics,CAT002,2500,49,122500,12250,110250,2205,0,3307.5,2026,February,9,108045,0
1/5/2025,SID016,Bonna Akter,INV2501100615,Chic Collection,Male,CUST050,Online,Aftershave,COS019,Cosmetics,CAT002,800,49,39200,3920,35280,705.6,7056,1058.4,2025,January,5,34574.4,7056
7/29/2025,SID017,Jannatul Ferdous,INV2507100616,Trendy Shop,Female,CUS00275,Corporate,Personal Toys,COS041,Cosmetics,CAT002,1500,26,39000,0,39000,1950,7800,1170,2025,July,29,37050,7800
1/9/2025,SID017,Tasnia Rahman,INV2501100617,Moonlight Cosmetics,Both,CUS00304,Walk In,Body Lotion,COS004,Cosmetics,CAT002,650,57,37050,2593.5,34456.5,1722.83,6891.3,1033.69,2025,January,9,32733.67,6891.3
4/15/2026,SID003,Tanjina Sultana,INV2604100618,Fashion Central,Both,CUS00281,Corporate,Kids T-Shirt,APP007,Fashion Apparel,CAT001,650,20,13000,1300,11700,0,3510,351,2026,April,15,11700,3510
9/18/2025,SID006,Jannatul Ferdous,INV2509100619,Style Corner,Male,CUS00348,Corporate,Women's Nightwear,APP014,Fashion Apparel,CAT001,800,68,54400,5440,48960,979.2,0,1468.8,2025,September,18,47980.8,0
11/1/2025,SID003,Abdullah Al Mamun,INV2511100620,Beauty Express,Male,CUST002,Online,Hair Mask,COS018,Cosmetics,CAT002,1100,63,69300,0,69300,0,0,2079,2025,November,1,69300,0
6/5/2025,SID019,Sharmin Akter,INV2506100621,Unique Collection,Male,CUS00003,Online,Face Wash,COS001,Cosmetics,CAT002,450,34,15300,459,14841,296.82,4452.3,445.23,2025,June,5,14544.18,4452.3
2/2/2025,SID014,Siam Ahmed,INV2502100622,Cosmetics Central,Female,CUST058,Distributor,Disinfectant Spray,HYG003,Hygiene Products,CAT004,400,100,40000,2800,37200,744,0,1116,2025,February,2,36456,0
2/27/2025,SID007,Samira Akter,INV2502100623,Bloom Cosmetics,Female,CUST027,Distributor,Hair Dryer,COS038,Cosmetics,CAT002,4000,49,196000,13720,182280,0,54684,5468.4,2025,February,27,182280,54684
4/21/2026,SID015,Jannatul Ferdous,INV2604100624,Elegant Boutique,Both,CUS00186,Walk In,Face Wash,COS001,Cosmetics,CAT002,450,67,30150,0,30150,0,0,904.5,2026,April,21,30150,0
11/2/2026,SID006,Samira Akter,INV2611100625,Elite Collection,Male,CUS00488,Online,Women's Skirt,APP011,Fashion Apparel,CAT001,1500,57,85500,2565,82935,4146.75,24880.5,2488.05,2026,November,2,78788.25,24880.5
8/11/2025,SID014,Mahmudul Hasan,INV2508100626,Crystal Cosmetics,Female,CUS00130,Retail,Body Oil,COS040,Cosmetics,CAT002,800,13,10400,1040,9360,468,0,280.8,2025,August,11,8892,0
6/25/2026,SID003,Shuvo Das,INV2606100627,Urban Style,Both,CUS00269,Walk In,Hoodie,APP009,Fashion Apparel,CAT001,2500,40,100000,3000,97000,4850,19400,2910,2026,June,25,92150,19400
7/20/2026,SID017,Arif Hossain,INV2607100628,Golden Fashion,Both,CUS00027,Online,Footwear,ACC011,Accessories,CAT003,2500,34,85000,5950,79050,1581,23715,2371.5,2026,July,20,77469,23715
8/13/2025,SID017,Imran Hossain,INV2508100629,Glamour House,Female,CUS00236,Online,Lipstick,COS002,Cosmetics,CAT002,850,66,56100,5610,50490,1009.8,15147,1514.7,2025,August,13,49480.2,15147
4/6/2026,SID020,Sharmin Akter,INV2604100630,Moonlight Cosmetics,Female,CUS00175,Retail,Sunscreen,COS009,Cosmetics,CAT002,1150,7,8050,0,8050,0,1610,241.5,2026,April,6,8050,1610
7/5/2025,SID017,Abdullah Al Mamun,INV2507100631,Glamour House,Female,CUS00277,Walk In,Hair Spray,COS029,Cosmetics,CAT002,450,30,13500,945,12555,0,0,376.65,2025,July,5,12555,0
6/29/2025,SID007,Rakib Hasan,INV2506100632,Cosmetics Central,Female,CUST058,Distributor,Men Jeans,APP003,Fashion Apparel,CAT001,2200,58,127600,6380,121220,6061,36366,3636.6,2025,June,29,115159,36366
8/11/2026,SID009,Tasnia Rahman,INV2608100633,Glamour House,Male,CUS00108,Online,Face Mask,HYG002,Hygiene Products,CAT004,150,45,6750,675,6075,303.75,1822.5,182.25,2026,August,11,5771.25,1822.5
5/6/2026,SID009,Shuvo Das,INV2605100634,Nova Cosmetics,Male,CUS00215,Retail,Women's Skirt,APP011,Fashion Apparel,CAT001,1500,49,73500,3675,69825,0,13965,2094.75,2026,May,6,69825,13965
10/23/2025,SID020,Rafiul Karim,INV2510100635,Infinity Style,Female,CUS00447,Online,Hair Mask,COS018,Cosmetics,CAT002,1100,98,107800,7546,100254,0,20050.8,3007.62,2025,October,23,100254,20050.8
5/22/2025,SID015,Arif Hossain,INV2505100636,Infinity Style,Both,CUS00083,Walk In,Foot Care Cream,HYG014,Hygiene Products,CAT004,300,75,22500,675,21825,0,4365,654.75,2025,May,22,21825,4365
5/11/2026,SID005,Bonna Akter,INV2605100637,Dream Fashion,Female,CUS00478,Walk In,Women's Skirt,APP011,Fashion Apparel,CAT001,1500,11,16500,0,16500,0,0,495,2026,May,11,16500,0
6/7/2025,SID015,Abdullah Al Mamun,INV2506100638,Metro Fashion,Both,CUS00099,Distributor,Perfume,COS003,Cosmetics,CAT002,2200,78,171600,5148,166452,3329.04,0,4993.56,2025,June,7,163122.96,0
4/26/2025,SID014,Abdullah Al Mamun,INV2504100639,Infinity Style,Female,CUS00297,Retail,Face Cream,COS007,Cosmetics,CAT002,950,49,46550,3258.5,43291.5,0,0,1298.74,2025,April,26,43291.5,0
4/28/2026,SID005,Arif Hossain,INV2604100640,Infinity Style,Both,CUS00006,Distributor,Hair Gel,COS028,Cosmetics,CAT002,400,58,23200,1160,22040,440.8,6612,661.2,2026,April,28,21599.2,6612
11/27/2026,SID009,Shuvo Das,INV2611100641,Smart Collection,Male,CUS00033,Walk In,Personal Lubricant,COS039,Cosmetics,CAT002,350,50,17500,0,17500,0,3500,525,2026,November,27,17500,3500
11/25/2025,SID001,Mahmudul Hasan,INV2511100642,Luxury Apparel,Both,CUS00280,Corporate,Men Jeans,APP003,Fashion Apparel,CAT001,2200,39,85800,8580,77220,0,15444,2316.6,2025,November,25,77220,15444
7/4/2025,SID015,Mehedi Hasan,INV2507100643,Blue Sky Fashion,Both,CUST014,Online,Women's Saree,APP005,Fashion Apparel,CAT001,3200,61,195200,13664,181536,0,36307.2,5446.08,2025,July,4,181536,36307.2
10/27/2025,SID009,Rakib Hasan,INV2510100644,Style Corner,Both,CUS00446,Distributor,Jacket,APP010,Fashion Apparel,CAT001,3800,18,68400,4788,63612,3180.6,19083.6,1908.36,2025,October,27,60431.4,19083.6
12/7/2025,SID001,Rashedul Islam,INV2512100645,Cosmetics World,Female,CUS00349,Online,Perfume,COS003,Cosmetics,CAT002,2200,66,145200,7260,137940,2758.8,0,4138.2,2025,December,7,135181.2,0
9/22/2026,SID009,Tanvir Islam,INV2609100646,Classic Beauty,Both,CUST025,Corporate,Hair Accessories,ACC010,Accessories,CAT003,400,75,30000,0,30000,1500,6000,900,2026,September,22,28500,6000
6/20/2026,SID016,Mehedi Hasan,INV2606100647,Urban Avenue,Both,CUS00352,Corporate,Hat,ACC007,Accessories,CAT003,700,69,48300,0,48300,0,9660,1449,2026,June,20,48300,9660
8/22/2026,SID005,Shuvo Das,INV2608100648,Unique Collection,Both,CUS00365,Distributor,Face Mask,HYG002,Hygiene Products,CAT004,150,81,12150,0,12150,0,3645,364.5,2026,August,22,12150,3645
4/29/2025,SID012,Abdullah Al Mamun,INV2504100649,Wonder Collection,Male,CUS00040,Online,Backpack,ACC012,Accessories,CAT003,3000,79,237000,0,237000,11850,0,7110,2025,April,29,225150,0
1/7/2026,SID010,Mehedi Hasan,INV2601100650,Style Corner,Both,CUS00276,Online,Hair Mask,COS018,Cosmetics,CAT002,1100,12,13200,660,12540,250.8,2508,376.2,2026,January,7,12289.2,2508
11/22/2025,SID020,Rakib Hasan,INV2511100651,NextGen Fashion,Both,CUS00437,Distributor,Hair Color,COS012,Cosmetics,CAT002,1500,94,141000,4230,136770,0,41031,4103.1,2025,November,22,136770,41031
6/26/2026,SID012,Mehedi Hasan,INV2606100652,Fashion Hub Ltd,Both,CUS00188,Distributor,Men's Nightwear,APP015,Fashion Apparel,CAT001,850,14,11900,595,11305,226.1,3391.5,339.15,2026,June,26,11078.9,3391.5
8/9/2025,SID001,Arif Hossain,INV2508100653,Rainbow Apparel,Male,CUS00330,Walk In,Men Polo Shirt,APP002,Fashion Apparel,CAT001,1100,66,72600,3630,68970,0,0,2069.1,2025,August,9,68970,0
3/21/2025,SID006,Jannatul Ferdous,INV2503100654,Cosmo House,Both,CUST055,Distributor,Nail Polish,COS013,Cosmetics,CAT002,400,46,18400,0,18400,0,5520,552,2025,March,21,18400,5520
7/18/2026,SID018,Tasnia Rahman,INV2607100655,Wonder Collection,Both,CUS00451,Distributor,Face Scrub,COS027,Cosmetics,CAT002,550,96,52800,3696,49104,2455.2,0,1473.12,2026,July,18,46648.8,0
10/21/2026,SID008,Rashedul Islam,INV2610100656,Dream Fashion,Both,CUS00479,Online,Hat,ACC007,Accessories,CAT003,700,16,11200,1120,10080,504,2016,302.4,2026,October,21,9576,2016
5/13/2025,SID015,Sabbir Ahmed,INV2505100657,Golden Fashion,Male,CUS00410,Retail,Men Polo Shirt,APP002,Fashion Apparel,CAT001,1100,7,7700,231,7469,373.45,0,224.07,2025,May,13,7095.55,0
6/16/2025,SID003,Bonna Akter,INV2506100658,Trendy Boutique,Both,CUS00368,Online,Jacket,APP010,Fashion Apparel,CAT001,3800,19,72200,7220,64980,1299.6,12996,1949.4,2025,June,16,63680.4,12996
11/22/2026,SID016,Rashedul Islam,INV2611100659,Crystal Cosmetics,Female,CUS00494,Distributor,After Sun Lotion,COS031,Cosmetics,CAT002,700,84,58800,0,58800,1176,0,1764,2026,November,22,57624,0
9/30/2025,SID003,Siam Ahmed,INV2509100660,Fashion Avenue,Male,CUS00358,Online,Body Scrub,COS026,Cosmetics,CAT002,650,34,22100,1105,20995,1049.75,0,629.85,2025,September,30,19945.25,0
10/24/2025,SID017,Tasnia Rahman,INV2510100661,Style Corner,Male,CUS00182,Corporate,Body Scrub,COS026,Cosmetics,CAT002,650,48,31200,1560,29640,592.8,8892,889.2,2025,October,24,29047.2,8892
2/16/2025,SID019,Mehedi Hasan,INV2502100662,Trendy Boutique,Female,CUS00255,Distributor,Body Butter,COS017,Cosmetics,CAT002,700,6,4200,0,4200,0,840,126,2025,February,16,4200,840
2/8/2026,SID017,Bonna Akter,INV2602100663,Urban Avenue,Male,CUS00253,Retail,Hair Mask,COS018,Cosmetics,CAT002,1100,63,69300,4851,64449,3222.45,12889.8,1933.47,2026,February,8,61226.55,12889.8
5/9/2025,SID010,Jannatul Ferdous,INV2505100664,NextGen Fashion,Male,CUS00307,Walk In,Mouthwash,HYG007,Hygiene Products,CAT004,300,15,4500,225,4275,213.75,0,128.25,2025,May,9,4061.25,0
7/13/2025,SID005,Abdullah Al Mamun,INV2507100665,Chic Collection,Male,CUST050,Online,Deodorant,COS016,Cosmetics,CAT002,450,8,3600,360,3240,64.8,0,97.2,2025,July,13,3175.2,0
4/26/2025,SID010,Sharmin Akter,INV2504100666,Premium Beauty,Both,CUS00148,Corporate,Men Shirt,APP017,Fashion Apparel,CAT001,1600,96,153600,4608,148992,7449.6,44697.6,4469.76,2025,April,26,141542.4,44697.6
3/10/2026,SID018,Farzana Akter,INV2603100667,Cosmetics World,Female,CUS00032,Distributor,Women's Kurti,APP004,Fashion Apparel,CAT001,1800,61,109800,10980,98820,1976.4,19764,2964.6,2026,March,10,96843.6,19764
7/11/2026,SID001,Bonna Akter,INV2607100668,Premium Beauty,Both,CUS00427,Walk In,Kids T-Shirt,APP007,Fashion Apparel,CAT001,650,24,15600,1560,14040,702,0,421.2,2026,July,11,13338,0
2/7/2025,SID019,Bonna Akter,INV2502100669,Urban Trends,Female,CUS00019,Walk In,Jacket,APP010,Fashion Apparel,CAT001,3800,70,266000,26600,239400,11970,71820,7182,2025,February,7,227430,71820
11/23/2026,SID013,Tasnia Rahman,INV2611100670,Elegant Choice,Both,CUS00482,Distributor,Men T-Shirt,APP001,Fashion Apparel,CAT001,750,33,24750,742.5,24007.5,1200.38,7202.25,720.23,2026,November,23,22807.12,7202.25
5/10/2025,SID012,Nusrat Jahan,INV2505100671,Perfect Beauty,Male,CUS00329,Retail,Hair Removal Cream,COS025,Cosmetics,CAT002,450,68,30600,0,30600,612,0,918,2025,May,10,29988,0
10/2/2026,SID009,Siam Ahmed,INV2610100672,Fashion Point,Both,CUS00331,Retail,Men Shirt,APP017,Fashion Apparel,CAT001,1600,40,64000,6400,57600,1152,0,1728,2026,October,2,56448,0
4/20/2025,SID015,Rafiul Karim,INV2504100673,Smart Beauty,Female,CUS00465,Corporate,Sanitary Napkins,HYG004,Hygiene Products,CAT004,350,53,18550,1855,16695,333.9,3339,500.85,2025,April,20,16361.1,3339
5/18/2026,SID008,Tanjina Sultana,INV2605100674,Fashion Plus,Both,CUS00094,Walk In,Face Wash,COS001,Cosmetics,CAT002,450,50,22500,2250,20250,0,0,607.5,2026,May,18,20250,0
10/9/2026,SID018,Sharmin Akter,INV2610100675,Style Corner,Female,CUS00402,Corporate,Lipstick,COS002,Cosmetics,CAT002,850,44,37400,1122,36278,0,0,1088.34,2026,October,9,36278,0
10/22/2026,SID008,Tasnia Rahman,INV2610100676,Royal Cosmetics,Male,CUS00099,Retail,Jacket,APP010,Fashion Apparel,CAT001,3800,71,269800,18886,250914,0,75274.2,7527.42,2026,October,22,250914,75274.2
12/24/2026,SID009,Rakib Hasan,INV2612100677,Urban Trends,Both,CUS00498,Retail,Body Scrub,COS026,Cosmetics,CAT002,650,92,59800,5980,53820,2691,16146,1614.6,2026,December,24,51129,16146
11/17/2026,SID019,Tasnia Rahman,INV2611100678,Grace Boutique,Female,CUS00052,Walk In,Deodorant,HYG008,Hygiene Products,CAT004,450,32,14400,0,14400,720,0,432,2026,November,17,13680,0
12/7/2025,SID002,Tanjina Sultana,INV2512100679,NextGen Fashion,Female,CUS00275,Retail,Body Wash,COS030,Cosmetics,CAT002,600,71,42600,1278,41322,826.44,0,1239.66,2025,December,7,40495.56,0
7/19/2026,SID012,Siam Ahmed,INV2607100680,Fashion Avenue,Male,CUS00168,Walk In,Hand Sanitizer,HYG001,Hygiene Products,CAT004,250,45,11250,562.5,10687.5,213.75,0,320.62,2026,July,19,10473.75,0
7/30/2026,SID003,Rashedul Islam,INV2607100681,Beauty World,Male,CUST010,Distributor,Face Wash,COS001,Cosmetics,CAT002,450,81,36450,1093.5,35356.5,1767.83,10606.95,1060.69,2026,July,30,33588.67,10606.95
5/29/2026,SID017,Bonna Akter,INV2605100682,New Era Fashion,Female,CUS00107,Retail,Body Mist,COS037,Cosmetics,CAT002,450,98,44100,1323,42777,855.54,12833.1,1283.31,2026,May,29,41921.46,12833.1
7/21/2026,SID012,Imran Hossain,INV2607100683,Unique Collection,Both,CUS00158,Walk In,Body Oil,COS040,Cosmetics,CAT002,800,93,74400,7440,66960,3348,20088,2008.8,2026,July,21,63612,20088
4/9/2026,SID009,Sharmin Akter,INV2604100684,Shine Collection,Male,CUS00082,Distributor,Hair Removal Cream,HYG013,Hygiene Products,CAT004,450,51,22950,1606.5,21343.5,426.87,4268.7,640.3,2026,April,9,20916.63,4268.7
2/5/2026,SID015,Arif Hossain,INV2602100685,Beauty Express,Male,CUST002,Online,Footwear,ACC011,Accessories,CAT003,2500,48,120000,12000,108000,5400,21600,3240,2026,February,5,102600,21600
8/17/2026,SID008,Jannatul Ferdous,INV2608100686,Luxury Apparel,Female,CUS00104,Corporate,Body Wash,COS030,Cosmetics,CAT002,600,76,45600,1368,44232,2211.6,0,1326.96,2026,August,17,42020.4,0
10/21/2025,SID012,Rafiul Karim,INV2510100687,Premium Beauty,Male,CUS00230,Online,Kids Dress,APP008,Fashion Apparel,CAT001,950,9,8550,427.5,8122.5,0,0,243.67,2025,October,21,8122.5,0
10/27/2025,SID016,Tasnia Rahman,INV2510100688,Blue Sky Fashion,Both,CUST014,Online,Toothpaste,HYG005,Hygiene Products,CAT004,200,67,13400,938,12462,0,3738.6,373.86,2025,October,27,12462,3738.6
7/12/2026,SID019,Sadia Afrin,INV2607100689,Beauty Express,Male,CUST002,Online,Aftershave,COS019,Cosmetics,CAT002,800,17,13600,408,13192,263.84,0,395.76,2026,July,12,12928.16,0
11/26/2026,SID008,Mahmudul Hasan,INV2611100690,NextGen Fashion,Female,CUS00477,Corporate,Luggage,ACC013,Accessories,CAT003,8000,5,40000,2800,37200,744,0,1116,2026,November,26,36456,0
12/13/2025,SID009,Tasnia Rahman,INV2512100691,Grace Boutique,Both,CUS00472,Online,Body Lotion,COS004,Cosmetics,CAT002,650,14,9100,0,9100,182,2730,273,2025,December,13,8918,2730
5/22/2026,SID002,Rafiul Karim,INV2605100692,Urban Avenue,Both,CUS00411,Online,Mouthwash,HYG007,Hygiene Products,CAT004,300,56,16800,1680,15120,0,3024,453.6,2026,May,22,15120,3024
2/21/2025,SID005,Imran Hossain,INV2502100693,Golden Fashion,Male,CUS00059,Distributor,Face Mask,HYG002,Hygiene Products,CAT004,150,89,13350,0,13350,667.5,0,400.5,2025,February,21,12682.5,0
1/4/2026,SID001,Mehedi Hasan,INV2601100694,Infinity Style,Both,CUS00239,Corporate,Personal Lubricant,COS039,Cosmetics,CAT002,350,66,23100,1617,21483,0,6444.9,644.49,2026,January,4,21483,6444.9
5/1/2025,SID013,Rashedul Islam,INV2505100695,Trendy Shop,Male,CUS00430,Distributor,Hat,ACC007,Accessories,CAT003,700,68,47600,4760,42840,0,8568,1285.2,2025,May,1,42840,8568
11/8/2026,SID018,Mim Akter,INV2611100696,Golden Fashion,Female,CUS00141,Retail,Keychain,ACC015,Accessories,CAT003,300,46,13800,966,12834,0,3850.2,385.02,2026,November,8,12834,3850.2
6/16/2025,SID011,Siam Ahmed,INV2506100697,Iconic Fashion,Both,CUS00386,Distributor,Foot Care Cream,HYG014,Hygiene Products,CAT004,300,24,7200,360,6840,0,1368,205.2,2025,June,16,6840,1368
10/20/2025,SID012,Nusrat Jahan,INV2510100698,Royal Style,Both,CUS00071,Online,Hair Serum,COS006,Cosmetics,CAT002,1200,20,24000,0,24000,480,0,720,2025,October,20,23520,0
5/7/2025,SID018,Farzana Akter,INV2505100699,Star Fashion,Female,CUS00297,Walk In,Bra & Panty Set,APP013,Fashion Apparel,CAT001,900,79,71100,7110,63990,0,0,1919.7,2025,May,7,63990,0
10/12/2025,SID019,Nayeem Hasan,INV2510100700,Glamour Point,Both,CUS00023,Walk In,Perfume,COS003,Cosmetics,CAT002,2200,77,169400,5082,164318,3286.36,49295.4,4929.54,2025,October,12,161031.64,49295.4
4/15/2025,SID009,Mehedi Hasan,INV2504100701,Fashion Point,Female,CUS00319,Corporate,Underarm Whitening Cream,HYG015,Hygiene Products,CAT004,500,93,46500,4650,41850,0,12555,1255.5,2025,April,15,41850,12555
7/21/2025,SID007,Mehedi Hasan,INV2507100702,Royal Cosmetics,Female,CUS00007,Corporate,Men Polo Shirt,APP002,Fashion Apparel,CAT001,1100,49,53900,5390,48510,2425.5,14553,1455.3,2025,July,21,46084.5,14553
12/21/2025,SID014,Tasnia Rahman,INV2512100703,Diamond Cosmetics,Both,CUS00492,Retail,Face Mask,HYG002,Hygiene Products,CAT004,150,96,14400,1440,12960,648,3888,388.8,2025,December,21,12312,3888
6/27/2026,SID013,Sharmin Akter,INV2606100704,Pink Beauty,Male,CUS00437,Walk In,Backpack,ACC012,Accessories,CAT003,3000,35,105000,7350,97650,4882.5,29295,2929.5,2026,June,27,92767.5,29295
6/13/2025,SID017,Rafiul Karim,INV2506100705,Fashion World,Both,CUS00105,Retail,Face Serum,COS014,Cosmetics,CAT002,1300,46,59800,2990,56810,0,17043,1704.3,2025,June,13,56810,17043
10/22/2025,SID009,Mim Akter,INV2510100706,Urban Avenue,Male,CUS00410,Walk In,Underarm Whitening Cream,HYG015,Hygiene Products,CAT004,500,63,31500,0,31500,1575,6300,945,2025,October,22,29925,6300
3/2/2026,SID020,Mim Akter,INV2603100707,Urban Beauty,Male,CUS00202,Retail,Kids T-Shirt,APP007,Fashion Apparel,CAT001,650,7,4550,227.5,4322.5,216.12,1296.75,129.67,2026,March,2,4106.38,1296.75
6/10/2026,SID006,Nayeem Hasan,INV2606100708,Cosmetics Central,Female,CUST058,Distributor,Watch,ACC005,Accessories,CAT003,5000,19,95000,0,95000,0,28500,2850,2026,June,10,95000,28500
12/6/2026,SID015,Mim Akter,INV2612100709,Fashion Plus,Female,CUS00296,Corporate,Face Serum,COS014,Cosmetics,CAT002,1300,66,85800,2574,83226,4161.3,0,2496.78,2026,December,6,79064.7,0
1/16/2026,SID017,Tasnia Rahman,INV2601100710,Premium Beauty,Male,CUS00184,Retail,Face Toner,COS033,Cosmetics,CAT002,500,27,13500,1350,12150,0,3645,364.5,2026,January,16,12150,3645
5/21/2025,SID010,Shakil Khan,INV2505100711,Beauty Express,Male,CUST002,Online,Body Spray,COS011,Cosmetics,CAT002,500,97,48500,0,48500,2425,14550,1455,2025,May,21,46075,14550
4/8/2026,SID014,Shuvo Das,INV2604100712,Chic Collection,Male,CUST050,Online,Mouthwash,HYG007,Hygiene Products,CAT004,300,29,8700,261,8439,0,0,253.17,2026,April,8,8439,0
11/21/2025,SID004,Nusrat Jahan,INV2511100713,Perfect Beauty,Male,CUS00040,Distributor,Wallet,ACC002,Accessories,CAT003,1200,55,66000,0,66000,3300,19800,1980,2025,November,21,62700,19800
1/23/2026,SID001,Tanvir Islam,INV2601100714,Urban Avenue,Male,CUS00369,Corporate,Foot Care Cream,COS023,Cosmetics,CAT002,300,77,23100,693,22407,1120.35,6722.1,672.21,2026,January,23,21286.65,6722.1
1/24/2025,SID003,Arif Hossain,INV2501100715,Star Fashion,Female,CUS00078,Corporate,Body Mist,COS037,Cosmetics,CAT002,450,24,10800,1080,9720,486,2916,291.6,2025,January,24,9234,2916
1/1/2026,SID011,Arif Hossain,INV2601100716,Glamour Point,Female,CUS00095,Retail,Belt,ACC003,Accessories,CAT003,800,74,59200,0,59200,0,11840,1776,2026,January,1,59200,11840
2/2/2026,SID014,Arif Hossain,INV2602100717,Urban Style,Female,CUS00167,Corporate,Watch,ACC005,Accessories,CAT003,5000,95,475000,47500,427500,0,85500,12825,2026,February,2,427500,85500
8/6/2025,SID011,Shakil Khan,INV2508100718,Trendy Boutique,Female,CUS00166,Online,Hat,ACC007,Accessories,CAT003,700,64,44800,1344,43456,2172.8,0,1303.68,2025,August,6,41283.2,0
3/18/2026,SID019,Nayeem Hasan,INV2603100719,Smart Collection,Female,CUS00287,Retail,Hair Gel,COS028,Cosmetics,CAT002,400,52,20800,0,20800,416,6240,624,2026,March,18,20384,6240
10/18/2025,SID019,Sharmin Akter,INV2510100720,Star Fashion,Male,CUS00413,Retail,Body Mist,COS037,Cosmetics,CAT002,450,61,27450,823.5,26626.5,0,7987.95,798.79,2025,October,18,26626.5,7987.95
12/9/2025,SID016,Rakib Hasan,INV2512100721,Urban Beauty,Both,CUS00218,Retail,Face Mask,HYG002,Hygiene Products,CAT004,150,18,2700,0,2700,135,0,81,2025,December,9,2565,0
1/19/2025,SID008,Sadia Afrin,INV2501100722,Beauty Point,Female,CUST066,Corporate,Hair Accessories,ACC010,Accessories,CAT003,400,22,8800,0,8800,176,2640,264,2025,January,19,8624,2640
5/17/2026,SID004,Tasnia Rahman,INV2605100723,Moonlight Cosmetics,Female,CUS00320,Retail,Face Wash,COS001,Cosmetics,CAT002,450,18,8100,405,7695,153.9,1539,230.85,2026,May,17,7541.1,1539
11/28/2025,SID012,Bonna Akter,INV2511100724,Wonder Collection,Female,CUS00188,Walk In,Feminine Wash,HYG010,Hygiene Products,CAT004,400,82,32800,1640,31160,623.2,9348,934.8,2025,November,28,30536.8,9348
4/10/2025,SID020,Arif Hossain,INV2504100725,Glamour House,Male,CUS00073,Walk In,Nail Polish,COS013,Cosmetics,CAT002,400,75,30000,900,29100,1455,8730,873,2025,April,10,27645,8730
1/11/2026,SID013,Mehedi Hasan,INV2601100726,Trendy Boutique,Female,CUS00165,Distributor,Diapers,HYG012,Hygiene Products,CAT004,800,24,19200,1920,17280,864,0,518.4,2026,January,11,16416,0
4/7/2026,SID006,Mim Akter,INV2604100727,Apex Fashion,Female,CUST061,Walk In,Body Scrub,COS026,Cosmetics,CAT002,650,27,17550,877.5,16672.5,333.45,5001.75,500.17,2026,April,7,16339.05,5001.75
2/13/2026,SID003,Sadia Afrin,INV2602100728,Moonlight Cosmetics,Male,CUS00365,Corporate,Shampoo,COS005,Cosmetics,CAT002,700,84,58800,1764,57036,0,17110.8,1711.08,2026,February,13,57036,17110.8
12/17/2025,SID012,Jannatul Ferdous,INV2512100729,Trendy Shop,Both,CUS00200,Retail,Wallet,ACC002,Accessories,CAT003,1200,7,8400,420,7980,0,0,239.4,2025,December,17,7980,0
4/7/2026,SID018,Arif Hossain,INV2604100730,Shine Collection,Both,CUS00057,Walk In,Face Serum,COS014,Cosmetics,CAT002,1300,98,127400,6370,121030,0,0,3630.9,2026,April,7,121030,0
2/28/2025,SID005,Rashedul Islam,INV2502100731,Royal Style,Both,CUS00490,Online,Body Wash,COS030,Cosmetics,CAT002,600,55,33000,3300,29700,594,0,891,2025,February,28,29106,0
1/17/2026,SID013,Sabbir Ahmed,INV2601100732,Bloom Cosmetics,Female,CUST027,Distributor,Body Spray,COS011,Cosmetics,CAT002,500,11,5500,550,4950,0,1485,148.5,2026,January,17,4950,1485
2/25/2025,SID009,Samira Akter,INV2502100733,Fashion World,Both,CUS00436,Corporate,Watch,ACC005,Accessories,CAT003,5000,25,125000,12500,112500,2250,0,3375,2025,February,25,110250,0
5/8/2026,SID005,Rafiul Karim,INV2605100734,Fashion Express,Male,CUS00072,Retail,Beard Oil,COS010,Cosmetics,CAT002,900,26,23400,1170,22230,1111.5,4446,666.9,2026,May,8,21118.5,4446
5/25/2025,SID005,Imran Hossain,INV2505100735,Blue Sky Fashion,Both,CUST014,Online,Deodorant,COS016,Cosmetics,CAT002,450,8,3600,252,3348,0,669.6,100.44,2025,May,25,3348,669.6
7/20/2026,SID008,Mim Akter,INV2607100736,Golden Fashion,Both,CUS00131,Retail,Men's Innerwear,APP016,Fashion Apparel,CAT001,700,16,11200,0,11200,224,0,336,2026,July,20,10976,0
11/16/2026,SID009,Tanvir Islam,INV2611100737,Premium Beauty,Female,CUS00311,Walk In,Jacket,APP010,Fashion Apparel,CAT001,3800,48,182400,9120,173280,8664,0,5198.4,2026,November,16,164616,0
12/17/2026,SID011,Mehedi Hasan,INV2612100738,Trendy Shop,Male,CUS00293,Retail,Deodorant,COS016,Cosmetics,CAT002,450,7,3150,0,3150,0,0,94.5,2026,December,17,3150,0
3/16/2025,SID016,Rashedul Islam,INV2503100739,Urban Beauty,Female,CUS00392,Corporate,Hair Removal Cream,COS025,Cosmetics,CAT002,450,25,11250,1125,10125,202.5,0,303.75,2025,March,16,9922.5,0
3/23/2026,SID017,Shakil Khan,INV2603100740,Golden Fashion,Male,CUS00063,Distributor,Nail Polish,COS013,Cosmetics,CAT002,400,61,24400,2440,21960,439.2,6588,658.8,2026,March,23,21520.8,6588
6/21/2026,SID015,Mim Akter,INV2606100741,Cosmetics Central,Female,CUST058,Distributor,Jacket,APP010,Fashion Apparel,CAT001,3800,39,148200,10374,137826,6891.3,0,4134.78,2026,June,21,130934.7,0
10/12/2025,SID002,Shakil Khan,INV2510100742,New Era Fashion,Both,CUS00427,Online,Face Mask,COS020,Cosmetics,CAT002,600,17,10200,0,10200,510,0,306,2025,October,12,9690,0
7/28/2026,SID016,Farzana Akter,INV2607100743,Elite Fashion,Both,CUS00420,Walk In,Perfume,COS003,Cosmetics,CAT002,2200,69,151800,0,151800,0,45540,4554,2026,July,28,151800,45540
3/6/2025,SID012,Rakib Hasan,INV2503100744,Star Fashion,Male,CUS00422,Corporate,Men's Innerwear,APP016,Fashion Apparel,CAT001,700,98,68600,2058,66542,0,19962.6,1996.26,2025,March,6,66542,19962.6
9/7/2025,SID017,Tanjina Sultana,INV2509100745,NextGen Fashion,Both,CUS00068,Corporate,Women's Kurti,APP004,Fashion Apparel,CAT001,1800,37,66600,6660,59940,1198.8,0,1798.2,2025,September,7,58741.2,0
4/21/2026,SID001,Tanjina Sultana,INV2604100746,Metro Fashion,Male,CUS00336,Corporate,Luggage,ACC013,Accessories,CAT003,8000,51,408000,12240,395760,0,0,11872.8,2026,April,21,395760,0
5/14/2026,SID012,Sharmin Akter,INV2605100747,Wonder Collection,Both,CUS00305,Corporate,Hoodie,APP009,Fashion Apparel,CAT001,2500,88,220000,11000,209000,4180,62700,6270,2026,May,14,204820,62700
1/15/2025,SID010,Sharmin Akter,INV2501100748,Fashion Plus,Both,CUS00240,Corporate,Hat,ACC007,Accessories,CAT003,700,41,28700,0,28700,0,8610,861,2025,January,15,28700,8610
6/26/2026,SID007,Imran Hossain,INV2606100749,Urban Beauty,Both,CUS00323,Online,Kids Dress,APP008,Fashion Apparel,CAT001,950,35,33250,0,33250,1662.5,0,997.5,2026,June,26,31587.5,0
1/10/2026,SID006,Mim Akter,INV2601100750,Style World,Both,CUS00325,Online,Luggage,ACC013,Accessories,CAT003,8000,42,336000,10080,325920,0,97776,9777.6,2026,January,10,325920,97776
4/14/2026,SID011,Sabbir Ahmed,INV2604100751,Bloom Cosmetics,Female,CUST027,Distributor,Hair Mask,COS018,Cosmetics,CAT002,1100,47,51700,1551,50149,2507.45,10029.8,1504.47,2026,April,14,47641.55,10029.8
6/9/2025,SID006,Sabbir Ahmed,INV2506100752,Smart Collection,Female,CUS00084,Retail,Diapers,HYG012,Hygiene Products,CAT004,800,94,75200,0,75200,0,22560,2256,2025,June,9,75200,22560
11/19/2025,SID006,Shuvo Das,INV2511100753,Luxury Apparel,Both,CUS00473,Distributor,Jewelry Set,ACC009,Accessories,CAT003,4500,78,351000,35100,315900,15795,63180,9477,2025,November,19,300105,63180
10/31/2026,SID001,Nusrat Jahan,INV2610100754,Modern Style,Both,CUS00264,Distributor,Sunglasses,ACC004,Accessories,CAT003,1500,18,27000,1890,25110,0,0,753.3,2026,October,31,25110,0
9/13/2026,SID009,Shuvo Das,INV2609100755,Beauty Point,Female,CUST066,Corporate,Hair Dryer,COS038,Cosmetics,CAT002,4000,8,32000,960,31040,620.8,0,931.2,2026,September,13,30419.2,0
3/31/2025,SID010,Sadia Afrin,INV2503100756,Prime Collection,Both,CUS00044,Distributor,Beard Oil,COS010,Cosmetics,CAT002,900,99,89100,8910,80190,1603.8,0,2405.7,2025,March,31,78586.2,0
8/9/2026,SID015,Nusrat Jahan,INV2608100757,Fashion Hub Ltd,Female,CUS00446,Corporate,Women's Leggings,APP012,Fashion Apparel,CAT001,1300,22,28600,2860,25740,0,5148,772.2,2026,August,9,25740,5148
8/14/2025,SID019,Sabbir Ahmed,INV2508100758,Cosmetics World,Male,CUS00126,Walk In,Foot Care Cream,COS023,Cosmetics,CAT002,300,48,14400,1008,13392,267.84,2678.4,401.76,2025,August,14,13124.16,2678.4
5/9/2025,SID018,Sharmin Akter,INV2505100759,Royal Cosmetics,Female,CUS00054,Walk In,Hair Color,COS012,Cosmetics,CAT002,1500,15,22500,675,21825,1091.25,4365,654.75,2025,May,9,20733.75,4365
3/11/2026,SID009,Siam Ahmed,INV2603100760,Moonlight Cosmetics,Female,CUS00375,Distributor,Hair Spray,COS029,Cosmetics,CAT002,450,84,37800,2646,35154,703.08,0,1054.62,2026,March,11,34450.92,0
10/21/2025,SID011,Mim Akter,INV2510100761,Smart Beauty,Male,CUS00419,Corporate,Lipstick,COS002,Cosmetics,CAT002,850,26,22100,1547,20553,1027.65,6165.9,616.59,2025,October,21,19525.35,6165.9
8/16/2025,SID011,Shakil Khan,INV2508100762,NextGen Fashion,Female,CUS00077,Online,Face Cream,COS007,Cosmetics,CAT002,950,6,5700,171,5529,276.45,0,165.87,2025,August,16,5252.55,0
10/22/2025,SID006,Rakib Hasan,INV2510100763,Fashion Express,Female,CUS00156,Online,Shaving Cream,COS021,Cosmetics,CAT002,350,66,23100,0,23100,462,0,693,2025,October,22,22638,0
8/24/2025,SID013,Jannatul Ferdous,INV2508100764,Fresh Look,Both,CUS00415,Corporate,Shampoo,COS005,Cosmetics,CAT002,700,96,67200,3360,63840,0,12768,1915.2,2025,August,24,63840,12768
3/12/2025,SID012,Shuvo Das,INV2503100765,Fashion Avenue,Male,CUS00237,Online,Personal Lubricant,COS039,Cosmetics,CAT002,350,8,2800,280,2520,0,0,75.6,2025,March,12,2520,0
8/31/2025,SID012,Rashedul Islam,INV2508100766,Grace Boutique,Both,CUS00074,Retail,Women's Skirt,APP011,Fashion Apparel,CAT001,1500,47,70500,7050,63450,3172.5,0,1903.5,2025,August,31,60277.5,0
8/6/2026,SID008,Siam Ahmed,INV2608100767,Elegant Choice,Both,CUS00357,Walk In,Hair Accessories,ACC010,Accessories,CAT003,400,75,30000,0,30000,600,6000,900,2026,August,6,29400,6000
5/19/2025,SID015,Sharmin Akter,INV2505100768,Nova Cosmetics,Both,CUS00324,Retail,Feminine Wash,COS022,Cosmetics,CAT002,400,14,5600,168,5432,108.64,1629.6,162.96,2025,May,19,5323.36,1629.6
12/13/2025,SID006,Nusrat Jahan,INV2512100769,Smart Beauty,Male,CUS00228,Walk In,Face Wash,COS001,Cosmetics,CAT002,450,56,25200,1764,23436,0,0,703.08,2025,December,13,23436,0
7/28/2025,SID008,Rafiul Karim,INV2507100770,Urban Style,Female,CUS00293,Online,Feminine Wash,HYG010,Hygiene Products,CAT004,400,72,28800,0,28800,576,0,864,2025,July,28,28224,0
12/27/2026,SID006,Tanvir Islam,INV2612100771,Style Corner,Female,CUS00020,Corporate,Women's Nightwear,APP014,Fashion Apparel,CAT001,800,24,19200,576,18624,931.2,5587.2,558.72,2026,December,27,17692.8,5587.2
4/21/2025,SID009,Abdullah Al Mamun,INV2504100772,Unique Collection,Both,CUS00133,Corporate,Hair Color,COS012,Cosmetics,CAT002,1500,78,117000,8190,108810,5440.5,0,3264.3,2025,April,21,103369.5,0
3/10/2026,SID011,Tasnia Rahman,INV2603100773,Fashion Hub Ltd,Female,CUS00044,Walk In,Men Shirt,APP017,Fashion Apparel,CAT001,1600,85,136000,0,136000,2720,0,4080,2026,March,10,133280,0
12/5/2025,SID018,Imran Hossain,INV2512100774,Royal Cosmetics,Both,CUS00324,Walk In,Makeup Kit,COS034,Cosmetics,CAT002,2500,24,60000,6000,54000,2700,0,1620,2025,December,5,51300,0
3/20/2026,SID019,Imran Hossain,INV2603100775,Global Apparel,Male,CUS00243,Online,Body Mist,COS037,Cosmetics,CAT002,450,94,42300,2115,40185,2009.25,8037,1205.55,2026,March,20,38175.75,8037
8/5/2026,SID006,Arif Hossain,INV2608100776,Fashion Gallery,Both,CUS00123,Distributor,Keychain,ACC015,Accessories,CAT003,300,33,9900,495,9405,470.25,2821.5,282.15,2026,August,5,8934.75,2821.5
8/8/2025,SID001,Shuvo Das,INV2508100777,Elegant Choice,Male,CUS00396,Retail,Gloves,ACC008,Accessories,CAT003,600,60,36000,3600,32400,1620,9720,972,2025,August,8,30780,9720
3/4/2025,SID018,Mehedi Hasan,INV2503100778,Urban Beauty,Female,CUS00487,Walk In,Toothpaste,HYG005,Hygiene Products,CAT004,200,71,14200,0,14200,284,4260,426,2025,March,4,13916,4260
1/17/2025,SID012,Sadia Afrin,INV2501100779,Lily Boutique,Female,CUS00425,Retail,Body Lotion,COS004,Cosmetics,CAT002,650,72,46800,3276,43524,0,0,1305.72,2025,January,17,43524,0
10/1/2026,SID007,Siam Ahmed,INV2610100780,Fashion Hub Ltd,Male,CUS00133,Online,Hand Sanitizer,HYG001,Hygiene Products,CAT004,250,71,17750,532.5,17217.5,860.88,0,516.52,2026,October,1,16356.62,0
4/16/2026,SID010,Mehedi Hasan,INV2604100781,Nova Cosmetics,Male,CUS00210,Walk In,Foot Care Cream,COS023,Cosmetics,CAT002,300,24,7200,360,6840,342,0,205.2,2026,April,16,6498,0
12/30/2025,SID015,Farzana Akter,INV2512100782,Rainbow Apparel,Female,CUS00038,Retail,Hand Sanitizer,HYG001,Hygiene Products,CAT004,250,26,6500,650,5850,0,1170,175.5,2025,December,30,5850,1170
4/4/2025,SID008,Mim Akter,INV2504100783,Global Apparel,Female,CUS00022,Walk In,Scarf,ACC006,Accessories,CAT003,900,91,81900,0,81900,1638,0,2457,2025,April,4,80262,0
7/31/2025,SID016,Abdullah Al Mamun,INV2507100784,Diamond Cosmetics,Both,CUS00040,Walk In,Baby Wipes,HYG011,Hygiene Products,CAT004,250,74,18500,0,18500,0,3700,555,2025,July,31,18500,3700
10/8/2026,SID002,Mahmudul Hasan,INV2610100785,Urban Avenue,Female,CUS00151,Retail,Belt,ACC003,Accessories,CAT003,800,24,19200,1920,17280,0,3456,518.4,2026,October,8,17280,3456
8/29/2025,SID014,Siam Ahmed,INV2508100786,Lily Boutique,Male,CUS00175,Corporate,Bra & Panty Set,APP013,Fashion Apparel,CAT001,900,72,64800,1944,62856,1257.12,12571.2,1885.68,2025,August,29,61598.88,12571.2
10/12/2026,SID011,Rakib Hasan,INV2610100787,Cosmetics Central,Female,CUST058,Distributor,Bra & Panty Set,APP013,Fashion Apparel,CAT001,900,52,46800,1404,45396,2269.8,9079.2,1361.88,2026,October,12,43126.2,9079.2
6/16/2026,SID003,Arif Hossain,INV2606100788,NextGen Fashion,Male,CUS00439,Distributor,Women's Saree,APP005,Fashion Apparel,CAT001,3200,56,179200,5376,173824,3476.48,34764.8,5214.72,2026,June,16,170347.52,34764.8
7/6/2025,SID005,Mim Akter,INV2507100789,Infinity Style,Male,CUS00399,Retail,Face Cream,COS007,Cosmetics,CAT002,950,76,72200,0,72200,3610,21660,2166,2025,July,6,68590,21660
1/21/2026,SID018,Mehedi Hasan,INV2601100790,Dream Fashion,Male,CUS00198,Retail,Disinfectant Spray,HYG003,Hygiene Products,CAT004,400,35,14000,420,13580,679,0,407.4,2026,January,21,12901,0
10/3/2025,SID009,Shuvo Das,INV2510100791,Moonlight Cosmetics,Both,CUS00407,Corporate,Women's Leggings,APP012,Fashion Apparel,CAT001,1300,25,32500,2275,30225,1511.25,0,906.75,2025,October,3,28713.75,0
12/2/2026,SID013,Sadia Afrin,INV2612100792,Moonlight Cosmetics,Both,CUS00032,Walk In,Men Shirt,APP017,Fashion Apparel,CAT001,1600,43,68800,2064,66736,0,20020.8,2002.08,2026,December,2,66736,20020.8
12/18/2026,SID004,Mim Akter,INV2612100793,Modern Boutique,Both,CUS00392,Walk In,Hair Gel,COS028,Cosmetics,CAT002,400,31,12400,0,12400,620,3720,372,2026,December,18,11780,3720
12/23/2025,SID003,Farzana Akter,INV2512100794,New Era Fashion,Both,CUS00141,Online,Body Butter,COS017,Cosmetics,CAT002,700,66,46200,4620,41580,2079,8316,1247.4,2025,December,23,39501,8316
5/29/2025,SID020,Mahmudul Hasan,INV2505100795,Fashion Plus,Female,CUS00216,Retail,Umbrella,ACC014,Accessories,CAT003,1200,70,84000,2520,81480,4074,16296,2444.4,2025,May,29,77406,16296
7/17/2025,SID015,Shakil Khan,INV2507100796,Smart Collection,Female,CUS00283,Corporate,Handbag,ACC001,Accessories,CAT003,3500,63,220500,6615,213885,4277.7,42777,6416.55,2025,July,17,209607.3,42777
11/25/2025,SID015,Arif Hossain,INV2511100797,Fashion Gallery,Male,CUS00266,Walk In,Men's Nightwear,APP015,Fashion Apparel,CAT001,850,68,57800,0,57800,0,17340,1734,2025,November,25,57800,17340
6/23/2026,SID007,Sabbir Ahmed,INV2606100798,Global Apparel,Both,CUS00430,Retail,Men T-Shirt,APP001,Fashion Apparel,CAT001,750,99,74250,2227.5,72022.5,3601.12,21606.75,2160.67,2026,June,23,68421.38,21606.75
6/29/2026,SID001,Mahmudul Hasan,INV2606100799,Bloom Cosmetics,Female,CUST027,Distributor,Sunglasses,ACC004,Accessories,CAT003,1500,45,67500,3375,64125,1282.5,0,1923.75,2026,June,29,62842.5,0
10/14/2026,SID002,Abdullah Al Mamun,INV2610100800,Pink Beauty,Female,CUS00440,Walk In,Deodorant,COS016,Cosmetics,CAT002,450,45,20250,2025,18225,0,0,546.75,2026,October,14,18225,0
10/21/2026,SID014,Rafiul Karim,INV2610100801,Luxury Apparel,Female,CUS00396,Distributor,Face Toner,COS033,Cosmetics,CAT002,500,82,41000,1230,39770,0,11931,1193.1,2026,October,21,39770,11931
1/5/2025,SID001,Sadia Afrin,INV2501100802,Fashion Avenue,Female,CUS00148,Distributor,Feminine Wash,HYG010,Hygiene Products,CAT004,400,45,18000,0,18000,360,0,540,2025,January,5,17640,0
1/4/2025,SID007,Bonna Akter,INV2501100803,Smart Collection,Male,CUS00394,Retail,Hair Color,COS012,Cosmetics,CAT002,1500,51,76500,7650,68850,1377,13770,2065.5,2025,January,4,67473,13770
8/19/2026,SID006,Rakib Hasan,INV2608100804,Cosmetics World,Male,CUS00004,Walk In,Women's Leggings,APP012,Fashion Apparel,CAT001,1300,21,27300,1365,25935,0,5187,778.05,2026,August,19,25935,5187
5/1/2025,SID016,Abdullah Al Mamun,INV2505100805,Urban Style,Female,CUS00381,Distributor,Hair Gel,COS028,Cosmetics,CAT002,400,59,23600,1652,21948,1097.4,4389.6,658.44,2025,May,1,20850.6,4389.6
4/5/2026,SID018,Sabbir Ahmed,INV2604100806,Perfect Beauty,Both,CUS00173,Walk In,Handbag,ACC001,Accessories,CAT003,3500,60,210000,10500,199500,0,0,5985,2026,April,5,199500,0
9/23/2026,SID019,Rakib Hasan,INV2609100807,Smart Beauty,Male,CUS00276,Online,Face Wash,COS001,Cosmetics,CAT002,450,56,25200,0,25200,1260,0,756,2026,September,23,23940,0
1/25/2025,SID020,Tanvir Islam,INV2501100808,Urban Beauty,Female,CUS00119,Distributor,Men's Nightwear,APP015,Fashion Apparel,CAT001,850,22,18700,0,18700,935,3740,561,2025,January,25,17765,3740
1/17/2026,SID014,Rafiul Karim,INV2601100809,Urban Trends,Male,CUS00123,Retail,Women's Saree,APP005,Fashion Apparel,CAT001,3200,22,70400,3520,66880,1337.6,0,2006.4,2026,January,17,65542.4,0
2/14/2026,SID011,Sabbir Ahmed,INV2602100810,Pink Beauty,Both,CUS00049,Walk In,Gloves,ACC008,Accessories,CAT003,600,43,25800,1290,24510,0,0,735.3,2026,February,14,24510,0
1/16/2025,SID013,Arif Hossain,INV2501100811,Diamond Cosmetics,Both,CUS00359,Online,Hair Removal Cream,COS025,Cosmetics,CAT002,450,23,10350,517.5,9832.5,0,0,294.97,2025,January,16,9832.5,0
1/22/2025,SID004,Sadia Afrin,INV2501100812,Grace Boutique,Male,CUS00126,Corporate,Hair Serum,COS006,Cosmetics,CAT002,1200,18,21600,648,20952,419.04,6285.6,628.56,2025,January,22,20532.96,6285.6
7/27/2025,SID019,Tasnia Rahman,INV2507100813,Grace Boutique,Male,CUS00139,Retail,Hair Spray,COS029,Cosmetics,CAT002,450,85,38250,3825,34425,0,0,1032.75,2025,July,27,34425,0
4/26/2025,SID001,Tanjina Sultana,INV2504100814,NextGen Fashion,Female,CUS00265,Walk In,Face Cream,COS007,Cosmetics,CAT002,950,23,21850,1529.5,20320.5,0,0,609.62,2025,April,26,20320.5,0
12/6/2026,SID001,Mahmudul Hasan,INV2612100815,Rainbow Apparel,Male,CUS00325,Online,Feminine Wash,COS022,Cosmetics,CAT002,400,72,28800,0,28800,1440,8640,864,2026,December,6,27360,8640
5/28/2026,SID003,Mehedi Hasan,INV2605100816,Luxury Apparel,Female,CUS00394,Walk In,Hair Dryer,COS038,Cosmetics,CAT002,4000,53,212000,10600,201400,0,60420,6042,2026,May,28,201400,60420
9/24/2026,SID006,Mehedi Hasan,INV2609100817,Blue Sky Fashion,Both,CUST014,Online,Shaving Cream,COS021,Cosmetics,CAT002,350,40,14000,0,14000,0,4200,420,2026,September,24,14000,4200
5/9/2025,SID013,Farzana Akter,INV2505100818,Cosmetics Central,Female,CUST058,Distributor,Shaving Cream,HYG009,Hygiene Products,CAT004,350,74,25900,2590,23310,0,4662,699.3,2025,May,9,23310,4662
10/2/2025,SID003,Mim Akter,INV2510100819,Beauty Point,Female,CUST066,Corporate,Face Toner,COS033,Cosmetics,CAT002,500,80,40000,4000,36000,1800,10800,1080,2025,October,2,34200,10800
1/14/2026,SID013,Mim Akter,INV2601100820,Urban Avenue,Female,CUS00055,Corporate,Toothpaste,HYG005,Hygiene Products,CAT004,200,90,18000,1260,16740,837,3348,502.2,2026,January,14,15903,3348
10/4/2026,SID002,Samira Akter,INV2610100821,Metro Fashion,Male,CUS00258,Corporate,Disinfectant Spray,HYG003,Hygiene Products,CAT004,400,6,2400,72,2328,116.4,0,69.84,2026,October,4,2211.6,0
9/7/2025,SID020,Rafiul Karim,INV2509100822,Modern Style,Both,CUS00367,Retail,Feminine Wash,COS022,Cosmetics,CAT002,400,17,6800,476,6324,0,1264.8,189.72,2025,September,7,6324,1264.8
3/27/2025,SID002,Samira Akter,INV2503100823,Fashion Express,Female,CUS00235,Retail,Personal Toys,COS041,Cosmetics,CAT002,1500,19,28500,855,27645,552.9,8293.5,829.35,2025,March,27,27092.1,8293.5
2/16/2026,SID001,Mim Akter,INV2602100824,Elegant Boutique,Both,CUS00228,Corporate,Face Toner,COS033,Cosmetics,CAT002,500,76,38000,1900,36100,722,7220,1083,2026,February,16,35378,7220
6/21/2025,SID008,Tasnia Rahman,INV2506100825,Fresh Look,Male,CUS00468,Corporate,Hair Straightener,COS035,Cosmetics,CAT002,3500,60,210000,10500,199500,3990,0,5985,2025,June,21,195510,0
5/9/2026,SID019,Mehedi Hasan,INV2605100826,Fashion Hub Ltd,Both,CUS00089,Distributor,Shampoo,COS005,Cosmetics,CAT002,700,6,4200,126,4074,203.7,0,122.22,2026,May,9,3870.3,0
5/2/2025,SID011,Sabbir Ahmed,INV2505100827,Fashion World,Female,CUS00069,Distributor,Gloves,ACC008,Accessories,CAT003,600,89,53400,1602,51798,1035.96,0,1553.94,2025,May,2,50762.04,0
9/1/2025,SID015,Siam Ahmed,INV2509100828,Cosmetics Plus,Both,CUS00269,Corporate,Body Oil,COS040,Cosmetics,CAT002,800,9,7200,0,7200,144,2160,216,2025,September,1,7056,2160
6/14/2025,SID019,Mim Akter,INV2506100829,Beauty Express,Male,CUST002,Online,Kids Dress,APP008,Fashion Apparel,CAT001,950,23,21850,1092.5,20757.5,1037.88,4151.5,622.73,2025,June,14,19719.62,4151.5
7/15/2026,SID012,Farzana Akter,INV2607100830,Elegant Boutique,Female,CUS00387,Online,Jacket,APP010,Fashion Apparel,CAT001,3800,86,326800,22876,303924,6078.48,91177.2,9117.72,2026,July,15,297845.52,91177.2
10/27/2026,SID003,Nusrat Jahan,INV2610100831,Metro Fashion,Male,CUS00401,Retail,Beard Oil,COS010,Cosmetics,CAT002,900,77,69300,2079,67221,0,0,2016.63,2026,October,27,67221,0
2/4/2026,SID007,Sharmin Akter,INV2602100832,Unique Collection,Male,CUS00166,Online,Sanitary Napkins,HYG004,Hygiene Products,CAT004,350,45,15750,472.5,15277.5,763.88,3055.5,458.32,2026,February,4,14513.62,3055.5
6/7/2025,SID011,Tanvir Islam,INV2506100833,Prime Collection,Female,CUS00367,Online,Face Mask,HYG002,Hygiene Products,CAT004,150,58,8700,435,8265,165.3,1653,247.95,2025,June,7,8099.7,1653
10/10/2026,SID007,Sadia Afrin,INV2610100834,Pink Beauty,Male,CUS00084,Distributor,Sanitary Napkins,HYG004,Hygiene Products,CAT004,350,66,23100,693,22407,0,6722.1,672.21,2026,October,10,22407,6722.1
11/23/2025,SID004,Nayeem Hasan,INV2511100835,Grace Boutique,Both,CUS00151,Distributor,Men's Nightwear,APP015,Fashion Apparel,CAT001,850,94,79900,5593,74307,3715.35,14861.4,2229.21,2025,November,23,70591.65,14861.4
5/4/2025,SID007,Abdullah Al Mamun,INV2505100836,Glamour Point,Both,CUS00230,Online,Women's Top,APP006,Fashion Apparel,CAT001,1200,5,6000,0,6000,0,1800,180,2025,May,4,6000,1800
11/15/2026,SID013,Mim Akter,INV2611100837,Pink Beauty,Both,CUS00318,Corporate,Underarm Whitening Cream,COS024,Cosmetics,CAT002,500,36,18000,1800,16200,324,3240,486,2026,November,15,15876,3240
7/20/2025,SID007,Rakib Hasan,INV2507100838,Modern Style,Male,CUS00349,Walk In,Personal Lubricant,COS039,Cosmetics,CAT002,350,27,9450,0,9450,0,0,283.5,2025,July,20,9450,0
8/6/2026,SID009,Tanvir Islam,INV2608100839,Royal Style,Female,CUS00223,Corporate,Personal Lubricant,COS039,Cosmetics,CAT002,350,35,12250,367.5,11882.5,237.65,2376.5,356.47,2026,August,6,11644.85,2376.5
9/15/2025,SID002,Farzana Akter,INV2509100840,Star Fashion,Both,CUS00143,Walk In,Kids T-Shirt,APP007,Fashion Apparel,CAT001,650,35,22750,682.5,22067.5,1103.38,4413.5,662.02,2025,September,15,20964.12,4413.5
8/4/2026,SID004,Rakib Hasan,INV2608100841,Elite Collection,Male,CUS00164,Corporate,Men T-Shirt,APP001,Fashion Apparel,CAT001,750,35,26250,1312.5,24937.5,498.75,0,748.12,2026,August,4,24438.75,0
3/7/2026,SID011,Bonna Akter,INV2603100842,Cosmetics Central,Female,CUST058,Distributor,Sunglasses,ACC004,Accessories,CAT003,1500,48,72000,7200,64800,1296,0,1944,2026,March,7,63504,0
8/2/2026,SID004,Nayeem Hasan,INV2608100843,Beauty World,Male,CUST010,Distributor,Kids T-Shirt,APP007,Fashion Apparel,CAT001,650,27,17550,877.5,16672.5,0,0,500.17,2026,August,2,16672.5,0
7/13/2026,SID004,Farzana Akter,INV2607100844,Shine Collection,Both,CUS00172,Retail,Makeup Kit,COS034,Cosmetics,CAT002,2500,57,142500,0,142500,2850,28500,4275,2026,July,13,139650,28500
12/4/2025,SID013,Arif Hossain,INV2512100845,Fashion World,Both,CUS00186,Corporate,Keychain,ACC015,Accessories,CAT003,300,8,2400,168,2232,111.6,0,66.96,2025,December,4,2120.4,0
8/17/2025,SID003,Farzana Akter,INV2508100846,Diamond Cosmetics,Both,CUS00073,Corporate,Handbag,ACC001,Accessories,CAT003,3500,74,259000,0,259000,5180,51800,7770,2025,August,17,253820,51800
11/9/2026,SID009,Tanvir Islam,INV2611100847,Apex Fashion,Female,CUST061,Retail,Scarf,ACC006,Accessories,CAT003,900,51,45900,3213,42687,2134.35,8537.4,1280.61,2026,November,9,40552.65,8537.4
8/23/2025,SID020,Nusrat Jahan,INV2508100848,Royal Cosmetics,Female,CUS00259,Corporate,Kids T-Shirt,APP007,Fashion Apparel,CAT001,650,94,61100,3055,58045,1160.9,17413.5,1741.35,2025,August,23,56884.1,17413.5
12/24/2026,SID011,Mahmudul Hasan,INV2612100849,Beauty Avenue,Female,CUST049,Distributor,Face Mask,HYG002,Hygiene Products,CAT004,150,53,7950,238.5,7711.5,154.23,1542.3,231.34,2026,December,24,7557.27,1542.3
5/22/2026,SID020,Arif Hossain,INV2605100850,Beauty Point,Female,CUST066,Corporate,Personal Lubricant,COS039,Cosmetics,CAT002,350,17,5950,416.5,5533.5,0,1106.7,166,2026,May,22,5533.5,1106.7
5/20/2026,SID007,Mim Akter,INV2605100851,Elite Collection,Both,CUS00265,Walk In,Face Mask,COS020,Cosmetics,CAT002,600,17,10200,714,9486,0,0,284.58,2026,May,20,9486,0
3/4/2026,SID003,Shuvo Das,INV2603100852,Fashion World,Female,CUS00338,Distributor,Face Serum,COS014,Cosmetics,CAT002,1300,59,76700,2301,74399,3719.95,22319.7,2231.97,2026,March,4,70679.05,22319.7
12/27/2025,SID019,Sadia Afrin,INV2512100853,Beauty Express,Male,CUST002,Online,After Sun Lotion,COS031,Cosmetics,CAT002,700,96,67200,3360,63840,3192,0,1915.2,2025,December,27,60648,0
8/25/2026,SID001,Farzana Akter,INV2608100854,Golden Fashion,Both,CUS00085,Retail,Men's Innerwear,APP016,Fashion Apparel,CAT001,700,22,15400,1540,13860,277.2,4158,415.8,2026,August,25,13582.8,4158
10/23/2025,SID004,Tanvir Islam,INV2510100855,Glow & Shine,Both,CUS00022,Corporate,Watch,ACC005,Accessories,CAT003,5000,38,190000,0,190000,9500,0,5700,2025,October,23,180500,0
1/5/2025,SID017,Farzana Akter,INV2501100856,Beauty Point,Female,CUST066,Corporate,Face Scrub,COS027,Cosmetics,CAT002,550,64,35200,1056,34144,682.88,6828.8,1024.32,2025,January,5,33461.12,6828.8
12/23/2026,SID017,Mahmudul Hasan,INV2612100857,Luxury Apparel,Female,CUS00338,Corporate,Hair Dryer,COS038,Cosmetics,CAT002,4000,76,304000,21280,282720,0,0,8481.6,2026,December,23,282720,0
11/16/2026,SID006,Farzana Akter,INV2611100858,Signature Fashion,Male,CUS00167,Corporate,Hair Conditioner,COS032,Cosmetics,CAT002,750,22,16500,1650,14850,297,4455,445.5,2026,November,16,14553,4455
10/16/2026,SID016,Bonna Akter,INV2610100859,Smart Beauty,Both,CUS00323,Retail,Scarf,ACC006,Accessories,CAT003,900,35,31500,2205,29295,585.9,8788.5,878.85,2026,October,16,28709.1,8788.5
5/23/2025,SID019,Rakib Hasan,INV2505100860,Chic Collection,Male,CUST050,Online,Aftershave,COS019,Cosmetics,CAT002,800,93,74400,2232,72168,0,0,2165.04,2025,May,23,72168,0
10/18/2025,SID003,Rakib Hasan,INV2510100861,Metro Fashion,Male,CUS00103,Distributor,Personal Toys,COS041,Cosmetics,CAT002,1500,10,15000,450,14550,0,0,436.5,2025,October,18,14550,0
10/23/2026,SID015,Rafiul Karim,INV2610100862,Infinity Style,Male,CUS00104,Retail,Women's Nightwear,APP014,Fashion Apparel,CAT001,800,97,77600,7760,69840,3492,20952,2095.2,2026,October,23,66348,20952
10/24/2025,SID010,Rafiul Karim,INV2510100863,Fresh Look,Female,CUS00107,Retail,Women's Leggings,APP012,Fashion Apparel,CAT001,1300,58,75400,2262,73138,3656.9,21941.4,2194.14,2025,October,24,69481.1,21941.4
3/15/2025,SID008,Nusrat Jahan,INV2503100864,Style Corner,Both,CUS00462,Online,Lipstick,COS002,Cosmetics,CAT002,850,45,38250,0,38250,765,11475,1147.5,2025,March,15,37485,11475
4/3/2025,SID003,Sharmin Akter,INV2504100865,Global Apparel,Both,CUS00077,Retail,Personal Lubricant,COS039,Cosmetics,CAT002,350,24,8400,588,7812,156.24,2343.6,234.36,2025,April,3,7655.76,2343.6
8/3/2025,SID005,Mahmudul Hasan,INV2508100866,Chic Collection,Male,CUST050,Online,Kids T-Shirt,APP007,Fashion Apparel,CAT001,650,41,26650,1332.5,25317.5,0,7595.25,759.52,2025,August,3,25317.5,7595.25
2/13/2026,SID011,Rashedul Islam,INV2602100867,Urban Style,Female,CUS00166,Online,Hair Mask,COS018,Cosmetics,CAT002,1100,71,78100,2343,75757,0,22727.1,2272.71,2026,February,13,75757,22727.1
8/6/2025,SID001,Rakib Hasan,INV2508100868,Trendy Shop,Both,CUS00023,Corporate,Hair Mask,COS018,Cosmetics,CAT002,1100,14,15400,1540,13860,277.2,2772,415.8,2025,August,6,13582.8,2772
6/22/2026,SID013,Imran Hossain,INV2606100869,NextGen Fashion,Female,CUS00439,Walk In,Scarf,ACC006,Accessories,CAT003,900,24,21600,648,20952,0,6285.6,628.56,2026,June,22,20952,6285.6
7/29/2025,SID010,Arif Hossain,INV2507100870,Star Fashion,Female,CUS00128,Corporate,Handbag,ACC001,Accessories,CAT003,3500,55,192500,0,192500,3850,0,5775,2025,July,29,188650,0
1/17/2026,SID015,Nayeem Hasan,INV2601100871,NextGen Fashion,Male,CUS00257,Distributor,Baby Wipes,HYG011,Hygiene Products,CAT004,250,31,7750,0,7750,387.5,1550,232.5,2026,January,17,7362.5,1550
2/1/2026,SID019,Jannatul Ferdous,INV2602100872,Fashion Plus,Both,CUS00127,Online,Hair Color,COS012,Cosmetics,CAT002,1500,86,129000,0,129000,0,0,3870,2026,February,1,129000,0
11/24/2025,SID006,Samira Akter,INV2511100873,Chic Collection,Male,CUST050,Online,Hoodie,APP009,Fashion Apparel,CAT001,2500,59,147500,10325,137175,6858.75,41152.5,4115.25,2025,November,24,130316.25,41152.5
8/8/2026,SID004,Bonna Akter,INV2608100874,NextGen Fashion,Female,CUS00015,Walk In,Diapers,HYG012,Hygiene Products,CAT004,800,64,51200,5120,46080,0,0,1382.4,2026,August,8,46080,0
10/14/2025,SID010,Imran Hossain,INV2510100875,Cosmetics Central,Female,CUST058,Distributor,Aftershave,COS019,Cosmetics,CAT002,800,93,74400,0,74400,1488,14880,2232,2025,October,14,72912,14880
9/9/2026,SID009,Abdullah Al Mamun,INV2609100876,New Era Fashion,Female,CUS00422,Retail,Face Toner,COS033,Cosmetics,CAT002,500,40,20000,1000,19000,950,0,570,2026,September,9,18050,0
6/27/2026,SID007,Rashedul Islam,INV2606100877,Elite Collection,Male,CUS00434,Retail,Hair Accessories,ACC010,Accessories,CAT003,400,8,3200,160,3040,152,608,91.2,2026,June,27,2888,608
2/7/2026,SID013,Shakil Khan,INV2602100878,Pink Beauty,Male,CUS00048,Retail,Hair Removal Cream,HYG013,Hygiene Products,CAT004,450,38,17100,855,16245,812.25,4873.5,487.35,2026,February,7,15432.75,4873.5
7/7/2025,SID012,Arif Hossain,INV2507100879,New Era Fashion,Female,CUS00426,Distributor,Hoodie,APP009,Fashion Apparel,CAT001,2500,95,237500,7125,230375,4607.5,69112.5,6911.25,2025,July,7,225767.5,69112.5
10/8/2025,SID007,Sharmin Akter,INV2510100880,Unique Collection,Female,CUS00136,Distributor,Nail Polish,COS013,Cosmetics,CAT002,400,88,35200,1056,34144,1707.2,10243.2,1024.32,2025,October,8,32436.8,10243.2
12/3/2026,SID016,Mehedi Hasan,INV2612100881,Beauty Express,Male,CUST002,Online,Women's Top,APP006,Fashion Apparel,CAT001,1200,77,92400,9240,83160,4158,24948,2494.8,2026,December,3,79002,24948
3/9/2026,SID016,Samira Akter,INV2603100882,Fashion Express,Male,CUS00444,Distributor,Men Polo Shirt,APP002,Fashion Apparel,CAT001,1100,80,88000,6160,81840,1636.8,0,2455.2,2026,March,9,80203.2,0
10/21/2026,SID017,Abdullah Al Mamun,INV2610100883,Chic Collection,Male,CUST050,Online,Underarm Whitening Cream,HYG015,Hygiene Products,CAT004,500,77,38500,0,38500,770,7700,1155,2026,October,21,37730,7700
9/22/2025,SID006,Rashedul Islam,INV2509100884,Urban Beauty,Both,CUS00273,Distributor,Hair Straightener,COS035,Cosmetics,CAT002,3500,93,325500,9765,315735,6314.7,63147,9472.05,2025,September,22,309420.3,63147
11/29/2026,SID012,Sabbir Ahmed,INV2611100885,Trendy Boutique,Male,CUS00386,Retail,Bra & Panty Set,APP013,Fashion Apparel,CAT001,900,28,25200,756,24444,0,7333.2,733.32,2026,November,29,24444,7333.2
2/2/2025,SID004,Rafiul Karim,INV2502100886,Premium Beauty,Female,CUS00104,Walk In,Watch,ACC005,Accessories,CAT003,5000,81,405000,0,405000,20250,121500,12150,2025,February,2,384750,121500
8/6/2025,SID006,Mim Akter,INV2508100887,Beauty Point,Female,CUST066,Corporate,Men's Innerwear,APP016,Fashion Apparel,CAT001,700,45,31500,0,31500,1575,6300,945,2025,August,6,29925,6300
12/18/2026,SID008,Bonna Akter,INV2612100888,Blue Sky Fashion,Both,CUST014,Online,Body Lotion,COS004,Cosmetics,CAT002,650,80,52000,0,52000,1040,0,1560,2026,December,18,50960,0
3/19/2026,SID013,Siam Ahmed,INV2603100889,Smart Beauty,Male,CUS00189,Online,Men's Innerwear,APP016,Fashion Apparel,CAT001,700,61,42700,4270,38430,1921.5,11529,1152.9,2026,March,19,36508.5,11529
4/13/2026,SID015,Tasnia Rahman,INV2604100890,Crystal Cosmetics,Female,CUS00446,Corporate,Underarm Whitening Cream,HYG015,Hygiene Products,CAT004,500,63,31500,1575,29925,598.5,8977.5,897.75,2026,April,13,29326.5,8977.5
1/22/2025,SID013,Shuvo Das,INV2501100891,NextGen Fashion,Female,CUS00293,Online,Body Wash,COS030,Cosmetics,CAT002,600,38,22800,1140,21660,1083,0,649.8,2025,January,22,20577,0
5/6/2025,SID014,Mehedi Hasan,INV2505100892,Bloom Cosmetics,Female,CUST027,Distributor,Sunscreen,COS009,Cosmetics,CAT002,1150,21,24150,724.5,23425.5,0,0,702.76,2025,May,6,23425.5,0
7/3/2026,SID019,Farzana Akter,INV2607100893,Modern Boutique,Both,CUS00132,Retail,Condom,COS036,Cosmetics,CAT002,300,14,4200,294,3906,78.12,1171.8,117.18,2026,July,3,3827.88,1171.8
7/25/2025,SID004,Imran Hossain,INV2507100894,Classic Apparel,Female,CUST003,Walk In,Toothbrush,HYG006,Hygiene Products,CAT004,150,99,14850,1485,13365,267.3,4009.5,400.95,2025,July,25,13097.7,4009.5
1/20/2025,SID020,Siam Ahmed,INV2501100895,Global Apparel,Both,CUS00430,Retail,Lipstick,COS002,Cosmetics,CAT002,850,9,7650,765,6885,0,1377,206.55,2025,January,20,6885,1377
6/29/2025,SID019,Sharmin Akter,INV2506100896,Shine Collection,Male,CUS00374,Distributor,Body Wash,COS030,Cosmetics,CAT002,600,93,55800,5580,50220,1004.4,15066,1506.6,2025,June,29,49215.6,15066
4/11/2026,SID005,Mahmudul Hasan,INV2604100897,Trendy Shop,Female,CUS00290,Retail,Footwear,ACC011,Accessories,CAT003,2500,83,207500,20750,186750,3735,0,5602.5,2026,April,11,183015,0
10/2/2025,SID018,Mim Akter,INV2510100898,Elegant Choice,Both,CUS00158,Retail,Perfume,COS003,Cosmetics,CAT002,2200,35,77000,5390,71610,3580.5,21483,2148.3,2025,October,2,68029.5,21483
3/7/2025,SID006,Rakib Hasan,INV2503100899,Glamour House,Both,CUS00307,Distributor,Women's Top,APP006,Fashion Apparel,CAT001,1200,70,84000,4200,79800,3990,15960,2394,2025,March,7,75810,15960
12/29/2025,SID005,Sabbir Ahmed,INV2512100900,Smart Collection,Both,CUS00224,Online,Face Wash,COS001,Cosmetics,CAT002,450,78,35100,3510,31590,631.8,0,947.7,2025,December,29,30958.2,0
2/18/2026,SID009,Jannatul Ferdous,INV2602100901,Royal Style,Female,CUS00139,Distributor,Face Toner,COS033,Cosmetics,CAT002,500,90,45000,3150,41850,0,12555,1255.5,2026,February,18,41850,12555
12/7/2025,SID005,Abdullah Al Mamun,INV2512100902,Premium Beauty,Both,CUS00018,Distributor,Umbrella,ACC014,Accessories,CAT003,1200,93,111600,11160,100440,0,0,3013.2,2025,December,7,100440,0
5/27/2026,SID019,Samira Akter,INV2605100903,Prime Collection,Male,CUS00306,Distributor,Face Serum,COS014,Cosmetics,CAT002,1300,75,97500,2925,94575,4728.75,28372.5,2837.25,2026,May,27,89846.25,28372.5
2/2/2026,SID012,Imran Hossain,INV2602100904,Glamour Point,Female,CUS00133,Distributor,Makeup Kit,COS034,Cosmetics,CAT002,2500,24,60000,4200,55800,1116,11160,1674,2026,February,2,54684,11160
9/15/2025,SID005,Nusrat Jahan,INV2509100905,Modern Style,Both,CUS00131,Retail,Hair Removal Cream,COS025,Cosmetics,CAT002,450,52,23400,1170,22230,444.6,6669,666.9,2025,September,15,21785.4,6669
7/18/2026,SID008,Sadia Afrin,INV2607100906,Style World,Male,CUS00409,Corporate,Deodorant,HYG008,Hygiene Products,CAT004,450,70,31500,0,31500,0,6300,945,2026,July,18,31500,6300
9/30/2026,SID009,Tasnia Rahman,INV2609100907,Signature Fashion,Male,CUS00253,Distributor,Hair Removal Cream,COS025,Cosmetics,CAT002,450,59,26550,1858.5,24691.5,1234.58,0,740.75,2026,September,30,23456.92,0
10/3/2025,SID018,Mehedi Hasan,INV2510100908,Elegant Choice,Both,CUS00303,Online,Umbrella,ACC014,Accessories,CAT003,1200,92,110400,11040,99360,0,29808,2980.8,2025,October,3,99360,29808
5/18/2026,SID011,Jannatul Ferdous,INV2605100909,Crystal Cosmetics,Male,CUS00315,Walk In,Underarm Whitening Cream,HYG015,Hygiene Products,CAT004,500,6,3000,0,3000,60,600,90,2026,May,18,2940,600
11/2/2025,SID002,Mehedi Hasan,INV2511100910,Wonder Collection,Male,CUS00233,Retail,Women's Kurti,APP004,Fashion Apparel,CAT001,1800,16,28800,0,28800,0,8640,864,2025,November,2,28800,8640
2/21/2025,SID012,Tasnia Rahman,INV2502100911,Bloom Cosmetics,Female,CUST027,Distributor,Personal Lubricant,COS039,Cosmetics,CAT002,350,82,28700,2870,25830,1291.5,5166,774.9,2025,February,21,24538.5,5166
4/9/2025,SID007,Abdullah Al Mamun,INV2504100912,Fresh Look,Male,CUS00405,Retail,Underarm Whitening Cream,COS024,Cosmetics,CAT002,500,53,26500,1855,24645,0,0,739.35,2025,April,9,24645,0
2/20/2026,SID017,Tanjina Sultana,INV2602100913,Fashion Central,Female,CUS00129,Retail,Underarm Whitening Cream,HYG015,Hygiene Products,CAT004,500,21,10500,525,9975,199.5,0,299.25,2026,February,20,9775.5,0
2/3/2025,SID014,Shakil Khan,INV2502100914,Diamond Cosmetics,Female,CUS00173,Retail,Women's Skirt,APP011,Fashion Apparel,CAT001,1500,74,111000,3330,107670,2153.4,0,3230.1,2025,February,3,105516.6,0
1/2/2025,SID017,Imran Hossain,INV2501100915,Lily Boutique,Female,CUS00419,Walk In,Men Jeans,APP003,Fashion Apparel,CAT001,2200,20,44000,3080,40920,0,12276,1227.6,2025,January,2,40920,12276
2/26/2025,SID009,Shakil Khan,INV2502100916,Bloom Cosmetics,Female,CUST027,Distributor,Shaving Cream,COS021,Cosmetics,CAT002,350,57,19950,1396.5,18553.5,0,3710.7,556.61,2025,February,26,18553.5,3710.7
5/8/2026,SID015,Sabbir Ahmed,INV2605100917,Fashion Central,Female,CUS00387,Walk In,Lipstick,COS002,Cosmetics,CAT002,850,5,4250,127.5,4122.5,206.12,0,123.67,2026,May,8,3916.38,0
12/10/2026,SID007,Sharmin Akter,INV2612100918,Diamond Cosmetics,Both,CUS00386,Distributor,Hair Conditioner,COS032,Cosmetics,CAT002,750,76,57000,0,57000,0,11400,1710,2026,December,10,57000,11400
4/29/2025,SID006,Tanjina Sultana,INV2504100919,Luxury Apparel,Male,CUS00276,Distributor,Feminine Wash,HYG010,Hygiene Products,CAT004,400,62,24800,2480,22320,0,4464,669.6,2025,April,29,22320,4464
11/26/2026,SID019,Nusrat Jahan,INV2611100920,Beauty World,Male,CUST010,Distributor,Face Mask,COS020,Cosmetics,CAT002,600,52,31200,1560,29640,0,0,889.2,2026,November,26,29640,0
1/14/2025,SID019,Mahmudul Hasan,INV2501100921,Cosmetics Central,Female,CUST058,Distributor,Underarm Whitening Cream,COS024,Cosmetics,CAT002,500,60,30000,900,29100,582,0,873,2025,January,14,28518,0
5/8/2026,SID013,Sadia Afrin,INV2605100922,Beauty Express,Male,CUST002,Online,Body Oil,COS040,Cosmetics,CAT002,800,53,42400,4240,38160,0,11448,1144.8,2026,May,8,38160,11448
2/6/2026,SID019,Rakib Hasan,INV2602100923,Urban Style,Male,CUS00473,Walk In,Condom,COS036,Cosmetics,CAT002,300,24,7200,720,6480,324,1944,194.4,2026,February,6,6156,1944
10/24/2025,SID020,Tanjina Sultana,INV2510100924,Wonder Collection,Female,CUS00200,Retail,Women's Skirt,APP011,Fashion Apparel,CAT001,1500,32,48000,0,48000,2400,9600,1440,2025,October,24,45600,9600
7/16/2025,SID001,Tanvir Islam,INV2507100925,Fashion Central,Both,CUS00062,Corporate,Wallet,ACC002,Accessories,CAT003,1200,69,82800,4140,78660,1573.2,15732,2359.8,2025,July,16,77086.8,15732
1/27/2026,SID001,Jannatul Ferdous,INV2601100926,Beauty Express,Male,CUST002,Online,Body Wash,COS030,Cosmetics,CAT002,600,64,38400,1920,36480,729.6,10944,1094.4,2026,January,27,35750.4,10944
12/3/2025,SID017,Sabbir Ahmed,INV2512100927,Fashion Hub Ltd,Male,CUS00420,Online,Men T-Shirt,APP001,Fashion Apparel,CAT001,750,6,4500,225,4275,0,0,128.25,2025,December,3,4275,0
8/4/2025,SID001,Nusrat Jahan,INV2508100928,Fashion Hub Ltd,Male,CUS00316,Retail,Men Jeans,APP003,Fashion Apparel,CAT001,2200,90,198000,5940,192060,9603,38412,5761.8,2025,August,4,182457,38412
12/25/2025,SID005,Sadia Afrin,INV2512100929,Lily Boutique,Male,CUS00445,Walk In,Feminine Wash,HYG010,Hygiene Products,CAT004,400,88,35200,3520,31680,0,0,950.4,2025,December,25,31680,0
11/16/2025,SID015,Rashedul Islam,INV2511100930,Elegant Choice,Female,CUS00064,Retail,Umbrella,ACC014,Accessories,CAT003,1200,83,99600,6972,92628,0,27788.4,2778.84,2025,November,16,92628,27788.4
6/18/2026,SID018,Jannatul Ferdous,INV2606100931,Metro Fashion,Female,CUS00210,Online,Hair Removal Cream,COS025,Cosmetics,CAT002,450,81,36450,1093.5,35356.5,707.13,0,1060.69,2026,June,18,34649.37,0
9/22/2025,SID011,Shakil Khan,INV2509100932,Beauty Point,Female,CUST066,Corporate,Luggage,ACC013,Accessories,CAT003,8000,98,784000,54880,729120,14582.4,218736,21873.6,2025,September,22,714537.6,218736
11/7/2025,SID014,Sadia Afrin,INV2511100933,Rainbow Apparel,Male,CUS00086,Distributor,Feminine Wash,COS022,Cosmetics,CAT002,400,87,34800,0,34800,0,10440,1044,2025,November,7,34800,10440
1/28/2026,SID016,Sabbir Ahmed,INV2601100934,Infinity Style,Male,CUS00373,Retail,Face Mask,HYG002,Hygiene Products,CAT004,150,88,13200,660,12540,0,0,376.2,2026,January,28,12540,0
5/12/2025,SID014,Sadia Afrin,INV2505100935,Beauty Point,Female,CUST066,Corporate,Hair Removal Cream,COS025,Cosmetics,CAT002,450,87,39150,1174.5,37975.5,759.51,0,1139.26,2025,May,12,37215.99,0
5/24/2025,SID007,Imran Hossain,INV2505100936,Prime Collection,Female,CUS00034,Retail,Hair Accessories,ACC010,Accessories,CAT003,400,53,21200,2120,19080,381.6,5724,572.4,2025,May,24,18698.4,5724
2/23/2025,SID013,Rafiul Karim,INV2502100937,Modern Boutique,Both,CUS00359,Online,Hair Mask,COS018,Cosmetics,CAT002,1100,24,26400,1320,25080,0,7524,752.4,2025,February,23,25080,7524
11/1/2025,SID018,Rakib Hasan,INV2511100938,Cosmetics World,Both,CUS00374,Retail,Men Jeans,APP003,Fashion Apparel,CAT001,2200,100,220000,15400,204600,4092,61380,6138,2025,November,1,200508,61380
2/15/2026,SID014,Abdullah Al Mamun,INV2602100939,Metro Fashion,Female,CUS00237,Corporate,Baby Wipes,HYG011,Hygiene Products,CAT004,250,11,2750,82.5,2667.5,53.35,800.25,80.02,2026,February,15,2614.15,800.25
4/6/2025,SID003,Mahmudul Hasan,INV2504100940,Fashion Point,Male,CUS00082,Corporate,After Sun Lotion,COS031,Cosmetics,CAT002,700,66,46200,3234,42966,2148.3,12889.8,1288.98,2025,April,6,40817.7,12889.8
1/25/2025,SID016,Sadia Afrin,INV2501100941,Urban Beauty,Both,CUS00100,Walk In,Diapers,HYG012,Hygiene Products,CAT004,800,9,7200,0,7200,0,2160,216,2025,January,25,7200,2160
3/16/2025,SID020,Mahmudul Hasan,INV2503100942,Prime Collection,Female,CUS00397,Walk In,Umbrella,ACC014,Accessories,CAT003,1200,18,21600,648,20952,419.04,0,628.56,2025,March,16,20532.96,0
7/20/2026,SID013,Abdullah Al Mamun,INV2607100943,Fresh Look,Both,CUS00222,Retail,Jacket,APP010,Fashion Apparel,CAT001,3800,63,239400,23940,215460,0,43092,6463.8,2026,July,20,215460,43092
4/16/2025,SID005,Shuvo Das,INV2504100944,Smart Collection,Female,CUS00387,Retail,Kids Dress,APP008,Fashion Apparel,CAT001,950,68,64600,1938,62662,1253.24,0,1879.86,2025,April,16,61408.76,0
3/21/2025,SID016,Jannatul Ferdous,INV2503100945,Beauty World,Male,CUST010,Distributor,Shaving Cream,COS021,Cosmetics,CAT002,350,33,11550,577.5,10972.5,0,2194.5,329.18,2025,March,21,10972.5,2194.5
1/5/2026,SID009,Samira Akter,INV2601100946,Crystal Cosmetics,Male,CUS00045,Online,Scarf,ACC006,Accessories,CAT003,900,59,53100,1593,51507,0,10301.4,1545.21,2026,January,5,51507,10301.4
10/2/2025,SID016,Mim Akter,INV2510100947,Elite Fashion,Female,CUS00002,Distributor,Men's Innerwear,APP016,Fashion Apparel,CAT001,700,99,69300,6930,62370,3118.5,12474,1871.1,2025,October,2,59251.5,12474
2/22/2025,SID009,Farzana Akter,INV2502100948,Apex Fashion,Female,CUST061,Retail,Baby Wipes,HYG011,Hygiene Products,CAT004,250,87,21750,1087.5,20662.5,1033.12,4132.5,619.88,2025,February,22,19629.38,4132.5
10/4/2025,SID006,Mahmudul Hasan,INV2510100949,Urban Beauty,Female,CUS00377,Corporate,Feminine Wash,COS022,Cosmetics,CAT002,400,75,30000,900,29100,582,8730,873,2025,October,4,28518,8730
1/15/2025,SID006,Mahmudul Hasan,INV2501100950,Premium Beauty,Female,CUS00142,Corporate,Body Mist,COS037,Cosmetics,CAT002,450,75,33750,1012.5,32737.5,654.75,0,982.12,2025,January,15,32082.75,0
11/6/2026,SID017,Tanvir Islam,INV2611100951,Beauty Point,Female,CUST066,Corporate,Hoodie,APP009,Fashion Apparel,CAT001,2500,18,45000,4500,40500,0,0,1215,2026,November,6,40500,0
4/22/2025,SID014,Rakib Hasan,INV2504100952,Luxury Apparel,Female,CUS00427,Retail,Kids Dress,APP008,Fashion Apparel,CAT001,950,10,9500,0,9500,0,1900,285,2025,April,22,9500,1900
7/25/2025,SID018,Nusrat Jahan,INV2507100953,Beauty Point,Female,CUST066,Corporate,Wallet,ACC002,Accessories,CAT003,1200,41,49200,1476,47724,2386.2,9544.8,1431.72,2025,July,25,45337.8,9544.8
12/29/2025,SID002,Shuvo Das,INV2512100954,Fashion Gallery,Both,CUS00084,Distributor,Feminine Wash,HYG010,Hygiene Products,CAT004,400,94,37600,2632,34968,1748.4,0,1049.04,2025,December,29,33219.6,0
7/15/2026,SID011,Mim Akter,INV2607100955,Lily Boutique,Male,CUS00142,Walk In,Personal Toys,COS041,Cosmetics,CAT002,1500,43,64500,1935,62565,3128.25,0,1876.95,2026,July,15,59436.75,0
7/12/2026,SID009,Nusrat Jahan,INV2607100956,Rainbow Apparel,Female,CUS00348,Online,Body Spray,COS011,Cosmetics,CAT002,500,45,22500,675,21825,436.5,6547.5,654.75,2026,July,12,21388.5,6547.5
1/23/2026,SID010,Samira Akter,INV2601100957,Classic Apparel,Female,CUST003,Walk In,Women's Skirt,APP011,Fashion Apparel,CAT001,1500,58,87000,2610,84390,4219.5,0,2531.7,2026,January,23,80170.5,0
1/9/2026,SID009,Tanvir Islam,INV2601100958,Chic Collection,Male,CUST050,Online,Hoodie,APP009,Fashion Apparel,CAT001,2500,64,160000,0,160000,8000,32000,4800,2026,January,9,152000,32000
5/13/2025,SID006,Shakil Khan,INV2505100959,Style World,Female,CUS00274,Distributor,Hat,ACC007,Accessories,CAT003,700,33,23100,0,23100,1155,0,693,2025,May,13,21945,0
11/12/2026,SID014,Tanjina Sultana,INV2611100960,Fashion World,Male,CUS00191,Online,Umbrella,ACC014,Accessories,CAT003,1200,97,116400,5820,110580,0,22116,3317.4,2026,November,12,110580,22116
4/13/2026,SID004,Mahmudul Hasan,INV2604100961,Fashion Gallery,Female,CUS00101,Retail,Body Wash,COS030,Cosmetics,CAT002,600,84,50400,1512,48888,2444.4,0,1466.64,2026,April,13,46443.6,0
10/19/2025,SID010,Farzana Akter,INV2510100962,Urban Style,Both,CUS00095,Retail,Toothbrush,HYG006,Hygiene Products,CAT004,150,25,3750,262.5,3487.5,69.75,1046.25,104.62,2025,October,19,3417.75,1046.25
10/5/2026,SID014,Abdullah Al Mamun,INV2610100963,Blue Sky Fashion,Both,CUST014,Online,Jacket,APP010,Fashion Apparel,CAT001,3800,33,125400,8778,116622,5831.1,34986.6,3498.66,2026,October,5,110790.9,34986.6
6/25/2026,SID015,Bonna Akter,INV2606100964,Cosmo House,Both,CUST055,Distributor,Toothpaste,HYG005,Hygiene Products,CAT004,200,51,10200,306,9894,0,0,296.82,2026,June,25,9894,0
3/22/2025,SID002,Abdullah Al Mamun,INV2503100965,Fashion Point,Both,CUS00365,Corporate,Body Wash,COS030,Cosmetics,CAT002,600,20,12000,1200,10800,540,3240,324,2025,March,22,10260,3240
3/2/2025,SID015,Tanvir Islam,INV2503100966,Pink Beauty,Male,CUS00438,Retail,Men Jeans,APP003,Fashion Apparel,CAT001,2200,15,33000,1650,31350,1567.5,6270,940.5,2025,March,2,29782.5,6270
11/3/2026,SID010,Rafiul Karim,INV2611100967,Elegant Choice,Male,CUS00321,Distributor,Face Cream,COS007,Cosmetics,CAT002,950,95,90250,0,90250,4512.5,0,2707.5,2026,November,3,85737.5,0
9/30/2026,SID004,Farzana Akter,INV2609100968,Fashion Hub Ltd,Both,CUS00198,Retail,Deodorant,HYG008,Hygiene Products,CAT004,450,25,11250,787.5,10462.5,523.12,0,313.88,2026,September,30,9939.38,0
3/20/2026,SID014,Nusrat Jahan,INV2603100969,Smart Beauty,Both,CUS00380,Distributor,Aftershave,COS019,Cosmetics,CAT002,800,92,73600,2208,71392,0,21417.6,2141.76,2026,March,20,71392,21417.6
9/25/2025,SID001,Sharmin Akter,INV2509100970,Trendy Shop,Female,CUS00021,Walk In,Body Lotion,COS004,Cosmetics,CAT002,650,68,44200,3094,41106,822.12,0,1233.18,2025,September,25,40283.88,0
6/27/2026,SID016,Tasnia Rahman,INV2606100971,Glamour Point,Female,CUS00191,Corporate,Aftershave,COS019,Cosmetics,CAT002,800,13,10400,520,9880,494,0,296.4,2026,June,27,9386,0
7/16/2025,SID002,Mahmudul Hasan,INV2507100972,Modern Boutique,Male,CUS00360,Retail,Face Scrub,COS027,Cosmetics,CAT002,550,36,19800,0,19800,990,5940,594,2025,July,16,18810,5940
5/26/2025,SID007,Nayeem Hasan,INV2505100973,Beauty Point,Female,CUST066,Corporate,Jewelry Set,ACC009,Accessories,CAT003,4500,11,49500,4950,44550,2227.5,8910,1336.5,2025,May,26,42322.5,8910
10/18/2026,SID013,Tasnia Rahman,INV2610100974,Fashion Central,Female,CUS00125,Online,After Sun Lotion,COS031,Cosmetics,CAT002,700,93,65100,4557,60543,0,0,1816.29,2026,October,18,60543,0
11/11/2026,SID011,Shakil Khan,INV2611100975,Unique Collection,Male,CUS00342,Distributor,Body Mist,COS037,Cosmetics,CAT002,450,40,18000,0,18000,0,0,540,2026,November,11,18000,0
3/27/2026,SID004,Mehedi Hasan,INV2603100976,Trendy Boutique,Female,CUS00176,Distributor,Hair Serum,COS006,Cosmetics,CAT002,1200,98,117600,3528,114072,5703.6,22814.4,3422.16,2026,March,27,108368.4,22814.4
1/4/2026,SID012,Nayeem Hasan,INV2601100977,Nova Cosmetics,Female,CUS00300,Distributor,Face Wash,COS001,Cosmetics,CAT002,450,26,11700,819,10881,544.05,0,326.43,2026,January,4,10336.95,0
8/27/2026,SID020,Nayeem Hasan,INV2608100978,Classic Apparel,Female,CUST003,Walk In,Hoodie,APP009,Fashion Apparel,CAT001,2500,6,15000,450,14550,727.5,2910,436.5,2026,August,27,13822.5,2910
5/3/2025,SID006,Mehedi Hasan,INV2505100979,Smart Beauty,Both,CUS00185,Online,Women's Leggings,APP012,Fashion Apparel,CAT001,1300,82,106600,0,106600,0,0,3198,2025,May,3,106600,0
3/1/2026,SID010,Jannatul Ferdous,INV2603100980,Beauty Avenue,Female,CUST049,Distributor,Sanitary Napkins,HYG004,Hygiene Products,CAT004,350,98,34300,0,34300,686,10290,1029,2026,March,1,33614,10290
7/5/2025,SID017,Sabbir Ahmed,INV2507100981,Elite Fashion,Female,CUS00365,Distributor,Hair Spray,COS029,Cosmetics,CAT002,450,50,22500,2250,20250,0,6075,607.5,2025,July,5,20250,6075
1/17/2025,SID017,Abdullah Al Mamun,INV2501100982,Infinity Style,Female,CUS00339,Walk In,Hair Removal Cream,HYG013,Hygiene Products,CAT004,450,50,22500,675,21825,436.5,6547.5,654.75,2025,January,17,21388.5,6547.5
7/5/2025,SID008,Rakib Hasan,INV2507100983,Lily Boutique,Female,CUS00322,Retail,Luggage,ACC013,Accessories,CAT003,8000,58,464000,13920,450080,0,0,13502.4,2025,July,5,450080,0
1/1/2026,SID003,Sharmin Akter,INV2601100984,Cosmetics World,Male,CUS00100,Walk In,Toothpaste,HYG005,Hygiene Products,CAT004,200,87,17400,1218,16182,809.1,0,485.46,2026,January,1,15372.9,0
10/6/2025,SID009,Tasnia Rahman,INV2510100985,Infinity Style,Both,CUS00108,Online,Body Spray,COS011,Cosmetics,CAT002,500,69,34500,0,34500,1725,10350,1035,2025,October,6,32775,10350
10/16/2025,SID010,Imran Hossain,INV2510100986,Beauty Point,Female,CUST066,Corporate,Handbag,ACC001,Accessories,CAT003,3500,31,108500,0,108500,5425,21700,3255,2025,October,16,103075,21700
11/2/2025,SID003,Mehedi Hasan,INV2511100987,Urban Avenue,Both,CUS00064,Corporate,Face Mask,HYG002,Hygiene Products,CAT004,150,39,5850,175.5,5674.5,283.73,1134.9,170.23,2025,November,2,5390.77,1134.9
5/1/2025,SID001,Nusrat Jahan,INV2505100988,Global Apparel,Female,CUS00239,Walk In,Scarf,ACC006,Accessories,CAT003,900,79,71100,2133,68967,0,13793.4,2069.01,2025,May,1,68967,13793.4
11/3/2025,SID002,Tanjina Sultana,INV2511100989,Royal Style,Female,CUS00337,Online,Makeup Kit,COS034,Cosmetics,CAT002,2500,14,35000,3500,31500,0,6300,945,2025,November,3,31500,6300
8/29/2026,SID004,Jannatul Ferdous,INV2608100990,Prime Collection,Both,CUS00262,Walk In,Underarm Whitening Cream,HYG015,Hygiene Products,CAT004,500,80,40000,1200,38800,1940,0,1164,2026,August,29,36860,0
10/7/2025,SID012,Shakil Khan,INV2510100991,Infinity Style,Female,CUS00063,Walk In,Aftershave,COS019,Cosmetics,CAT002,800,76,60800,4256,56544,1130.88,0,1696.32,2025,October,7,55413.12,0
6/19/2026,SID006,Arif Hossain,INV2606100992,Fashion Avenue,Male,CUS00342,Distributor,Hat,ACC007,Accessories,CAT003,700,14,9800,686,9114,455.7,1822.8,273.42,2026,June,19,8658.3,1822.8
5/23/2025,SID018,Farzana Akter,INV2505100993,Style World,Male,CUS00104,Online,Condom,COS036,Cosmetics,CAT002,300,32,9600,672,8928,0,1785.6,267.84,2025,May,23,8928,1785.6
2/5/2026,SID002,Nayeem Hasan,INV2602100994,Fashion Point,Male,CUS00208,Walk In,Women's Nightwear,APP014,Fashion Apparel,CAT001,800,92,73600,0,73600,1472,0,2208,2026,February,5,72128,0
8/17/2025,SID009,Nusrat Jahan,INV2508100995,Beauty Express,Male,CUST002,Online,Aftershave,COS019,Cosmetics,CAT002,800,17,13600,408,13192,263.84,2638.4,395.76,2025,August,17,12928.16,2638.4
12/27/2026,SID016,Arif Hossain,INV2612100996,Prime Collection,Female,CUS00269,Retail,Hair Straightener,COS035,Cosmetics,CAT002,3500,16,56000,2800,53200,2660,0,1596,2026,December,27,50540,0
8/6/2026,SID006,Nayeem Hasan,INV2608100997,Urban Trends,Male,CUS00258,Corporate,Footwear,ACC011,Accessories,CAT003,2500,23,57500,5750,51750,1035,15525,1552.5,2026,August,6,50715,15525
4/24/2025,SID011,Nayeem Hasan,INV2504100998,Star Fashion,Male,CUS00001,Corporate,Feminine Wash,HYG010,Hygiene Products,CAT004,400,23,9200,460,8740,0,2622,262.2,2025,April,24,8740,2622
9/26/2026,SID017,Abdullah Al Mamun,INV2609100999,Classic Apparel,Female,CUST003,Walk In,Hat,ACC007,Accessories,CAT003,700,56,39200,2744,36456,0,7291.2,1093.68,2026,September,26,36456,7291.2
9/8/2025,SID011,Shuvo Das,INV2509101000,Style World,Male,CUS00259,Corporate,Men's Innerwear,APP016,Fashion Apparel,CAT001,700,60,42000,0,42000,2100,0,1260,2025,September,8,39900,0
2/23/2026,SID009,Siam Ahmed,INV2602101001,Fresh Look,Both,CUS00476,Distributor,Foot Care Cream,HYG014,Hygiene Products,CAT004,300,54,16200,486,15714,0,0,471.42,2026,February,23,15714,0
1/15/2026,SID002,Jannatul Ferdous,INV2601101002,Cosmo House,Both,CUST055,Distributor,Keychain,ACC015,Accessories,CAT003,300,86,25800,1806,23994,0,7198.2,719.82,2026,January,15,23994,7198.2
10/14/2025,SID019,Tanvir Islam,INV2510101003,Smart Collection,Male,CUS00029,Retail,Jacket,APP010,Fashion Apparel,CAT001,3800,27,102600,0,102600,2052,20520,3078,2025,October,14,100548,20520
2/6/2026,SID001,Nayeem Hasan,INV2602101004,Smart Collection,Female,CUS00425,Retail,Women's Leggings,APP012,Fashion Apparel,CAT001,1300,24,31200,2184,29016,580.32,0,870.48,2026,February,6,28435.68,0
8/13/2026,SID016,Tanvir Islam,INV2608101005,Premium Beauty,Male,CUS00123,Walk In,Shampoo,COS005,Cosmetics,CAT002,700,35,24500,2450,22050,441,6615,661.5,2026,August,13,21609,6615
10/31/2026,SID003,Rafiul Karim,INV2610101006,Moonlight Cosmetics,Female,CUS00484,Retail,Women's Leggings,APP012,Fashion Apparel,CAT001,1300,91,118300,5915,112385,5619.25,0,3371.55,2026,October,31,106765.75,0
1/1/2025,SID013,Rafiul Karim,INV2501101007,Royal Style,Female,CUS00483,Corporate,Body Wash,COS030,Cosmetics,CAT002,600,55,33000,1650,31350,627,6270,940.5,2025,January,1,30723,6270
11/23/2025,SID015,Sharmin Akter,INV2511101008,Fashion Avenue,Male,CUS00459,Retail,Men's Nightwear,APP015,Fashion Apparel,CAT001,850,15,12750,892.5,11857.5,592.88,3557.25,355.72,2025,November,23,11264.62,3557.25
9/10/2025,SID013,Nayeem Hasan,INV2509101009,Fashion Avenue,Male,CUS00326,Retail,Footwear,ACC011,Accessories,CAT003,2500,14,35000,2450,32550,0,6510,976.5,2025,September,10,32550,6510
3/6/2025,SID001,Imran Hossain,INV2503101010,Beauty Point,Female,CUST066,Corporate,Backpack,ACC012,Accessories,CAT003,3000,24,72000,2160,69840,3492,13968,2095.2,2025,March,6,66348,13968
7/7/2025,SID007,Bonna Akter,INV2507101011,Bloom Cosmetics,Female,CUST027,Distributor,Shaving Cream,COS021,Cosmetics,CAT002,350,20,7000,350,6650,0,1995,199.5,2025,July,7,6650,1995
2/23/2026,SID020,Mehedi Hasan,INV2602101012,Fashion World,Female,CUS00230,Online,Personal Toys,COS041,Cosmetics,CAT002,1500,22,33000,990,32010,640.2,0,960.3,2026,February,23,31369.8,0
2/24/2026,SID010,Nayeem Hasan,INV2602101013,Cosmo House,Both,CUST055,Distributor,Footwear,ACC011,Accessories,CAT003,2500,48,120000,0,120000,2400,0,3600,2026,February,24,117600,0
11/30/2025,SID006,Nusrat Jahan,INV2511101014,Golden Fashion,Both,CUS00238,Distributor,Face Toner,COS033,Cosmetics,CAT002,500,80,40000,4000,36000,0,0,1080,2025,November,30,36000,0
12/14/2026,SID017,Mahmudul Hasan,INV2612101015,Shine Collection,Male,CUS00366,Walk In,Watch,ACC005,Accessories,CAT003,5000,10,50000,3500,46500,0,13950,1395,2026,December,14,46500,13950
5/17/2025,SID018,Siam Ahmed,INV2505101016,Fashion Central,Both,CUS00316,Distributor,Condom,COS036,Cosmetics,CAT002,300,16,4800,336,4464,89.28,1339.2,133.92,2025,May,17,4374.72,1339.2
1/27/2025,SID001,Tasnia Rahman,INV2501101017,NextGen Fashion,Male,CUS00311,Online,Umbrella,ACC014,Accessories,CAT003,1200,22,26400,2640,23760,475.2,7128,712.8,2025,January,27,23284.8,7128
11/13/2025,SID018,Mahmudul Hasan,INV2511101018,Beauty World,Male,CUST010,Distributor,Hair Serum,COS006,Cosmetics,CAT002,1200,53,63600,3180,60420,0,0,1812.6,2025,November,13,60420,0
1/2/2026,SID020,Bonna Akter,INV2601101019,Apex Fashion,Female,CUST061,Online,Hat,ACC007,Accessories,CAT003,700,66,46200,1386,44814,2240.7,8962.8,1344.42,2026,January,2,42573.3,8962.8
1/26/2026,SID006,Sadia Afrin,INV2601101020,Fashion Plus,Male,CUS00466,Retail,Baby Wipes,HYG011,Hygiene Products,CAT004,250,63,15750,1102.5,14647.5,0,0,439.43,2026,January,26,14647.5,0
3/17/2026,SID002,Sharmin Akter,INV2603101021,Urban Avenue,Both,CUS00220,Distributor,Gloves,ACC008,Accessories,CAT003,600,49,29400,0,29400,1470,5880,882,2026,March,17,27930,5880
4/9/2026,SID007,Tanjina Sultana,INV2604101022,Infinity Style,Both,CUS00059,Distributor,Toothpaste,HYG005,Hygiene Products,CAT004,200,69,13800,690,13110,655.5,3933,393.3,2026,April,9,12454.5,3933
6/29/2025,SID016,Rafiul Karim,INV2506101023,Glow & Shine,Both,CUS00115,Corporate,Watch,ACC005,Accessories,CAT003,5000,61,305000,21350,283650,5673,56730,8509.5,2025,June,29,277977,56730
9/8/2025,SID013,Sabbir Ahmed,INV2509101024,Fashion Plus,Male,CUS00371,Online,Shampoo,COS005,Cosmetics,CAT002,700,7,4900,245,4655,0,0,139.65,2025,September,8,4655,0
8/7/2025,SID017,Mehedi Hasan,INV2508101025,Chic Collection,Male,CUST050,Online,Umbrella,ACC014,Accessories,CAT003,1200,59,70800,3540,67260,0,13452,2017.8,2025,August,7,67260,13452
1/23/2026,SID007,Siam Ahmed,INV2601101026,Infinity Style,Both,CUS00097,Distributor,Women's Leggings,APP012,Fashion Apparel,CAT001,1300,74,96200,9620,86580,4329,17316,2597.4,2026,January,23,82251,17316
12/22/2026,SID006,Sabbir Ahmed,INV2612101027,Signature Fashion,Male,CUS00278,Online,Personal Toys,COS041,Cosmetics,CAT002,1500,86,129000,3870,125130,6256.5,25026,3753.9,2026,December,22,118873.5,25026
3/19/2025,SID007,Sharmin Akter,INV2503101028,Smart Beauty,Male,CUS00405,Walk In,Mouthwash,HYG007,Hygiene Products,CAT004,300,15,4500,450,4050,202.5,810,121.5,2025,March,19,3847.5,810
11/12/2026,SID015,Tanjina Sultana,INV2611101029,Dream Fashion,Both,CUS00411,Corporate,Footwear,ACC011,Accessories,CAT003,2500,53,132500,13250,119250,5962.5,23850,3577.5,2026,November,12,113287.5,23850
8/26/2025,SID006,Abdullah Al Mamun,INV2508101030,Chic Collection,Male,CUST050,Online,Body Oil,COS040,Cosmetics,CAT002,800,33,26400,1848,24552,1227.6,7365.6,736.56,2025,August,26,23324.4,7365.6
1/26/2026,SID015,Shakil Khan,INV2601101031,Pink Beauty,Both,CUS00201,Online,Women's Nightwear,APP014,Fashion Apparel,CAT001,800,91,72800,3640,69160,1383.2,20748,2074.8,2026,January,26,67776.8,20748
12/27/2025,SID014,Rashedul Islam,INV2512101032,Trendy Boutique,Male,CUS00369,Corporate,Hair Accessories,ACC010,Accessories,CAT003,400,10,4000,280,3720,74.4,0,111.6,2025,December,27,3645.6,0
8/13/2025,SID008,Rashedul Islam,INV2508101033,Urban Trends,Female,CUS00130,Corporate,Makeup Remover,COS015,Cosmetics,CAT002,550,34,18700,561,18139,362.78,3627.8,544.17,2025,August,13,17776.22,3627.8
4/27/2026,SID016,Sharmin Akter,INV2604101034,Royal Style,Both,CUS00019,Distributor,Lipstick,COS002,Cosmetics,CAT002,850,95,80750,0,80750,4037.5,16150,2422.5,2026,April,27,76712.5,16150
3/13/2026,SID015,Tasnia Rahman,INV2603101035,Cosmetics Plus,Both,CUS00387,Corporate,Body Scrub,COS026,Cosmetics,CAT002,650,79,51350,3594.5,47755.5,0,0,1432.66,2026,March,13,47755.5,0
12/1/2025,SID001,Rafiul Karim,INV2512101036,Royal Cosmetics,Female,CUS00273,Walk In,Face Scrub,COS027,Cosmetics,CAT002,550,31,17050,511.5,16538.5,330.77,0,496.15,2025,December,1,16207.73,0
1/24/2026,SID010,Jannatul Ferdous,INV2601101037,Cosmetics Central,Female,CUST058,Distributor,Handbag,ACC001,Accessories,CAT003,3500,81,283500,8505,274995,5499.9,54999,8249.85,2026,January,24,269495.1,54999
12/1/2025,SID017,Sharmin Akter,INV2512101038,Prime Collection,Male,CUS00058,Corporate,Underarm Whitening Cream,HYG015,Hygiene Products,CAT004,500,81,40500,1215,39285,785.7,7857,1178.55,2025,December,1,38499.3,7857
7/30/2025,SID015,Mim Akter,INV2507101039,Cosmetics Plus,Female,CUS00017,Corporate,Feminine Wash,HYG010,Hygiene Products,CAT004,400,38,15200,1064,14136,282.72,4240.8,424.08,2025,July,30,13853.28,4240.8
7/30/2026,SID004,Farzana Akter,INV2607101040,Blue Sky Fashion,Both,CUST014,Online,Compact Powder,COS008,Cosmetics,CAT002,800,84,67200,4704,62496,1249.92,12499.2,1874.88,2026,July,30,61246.08,12499.2
3/11/2026,SID001,Mehedi Hasan,INV2603101041,Global Apparel,Male,CUS00321,Corporate,Hair Gel,COS028,Cosmetics,CAT002,400,87,34800,0,34800,696,0,1044,2026,March,11,34104,0
2/6/2026,SID020,Bonna Akter,INV2602101042,New Era Fashion,Female,CUS00178,Corporate,Aftershave,COS019,Cosmetics,CAT002,800,17,13600,952,12648,0,3794.4,379.44,2026,February,6,12648,3794.4
9/25/2026,SID013,Arif Hossain,INV2609101043,Elegant Choice,Female,CUS00314,Walk In,Hair Gel,COS028,Cosmetics,CAT002,400,91,36400,2548,33852,1692.6,0,1015.56,2026,September,25,32159.4,0
12/14/2026,SID012,Shakil Khan,INV2612101044,Urban Beauty,Female,CUS00240,Walk In,Hair Conditioner,COS032,Cosmetics,CAT002,750,35,26250,2625,23625,472.5,0,708.75,2026,December,14,23152.5,0
7/27/2026,SID019,Rakib Hasan,INV2607101045,Star Fashion,Both,CUS00066,Retail,Foot Care Cream,HYG014,Hygiene Products,CAT004,300,62,18600,930,17670,0,3534,530.1,2026,July,27,17670,3534
4/1/2025,SID001,Rashedul Islam,INV2504101046,Luxury Apparel,Female,CUS00258,Retail,Women's Saree,APP005,Fashion Apparel,CAT001,3200,17,54400,2720,51680,1033.6,15504,1550.4,2025,April,1,50646.4,15504
1/12/2026,SID004,Farzana Akter,INV2601101047,Royal Style,Both,CUS00004,Distributor,Keychain,ACC015,Accessories,CAT003,300,30,9000,900,8100,405,2430,243,2026,January,12,7695,2430
10/20/2026,SID012,Mehedi Hasan,INV2610101048,Glamour House,Both,CUS00123,Online,Body Spray,COS011,Cosmetics,CAT002,500,18,9000,450,8550,171,2565,256.5,2026,October,20,8379,2565
4/1/2025,SID004,Shakil Khan,INV2504101049,Cosmo House,Both,CUST055,Distributor,Shaving Cream,HYG009,Hygiene Products,CAT004,350,93,32550,976.5,31573.5,631.47,0,947.2,2025,April,1,30942.03,0
7/8/2026,SID011,Tanjina Sultana,INV2607101050,Beauty Express,Male,CUST002,Online,Makeup Kit,COS034,Cosmetics,CAT002,2500,65,162500,16250,146250,0,0,4387.5,2026,July,8,146250,0
6/16/2026,SID006,Jannatul Ferdous,INV2606101051,Perfect Beauty,Male,CUS00023,Retail,Shaving Cream,HYG009,Hygiene Products,CAT004,350,63,22050,661.5,21388.5,0,0,641.65,2026,June,16,21388.5,0
5/22/2026,SID015,Nusrat Jahan,INV2605101052,Luxury Apparel,Female,CUS00267,Walk In,Face Mask,COS020,Cosmetics,CAT002,600,86,51600,3612,47988,0,9597.6,1439.64,2026,May,22,47988,9597.6
2/4/2025,SID004,Sharmin Akter,INV2502101053,Urban Trends,Female,CUS00496,Online,Hair Spray,COS029,Cosmetics,CAT002,450,96,43200,2160,41040,0,0,1231.2,2025,February,4,41040,0
4/27/2026,SID008,Shakil Khan,INV2604101054,Apex Fashion,Female,CUST061,Corporate,Men's Nightwear,APP015,Fashion Apparel,CAT001,850,86,73100,5117,67983,3399.15,13596.6,2039.49,2026,April,27,64583.85,13596.6
9/25/2025,SID018,Shuvo Das,INV2509101055,Beauty Point,Female,CUST066,Corporate,Toothbrush,HYG006,Hygiene Products,CAT004,150,97,14550,1018.5,13531.5,270.63,2706.3,405.94,2025,September,25,13260.87,2706.3
2/14/2025,SID016,Sadia Afrin,INV2502101056,Lily Boutique,Male,CUS00013,Walk In,Kids Dress,APP008,Fashion Apparel,CAT001,950,40,38000,3800,34200,684,6840,1026,2025,February,14,33516,6840
4/18/2026,SID017,Sharmin Akter,INV2604101057,Style World,Male,CUS00117,Retail,Personal Toys,COS041,Cosmetics,CAT002,1500,70,105000,0,105000,5250,21000,3150,2026,April,18,99750,21000
8/11/2025,SID015,Sharmin Akter,INV2508101058,Elegant Boutique,Both,CUS00286,Corporate,Body Lotion,COS004,Cosmetics,CAT002,650,53,34450,0,34450,1722.5,6890,1033.5,2025,August,11,32727.5,6890
3/24/2026,SID014,Arif Hossain,INV2603101059,Royal Cosmetics,Both,CUS00163,Corporate,Wallet,ACC002,Accessories,CAT003,1200,51,61200,1836,59364,2968.2,17809.2,1780.92,2026,March,24,56395.8,17809.2
11/16/2025,SID019,Shuvo Das,INV2511101060,Pink Beauty,Female,CUS00442,Distributor,After Sun Lotion,COS031,Cosmetics,CAT002,700,69,48300,3381,44919,898.38,0,1347.57,2025,November,16,44020.62,0
12/22/2025,SID019,Rakib Hasan,INV2512101061,Glamour Point,Male,CUS00196,Retail,Jacket,APP010,Fashion Apparel,CAT001,3800,22,83600,2508,81092,1621.84,16218.4,2432.76,2025,December,22,79470.16,16218.4
7/5/2026,SID006,Rakib Hasan,INV2607101062,Glamour Point,Both,CUS00142,Corporate,Shaving Cream,COS021,Cosmetics,CAT002,350,23,8050,0,8050,0,2415,241.5,2026,July,5,8050,2415
10/22/2026,SID018,Sabbir Ahmed,INV2610101063,Luxury Apparel,Female,CUS00008,Corporate,Feminine Wash,COS022,Cosmetics,CAT002,400,29,11600,580,11020,0,3306,330.6,2026,October,22,11020,3306
2/24/2025,SID010,Farzana Akter,INV2502101064,Cosmetics Central,Female,CUST058,Distributor,Hair Mask,COS018,Cosmetics,CAT002,1100,9,9900,693,9207,460.35,0,276.21,2025,February,24,8746.65,0
3/15/2025,SID020,Bonna Akter,INV2503101065,Cosmetics World,Both,CUS00089,Online,Toothbrush,HYG006,Hygiene Products,CAT004,150,21,3150,157.5,2992.5,59.85,897.75,89.77,2025,March,15,2932.65,897.75
10/2/2026,SID011,Nusrat Jahan,INV2610101066,Urban Beauty,Male,CUS00044,Corporate,Bra & Panty Set,APP013,Fashion Apparel,CAT001,900,48,43200,0,43200,864,0,1296,2026,October,2,42336,0
4/27/2026,SID008,Bonna Akter,INV2604101067,Iconic Fashion,Male,CUS00399,Distributor,Jacket,APP010,Fashion Apparel,CAT001,3800,81,307800,21546,286254,0,0,8587.62,2026,April,27,286254,0
11/5/2026,SID012,Tanvir Islam,INV2611101068,Fresh Look,Both,CUS00247,Online,Face Scrub,COS027,Cosmetics,CAT002,550,60,33000,2310,30690,0,9207,920.7,2026,November,5,30690,9207
7/6/2026,SID020,Imran Hossain,INV2607101069,Star Fashion,Female,CUS00251,Online,Women's Top,APP006,Fashion Apparel,CAT001,1200,90,108000,7560,100440,5022,30132,3013.2,2026,July,6,95418,30132
10/15/2025,SID012,Shakil Khan,INV2510101070,Lily Boutique,Both,CUS00493,Distributor,Sanitary Napkins,HYG004,Hygiene Products,CAT004,350,31,10850,325.5,10524.5,210.49,3157.35,315.74,2025,October,15,10314.01,3157.35
10/21/2026,SID009,Nayeem Hasan,INV2610101071,Cosmetics Central,Female,CUST058,Distributor,Hair Serum,COS006,Cosmetics,CAT002,1200,94,112800,0,112800,5640,33840,3384,2026,October,21,107160,33840
5/11/2025,SID017,Nusrat Jahan,INV2505101072,Glamour House,Female,CUS00418,Walk In,Face Toner,COS033,Cosmetics,CAT002,500,79,39500,1185,38315,0,0,1149.45,2025,May,11,38315,0
4/24/2025,SID009,Mim Akter,INV2504101073,Trendy Boutique,Female,CUS00438,Corporate,Body Scrub,COS026,Cosmetics,CAT002,650,77,50050,3503.5,46546.5,0,13963.95,1396.39,2025,April,24,46546.5,13963.95
6/21/2026,SID008,Nayeem Hasan,INV2606101074,Rainbow Apparel,Female,CUS00115,Retail,Hair Dryer,COS038,Cosmetics,CAT002,4000,21,84000,4200,79800,3990,23940,2394,2026,June,21,75810,23940
12/27/2026,SID020,Nusrat Jahan,INV2612101075,Prime Collection,Male,CUS00192,Retail,Hair Color,COS012,Cosmetics,CAT002,1500,73,109500,5475,104025,5201.25,20805,3120.75,2026,December,27,98823.75,20805
5/22/2025,SID008,Nusrat Jahan,INV2505101076,Royal Style,Female,CUS00242,Distributor,After Sun Lotion,COS031,Cosmetics,CAT002,700,8,5600,168,5432,108.64,1086.4,162.96,2025,May,22,5323.36,1086.4
12/19/2025,SID004,Mehedi Hasan,INV2512101077,Smart Collection,Both,CUS00259,Distributor,Face Toner,COS033,Cosmetics,CAT002,500,83,41500,0,41500,0,0,1245,2025,December,19,41500,0
4/21/2026,SID013,Rashedul Islam,INV2604101078,Glamour House,Female,CUS00478,Distributor,Body Spray,COS011,Cosmetics,CAT002,500,43,21500,645,20855,1042.75,4171,625.65,2026,April,21,19812.25,4171
4/2/2025,SID019,Mim Akter,INV2504101079,Premium Beauty,Male,CUS00336,Retail,Foot Care Cream,COS023,Cosmetics,CAT002,300,5,1500,75,1425,28.5,0,42.75,2025,April,2,1396.5,0
9/14/2025,SID017,Mim Akter,INV2509101080,Smart Collection,Both,CUS00040,Corporate,Watch,ACC005,Accessories,CAT003,5000,19,95000,9500,85500,1710,17100,2565,2025,September,14,83790,17100
5/10/2025,SID010,Shakil Khan,INV2505101081,Moonlight Cosmetics,Female,CUS00305,Walk In,Face Scrub,COS027,Cosmetics,CAT002,550,65,35750,1072.5,34677.5,0,6935.5,1040.33,2025,May,10,34677.5,6935.5
2/28/2025,SID011,Rashedul Islam,INV2502101082,Trendy Shop,Male,CUS00053,Corporate,Women's Skirt,APP011,Fashion Apparel,CAT001,1500,12,18000,1260,16740,837,0,502.2,2025,February,28,15903,0
1/2/2025,SID018,Imran Hossain,INV2501101083,Urban Trends,Male,CUS00056,Walk In,Perfume,COS003,Cosmetics,CAT002,2200,30,66000,4620,61380,3069,12276,1841.4,2025,January,2,58311,12276
7/24/2025,SID002,Samira Akter,INV2507101084,Classic Apparel,Female,CUST003,Walk In,Face Scrub,COS027,Cosmetics,CAT002,550,85,46750,1402.5,45347.5,0,9069.5,1360.42,2025,July,24,45347.5,9069.5
10/24/2025,SID011,Rakib Hasan,INV2510101085,Golden Fashion,Both,CUS00415,Online,Women's Skirt,APP011,Fashion Apparel,CAT001,1500,33,49500,1485,48015,0,14404.5,1440.45,2025,October,24,48015,14404.5
9/27/2026,SID014,Tanjina Sultana,INV2609101086,Metro Fashion,Both,CUS00224,Corporate,Bra & Panty Set,APP013,Fashion Apparel,CAT001,900,16,14400,1008,13392,0,2678.4,401.76,2026,September,27,13392,2678.4
1/20/2026,SID002,Siam Ahmed,INV2601101087,Shine Collection,Male,CUS00200,Online,Hair Dryer,COS038,Cosmetics,CAT002,4000,59,236000,0,236000,4720,0,7080,2026,January,20,231280,0
11/24/2026,SID014,Rashedul Islam,INV2611101088,Royal Style,Both,CUS00022,Retail,Hair Spray,COS029,Cosmetics,CAT002,450,8,3600,360,3240,64.8,0,97.2,2026,November,24,3175.2,0
7/1/2025,SID006,Sharmin Akter,INV2507101089,Iconic Fashion,Female,CUS00188,Distributor,Men T-Shirt,APP001,Fashion Apparel,CAT001,750,86,64500,0,64500,3225,19350,1935,2025,July,1,61275,19350
4/25/2026,SID004,Imran Hossain,INV2604101090,Urban Style,Male,CUS00127,Corporate,Aftershave,COS019,Cosmetics,CAT002,800,67,53600,5360,48240,0,0,1447.2,2026,April,25,48240,0
10/18/2026,SID004,Farzana Akter,INV2610101091,Classic Apparel,Female,CUST003,Walk In,Personal Toys,COS041,Cosmetics,CAT002,1500,59,88500,4425,84075,4203.75,0,2522.25,2026,October,18,79871.25,0
2/12/2026,SID005,Farzana Akter,INV2602101092,Royal Style,Both,CUS00437,Retail,Body Wash,COS030,Cosmetics,CAT002,600,42,25200,756,24444,1222.2,7333.2,733.32,2026,February,12,23221.8,7333.2
1/23/2025,SID007,Sabbir Ahmed,INV2501101093,Infinity Style,Male,CUS00264,Corporate,Handbag,ACC001,Accessories,CAT003,3500,45,157500,11025,146475,7323.75,43942.5,4394.25,2025,January,23,139151.25,43942.5
3/10/2026,SID015,Siam Ahmed,INV2603101094,Blue Sky Fashion,Both,CUST014,Online,Hair Straightener,COS035,Cosmetics,CAT002,3500,66,231000,11550,219450,4389,43890,6583.5,2026,March,10,215061,43890
4/17/2026,SID013,Mehedi Hasan,INV2604101095,Elite Collection,Male,CUS00243,Corporate,Sunglasses,ACC004,Accessories,CAT003,1500,7,10500,315,10185,509.25,2037,305.55,2026,April,17,9675.75,2037
8/18/2025,SID008,Sadia Afrin,INV2508101096,Fashion Hub Ltd,Female,CUS00228,Retail,Face Cream,COS007,Cosmetics,CAT002,950,90,85500,2565,82935,0,0,2488.05,2025,August,18,82935,0
5/24/2026,SID006,Abdullah Al Mamun,INV2605101097,NextGen Fashion,Both,CUS00459,Retail,Watch,ACC005,Accessories,CAT003,5000,68,340000,0,340000,6800,68000,10200,2026,May,24,333200,68000
9/26/2026,SID007,Abdullah Al Mamun,INV2609101098,Royal Cosmetics,Both,CUS00322,Walk In,Watch,ACC005,Accessories,CAT003,5000,53,265000,7950,257050,0,0,7711.5,2026,September,26,257050,0
10/6/2026,SID009,Samira Akter,INV2610101099,Cosmetics Central,Female,CUST058,Distributor,Face Scrub,COS027,Cosmetics,CAT002,550,88,48400,1452,46948,2347.4,9389.6,1408.44,2026,October,6,44600.6,9389.6
6/20/2026,SID020,Arif Hossain,INV2606101100,Cosmetics Central,Female,CUST058,Distributor,Body Spray,COS011,Cosmetics,CAT002,500,53,26500,0,26500,1325,7950,795,2026,June,20,25175,7950
11/20/2026,SID020,Mahmudul Hasan,INV2611101101,Rainbow Apparel,Female,CUS00288,Walk In,Shampoo,COS005,Cosmetics,CAT002,700,99,69300,2079,67221,3361.05,0,2016.63,2026,November,20,63859.95,0
4/2/2025,SID003,Rashedul Islam,INV2504101102,Blue Sky Fashion,Both,CUST014,Online,Face Mask,COS020,Cosmetics,CAT002,600,39,23400,0,23400,1170,0,702,2025,April,2,22230,0
2/24/2026,SID012,Abdullah Al Mamun,INV2602101103,Royal Cosmetics,Both,CUS00030,Online,Women's Top,APP006,Fashion Apparel,CAT001,1200,72,86400,4320,82080,4104,16416,2462.4,2026,February,24,77976,16416
1/15/2026,SID018,Farzana Akter,INV2601101104,Fashion Avenue,Both,CUS00088,Retail,Women's Top,APP006,Fashion Apparel,CAT001,1200,87,104400,5220,99180,1983.6,0,2975.4,2026,January,15,97196.4,0
11/4/2025,SID007,Shuvo Das,INV2511101105,Urban Trends,Female,CUS00277,Corporate,Kids Dress,APP008,Fashion Apparel,CAT001,950,13,12350,0,12350,0,3705,370.5,2025,November,4,12350,3705
11/22/2026,SID009,Nayeem Hasan,INV2611101106,Fashion Point,Both,CUS00060,Walk In,Kids T-Shirt,APP007,Fashion Apparel,CAT001,650,5,3250,0,3250,65,975,97.5,2026,November,22,3185,975
1/17/2026,SID006,Tasnia Rahman,INV2601101107,Elegant Boutique,Both,CUS00315,Retail,Body Scrub,COS026,Cosmetics,CAT002,650,80,52000,3640,48360,0,9672,1450.8,2026,January,17,48360,9672
8/24/2025,SID013,Rakib Hasan,INV2508101108,Beauty Avenue,Female,CUST049,Distributor,Face Scrub,COS027,Cosmetics,CAT002,550,45,24750,2475,22275,1113.75,0,668.25,2025,August,24,21161.25,0
5/3/2025,SID015,Farzana Akter,INV2505101109,Iconic Fashion,Male,CUS00413,Walk In,Hair Straightener,COS035,Cosmetics,CAT002,3500,86,301000,15050,285950,14297.5,0,8578.5,2025,May,3,271652.5,0
6/1/2026,SID009,Tanvir Islam,INV2606101110,Pink Beauty,Male,CUS00222,Walk In,Face Wash,COS001,Cosmetics,CAT002,450,76,34200,1710,32490,1624.5,0,974.7,2026,June,1,30865.5,0
6/7/2025,SID003,Sadia Afrin,INV2506101111,Iconic Fashion,Both,CUS00187,Online,Hand Sanitizer,HYG001,Hygiene Products,CAT004,250,11,2750,137.5,2612.5,52.25,522.5,78.38,2025,June,7,2560.25,522.5
7/23/2025,SID010,Tanjina Sultana,INV2507101112,Bloom Cosmetics,Female,CUST027,Distributor,Face Serum,COS014,Cosmetics,CAT002,1300,62,80600,5642,74958,0,14991.6,2248.74,2025,July,23,74958,14991.6
7/10/2025,SID016,Tasnia Rahman,INV2507101113,Elite Fashion,Female,CUS00410,Online,Men's Nightwear,APP015,Fashion Apparel,CAT001,850,31,26350,1844.5,24505.5,1225.28,4901.1,735.16,2025,July,10,23280.22,4901.1
5/14/2025,SID018,Abdullah Al Mamun,INV2505101114,Modern Boutique,Both,CUS00431,Online,Men's Innerwear,APP016,Fashion Apparel,CAT001,700,87,60900,0,60900,1218,18270,1827,2025,May,14,59682,18270
12/2/2025,SID003,Nayeem Hasan,INV2512101115,Beauty World,Male,CUST010,Distributor,Jewelry Set,ACC009,Accessories,CAT003,4500,8,36000,3600,32400,648,9720,972,2025,December,2,31752,9720
5/17/2026,SID003,Samira Akter,INV2605101116,Fashion Plus,Male,CUS00162,Distributor,Sunscreen,COS009,Cosmetics,CAT002,1150,59,67850,6785,61065,3053.25,18319.5,1831.95,2026,May,17,58011.75,18319.5
1/7/2025,SID020,Mahmudul Hasan,INV2501101117,Smart Collection,Both,CUS00136,Online,Face Mask,COS020,Cosmetics,CAT002,600,12,7200,0,7200,144,0,216,2025,January,7,7056,0
10/24/2026,SID007,Shuvo Das,INV2610101118,Glow & Shine,Male,CUS00476,Online,Hair Mask,COS018,Cosmetics,CAT002,1100,9,9900,990,8910,445.5,1782,267.3,2026,October,24,8464.5,1782
11/7/2026,SID002,Shuvo Das,INV2611101119,Trendy Boutique,Both,CUS00170,Corporate,Foot Care Cream,HYG014,Hygiene Products,CAT004,300,28,8400,0,8400,168,1680,252,2026,November,7,8232,1680
11/14/2025,SID014,Rafiul Karim,INV2511101120,Modern Style,Female,CUS00407,Distributor,Women's Skirt,APP011,Fashion Apparel,CAT001,1500,51,76500,2295,74205,1484.1,22261.5,2226.15,2025,November,14,72720.9,22261.5
12/5/2025,SID019,Abdullah Al Mamun,INV2512101121,Beauty Express,Male,CUST002,Online,Face Scrub,COS027,Cosmetics,CAT002,550,75,41250,0,41250,2062.5,8250,1237.5,2025,December,5,39187.5,8250
2/9/2025,SID002,Tanjina Sultana,INV2502101122,Royal Style,Both,CUS00453,Retail,Women's Top,APP006,Fashion Apparel,CAT001,1200,72,86400,4320,82080,0,24624,2462.4,2025,February,9,82080,24624
4/4/2026,SID006,Shuvo Das,INV2604101123,Modern Boutique,Male,CUS00252,Corporate,Underarm Whitening Cream,COS024,Cosmetics,CAT002,500,40,20000,600,19400,0,0,582,2026,April,4,19400,0
4/15/2026,SID010,Jannatul Ferdous,INV2604101124,Lily Boutique,Male,CUS00209,Retail,Handbag,ACC001,Accessories,CAT003,3500,65,227500,22750,204750,10237.5,61425,6142.5,2026,April,15,194512.5,61425
6/28/2025,SID009,Rakib Hasan,INV2506101125,Luxury Apparel,Female,CUS00427,Walk In,Scarf,ACC006,Accessories,CAT003,900,91,81900,0,81900,4095,24570,2457,2025,June,28,77805,24570
7/2/2026,SID016,Arif Hossain,INV2607101126,Modern Style,Both,CUS00056,Corporate,Body Lotion,COS004,Cosmetics,CAT002,650,74,48100,3367,44733,2236.65,8946.6,1341.99,2026,July,2,42496.35,8946.6
7/3/2026,SID001,Abdullah Al Mamun,INV2607101127,Beauty Express,Male,CUST002,Online,Sunscreen,COS009,Cosmetics,CAT002,1150,35,40250,1207.5,39042.5,780.85,11712.75,1171.27,2026,July,3,38261.65,11712.75
2/20/2025,SID015,Arif Hossain,INV2502101128,Moonlight Cosmetics,Female,CUS00069,Corporate,Shampoo,COS005,Cosmetics,CAT002,700,33,23100,1617,21483,429.66,4296.6,644.49,2025,February,20,21053.34,4296.6
1/4/2026,SID015,Arif Hossain,INV2601101129,Blue Sky Fashion,Both,CUST014,Online,Hair Straightener,COS035,Cosmetics,CAT002,3500,83,290500,8715,281785,5635.7,0,8453.55,2026,January,4,276149.3,0
3/15/2026,SID004,Bonna Akter,INV2603101130,Fashion World,Male,CUS00421,Retail,Compact Powder,COS008,Cosmetics,CAT002,800,90,72000,7200,64800,3240,12960,1944,2026,March,15,61560,12960
1/16/2026,SID011,Mim Akter,INV2601101131,Diamond Cosmetics,Female,CUS00395,Retail,Scarf,ACC006,Accessories,CAT003,900,25,22500,675,21825,436.5,4365,654.75,2026,January,16,21388.5,4365
4/16/2025,SID011,Farzana Akter,INV2504101132,Elegant Boutique,Male,CUS00062,Walk In,Women's Top,APP006,Fashion Apparel,CAT001,1200,7,8400,420,7980,0,1596,239.4,2025,April,16,7980,1596
10/24/2026,SID009,Rafiul Karim,INV2610101133,Royal Style,Both,CUS00017,Corporate,Aftershave,COS019,Cosmetics,CAT002,800,73,58400,1752,56648,1132.96,16994.4,1699.44,2026,October,24,55515.04,16994.4
5/29/2026,SID005,Rafiul Karim,INV2605101134,Fashion Hub Ltd,Female,CUS00200,Distributor,Face Wash,COS001,Cosmetics,CAT002,450,67,30150,2110.5,28039.5,560.79,0,841.18,2026,May,29,27478.71,0
4/2/2025,SID017,Farzana Akter,INV2504101135,Cosmetics World,Male,CUS00294,Walk In,Face Wash,COS001,Cosmetics,CAT002,450,30,13500,1350,12150,243,0,364.5,2025,April,2,11907,0
4/19/2026,SID013,Shuvo Das,INV2604101136,Nova Cosmetics,Male,CUS00495,Online,Women's Kurti,APP004,Fashion Apparel,CAT001,1800,69,124200,3726,120474,2409.48,36142.2,3614.22,2026,April,19,118064.52,36142.2
5/8/2026,SID017,Imran Hossain,INV2605101137,Diamond Cosmetics,Female,CUS00041,Walk In,Men's Innerwear,APP016,Fashion Apparel,CAT001,700,92,64400,0,64400,3220,0,1932,2026,May,8,61180,0
9/25/2026,SID007,Bonna Akter,INV2609101138,Glow & Shine,Female,CUS00008,Distributor,Shaving Cream,HYG009,Hygiene Products,CAT004,350,42,14700,735,13965,698.25,4189.5,418.95,2026,September,25,13266.75,4189.5
12/31/2025,SID009,Rafiul Karim,INV2512101139,Beauty Point,Female,CUST066,Corporate,Foot Care Cream,COS023,Cosmetics,CAT002,300,54,16200,0,16200,324,3240,486,2025,December,31,15876,3240
11/16/2025,SID003,Rakib Hasan,INV2511101140,Fresh Look,Male,CUS00094,Online,Deodorant,COS016,Cosmetics,CAT002,450,80,36000,3600,32400,648,6480,972,2025,November,16,31752,6480
1/11/2025,SID002,Bonna Akter,INV2501101141,Star Fashion,Male,CUS00320,Retail,Face Mask,COS020,Cosmetics,CAT002,600,92,55200,5520,49680,2484,9936,1490.4,2025,January,11,47196,9936
2/17/2025,SID009,Imran Hossain,INV2502101142,Urban Beauty,Both,CUS00427,Walk In,Feminine Wash,COS022,Cosmetics,CAT002,400,51,20400,0,20400,408,0,612,2025,February,17,19992,0
3/9/2025,SID006,Sadia Afrin,INV2503101143,Fashion Avenue,Female,CUS00328,Walk In,Men Polo Shirt,APP002,Fashion Apparel,CAT001,1100,72,79200,5544,73656,0,22096.8,2209.68,2025,March,9,73656,22096.8
9/5/2025,SID017,Jannatul Ferdous,INV2509101144,Classic Apparel,Female,CUST003,Walk In,Men Jeans,APP003,Fashion Apparel,CAT001,2200,33,72600,2178,70422,1408.44,14084.4,2112.66,2025,September,5,69013.56,14084.4
11/6/2026,SID008,Farzana Akter,INV2611101145,Fashion Avenue,Male,CUS00350,Walk In,Compact Powder,COS008,Cosmetics,CAT002,800,33,26400,792,25608,512.16,0,768.24,2026,November,6,25095.84,0
3/12/2026,SID020,Bonna Akter,INV2603101146,Unique Collection,Both,CUS00194,Walk In,Toothpaste,HYG005,Hygiene Products,CAT004,200,31,6200,310,5890,117.8,1178,176.7,2026,March,12,5772.2,1178
5/24/2025,SID011,Mim Akter,INV2505101147,Global Apparel,Female,CUS00296,Corporate,Women's Top,APP006,Fashion Apparel,CAT001,1200,78,93600,9360,84240,4212,25272,2527.2,2025,May,24,80028,25272
8/2/2025,SID004,Tasnia Rahman,INV2508101148,Elite Collection,Male,CUS00019,Corporate,Sunglasses,ACC004,Accessories,CAT003,1500,13,19500,0,19500,975,3900,585,2025,August,2,18525,3900
7/20/2026,SID010,Mehedi Hasan,INV2607101149,Elite Fashion,Female,CUS00456,Online,Hair Gel,COS028,Cosmetics,CAT002,400,17,6800,0,6800,136,1360,204,2026,July,20,6664,1360
5/6/2026,SID014,Shuvo Das,INV2605101150,Fashion Gallery,Both,CUS00152,Distributor,Nail Polish,COS013,Cosmetics,CAT002,400,92,36800,0,36800,1840,0,1104,2026,May,6,34960,0
1/10/2025,SID018,Rafiul Karim,INV2501101151,Beauty Point,Female,CUST066,Corporate,Personal Toys,COS041,Cosmetics,CAT002,1500,93,139500,4185,135315,2706.3,27063,4059.45,2025,January,10,132608.7,27063
1/13/2026,SID009,Mahmudul Hasan,INV2601101152,Urban Trends,Both,CUS00202,Online,Hat,ACC007,Accessories,CAT003,700,95,66500,0,66500,0,19950,1995,2026,January,13,66500,19950
8/16/2025,SID012,Rakib Hasan,INV2508101153,Trendy Shop,Both,CUS00259,Online,Shaving Cream,COS021,Cosmetics,CAT002,350,15,5250,262.5,4987.5,0,1496.25,149.62,2025,August,16,4987.5,1496.25
10/25/2025,SID002,Nusrat Jahan,INV2510101154,Dream Fashion,Female,CUS00475,Retail,Men T-Shirt,APP001,Fashion Apparel,CAT001,750,78,58500,4095,54405,2720.25,0,1632.15,2025,October,25,51684.75,0
4/20/2026,SID008,Abdullah Al Mamun,INV2604101155,Classic Beauty,Both,CUST025,Corporate,Hair Removal Cream,HYG013,Hygiene Products,CAT004,450,85,38250,1912.5,36337.5,1816.88,7267.5,1090.12,2026,April,20,34520.62,7267.5
9/14/2025,SID009,Sabbir Ahmed,INV2509101156,Fashion Plus,Both,CUS00230,Online,Women's Kurti,APP004,Fashion Apparel,CAT001,1800,17,30600,2142,28458,0,5691.6,853.74,2025,September,14,28458,5691.6
3/27/2026,SID014,Sabbir Ahmed,INV2603101157,Signature Fashion,Female,CUS00011,Distributor,Hair Straightener,COS035,Cosmetics,CAT002,3500,44,154000,10780,143220,7161,28644,4296.6,2026,March,27,136059,28644
4/21/2026,SID017,Mahmudul Hasan,INV2604101158,Global Apparel,Female,CUS00052,Walk In,Foot Care Cream,HYG014,Hygiene Products,CAT004,300,29,8700,870,7830,391.5,2349,234.9,2026,April,21,7438.5,2349
11/9/2026,SID017,Tasnia Rahman,INV2611101159,Grace Boutique,Male,CUS00113,Online,Body Mist,COS037,Cosmetics,CAT002,450,26,11700,351,11349,567.45,0,340.47,2026,November,9,10781.55,0
1/3/2025,SID012,Nusrat Jahan,INV2501101160,Classic Beauty,Both,CUST025,Corporate,Aftershave,COS019,Cosmetics,CAT002,800,58,46400,1392,45008,0,0,1350.24,2025,January,3,45008,0
8/31/2026,SID011,Jannatul Ferdous,INV2608101161,Trendy Shop,Male,CUS00158,Corporate,Belt,ACC003,Accessories,CAT003,800,93,74400,7440,66960,3348,13392,2008.8,2026,August,31,63612,13392
10/23/2026,SID007,Imran Hossain,INV2610101162,Urban Style,Male,CUS00352,Walk In,Lipstick,COS002,Cosmetics,CAT002,850,82,69700,4879,64821,3241.05,0,1944.63,2026,October,23,61579.95,0
5/13/2026,SID007,Farzana Akter,INV2605101163,Beauty Avenue,Female,CUST049,Distributor,Umbrella,ACC014,Accessories,CAT003,1200,32,38400,1152,37248,0,0,1117.44,2026,May,13,37248,0
2/26/2025,SID013,Rafiul Karim,INV2502101164,Moonlight Cosmetics,Both,CUS00154,Distributor,Hair Conditioner,COS032,Cosmetics,CAT002,750,88,66000,4620,61380,1227.6,0,1841.4,2025,February,26,60152.4,0
3/16/2025,SID006,Imran Hossain,INV2503101165,Fashion Point,Male,CUS00247,Corporate,Toothbrush,HYG006,Hygiene Products,CAT004,150,66,9900,0,9900,0,2970,297,2025,March,16,9900,2970
8/10/2026,SID017,Shakil Khan,INV2608101166,Lily Boutique,Female,CUS00321,Online,Umbrella,ACC014,Accessories,CAT003,1200,5,6000,180,5820,116.4,1164,174.6,2026,August,10,5703.6,1164
10/28/2025,SID006,Mim Akter,INV2510101167,Elegant Boutique,Female,CUS00294,Corporate,Aftershave,COS019,Cosmetics,CAT002,800,68,54400,3808,50592,2529.6,15177.6,1517.76,2025,October,28,48062.4,15177.6
2/24/2026,SID013,Siam Ahmed,INV2602101168,Classic Beauty,Both,CUST025,Corporate,Hair Color,COS012,Cosmetics,CAT002,1500,49,73500,7350,66150,3307.5,13230,1984.5,2026,February,24,62842.5,13230
5/8/2025,SID014,Sabbir Ahmed,INV2505101169,Unique Collection,Male,CUS00360,Distributor,Body Wash,COS030,Cosmetics,CAT002,600,89,53400,3738,49662,0,14898.6,1489.86,2025,May,8,49662,14898.6
10/17/2025,SID012,Mahmudul Hasan,INV2510101170,Shine Collection,Female,CUS00325,Retail,Sunglasses,ACC004,Accessories,CAT003,1500,21,31500,0,31500,0,0,945,2025,October,17,31500,0
1/26/2025,SID016,Mim Akter,INV2501101171,New Era Fashion,Both,CUS00374,Corporate,Wallet,ACC002,Accessories,CAT003,1200,9,10800,756,10044,200.88,2008.8,301.32,2025,January,26,9843.12,2008.8
9/6/2026,SID003,Shuvo Das,INV2609101172,Perfect Beauty,Female,CUS00092,Distributor,Women's Nightwear,APP014,Fashion Apparel,CAT001,800,47,37600,2632,34968,699.36,6993.6,1049.04,2026,September,6,34268.64,6993.6
11/1/2026,SID013,Rashedul Islam,INV2611101173,Unique Collection,Male,CUS00068,Corporate,Shaving Cream,COS021,Cosmetics,CAT002,350,49,17150,1200.5,15949.5,318.99,4784.85,478.48,2026,November,1,15630.51,4784.85
8/23/2026,SID011,Rakib Hasan,INV2608101174,Unique Collection,Male,CUS00484,Walk In,Face Scrub,COS027,Cosmetics,CAT002,550,84,46200,0,46200,2310,9240,1386,2026,August,23,43890,9240
8/4/2025,SID008,Tanjina Sultana,INV2508101175,Prime Collection,Female,CUS00121,Online,Shaving Cream,HYG009,Hygiene Products,CAT004,350,5,1750,122.5,1627.5,32.55,0,48.82,2025,August,4,1594.95,0
1/28/2025,SID013,Imran Hossain,INV2501101176,Urban Beauty,Female,CUS00233,Online,Wallet,ACC002,Accessories,CAT003,1200,80,96000,2880,93120,1862.4,0,2793.6,2025,January,28,91257.6,0
5/27/2025,SID007,Tanvir Islam,INV2505101177,Smart Beauty,Both,CUS00466,Corporate,Jewelry Set,ACC009,Accessories,CAT003,4500,70,315000,22050,292950,14647.5,58590,8788.5,2025,May,27,278302.5,58590
5/13/2025,SID007,Shakil Khan,INV2505101178,Glow & Shine,Male,CUS00097,Walk In,Hair Mask,COS018,Cosmetics,CAT002,1100,56,61600,1848,59752,2987.6,17925.6,1792.56,2025,May,13,56764.4,17925.6
3/23/2025,SID016,Tanvir Islam,INV2503101179,Star Fashion,Both,CUS00205,Corporate,Women's Skirt,APP011,Fashion Apparel,CAT001,1500,10,15000,450,14550,291,0,436.5,2025,March,23,14259,0
11/1/2025,SID018,Samira Akter,INV2511101180,Cosmetics World,Female,CUS00370,Online,Sanitary Napkins,HYG004,Hygiene Products,CAT004,350,75,26250,1312.5,24937.5,0,7481.25,748.12,2025,November,1,24937.5,7481.25
3/18/2026,SID003,Arif Hossain,INV2603101181,Crystal Cosmetics,Both,CUS00145,Online,Body Mist,COS037,Cosmetics,CAT002,450,94,42300,4230,38070,0,0,1142.1,2026,March,18,38070,0
11/8/2026,SID009,Imran Hossain,INV2611101182,Nova Cosmetics,Both,CUS00388,Corporate,Shampoo,COS005,Cosmetics,CAT002,700,28,19600,1960,17640,0,0,529.2,2026,November,8,17640,0
2/15/2026,SID013,Tanvir Islam,INV2602101183,Classic Beauty,Both,CUST025,Corporate,Body Butter,COS017,Cosmetics,CAT002,700,69,48300,0,48300,0,0,1449,2026,February,15,48300,0
6/22/2025,SID006,Mim Akter,INV2506101184,Glamour House,Both,CUS00409,Walk In,Face Mask,HYG002,Hygiene Products,CAT004,150,16,2400,0,2400,48,720,72,2025,June,22,2352,720
8/21/2026,SID008,Mahmudul Hasan,INV2608101185,Urban Trends,Both,CUS00018,Distributor,Hair Accessories,ACC010,Accessories,CAT003,400,54,21600,648,20952,419.04,6285.6,628.56,2026,August,21,20532.96,6285.6
2/7/2025,SID006,Samira Akter,INV2502101186,Cosmetics Plus,Female,CUS00313,Corporate,Men's Innerwear,APP016,Fashion Apparel,CAT001,700,75,52500,5250,47250,0,0,1417.5,2025,February,7,47250,0
5/10/2025,SID012,Rafiul Karim,INV2505101187,Apex Fashion,Female,CUST061,Online,Men's Nightwear,APP015,Fashion Apparel,CAT001,850,68,57800,0,57800,2890,11560,1734,2025,May,10,54910,11560
3/3/2026,SID010,Sadia Afrin,INV2603101188,Cosmetics Plus,Both,CUS00477,Retail,Men's Innerwear,APP016,Fashion Apparel,CAT001,700,7,4900,490,4410,88.2,882,132.3,2026,March,3,4321.8,882
4/8/2025,SID018,Nusrat Jahan,INV2504101189,Fashion Avenue,Female,CUS00299,Retail,Face Mask,COS020,Cosmetics,CAT002,600,7,4200,210,3990,79.8,0,119.7,2025,April,8,3910.2,0
12/27/2025,SID005,Tanvir Islam,INV2512101190,Shine Collection,Female,CUS00270,Walk In,Umbrella,ACC014,Accessories,CAT003,1200,25,30000,0,30000,600,0,900,2025,December,27,29400,0
2/22/2025,SID008,Nusrat Jahan,INV2502101191,Cosmetics Plus,Female,CUS00395,Walk In,Hair Removal Cream,HYG013,Hygiene Products,CAT004,450,32,14400,1440,12960,259.2,3888,388.8,2025,February,22,12700.8,3888
9/2/2025,SID008,Imran Hossain,INV2509101192,Fashion Express,Both,CUS00238,Distributor,Women's Leggings,APP012,Fashion Apparel,CAT001,1300,9,11700,819,10881,544.05,0,326.43,2025,September,2,10336.95,0
10/17/2025,SID012,Nusrat Jahan,INV2510101193,Bloom Cosmetics,Female,CUST027,Distributor,Body Mist,COS037,Cosmetics,CAT002,450,59,26550,1858.5,24691.5,1234.58,0,740.75,2025,October,17,23456.92,0
8/15/2025,SID017,Samira Akter,INV2508101194,Golden Fashion,Female,CUS00447,Distributor,Hair Spray,COS029,Cosmetics,CAT002,450,99,44550,1336.5,43213.5,2160.68,12964.05,1296.4,2025,August,15,41052.82,12964.05
4/8/2025,SID013,Abdullah Al Mamun,INV2504101195,Prime Collection,Female,CUS00176,Online,Body Mist,COS037,Cosmetics,CAT002,450,50,22500,1575,20925,0,4185,627.75,2025,April,8,20925,4185
9/17/2025,SID012,Abdullah Al Mamun,INV2509101196,Fashion Plus,Male,CUS00177,Distributor,Diapers,HYG012,Hygiene Products,CAT004,800,90,72000,5040,66960,3348,13392,2008.8,2025,September,17,63612,13392
4/15/2026,SID009,Bonna Akter,INV2604101197,Fashion Central,Male,CUS00366,Corporate,Baby Wipes,HYG011,Hygiene Products,CAT004,250,28,7000,350,6650,332.5,0,199.5,2026,April,15,6317.5,0
2/24/2025,SID001,Tanjina Sultana,INV2502101198,Perfect Beauty,Both,CUS00207,Retail,Men Shirt,APP017,Fashion Apparel,CAT001,1600,42,67200,3360,63840,1276.8,12768,1915.2,2025,February,24,62563.2,12768
3/1/2026,SID020,Sadia Afrin,INV2603101199,Beauty Avenue,Female,CUST049,Distributor,Hair Straightener,COS035,Cosmetics,CAT002,3500,98,343000,10290,332710,16635.5,0,9981.3,2026,March,1,316074.5,0
5/23/2026,SID014,Bonna Akter,INV2605101200,Star Fashion,Male,CUS00406,Online,Hoodie,APP009,Fashion Apparel,CAT001,2500,15,37500,1125,36375,0,10912.5,1091.25,2026,May,23,36375,10912.5
12/3/2025,SID004,Nusrat Jahan,INV2512101201,Iconic Fashion,Both,CUS00098,Distributor,Body Butter,COS017,Cosmetics,CAT002,700,70,49000,3430,45570,2278.5,0,1367.1,2025,December,3,43291.5,0
10/2/2026,SID014,Sadia Afrin,INV2610101202,Beauty Point,Female,CUST066,Corporate,Hat,ACC007,Accessories,CAT003,700,31,21700,2170,19530,390.6,3906,585.9,2026,October,2,19139.4,3906
6/6/2026,SID004,Rashedul Islam,INV2606101203,Cosmetics Plus,Female,CUS00414,Distributor,Toothbrush,HYG006,Hygiene Products,CAT004,150,32,4800,0,4800,240,0,144,2026,June,6,4560,0
9/23/2025,SID007,Shakil Khan,INV2509101204,Classic Apparel,Female,CUST003,Walk In,Hair Conditioner,COS032,Cosmetics,CAT002,750,40,30000,2100,27900,1395,0,837,2025,September,23,26505,0
1/1/2025,SID015,Rashedul Islam,INV2501101205,Urban Style,Both,CUS00130,Walk In,Underarm Whitening Cream,COS024,Cosmetics,CAT002,500,58,29000,0,29000,580,8700,870,2025,January,1,28420,8700
8/6/2025,SID007,Sadia Afrin,INV2508101206,Glamour House,Both,CUS00315,Walk In,Feminine Wash,HYG010,Hygiene Products,CAT004,400,44,17600,0,17600,0,3520,528,2025,August,6,17600,3520
5/26/2026,SID007,Siam Ahmed,INV2605101207,Fashion World,Both,CUS00441,Walk In,Men T-Shirt,APP001,Fashion Apparel,CAT001,750,41,30750,922.5,29827.5,596.55,0,894.82,2026,May,26,29230.95,0
2/2/2025,SID019,Rakib Hasan,INV2502101208,Unique Collection,Male,CUS00133,Online,Deodorant,COS016,Cosmetics,CAT002,450,32,14400,1008,13392,267.84,0,401.76,2025,February,2,13124.16,0
12/23/2026,SID020,Rashedul Islam,INV2612101209,Fashion Express,Both,CUS00455,Retail,Nail Polish,COS013,Cosmetics,CAT002,400,38,15200,1520,13680,684,2736,410.4,2026,December,23,12996,2736
6/9/2026,SID004,Tanjina Sultana,INV2606101210,Classic Apparel,Female,CUST003,Walk In,Hair Removal Cream,HYG013,Hygiene Products,CAT004,450,97,43650,3055.5,40594.5,0,8118.9,1217.84,2026,June,9,40594.5,8118.9
9/5/2025,SID009,Tasnia Rahman,INV2509101211,Beauty Express,Male,CUST002,Online,Compact Powder,COS008,Cosmetics,CAT002,800,21,16800,840,15960,319.2,4788,478.8,2025,September,5,15640.8,4788
3/14/2026,SID009,Mim Akter,INV2603101212,Royal Cosmetics,Female,CUS00434,Corporate,Wallet,ACC002,Accessories,CAT003,1200,65,78000,2340,75660,0,15132,2269.8,2026,March,14,75660,15132
6/18/2025,SID016,Tanjina Sultana,INV2506101213,Luxury Apparel,Female,CUS00293,Walk In,Body Spray,COS011,Cosmetics,CAT002,500,95,47500,2375,45125,902.5,0,1353.75,2025,June,18,44222.5,0
11/21/2026,SID018,Mahmudul Hasan,INV2611101214,Fashion Plus,Both,CUS00336,Corporate,Body Lotion,COS004,Cosmetics,CAT002,650,63,40950,2047.5,38902.5,778.05,7780.5,1167.08,2026,November,21,38124.45,7780.5
10/27/2025,SID001,Arif Hossain,INV2510101215,Beauty Point,Female,CUST066,Corporate,Beard Oil,COS010,Cosmetics,CAT002,900,62,55800,1674,54126,2706.3,10825.2,1623.78,2025,October,27,51419.7,10825.2
6/21/2026,SID019,Rafiul Karim,INV2606101216,Fashion Plus,Female,CUS00089,Corporate,Men Shirt,APP017,Fashion Apparel,CAT001,1600,67,107200,5360,101840,2036.8,20368,3055.2,2026,June,21,99803.2,20368
8/16/2025,SID015,Bonna Akter,INV2508101217,Dream Fashion,Both,CUS00255,Distributor,Makeup Kit,COS034,Cosmetics,CAT002,2500,54,135000,13500,121500,2430,24300,3645,2025,August,16,119070,24300
6/23/2026,SID015,Mehedi Hasan,INV2606101218,Smart Beauty,Female,CUS00186,Retail,Mouthwash,HYG007,Hygiene Products,CAT004,300,77,23100,0,23100,0,0,693,2026,June,23,23100,0
1/25/2026,SID015,Farzana Akter,INV2601101219,Luxury Apparel,Male,CUS00105,Walk In,Women's Leggings,APP012,Fashion Apparel,CAT001,1300,82,106600,7462,99138,1982.76,19827.6,2974.14,2026,January,25,97155.24,19827.6
7/29/2025,SID009,Arif Hossain,INV2507101220,Signature Fashion,Both,CUS00040,Distributor,Men's Innerwear,APP016,Fashion Apparel,CAT001,700,19,13300,0,13300,0,0,399,2025,July,29,13300,0
6/2/2026,SID001,Mahmudul Hasan,INV2606101221,Glamour House,Female,CUS00328,Online,Mouthwash,HYG007,Hygiene Products,CAT004,300,76,22800,684,22116,1105.8,4423.2,663.48,2026,June,2,21010.2,4423.2
4/6/2025,SID018,Sadia Afrin,INV2504101222,Shine Collection,Both,CUS00201,Online,Toothbrush,HYG006,Hygiene Products,CAT004,150,93,13950,976.5,12973.5,648.68,3892.05,389.2,2025,April,6,12324.82,3892.05
8/2/2025,SID012,Jannatul Ferdous,INV2508101223,Moonlight Cosmetics,Both,CUS00319,Retail,Underarm Whitening Cream,HYG015,Hygiene Products,CAT004,500,45,22500,1575,20925,0,0,627.75,2025,August,2,20925,0
12/16/2026,SID012,Mahmudul Hasan,INV2612101224,Fashion World,Female,CUS00295,Distributor,Sanitary Napkins,HYG004,Hygiene Products,CAT004,350,68,23800,714,23086,461.72,6925.8,692.58,2026,December,16,22624.28,6925.8
6/16/2026,SID018,Nayeem Hasan,INV2606101225,Apex Fashion,Female,CUST061,Walk In,Beard Oil,COS010,Cosmetics,CAT002,900,78,70200,2106,68094,3404.7,13618.8,2042.82,2026,June,16,64689.3,13618.8
4/16/2025,SID004,Arif Hossain,INV2504101226,Modern Style,Male,CUS00131,Walk In,Watch,ACC005,Accessories,CAT003,5000,35,175000,0,175000,8750,52500,5250,2025,April,16,166250,52500
11/24/2026,SID019,Nusrat Jahan,INV2611101227,Elite Collection,Both,CUS00117,Retail,Women's Kurti,APP004,Fashion Apparel,CAT001,1800,30,54000,0,54000,0,0,1620,2026,November,24,54000,0
12/9/2026,SID001,Nayeem Hasan,INV2612101228,Perfect Beauty,Female,CUS00172,Distributor,Face Scrub,COS027,Cosmetics,CAT002,550,13,7150,214.5,6935.5,0,2080.65,208.06,2026,December,9,6935.5,2080.65
2/21/2026,SID007,Sabbir Ahmed,INV2602101229,Style World,Male,CUS00040,Walk In,Hair Straightener,COS035,Cosmetics,CAT002,3500,65,227500,22750,204750,0,61425,6142.5,2026,February,21,204750,61425
10/2/2025,SID001,Arif Hossain,INV2510101230,Global Apparel,Female,CUS00235,Corporate,Wallet,ACC002,Accessories,CAT003,1200,16,19200,576,18624,372.48,5587.2,558.72,2025,October,2,18251.52,5587.2
8/15/2025,SID003,Abdullah Al Mamun,INV2508101231,Blue Sky Fashion,Both,CUST014,Online,Hair Serum,COS006,Cosmetics,CAT002,1200,19,22800,1140,21660,0,6498,649.8,2025,August,15,21660,6498
10/31/2026,SID006,Mehedi Hasan,INV2610101232,Chic Collection,Male,CUST050,Online,Shaving Cream,HYG009,Hygiene Products,CAT004,350,53,18550,1298.5,17251.5,0,3450.3,517.54,2026,October,31,17251.5,3450.3
7/28/2025,SID018,Sabbir Ahmed,INV2507101233,Global Apparel,Female,CUS00229,Retail,Aftershave,COS019,Cosmetics,CAT002,800,7,5600,392,5208,104.16,0,156.24,2025,July,28,5103.84,0
3/7/2026,SID008,Rakib Hasan,INV2603101234,Style Corner,Male,CUS00268,Distributor,Mouthwash,HYG007,Hygiene Products,CAT004,300,48,14400,1440,12960,259.2,2592,388.8,2026,March,7,12700.8,2592
1/7/2026,SID003,Rafiul Karim,INV2601101235,Beauty Point,Female,CUST066,Corporate,Hair Conditioner,COS032,Cosmetics,CAT002,750,58,43500,1305,42195,2109.75,12658.5,1265.85,2026,January,7,40085.25,12658.5
4/19/2026,SID020,Tanvir Islam,INV2604101236,Style Corner,Both,CUS00488,Walk In,Body Mist,COS037,Cosmetics,CAT002,450,16,7200,360,6840,136.8,1368,205.2,2026,April,19,6703.2,1368
7/28/2026,SID012,Imran Hossain,INV2607101237,Glamour Point,Female,CUS00318,Retail,Hair Spray,COS029,Cosmetics,CAT002,450,29,13050,652.5,12397.5,619.88,0,371.93,2026,July,28,11777.62,0
5/26/2026,SID015,Mehedi Hasan,INV2605101238,Wonder Collection,Female,CUS00467,Corporate,Face Mask,COS020,Cosmetics,CAT002,600,6,3600,108,3492,69.84,1047.6,104.76,2026,May,26,3422.16,1047.6
8/7/2026,SID007,Rafiul Karim,INV2608101239,Royal Style,Male,CUS00092,Distributor,Condom,COS036,Cosmetics,CAT002,300,80,24000,1200,22800,1140,6840,684,2026,August,7,21660,6840
6/12/2026,SID002,Rafiul Karim,INV2606101240,Cosmetics Central,Female,CUST058,Distributor,Body Spray,COS011,Cosmetics,CAT002,500,21,10500,1050,9450,0,1890,283.5,2026,June,12,9450,1890
7/28/2026,SID015,Rashedul Islam,INV2607101241,Urban Trends,Female,CUS00072,Distributor,Aftershave,COS019,Cosmetics,CAT002,800,11,8800,616,8184,409.2,0,245.52,2026,July,28,7774.8,0
2/26/2026,SID004,Sharmin Akter,INV2602101242,Golden Fashion,Male,CUS00225,Online,Body Butter,COS017,Cosmetics,CAT002,700,74,51800,2590,49210,0,9842,1476.3,2026,February,26,49210,9842
2/4/2025,SID004,Sadia Afrin,INV2502101243,NextGen Fashion,Male,CUS00059,Corporate,Body Wash,COS030,Cosmetics,CAT002,600,24,14400,1440,12960,259.2,0,388.8,2025,February,4,12700.8,0
4/22/2025,SID002,Jannatul Ferdous,INV2504101244,Glow & Shine,Female,CUS00308,Distributor,Body Scrub,COS026,Cosmetics,CAT002,650,31,20150,1007.5,19142.5,957.12,3828.5,574.27,2025,April,22,18185.38,3828.5
7/6/2026,SID013,Sadia Afrin,INV2607101245,Pink Beauty,Male,CUS00257,Corporate,Feminine Wash,COS022,Cosmetics,CAT002,400,35,14000,420,13580,271.6,0,407.4,2026,July,6,13308.4,0
9/10/2025,SID011,Samira Akter,INV2509101246,Fashion Express,Female,CUS00418,Online,Personal Lubricant,COS039,Cosmetics,CAT002,350,58,20300,609,19691,0,0,590.73,2025,September,10,19691,0
10/2/2026,SID007,Sharmin Akter,INV2610101247,Urban Avenue,Female,CUS00350,Retail,Hair Removal Cream,HYG013,Hygiene Products,CAT004,450,18,8100,405,7695,384.75,2308.5,230.85,2026,October,2,7310.25,2308.5
11/18/2025,SID014,Rashedul Islam,INV2511101248,Golden Fashion,Male,CUS00106,Retail,Women's Top,APP006,Fashion Apparel,CAT001,1200,48,57600,4032,53568,0,0,1607.04,2025,November,18,53568,0
7/5/2026,SID002,Mim Akter,INV2607101249,Urban Beauty,Male,CUS00001,Corporate,Face Mask,HYG002,Hygiene Products,CAT004,150,76,11400,0,11400,0,2280,342,2026,July,5,11400,2280
1/7/2025,SID014,Imran Hossain,INV2501101250,Beauty Express,Male,CUST002,Online,Umbrella,ACC014,Accessories,CAT003,1200,38,45600,2280,43320,2166,0,1299.6,2025,January,7,41154,0
12/15/2025,SID008,Nusrat Jahan,INV2512101251,Fashion World,Both,CUS00317,Corporate,Hair Conditioner,COS032,Cosmetics,CAT002,750,86,64500,0,64500,0,0,1935,2025,December,15,64500,0
12/22/2025,SID019,Mehedi Hasan,INV2512101252,Fashion World,Male,CUS00267,Online,Sunscreen,COS009,Cosmetics,CAT002,1150,53,60950,0,60950,1219,12190,1828.5,2025,December,22,59731,12190
12/9/2025,SID015,Imran Hossain,INV2512101253,Dream Fashion,Both,CUS00107,Online,Women's Leggings,APP012,Fashion Apparel,CAT001,1300,60,78000,5460,72540,0,14508,2176.2,2025,December,9,72540,14508
7/10/2025,SID014,Rakib Hasan,INV2507101254,Grace Boutique,Male,CUS00248,Corporate,Body Butter,COS017,Cosmetics,CAT002,700,35,24500,2450,22050,0,0,661.5,2025,July,10,22050,0
3/25/2025,SID007,Tasnia Rahman,INV2503101255,Royal Style,Female,CUS00057,Walk In,Hair Mask,COS018,Cosmetics,CAT002,1100,23,25300,1265,24035,480.7,7210.5,721.05,2025,March,25,23554.3,7210.5
11/23/2025,SID006,Arif Hossain,INV2511101256,Modern Boutique,Both,CUS00110,Distributor,Aftershave,COS019,Cosmetics,CAT002,800,54,43200,2160,41040,820.8,8208,1231.2,2025,November,23,40219.2,8208
6/25/2026,SID001,Tanjina Sultana,INV2606101257,Lily Boutique,Male,CUS00443,Retail,Women's Leggings,APP012,Fashion Apparel,CAT001,1300,93,120900,3627,117273,5863.65,35181.9,3518.19,2026,June,25,111409.35,35181.9
9/28/2025,SID017,Tasnia Rahman,INV2509101258,Elegant Boutique,Male,CUS00483,Distributor,Men Jeans,APP003,Fashion Apparel,CAT001,2200,63,138600,9702,128898,0,25779.6,3866.94,2025,September,28,128898,25779.6
6/22/2026,SID012,Shakil Khan,INV2606101259,Smart Beauty,Both,CUS00347,Distributor,Shaving Cream,HYG009,Hygiene Products,CAT004,350,35,12250,0,12250,612.5,0,367.5,2026,June,22,11637.5,0
10/18/2026,SID010,Sabbir Ahmed,INV2610101260,Apex Fashion,Female,CUST061,Walk In,Gloves,ACC008,Accessories,CAT003,600,63,37800,2646,35154,703.08,10546.2,1054.62,2026,October,18,34450.92,10546.2
12/27/2025,SID007,Sadia Afrin,INV2512101261,Wonder Collection,Both,CUS00201,Corporate,Footwear,ACC011,Accessories,CAT003,2500,68,170000,11900,158100,7905,47430,4743,2025,December,27,150195,47430
3/29/2026,SID015,Sadia Afrin,INV2603101262,Smart Collection,Both,CUS00156,Distributor,Disinfectant Spray,HYG003,Hygiene Products,CAT004,400,5,2000,0,2000,40,400,60,2026,March,29,1960,400
7/30/2026,SID006,Shakil Khan,INV2607101263,Fresh Look,Female,CUS00437,Retail,Gloves,ACC008,Accessories,CAT003,600,11,6600,0,6600,132,0,198,2026,July,30,6468,0
6/15/2025,SID003,Rafiul Karim,INV2506101264,Signature Fashion,Male,CUS00215,Distributor,Toothbrush,HYG006,Hygiene Products,CAT004,150,93,13950,697.5,13252.5,265.05,3975.75,397.57,2025,June,15,12987.45,3975.75
5/3/2026,SID005,Jannatul Ferdous,INV2605101265,Trendy Shop,Both,CUS00057,Online,Hair Removal Cream,HYG013,Hygiene Products,CAT004,450,45,20250,1417.5,18832.5,376.65,0,564.98,2026,May,3,18455.85,0
3/27/2025,SID006,Mahmudul Hasan,INV2503101266,Fashion Central,Female,CUS00474,Retail,Face Mask,COS020,Cosmetics,CAT002,600,80,48000,4800,43200,0,12960,1296,2025,March,27,43200,12960
12/28/2025,SID014,Sabbir Ahmed,INV2512101267,Star Fashion,Both,CUS00177,Distributor,Toothbrush,HYG006,Hygiene Products,CAT004,150,87,13050,0,13050,0,3915,391.5,2025,December,28,13050,3915
11/22/2026,SID003,Bonna Akter,INV2611101268,Fresh Look,Female,CUS00026,Walk In,Kids T-Shirt,APP007,Fashion Apparel,CAT001,650,67,43550,2177.5,41372.5,2068.62,12411.75,1241.17,2026,November,22,39303.88,12411.75
11/6/2025,SID019,Mahmudul Hasan,INV2511101269,Fashion Avenue,Male,CUS00458,Corporate,Body Mist,COS037,Cosmetics,CAT002,450,55,24750,1732.5,23017.5,1150.88,6905.25,690.52,2025,November,6,21866.62,6905.25
6/5/2025,SID015,Tanjina Sultana,INV2506101270,Fashion Express,Female,CUS00052,Walk In,Personal Lubricant,COS039,Cosmetics,CAT002,350,6,2100,63,2037,101.85,407.4,61.11,2025,June,5,1935.15,407.4
11/15/2026,SID001,Rashedul Islam,INV2611101271,Pink Beauty,Female,CUS00378,Retail,Women's Nightwear,APP014,Fashion Apparel,CAT001,800,88,70400,0,70400,1408,21120,2112,2026,November,15,68992,21120
8/30/2025,SID008,Shuvo Das,INV2508101272,Dream Fashion,Both,CUS00085,Walk In,Wallet,ACC002,Accessories,CAT003,1200,34,40800,1224,39576,0,0,1187.28,2025,August,30,39576,0
7/28/2025,SID010,Tanvir Islam,INV2507101273,Elegant Choice,Both,CUS00411,Corporate,Sunglasses,ACC004,Accessories,CAT003,1500,90,135000,9450,125550,6277.5,25110,3766.5,2025,July,28,119272.5,25110
4/17/2026,SID020,Nayeem Hasan,INV2604101274,Cosmo House,Both,CUST055,Distributor,Diapers,HYG012,Hygiene Products,CAT004,800,95,76000,0,76000,0,22800,2280,2026,April,17,76000,22800
2/6/2025,SID003,Sabbir Ahmed,INV2502101275,Diamond Cosmetics,Both,CUS00332,Corporate,Face Toner,COS033,Cosmetics,CAT002,500,38,19000,570,18430,368.6,3686,552.9,2025,February,6,18061.4,3686
5/21/2025,SID014,Mim Akter,INV2505101276,Dream Fashion,Male,CUS00205,Walk In,Men Shirt,APP017,Fashion Apparel,CAT001,1600,94,150400,7520,142880,2857.6,42864,4286.4,2025,May,21,140022.4,42864
1/1/2025,SID011,Rashedul Islam,INV2501101277,Infinity Style,Both,CUS00010,Online,Hair Straightener,COS035,Cosmetics,CAT002,3500,28,98000,4900,93100,1862,0,2793,2025,January,1,91238,0
10/14/2026,SID001,Shuvo Das,INV2610101278,Lily Boutique,Male,CUS00303,Retail,Beard Oil,COS010,Cosmetics,CAT002,900,7,6300,441,5859,117.18,1171.8,175.77,2026,October,14,5741.82,1171.8
8/3/2025,SID013,Abdullah Al Mamun,INV2508101279,Urban Trends,Male,CUS00256,Walk In,Personal Lubricant,COS039,Cosmetics,CAT002,350,100,35000,1750,33250,0,6650,997.5,2025,August,3,33250,6650
5/21/2025,SID006,Farzana Akter,INV2505101280,Classic Beauty,Both,CUST025,Corporate,Sanitary Napkins,HYG004,Hygiene Products,CAT004,350,37,12950,906.5,12043.5,0,3613.05,361.31,2025,May,21,12043.5,3613.05
1/14/2025,SID017,Nayeem Hasan,INV2501101281,Trendy Boutique,Female,CUS00151,Corporate,Women's Top,APP006,Fashion Apparel,CAT001,1200,20,24000,0,24000,1200,4800,720,2025,January,14,22800,4800
4/12/2026,SID002,Farzana Akter,INV2604101282,Glow & Shine,Both,CUS00470,Corporate,Watch,ACC005,Accessories,CAT003,5000,51,255000,25500,229500,4590,68850,6885,2026,April,12,224910,68850
4/7/2026,SID018,Nayeem Hasan,INV2604101283,Beauty Express,Male,CUST002,Online,Personal Lubricant,COS039,Cosmetics,CAT002,350,89,31150,1557.5,29592.5,0,8877.75,887.77,2026,April,7,29592.5,8877.75
5/2/2026,SID014,Mahmudul Hasan,INV2605101284,Signature Fashion,Both,CUS00257,Walk In,Disinfectant Spray,HYG003,Hygiene Products,CAT004,400,30,12000,840,11160,0,0,334.8,2026,May,2,11160,0
10/6/2025,SID019,Sadia Afrin,INV2510101285,Pink Beauty,Male,CUS00434,Retail,Personal Lubricant,COS039,Cosmetics,CAT002,350,72,25200,1764,23436,0,4687.2,703.08,2025,October,6,23436,4687.2
2/17/2025,SID020,Imran Hossain,INV2502101286,Urban Avenue,Both,CUS00175,Corporate,Toothpaste,HYG005,Hygiene Products,CAT004,200,48,9600,288,9312,186.24,2793.6,279.36,2025,February,17,9125.76,2793.6
4/3/2025,SID001,Sharmin Akter,INV2504101287,Diamond Cosmetics,Male,CUS00064,Retail,Hand Sanitizer,HYG001,Hygiene Products,CAT004,250,54,13500,1350,12150,0,0,364.5,2025,April,3,12150,0
10/22/2026,SID013,Rakib Hasan,INV2610101288,Diamond Cosmetics,Female,CUS00406,Distributor,Hair Spray,COS029,Cosmetics,CAT002,450,80,36000,2520,33480,0,6696,1004.4,2026,October,22,33480,6696
9/11/2025,SID007,Sharmin Akter,INV2509101289,NextGen Fashion,Both,CUS00086,Walk In,Hat,ACC007,Accessories,CAT003,700,61,42700,2135,40565,0,12169.5,1216.95,2025,September,11,40565,12169.5
5/4/2026,SID017,Tanjina Sultana,INV2605101290,Beauty Avenue,Female,CUST049,Distributor,Hair Conditioner,COS032,Cosmetics,CAT002,750,55,41250,2062.5,39187.5,0,0,1175.62,2026,May,4,39187.5,0
1/22/2026,SID014,Sadia Afrin,INV2601101291,Fashion World,Male,CUS00317,Distributor,Women's Saree,APP005,Fashion Apparel,CAT001,3200,15,48000,3360,44640,0,8928,1339.2,2026,January,22,44640,8928
7/30/2025,SID001,Tasnia Rahman,INV2507101292,Rainbow Apparel,Female,CUS00422,Walk In,Women's Top,APP006,Fashion Apparel,CAT001,1200,80,96000,4800,91200,1824,27360,2736,2025,July,30,89376,27360
5/3/2026,SID010,Rashedul Islam,INV2605101293,Lily Boutique,Female,CUS00124,Online,Perfume,COS003,Cosmetics,CAT002,2200,81,178200,8910,169290,8464.5,0,5078.7,2026,May,3,160825.5,0
10/31/2026,SID002,Bonna Akter,INV2610101294,Elegant Choice,Female,CUS00030,Distributor,Women's Saree,APP005,Fashion Apparel,CAT001,3200,80,256000,25600,230400,11520,46080,6912,2026,October,31,218880,46080
7/22/2026,SID019,Jannatul Ferdous,INV2607101295,Fashion World,Male,CUS00334,Walk In,Men Polo Shirt,APP002,Fashion Apparel,CAT001,1100,65,71500,3575,67925,3396.25,13585,2037.75,2026,July,22,64528.75,13585
4/1/2025,SID005,Rakib Hasan,INV2504101296,Unique Collection,Both,CUS00160,Distributor,Luggage,ACC013,Accessories,CAT003,8000,81,648000,32400,615600,12312,123120,18468,2025,April,1,603288,123120
12/8/2025,SID019,Rakib Hasan,INV2512101297,Fresh Look,Female,CUS00492,Distributor,Hair Removal Cream,COS025,Cosmetics,CAT002,450,21,9450,472.5,8977.5,179.55,1795.5,269.32,2025,December,8,8797.95,1795.5
7/10/2025,SID013,Samira Akter,INV2507101298,Apex Fashion,Female,CUST061,Online,Face Serum,COS014,Cosmetics,CAT002,1300,24,31200,3120,28080,561.6,0,842.4,2025,July,10,27518.4,0
1/24/2025,SID020,Rafiul Karim,INV2501101299,Elegant Choice,Female,CUS00064,Online,Hair Conditioner,COS032,Cosmetics,CAT002,750,19,14250,712.5,13537.5,0,2707.5,406.12,2025,January,24,13537.5,2707.5
7/19/2025,SID015,Nusrat Jahan,INV2507101300,Fashion Avenue,Both,CUS00008,Distributor,Handbag,ACC001,Accessories,CAT003,3500,36,126000,8820,117180,2343.6,0,3515.4,2025,July,19,114836.4,0
1/2/2026,SID020,Nusrat Jahan,INV2601101301,Shine Collection,Male,CUS00240,Corporate,Backpack,ACC012,Accessories,CAT003,3000,94,282000,28200,253800,5076,0,7614,2026,January,2,248724,0
10/28/2025,SID012,Bonna Akter,INV2510101302,Trendy Shop,Female,CUS00437,Retail,Beard Oil,COS010,Cosmetics,CAT002,900,33,29700,1485,28215,1410.75,5643,846.45,2025,October,28,26804.25,5643
12/24/2025,SID020,Imran Hossain,INV2512101303,Diamond Cosmetics,Female,CUS00348,Corporate,Feminine Wash,COS022,Cosmetics,CAT002,400,41,16400,820,15580,0,3116,467.4,2025,December,24,15580,3116
3/18/2026,SID014,Jannatul Ferdous,INV2603101304,Apex Fashion,Female,CUST061,Retail,Sunglasses,ACC004,Accessories,CAT003,1500,12,18000,900,17100,0,0,513,2026,March,18,17100,0
11/15/2026,SID001,Nusrat Jahan,INV2611101305,Prime Collection,Male,CUS00258,Distributor,Jewelry Set,ACC009,Accessories,CAT003,4500,58,261000,18270,242730,4854.6,0,7281.9,2026,November,15,237875.4,0
7/23/2026,SID003,Nusrat Jahan,INV2607101306,Modern Boutique,Male,CUS00481,Walk In,Body Butter,COS017,Cosmetics,CAT002,700,8,5600,280,5320,0,1596,159.6,2026,July,23,5320,1596
5/26/2025,SID020,Arif Hossain,INV2505101307,Fashion Central,Both,CUS00110,Distributor,Hoodie,APP009,Fashion Apparel,CAT001,2500,43,107500,5375,102125,2042.5,0,3063.75,2025,May,26,100082.5,0
11/3/2026,SID005,Arif Hossain,INV2611101308,Beauty Avenue,Female,CUST049,Distributor,Watch,ACC005,Accessories,CAT003,5000,93,465000,23250,441750,8835,0,13252.5,2026,November,3,432915,0
5/28/2026,SID019,Rafiul Karim,INV2605101309,Pink Beauty,Both,CUS00451,Online,Bra & Panty Set,APP013,Fashion Apparel,CAT001,900,10,9000,270,8730,174.6,2619,261.9,2026,May,28,8555.4,2619
7/2/2026,SID001,Arif Hossain,INV2607101310,Fashion Point,Female,CUS00251,Distributor,Men Polo Shirt,APP002,Fashion Apparel,CAT001,1100,64,70400,4928,65472,1309.44,19641.6,1964.16,2026,July,2,64162.56,19641.6
11/10/2026,SID001,Rafiul Karim,INV2611101311,Star Fashion,Both,CUS00138,Distributor,Hair Spray,COS029,Cosmetics,CAT002,450,54,24300,729,23571,0,7071.3,707.13,2026,November,10,23571,7071.3
5/18/2025,SID007,Samira Akter,INV2505101312,Beauty Avenue,Female,CUST049,Distributor,Women's Saree,APP005,Fashion Apparel,CAT001,3200,41,131200,9184,122016,6100.8,24403.2,3660.48,2025,May,18,115915.2,24403.2
9/2/2025,SID019,Rakib Hasan,INV2509101313,Wonder Collection,Male,CUS00135,Retail,Toothbrush,HYG006,Hygiene Products,CAT004,150,79,11850,0,11850,237,2370,355.5,2025,September,2,11613,2370
11/2/2026,SID015,Tanvir Islam,INV2611101314,Unique Collection,Female,CUS00335,Walk In,Disinfectant Spray,HYG003,Hygiene Products,CAT004,400,45,18000,1800,16200,810,0,486,2026,November,2,15390,0
5/25/2026,SID002,Sabbir Ahmed,INV2605101315,New Era Fashion,Both,CUS00142,Walk In,Gloves,ACC008,Accessories,CAT003,600,6,3600,180,3420,171,684,102.6,2026,May,25,3249,684
2/12/2025,SID001,Shuvo Das,INV2502101316,Urban Trends,Both,CUS00215,Walk In,Women's Saree,APP005,Fashion Apparel,CAT001,3200,55,176000,17600,158400,7920,31680,4752,2025,February,12,150480,31680
6/21/2026,SID002,Sadia Afrin,INV2606101317,Glow & Shine,Female,CUS00235,Retail,Women's Saree,APP005,Fashion Apparel,CAT001,3200,55,176000,12320,163680,8184,49104,4910.4,2026,June,21,155496,49104
3/30/2026,SID009,Mahmudul Hasan,INV2603101318,Crystal Cosmetics,Male,CUS00164,Corporate,Luggage,ACC013,Accessories,CAT003,8000,55,440000,0,440000,22000,88000,13200,2026,March,30,418000,88000
2/28/2026,SID001,Bonna Akter,INV2602101319,Cosmetics Plus,Female,CUS00332,Walk In,Deodorant,COS016,Cosmetics,CAT002,450,8,3600,252,3348,167.4,1004.4,100.44,2026,February,28,3180.6,1004.4
12/2/2025,SID014,Sabbir Ahmed,INV2512101320,New Era Fashion,Female,CUS00176,Retail,Hair Accessories,ACC010,Accessories,CAT003,400,72,28800,2880,25920,518.4,7776,777.6,2025,December,2,25401.6,7776
3/17/2026,SID014,Arif Hossain,INV2603101321,Global Apparel,Both,CUS00489,Walk In,Face Serum,COS014,Cosmetics,CAT002,1300,63,81900,5733,76167,3808.35,0,2285.01,2026,March,17,72358.65,0
8/17/2026,SID012,Mahmudul Hasan,INV2608101322,Classic Apparel,Female,CUST003,Walk In,Deodorant,HYG008,Hygiene Products,CAT004,450,49,22050,661.5,21388.5,0,4277.7,641.65,2026,August,17,21388.5,4277.7
5/13/2025,SID020,Rashedul Islam,INV2505101323,Beauty World,Male,CUST010,Distributor,Shaving Cream,HYG009,Hygiene Products,CAT004,350,91,31850,0,31850,0,0,955.5,2025,May,13,31850,0
10/19/2025,SID015,Jannatul Ferdous,INV2510101324,Global Apparel,Both,CUS00462,Corporate,Shaving Cream,COS021,Cosmetics,CAT002,350,83,29050,2905,26145,1307.25,7843.5,784.35,2025,October,19,24837.75,7843.5
8/9/2026,SID016,Imran Hossain,INV2608101325,Glow & Shine,Female,CUS00077,Distributor,Body Oil,COS040,Cosmetics,CAT002,800,100,80000,5600,74400,1488,0,2232,2026,August,9,72912,0
7/13/2025,SID009,Shakil Khan,INV2507101326,Blue Sky Fashion,Both,CUST014,Online,Gloves,ACC008,Accessories,CAT003,600,10,6000,180,5820,116.4,0,174.6,2025,July,13,5703.6,0
11/1/2025,SID020,Sabbir Ahmed,INV2511101327,Golden Fashion,Male,CUS00369,Retail,Face Scrub,COS027,Cosmetics,CAT002,550,19,10450,522.5,9927.5,0,0,297.82,2025,November,1,9927.5,0
1/9/2026,SID004,Shuvo Das,INV2601101328,Diamond Cosmetics,Both,CUS00463,Corporate,Hair Serum,COS006,Cosmetics,CAT002,1200,9,10800,324,10476,523.8,2095.2,314.28,2026,January,9,9952.2,2095.2
12/18/2025,SID017,Siam Ahmed,INV2512101329,Star Fashion,Both,CUS00092,Corporate,Women's Skirt,APP011,Fashion Apparel,CAT001,1500,29,43500,0,43500,0,13050,1305,2025,December,18,43500,13050
8/1/2025,SID010,Samira Akter,INV2508101330,Wonder Collection,Male,CUS00015,Online,Perfume,COS003,Cosmetics,CAT002,2200,37,81400,4070,77330,0,0,2319.9,2025,August,1,77330,0
6/22/2026,SID017,Nayeem Hasan,INV2606101331,Urban Avenue,Both,CUS00410,Walk In,Body Butter,COS017,Cosmetics,CAT002,700,81,56700,5670,51030,0,10206,1530.9,2026,June,22,51030,10206
12/2/2025,SID014,Mahmudul Hasan,INV2512101332,Grace Boutique,Female,CUS00095,Online,Umbrella,ACC014,Accessories,CAT003,1200,66,79200,3960,75240,1504.8,15048,2257.2,2025,December,2,73735.2,15048
12/25/2026,SID016,Tasnia Rahman,INV2612101333,Infinity Style,Both,CUS00301,Online,Mouthwash,HYG007,Hygiene Products,CAT004,300,64,19200,1920,17280,864,5184,518.4,2026,December,25,16416,5184
4/10/2025,SID017,Shuvo Das,INV2504101334,New Era Fashion,Male,CUS00027,Corporate,Hoodie,APP009,Fashion Apparel,CAT001,2500,37,92500,6475,86025,0,25807.5,2580.75,2025,April,10,86025,25807.5
10/16/2026,SID013,Sadia Afrin,INV2610101335,Fashion Point,Male,CUS00102,Distributor,Women's Kurti,APP004,Fashion Apparel,CAT001,1800,61,109800,5490,104310,5215.5,0,3129.3,2026,October,16,99094.5,0
2/26/2025,SID011,Jannatul Ferdous,INV2502101336,Glow & Shine,Both,CUS00330,Retail,Jewelry Set,ACC009,Accessories,CAT003,4500,70,315000,15750,299250,5985,59850,8977.5,2025,February,26,293265,59850
12/8/2025,SID008,Arif Hossain,INV2512101337,NextGen Fashion,Male,CUS00320,Online,Aftershave,COS019,Cosmetics,CAT002,800,80,64000,0,64000,0,0,1920,2025,December,8,64000,0
11/19/2025,SID002,Nayeem Hasan,INV2511101338,Royal Style,Both,CUS00097,Distributor,Watch,ACC005,Accessories,CAT003,5000,59,295000,20650,274350,5487,54870,8230.5,2025,November,19,268863,54870
4/14/2026,SID011,Sadia Afrin,INV2604101339,Smart Beauty,Male,CUS00115,Online,Lipstick,COS002,Cosmetics,CAT002,850,55,46750,1402.5,45347.5,906.95,9069.5,1360.42,2026,April,14,44440.55,9069.5
3/11/2026,SID008,Farzana Akter,INV2603101340,Chic Collection,Male,CUST050,Online,Sanitary Napkins,HYG004,Hygiene Products,CAT004,350,16,5600,392,5208,0,1562.4,156.24,2026,March,11,5208,1562.4
4/28/2025,SID007,Mim Akter,INV2504101341,Fashion Plus,Female,CUS00209,Corporate,Sunscreen,COS009,Cosmetics,CAT002,1150,97,111550,5577.5,105972.5,0,21194.5,3179.17,2025,April,28,105972.5,21194.5
9/24/2025,SID006,Jannatul Ferdous,INV2509101342,Modern Boutique,Both,CUS00131,Retail,Deodorant,COS016,Cosmetics,CAT002,450,70,31500,3150,28350,567,8505,850.5,2025,September,24,27783,8505
9/28/2025,SID018,Sadia Afrin,INV2509101343,Cosmetics World,Both,CUS00047,Walk In,Men Polo Shirt,APP002,Fashion Apparel,CAT001,1100,69,75900,0,75900,0,22770,2277,2025,September,28,75900,22770
12/23/2026,SID002,Shakil Khan,INV2612101344,Trendy Shop,Both,CUS00293,Retail,Men Polo Shirt,APP002,Fashion Apparel,CAT001,1100,28,30800,0,30800,616,0,924,2026,December,23,30184,0
4/8/2025,SID011,Bonna Akter,INV2504101345,Glow & Shine,Both,CUS00274,Distributor,Foot Care Cream,COS023,Cosmetics,CAT002,300,8,2400,240,2160,43.2,432,64.8,2025,April,8,2116.8,432
8/7/2026,SID007,Farzana Akter,INV2608101346,Cosmetics Plus,Male,CUS00187,Walk In,Luggage,ACC013,Accessories,CAT003,8000,45,360000,0,360000,0,0,10800,2026,August,7,360000,0
2/7/2025,SID020,Imran Hossain,INV2502101347,Shine Collection,Both,CUS00318,Walk In,Face Mask,HYG002,Hygiene Products,CAT004,150,42,6300,441,5859,117.18,0,175.77,2025,February,7,5741.82,0
7/18/2025,SID005,Imran Hossain,INV2507101348,Urban Beauty,Female,CUS00446,Retail,Hair Accessories,ACC010,Accessories,CAT003,400,44,17600,1760,15840,792,3168,475.2,2025,July,18,15048,3168
6/2/2026,SID017,Rakib Hasan,INV2606101349,Unique Collection,Male,CUS00158,Distributor,Footwear,ACC011,Accessories,CAT003,2500,28,70000,3500,66500,3325,0,1995,2026,June,2,63175,0
6/18/2026,SID012,Mehedi Hasan,INV2606101350,Moonlight Cosmetics,Both,CUS00306,Retail,Men's Innerwear,APP016,Fashion Apparel,CAT001,700,7,4900,245,4655,93.1,1396.5,139.65,2026,June,18,4561.9,1396.5
4/8/2026,SID018,Mehedi Hasan,INV2604101351,Nova Cosmetics,Male,CUS00062,Walk In,Deodorant,COS016,Cosmetics,CAT002,450,24,10800,0,10800,216,2160,324,2026,April,8,10584,2160
8/24/2026,SID019,Sabbir Ahmed,INV2608101352,NextGen Fashion,Male,CUS00330,Online,Kids Dress,APP008,Fashion Apparel,CAT001,950,37,35150,0,35150,0,0,1054.5,2026,August,24,35150,0
6/2/2026,SID001,Nayeem Hasan,INV2606101353,Moonlight Cosmetics,Both,CUS00218,Online,Foot Care Cream,COS023,Cosmetics,CAT002,300,74,22200,0,22200,1110,6660,666,2026,June,2,21090,6660
10/31/2026,SID015,Sabbir Ahmed,INV2610101354,Shine Collection,Both,CUS00241,Corporate,Toothpaste,HYG005,Hygiene Products,CAT004,200,88,17600,880,16720,334.4,0,501.6,2026,October,31,16385.6,0
7/28/2025,SID014,Tanjina Sultana,INV2507101355,Fashion Hub Ltd,Male,CUS00336,Corporate,Mouthwash,HYG007,Hygiene Products,CAT004,300,25,7500,375,7125,0,0,213.75,2025,July,28,7125,0
1/30/2025,SID010,Rashedul Islam,INV2501101356,Lily Boutique,Female,CUS00168,Online,Body Wash,COS030,Cosmetics,CAT002,600,56,33600,3360,30240,604.8,0,907.2,2025,January,30,29635.2,0
8/21/2026,SID018,Shuvo Das,INV2608101357,Elite Collection,Both,CUS00231,Retail,Foot Care Cream,COS023,Cosmetics,CAT002,300,62,18600,558,18042,902.1,0,541.26,2026,August,21,17139.9,0
3/22/2025,SID020,Arif Hossain,INV2503101358,Elite Collection,Male,CUS00120,Retail,Baby Wipes,HYG011,Hygiene Products,CAT004,250,73,18250,0,18250,0,0,547.5,2025,March,22,18250,0
12/16/2026,SID003,Abdullah Al Mamun,INV2612101359,Wonder Collection,Female,CUS00196,Distributor,Handbag,ACC001,Accessories,CAT003,3500,97,339500,16975,322525,16126.25,0,9675.75,2026,December,16,306398.75,0
9/17/2026,SID004,Nayeem Hasan,INV2609101360,Shine Collection,Female,CUS00273,Corporate,Body Butter,COS017,Cosmetics,CAT002,700,78,54600,2730,51870,1037.4,10374,1556.1,2026,September,17,50832.6,10374
12/11/2026,SID004,Arif Hossain,INV2612101361,Diamond Cosmetics,Female,CUS00410,Walk In,Men Shirt,APP017,Fashion Apparel,CAT001,1600,33,52800,5280,47520,0,14256,1425.6,2026,December,11,47520,14256
1/31/2026,SID016,Sabbir Ahmed,INV2601101362,Moonlight Cosmetics,Female,CUS00178,Corporate,Scarf,ACC006,Accessories,CAT003,900,53,47700,1431,46269,0,9253.8,1388.07,2026,January,31,46269,9253.8
9/4/2025,SID013,Samira Akter,INV2509101363,Iconic Fashion,Male,CUS00468,Walk In,Scarf,ACC006,Accessories,CAT003,900,85,76500,0,76500,3825,22950,2295,2025,September,4,72675,22950
1/24/2026,SID019,Sabbir Ahmed,INV2601101364,Modern Style,Male,CUS00157,Retail,Shaving Cream,COS021,Cosmetics,CAT002,350,69,24150,1690.5,22459.5,0,0,673.78,2026,January,24,22459.5,0
2/12/2026,SID003,Samira Akter,INV2602101365,Infinity Style,Both,CUS00074,Retail,Women's Nightwear,APP014,Fashion Apparel,CAT001,800,89,71200,2136,69064,0,13812.8,2071.92,2026,February,12,69064,13812.8
7/27/2026,SID007,Mim Akter,INV2607101366,Urban Avenue,Male,CUS00395,Distributor,Face Mask,HYG002,Hygiene Products,CAT004,150,58,8700,261,8439,168.78,2531.7,253.17,2026,July,27,8270.22,2531.7
8/5/2025,SID016,Arif Hossain,INV2508101367,New Era Fashion,Male,CUS00241,Retail,Hair Dryer,COS038,Cosmetics,CAT002,4000,87,348000,24360,323640,6472.8,0,9709.2,2025,August,5,317167.2,0
6/2/2025,SID014,Rashedul Islam,INV2506101368,Urban Trends,Female,CUS00277,Online,Aftershave,COS019,Cosmetics,CAT002,800,95,76000,7600,68400,3420,20520,2052,2025,June,2,64980,20520
8/25/2025,SID007,Rashedul Islam,INV2508101369,Chic Collection,Male,CUST050,Online,Kids Dress,APP008,Fashion Apparel,CAT001,950,42,39900,1995,37905,758.1,7581,1137.15,2025,August,25,37146.9,7581
3/2/2025,SID001,Rashedul Islam,INV2503101370,Fashion World,Male,CUS00487,Corporate,Body Wash,COS030,Cosmetics,CAT002,600,96,57600,1728,55872,1117.44,16761.6,1676.16,2025,March,2,54754.56,16761.6
4/1/2025,SID007,Jannatul Ferdous,INV2504101371,Urban Style,Male,CUS00142,Distributor,Personal Lubricant,COS039,Cosmetics,CAT002,350,23,8050,402.5,7647.5,0,1529.5,229.42,2025,April,1,7647.5,1529.5
5/21/2025,SID004,Shuvo Das,INV2505101372,Modern Style,Male,CUS00163,Retail,Hair Removal Cream,COS025,Cosmetics,CAT002,450,15,6750,675,6075,0,1822.5,182.25,2025,May,21,6075,1822.5
2/12/2026,SID015,Tasnia Rahman,INV2602101373,Diamond Cosmetics,Male,CUS00035,Distributor,Body Lotion,COS004,Cosmetics,CAT002,650,37,24050,721.5,23328.5,1166.42,4665.7,699.86,2026,February,12,22162.08,4665.7
11/7/2025,SID006,Siam Ahmed,INV2511101374,Fashion Gallery,Female,CUS00403,Walk In,Jewelry Set,ACC009,Accessories,CAT003,4500,90,405000,40500,364500,7290,72900,10935,2025,November,7,357210,72900
1/23/2026,SID012,Shuvo Das,INV2601101375,Elegant Boutique,Female,CUS00392,Retail,Shampoo,COS005,Cosmetics,CAT002,700,36,25200,2520,22680,0,0,680.4,2026,January,23,22680,0
1/29/2026,SID018,Mahmudul Hasan,INV2601101376,Cosmo House,Both,CUST055,Distributor,Watch,ACC005,Accessories,CAT003,5000,38,190000,13300,176700,8835,53010,5301,2026,January,29,167865,53010
3/16/2025,SID011,Tasnia Rahman,INV2503101377,Chic Collection,Male,CUST050,Online,Shaving Cream,HYG009,Hygiene Products,CAT004,350,51,17850,892.5,16957.5,0,5087.25,508.72,2025,March,16,16957.5,5087.25
1/31/2025,SID018,Tasnia Rahman,INV2501101378,Glamour Point,Female,CUS00002,Retail,Hair Accessories,ACC010,Accessories,CAT003,400,23,9200,460,8740,0,1748,262.2,2025,January,31,8740,1748
10/9/2025,SID017,Mahmudul Hasan,INV2510101379,Modern Boutique,Female,CUS00221,Walk In,Makeup Kit,COS034,Cosmetics,CAT002,2500,21,52500,0,52500,0,15750,1575,2025,October,9,52500,15750
2/21/2025,SID014,Shuvo Das,INV2502101380,Bloom Cosmetics,Female,CUST027,Distributor,Women's Leggings,APP012,Fashion Apparel,CAT001,1300,69,89700,4485,85215,0,17043,2556.45,2025,February,21,85215,17043
12/19/2026,SID009,Sadia Afrin,INV2612101381,Cosmetics Plus,Both,CUS00468,Walk In,Hair Removal Cream,COS025,Cosmetics,CAT002,450,59,26550,1327.5,25222.5,0,5044.5,756.67,2026,December,19,25222.5,5044.5
10/29/2025,SID005,Tasnia Rahman,INV2510101382,Beauty Express,Male,CUST002,Online,Hair Dryer,COS038,Cosmetics,CAT002,4000,30,120000,0,120000,6000,24000,3600,2025,October,29,114000,24000
2/11/2025,SID016,Arif Hossain,INV2502101383,Luxury Apparel,Female,CUS00170,Corporate,Footwear,ACC011,Accessories,CAT003,2500,18,45000,2250,42750,2137.5,0,1282.5,2025,February,11,40612.5,0
12/18/2026,SID019,Tanjina Sultana,INV2612101384,Infinity Style,Male,CUS00190,Distributor,Deodorant,HYG008,Hygiene Products,CAT004,450,59,26550,0,26550,1327.5,0,796.5,2026,December,18,25222.5,0
2/21/2026,SID012,Jannatul Ferdous,INV2602101385,Golden Fashion,Both,CUS00063,Distributor,Kids T-Shirt,APP007,Fashion Apparel,CAT001,650,83,53950,3776.5,50173.5,2508.68,15052.05,1505.2,2026,February,21,47664.82,15052.05
4/7/2025,SID014,Rashedul Islam,INV2504101386,Smart Beauty,Male,CUS00338,Corporate,Women's Top,APP006,Fashion Apparel,CAT001,1200,60,72000,5040,66960,1339.2,20088,2008.8,2025,April,7,65620.8,20088
4/21/2026,SID006,Samira Akter,INV2604101387,Grace Boutique,Both,CUS00273,Online,Hair Accessories,ACC010,Accessories,CAT003,400,13,5200,260,4940,98.8,1482,148.2,2026,April,21,4841.2,1482
6/14/2026,SID020,Nusrat Jahan,INV2606101388,Beauty Avenue,Female,CUST049,Distributor,Kids T-Shirt,APP007,Fashion Apparel,CAT001,650,72,46800,4680,42120,842.4,12636,1263.6,2026,June,14,41277.6,12636
10/17/2025,SID004,Sabbir Ahmed,INV2510101389,Royal Cosmetics,Female,CUS00246,Retail,Feminine Wash,HYG010,Hygiene Products,CAT004,400,78,31200,1560,29640,1482,0,889.2,2025,October,17,28158,0
7/20/2025,SID013,Tanvir Islam,INV2507101390,Smart Collection,Female,CUS00204,Walk In,Compact Powder,COS008,Cosmetics,CAT002,800,92,73600,0,73600,0,0,2208,2025,July,20,73600,0
7/13/2025,SID001,Mim Akter,INV2507101391,Global Apparel,Female,CUS00267,Walk In,Backpack,ACC012,Accessories,CAT003,3000,27,81000,5670,75330,1506.6,15066,2259.9,2025,July,13,73823.4,15066
10/8/2026,SID014,Nayeem Hasan,INV2610101392,Classic Beauty,Both,CUST025,Corporate,Scarf,ACC006,Accessories,CAT003,900,60,54000,5400,48600,0,14580,1458,2026,October,8,48600,14580
7/2/2025,SID003,Rakib Hasan,INV2507101393,Beauty Point,Female,CUST066,Corporate,Kids Dress,APP008,Fashion Apparel,CAT001,950,32,30400,2128,28272,0,8481.6,848.16,2025,July,2,28272,8481.6
12/15/2025,SID008,Sadia Afrin,INV2512101394,Royal Cosmetics,Both,CUS00006,Distributor,Body Wash,COS030,Cosmetics,CAT002,600,43,25800,774,25026,500.52,0,750.78,2025,December,15,24525.48,0
9/11/2025,SID020,Rakib Hasan,INV2509101395,Dream Fashion,Both,CUS00182,Online,Gloves,ACC008,Accessories,CAT003,600,98,58800,5880,52920,0,15876,1587.6,2025,September,11,52920,15876
10/10/2025,SID020,Mahmudul Hasan,INV2510101396,Star Fashion,Male,CUS00089,Distributor,Deodorant,HYG008,Hygiene Products,CAT004,450,46,20700,0,20700,414,6210,621,2025,October,10,20286,6210
2/15/2026,SID004,Imran Hossain,INV2602101397,Urban Beauty,Female,CUS00152,Online,Handbag,ACC001,Accessories,CAT003,3500,43,150500,7525,142975,0,0,4289.25,2026,February,15,142975,0
4/8/2025,SID006,Sabbir Ahmed,INV2504101398,Perfect Beauty,Female,CUS00150,Online,Face Serum,COS014,Cosmetics,CAT002,1300,41,53300,3731,49569,2478.45,0,1487.07,2025,April,8,47090.55,0
11/27/2026,SID002,Farzana Akter,INV2611101399,Beauty Point,Female,CUST066,Corporate,Body Spray,COS011,Cosmetics,CAT002,500,92,46000,1380,44620,0,13386,1338.6,2026,November,27,44620,13386
12/4/2026,SID016,Rakib Hasan,INV2612101400,Chic Collection,Male,CUST050,Online,Hat,ACC007,Accessories,CAT003,700,19,13300,665,12635,252.7,3790.5,379.05,2026,December,4,12382.3,3790.5
12/26/2026,SID007,Samira Akter,INV2612101401,Chic Collection,Male,CUST050,Online,Women's Kurti,APP004,Fashion Apparel,CAT001,1800,86,154800,0,154800,7740,46440,4644,2026,December,26,147060,46440
3/11/2025,SID012,Mim Akter,INV2503101402,Style Corner,Both,CUS00107,Walk In,Kids T-Shirt,APP007,Fashion Apparel,CAT001,650,17,11050,0,11050,221,3315,331.5,2025,March,11,10829,3315
6/20/2026,SID007,Imran Hossain,INV2606101403,Unique Collection,Female,CUS00231,Corporate,Body Oil,COS040,Cosmetics,CAT002,800,95,76000,5320,70680,1413.6,14136,2120.4,2026,June,20,69266.4,14136
1/16/2025,SID014,Shakil Khan,INV2501101404,Fashion World,Male,CUS00151,Corporate,Handbag,ACC001,Accessories,CAT003,3500,26,91000,4550,86450,1729,25935,2593.5,2025,January,16,84721,25935
5/24/2026,SID011,Shakil Khan,INV2605101405,Elegant Boutique,Male,CUS00226,Corporate,Watch,ACC005,Accessories,CAT003,5000,31,155000,10850,144150,0,28830,4324.5,2026,May,24,144150,28830
9/5/2026,SID007,Imran Hossain,INV2609101406,Grace Boutique,Male,CUS00383,Walk In,Keychain,ACC015,Accessories,CAT003,300,90,27000,0,27000,540,0,810,2026,September,5,26460,0
3/24/2025,SID013,Rashedul Islam,INV2503101407,Cosmo House,Both,CUST055,Distributor,Shampoo,COS005,Cosmetics,CAT002,700,71,49700,0,49700,0,0,1491,2025,March,24,49700,0
11/9/2026,SID010,Imran Hossain,INV2611101408,Crystal Cosmetics,Both,CUS00481,Walk In,Personal Toys,COS041,Cosmetics,CAT002,1500,44,66000,3300,62700,1254,12540,1881,2026,November,9,61446,12540
4/19/2026,SID020,Tasnia Rahman,INV2604101409,Unique Collection,Female,CUS00132,Distributor,Condom,COS036,Cosmetics,CAT002,300,88,26400,792,25608,0,7682.4,768.24,2026,April,19,25608,7682.4
8/16/2026,SID020,Nayeem Hasan,INV2608101410,Golden Fashion,Male,CUS00257,Distributor,Hair Mask,COS018,Cosmetics,CAT002,1100,59,64900,1947,62953,3147.65,12590.6,1888.59,2026,August,16,59805.35,12590.6
4/21/2025,SID001,Mehedi Hasan,INV2504101411,Beauty Avenue,Female,CUST049,Distributor,Shaving Cream,HYG009,Hygiene Products,CAT004,350,63,22050,1102.5,20947.5,1047.38,0,628.42,2025,April,21,19900.12,0
2/1/2025,SID010,Tanvir Islam,INV2502101412,Style World,Male,CUS00065,Online,Aftershave,COS019,Cosmetics,CAT002,800,41,32800,3280,29520,590.4,5904,885.6,2025,February,1,28929.6,5904
4/1/2026,SID015,Rakib Hasan,INV2604101413,Smart Collection,Male,CUS00190,Retail,Footwear,ACC011,Accessories,CAT003,2500,58,145000,10150,134850,2697,26970,4045.5,2026,April,1,132153,26970
5/14/2025,SID007,Arif Hossain,INV2505101414,Beauty Point,Female,CUST066,Corporate,Men Polo Shirt,APP002,Fashion Apparel,CAT001,1100,69,75900,7590,68310,1366.2,20493,2049.3,2025,May,14,66943.8,20493
2/9/2025,SID006,Shakil Khan,INV2502101415,Global Apparel,Female,CUS00219,Distributor,Condom,COS036,Cosmetics,CAT002,300,41,12300,1230,11070,221.4,0,332.1,2025,February,9,10848.6,0
8/9/2026,SID020,Rakib Hasan,INV2608101416,Classic Beauty,Both,CUST025,Corporate,Hair Accessories,ACC010,Accessories,CAT003,400,76,30400,912,29488,1474.4,5897.6,884.64,2026,August,9,28013.6,5897.6
4/11/2025,SID012,Rafiul Karim,INV2504101417,Urban Beauty,Both,CUS00397,Retail,Men Polo Shirt,APP002,Fashion Apparel,CAT001,1100,69,75900,3795,72105,1442.1,0,2163.15,2025,April,11,70662.9,0
5/23/2026,SID008,Samira Akter,INV2605101418,Luxury Apparel,Both,CUS00021,Distributor,Gloves,ACC008,Accessories,CAT003,600,7,4200,126,4074,81.48,0,122.22,2026,May,23,3992.52,0
4/30/2026,SID003,Sharmin Akter,INV2604101419,Rainbow Apparel,Both,CUS00471,Distributor,Wallet,ACC002,Accessories,CAT003,1200,93,111600,3348,108252,0,21650.4,3247.56,2026,April,30,108252,21650.4
8/14/2025,SID019,Bonna Akter,INV2508101420,Rainbow Apparel,Both,CUS00296,Retail,Toothpaste,HYG005,Hygiene Products,CAT004,200,80,16000,0,16000,320,0,480,2025,August,14,15680,0
9/28/2025,SID003,Farzana Akter,INV2509101421,Fashion Plus,Male,CUS00341,Retail,Lipstick,COS002,Cosmetics,CAT002,850,27,22950,1606.5,21343.5,0,4268.7,640.3,2025,September,28,21343.5,4268.7
10/21/2026,SID004,Imran Hossain,INV2610101422,Glamour House,Both,CUS00422,Retail,Mouthwash,HYG007,Hygiene Products,CAT004,300,12,3600,108,3492,0,1047.6,104.76,2026,October,21,3492,1047.6
7/10/2026,SID005,Samira Akter,INV2607101423,Glamour Point,Female,CUS00196,Walk In,Sunglasses,ACC004,Accessories,CAT003,1500,79,118500,8295,110205,0,33061.5,3306.15,2026,July,10,110205,33061.5
3/5/2026,SID008,Farzana Akter,INV2603101424,Urban Avenue,Both,CUS00072,Retail,Keychain,ACC015,Accessories,CAT003,300,27,8100,810,7290,145.8,1458,218.7,2026,March,5,7144.2,1458
1/5/2025,SID019,Nayeem Hasan,INV2501101425,Glamour House,Female,CUS00383,Online,Disinfectant Spray,HYG003,Hygiene Products,CAT004,400,68,27200,0,27200,544,8160,816,2025,January,5,26656,8160
11/13/2026,SID016,Jannatul Ferdous,INV2611101426,Metro Fashion,Male,CUS00183,Corporate,Body Wash,COS030,Cosmetics,CAT002,600,36,21600,648,20952,419.04,6285.6,628.56,2026,November,13,20532.96,6285.6
7/6/2025,SID018,Arif Hossain,INV2507101427,Modern Style,Both,CUS00304,Online,Underarm Whitening Cream,COS024,Cosmetics,CAT002,500,66,33000,0,33000,1650,0,990,2025,July,6,31350,0
11/8/2026,SID015,Arif Hossain,INV2611101428,Metro Fashion,Both,CUS00331,Distributor,Nail Polish,COS013,Cosmetics,CAT002,400,40,16000,0,16000,320,3200,480,2026,November,8,15680,3200
11/8/2025,SID010,Tasnia Rahman,INV2511101429,Diamond Cosmetics,Both,CUS00473,Corporate,Bra & Panty Set,APP013,Fashion Apparel,CAT001,900,92,82800,0,82800,1656,24840,2484,2025,November,8,81144,24840
6/26/2025,SID020,Mahmudul Hasan,INV2506101430,Elite Fashion,Male,CUS00293,Retail,Kids T-Shirt,APP007,Fashion Apparel,CAT001,650,57,37050,0,37050,1852.5,7410,1111.5,2025,June,26,35197.5,7410
12/21/2026,SID014,Shakil Khan,INV2612101431,Classic Apparel,Female,CUST003,Walk In,Disinfectant Spray,HYG003,Hygiene Products,CAT004,400,40,16000,480,15520,310.4,0,465.6,2026,December,21,15209.6,0
12/15/2026,SID004,Shuvo Das,INV2612101432,Crystal Cosmetics,Male,CUS00101,Walk In,Toothbrush,HYG006,Hygiene Products,CAT004,150,98,14700,441,14259,712.95,0,427.77,2026,December,15,13546.05,0
4/9/2025,SID010,Jannatul Ferdous,INV2504101433,Fashion Gallery,Female,CUS00474,Distributor,Wallet,ACC002,Accessories,CAT003,1200,46,55200,3864,51336,1026.72,0,1540.08,2025,April,9,50309.28,0
3/26/2026,SID002,Sadia Afrin,INV2603101434,Dream Fashion,Male,CUS00475,Retail,Jacket,APP010,Fashion Apparel,CAT001,3800,20,76000,0,76000,0,0,2280,2026,March,26,76000,0
5/5/2026,SID005,Rafiul Karim,INV2605101435,Cosmetics Central,Female,CUST058,Distributor,Body Scrub,COS026,Cosmetics,CAT002,650,25,16250,1137.5,15112.5,302.25,4533.75,453.38,2026,May,5,14810.25,4533.75
3/28/2025,SID010,Jannatul Ferdous,INV2503101436,New Era Fashion,Female,CUS00060,Distributor,Face Toner,COS033,Cosmetics,CAT002,500,36,18000,1800,16200,324,0,486,2025,March,28,15876,0
3/10/2025,SID020,Arif Hossain,INV2503101437,Fashion World,Both,CUS00142,Corporate,Makeup Kit,COS034,Cosmetics,CAT002,2500,36,90000,6300,83700,0,25110,2511,2025,March,10,83700,25110
7/25/2025,SID008,Mahmudul Hasan,INV2507101438,Signature Fashion,Female,CUS00221,Corporate,Hair Color,COS012,Cosmetics,CAT002,1500,37,55500,5550,49950,999,9990,1498.5,2025,July,25,48951,9990
8/18/2026,SID018,Tanjina Sultana,INV2608101439,Royal Cosmetics,Male,CUS00054,Online,Sunglasses,ACC004,Accessories,CAT003,1500,41,61500,1845,59655,2982.75,0,1789.65,2026,August,18,56672.25,0
1/10/2026,SID008,Tasnia Rahman,INV2601101440,Nova Cosmetics,Female,CUS00385,Online,Mouthwash,HYG007,Hygiene Products,CAT004,300,31,9300,930,8370,418.5,2511,251.1,2026,January,10,7951.5,2511
7/7/2025,SID008,Jannatul Ferdous,INV2507101441,Cosmo House,Both,CUST055,Distributor,Face Toner,COS033,Cosmetics,CAT002,500,25,12500,375,12125,0,0,363.75,2025,July,7,12125,0
5/21/2026,SID010,Mahmudul Hasan,INV2605101442,Urban Style,Male,CUS00151,Corporate,Sunscreen,COS009,Cosmetics,CAT002,1150,27,31050,931.5,30118.5,1505.93,0,903.55,2026,May,21,28612.57,0
5/10/2026,SID005,Mahmudul Hasan,INV2605101443,Shine Collection,Both,CUS00177,Online,Scarf,ACC006,Accessories,CAT003,900,68,61200,0,61200,0,0,1836,2026,May,10,61200,0
1/23/2025,SID004,Tasnia Rahman,INV2501101444,Golden Fashion,Both,CUS00155,Online,Umbrella,ACC014,Accessories,CAT003,1200,10,12000,360,11640,232.8,0,349.2,2025,January,23,11407.2,0
2/15/2025,SID004,Mehedi Hasan,INV2502101445,Unique Collection,Both,CUS00113,Online,Shaving Cream,COS021,Cosmetics,CAT002,350,12,4200,0,4200,0,1260,126,2025,February,15,4200,1260
7/15/2026,SID013,Mahmudul Hasan,INV2607101446,Fashion Gallery,Male,CUS00218,Distributor,Feminine Wash,HYG010,Hygiene Products,CAT004,400,11,4400,132,4268,213.4,853.6,128.04,2026,July,15,4054.6,853.6
10/8/2025,SID005,Imran Hossain,INV2510101447,Glamour House,Female,CUS00443,Retail,Face Mask,COS020,Cosmetics,CAT002,600,57,34200,1710,32490,1624.5,6498,974.7,2025,October,8,30865.5,6498
6/27/2026,SID013,Mim Akter,INV2606101448,Fashion Express,Both,CUS00040,Online,Body Spray,COS011,Cosmetics,CAT002,500,73,36500,0,36500,1825,7300,1095,2026,June,27,34675,7300
5/5/2026,SID018,Nayeem Hasan,INV2605101449,Signature Fashion,Both,CUS00205,Online,Foot Care Cream,HYG014,Hygiene Products,CAT004,300,20,6000,420,5580,111.6,1116,167.4,2026,May,5,5468.4,1116
3/30/2025,SID004,Shuvo Das,INV2503101450,Elegant Choice,Both,CUS00045,Walk In,Women's Saree,APP005,Fashion Apparel,CAT001,3200,35,112000,0,112000,2240,22400,3360,2025,March,30,109760,22400
10/20/2025,SID001,Shakil Khan,INV2510101451,Luxury Apparel,Male,CUS00201,Corporate,Hair Conditioner,COS032,Cosmetics,CAT002,750,50,37500,1875,35625,0,10687.5,1068.75,2025,October,20,35625,10687.5
4/25/2025,SID007,Shakil Khan,INV2504101452,Shine Collection,Female,CUS00061,Corporate,Lipstick,COS002,Cosmetics,CAT002,850,15,12750,382.5,12367.5,0,2473.5,371.02,2025,April,25,12367.5,2473.5
5/15/2025,SID009,Jannatul Ferdous,INV2505101453,Moonlight Cosmetics,Female,CUS00001,Corporate,Face Scrub,COS027,Cosmetics,CAT002,550,57,31350,0,31350,0,0,940.5,2025,May,15,31350,0
12/18/2025,SID001,Bonna Akter,INV2512101454,Smart Collection,Male,CUS00090,Retail,Wallet,ACC002,Accessories,CAT003,1200,54,64800,6480,58320,2916,11664,1749.6,2025,December,18,55404,11664
3/13/2026,SID018,Mehedi Hasan,INV2603101455,Fashion Avenue,Both,CUS00317,Walk In,After Sun Lotion,COS031,Cosmetics,CAT002,700,35,24500,0,24500,1225,4900,735,2026,March,13,23275,4900
7/27/2026,SID015,Mehedi Hasan,INV2607101456,Royal Style,Male,CUS00425,Corporate,Sunscreen,COS009,Cosmetics,CAT002,1150,32,36800,1104,35696,0,7139.2,1070.88,2026,July,27,35696,7139.2
7/31/2025,SID017,Rafiul Karim,INV2507101457,Wonder Collection,Female,CUS00171,Online,Kids T-Shirt,APP007,Fashion Apparel,CAT001,650,18,11700,819,10881,217.62,2176.2,326.43,2025,July,31,10663.38,2176.2
10/10/2026,SID003,Tanvir Islam,INV2610101458,Urban Beauty,Both,CUS00497,Retail,Scarf,ACC006,Accessories,CAT003,900,15,13500,405,13095,261.9,3928.5,392.85,2026,October,10,12833.1,3928.5
1/24/2025,SID010,Arif Hossain,INV2501101459,Fashion Gallery,Male,CUS00411,Walk In,Women's Nightwear,APP014,Fashion Apparel,CAT001,800,29,23200,1160,22040,1102,0,661.2,2025,January,24,20938,0
9/8/2026,SID004,Farzana Akter,INV2609101460,Fashion Gallery,Male,CUS00361,Distributor,Men Jeans,APP003,Fashion Apparel,CAT001,2200,88,193600,0,193600,9680,38720,5808,2026,September,8,183920,38720
8/30/2025,SID018,Bonna Akter,INV2508101461,Shine Collection,Male,CUS00335,Retail,Body Wash,COS030,Cosmetics,CAT002,600,36,21600,2160,19440,388.8,5832,583.2,2025,August,30,19051.2,5832
8/8/2025,SID007,Imran Hossain,INV2508101462,Beauty Express,Male,CUST002,Online,Foot Care Cream,HYG014,Hygiene Products,CAT004,300,44,13200,396,12804,256.08,0,384.12,2025,August,8,12547.92,0
10/20/2025,SID007,Farzana Akter,INV2510101463,Fashion World,Female,CUS00474,Retail,Hoodie,APP009,Fashion Apparel,CAT001,2500,99,247500,24750,222750,0,66825,6682.5,2025,October,20,222750,66825
3/10/2026,SID001,Mehedi Hasan,INV2603101464,Modern Boutique,Male,CUS00414,Retail,Feminine Wash,COS022,Cosmetics,CAT002,400,27,10800,324,10476,209.52,0,314.28,2026,March,10,10266.48,0
8/6/2026,SID003,Mahmudul Hasan,INV2608101465,Rainbow Apparel,Both,CUS00085,Online,Face Serum,COS014,Cosmetics,CAT002,1300,95,123500,3705,119795,5989.75,35938.5,3593.85,2026,August,6,113805.25,35938.5
11/26/2025,SID020,Mim Akter,INV2511101466,Fashion Avenue,Female,CUS00308,Retail,Personal Toys,COS041,Cosmetics,CAT002,1500,16,24000,0,24000,0,4800,720,2025,November,26,24000,4800
1/1/2025,SID009,Rashedul Islam,INV2501101467,Fashion Gallery,Male,CUS00185,Corporate,Face Mask,HYG002,Hygiene Products,CAT004,150,89,13350,667.5,12682.5,634.12,0,380.47,2025,January,1,12048.38,0
3/10/2026,SID007,Sharmin Akter,INV2603101468,Urban Avenue,Male,CUS00057,Walk In,Backpack,ACC012,Accessories,CAT003,3000,42,126000,3780,122220,0,24444,3666.6,2026,March,10,122220,24444
1/15/2026,SID014,Jannatul Ferdous,INV2601101469,Style World,Male,CUS00311,Distributor,Beard Oil,COS010,Cosmetics,CAT002,900,89,80100,5607,74493,1489.86,0,2234.79,2026,January,15,73003.14,0
12/15/2026,SID003,Abdullah Al Mamun,INV2612101470,Trendy Shop,Both,CUS00479,Distributor,Feminine Wash,HYG010,Hygiene Products,CAT004,400,56,22400,0,22400,1120,6720,672,2026,December,15,21280,6720
10/13/2026,SID011,Farzana Akter,INV2610101471,Trendy Boutique,Male,CUS00312,Distributor,Body Wash,COS030,Cosmetics,CAT002,600,82,49200,3444,45756,915.12,0,1372.68,2026,October,13,44840.88,0
8/7/2025,SID018,Imran Hossain,INV2508101472,Cosmo House,Both,CUST055,Distributor,Shaving Cream,HYG009,Hygiene Products,CAT004,350,63,22050,0,22050,0,6615,661.5,2025,August,7,22050,6615
9/13/2025,SID012,Samira Akter,INV2509101473,Global Apparel,Male,CUS00185,Retail,Scarf,ACC006,Accessories,CAT003,900,7,6300,441,5859,292.95,0,175.77,2025,September,13,5566.05,0
3/2/2025,SID014,Farzana Akter,INV2503101474,Global Apparel,Female,CUS00004,Online,Underarm Whitening Cream,HYG015,Hygiene Products,CAT004,500,21,10500,1050,9450,472.5,0,283.5,2025,March,2,8977.5,0
2/21/2025,SID018,Shakil Khan,INV2502101475,NextGen Fashion,Both,CUS00273,Online,Face Wash,COS001,Cosmetics,CAT002,450,38,17100,1710,15390,0,3078,461.7,2025,February,21,15390,3078
3/13/2025,SID005,Arif Hossain,INV2503101476,Prime Collection,Both,CUS00271,Distributor,Body Wash,COS030,Cosmetics,CAT002,600,55,33000,2310,30690,1534.5,0,920.7,2025,March,13,29155.5,0
7/10/2026,SID003,Rafiul Karim,INV2607101477,Unique Collection,Male,CUS00173,Distributor,Makeup Remover,COS015,Cosmetics,CAT002,550,90,49500,1485,48015,960.3,9603,1440.45,2026,July,10,47054.7,9603
5/25/2026,SID016,Sadia Afrin,INV2605101478,Fashion Point,Male,CUS00336,Retail,Diapers,HYG012,Hygiene Products,CAT004,800,50,40000,2800,37200,744,0,1116,2026,May,25,36456,0
2/22/2025,SID014,Mehedi Hasan,INV2502101479,Prime Collection,Female,CUS00272,Distributor,Kids Dress,APP008,Fashion Apparel,CAT001,950,19,18050,1263.5,16786.5,0,3357.3,503.59,2025,February,22,16786.5,3357.3
10/25/2025,SID015,Mahmudul Hasan,INV2510101480,Iconic Fashion,Male,CUS00204,Walk In,Belt,ACC003,Accessories,CAT003,800,82,65600,0,65600,3280,0,1968,2025,October,25,62320,0
8/31/2025,SID020,Siam Ahmed,INV2508101481,New Era Fashion,Male,CUS00051,Distributor,Women's Skirt,APP011,Fashion Apparel,CAT001,1500,34,51000,3570,47430,948.6,0,1422.9,2025,August,31,46481.4,0
12/24/2025,SID013,Nayeem Hasan,INV2512101482,New Era Fashion,Male,CUS00134,Retail,Body Oil,COS040,Cosmetics,CAT002,800,95,76000,7600,68400,1368,13680,2052,2025,December,24,67032,13680
11/24/2025,SID016,Nayeem Hasan,INV2511101483,Modern Style,Female,CUS00056,Walk In,Luggage,ACC013,Accessories,CAT003,8000,8,64000,0,64000,3200,0,1920,2025,November,24,60800,0
4/5/2025,SID002,Imran Hossain,INV2504101484,Classic Apparel,Female,CUST003,Walk In,Kids T-Shirt,APP007,Fashion Apparel,CAT001,650,37,24050,1202.5,22847.5,0,6854.25,685.42,2025,April,5,22847.5,6854.25
4/5/2026,SID014,Arif Hossain,INV2604101485,Urban Trends,Female,CUS00031,Walk In,Hoodie,APP009,Fashion Apparel,CAT001,2500,86,215000,0,215000,0,64500,6450,2026,April,5,215000,64500
1/26/2026,SID012,Shakil Khan,INV2601101486,Shine Collection,Male,CUS00079,Corporate,Foot Care Cream,HYG014,Hygiene Products,CAT004,300,76,22800,2280,20520,410.4,0,615.6,2026,January,26,20109.6,0
11/9/2026,SID002,Tanvir Islam,INV2611101487,Elite Fashion,Both,CUS00437,Online,Men Shirt,APP017,Fashion Apparel,CAT001,1600,60,96000,6720,89280,4464,26784,2678.4,2026,November,9,84816,26784
8/4/2026,SID005,Shakil Khan,INV2608101488,Classic Apparel,Female,CUST003,Walk In,Jewelry Set,ACC009,Accessories,CAT003,4500,62,279000,13950,265050,13252.5,53010,7951.5,2026,August,4,251797.5,53010
1/8/2026,SID004,Arif Hossain,INV2601101489,Fashion Gallery,Male,CUS00424,Online,Beard Oil,COS010,Cosmetics,CAT002,900,49,44100,2205,41895,0,8379,1256.85,2026,January,8,41895,8379
7/24/2026,SID018,Nusrat Jahan,INV2607101490,Style Corner,Male,CUS00230,Corporate,Women's Saree,APP005,Fashion Apparel,CAT001,3200,37,118400,3552,114848,5742.4,22969.6,3445.44,2026,July,24,109105.6,22969.6
8/20/2026,SID003,Arif Hossain,INV2608101491,Royal Cosmetics,Both,CUS00458,Corporate,Foot Care Cream,COS023,Cosmetics,CAT002,300,94,28200,0,28200,564,0,846,2026,August,20,27636,0
3/13/2026,SID003,Bonna Akter,INV2603101492,Dream Fashion,Both,CUS00019,Retail,Hair Spray,COS029,Cosmetics,CAT002,450,50,22500,675,21825,1091.25,4365,654.75,2026,March,13,20733.75,4365
9/10/2026,SID012,Nayeem Hasan,INV2609101493,Blue Sky Fashion,Both,CUST014,Online,Body Mist,COS037,Cosmetics,CAT002,450,92,41400,2070,39330,0,0,1179.9,2026,September,10,39330,0
9/4/2025,SID015,Jannatul Ferdous,INV2509101494,Royal Cosmetics,Male,CUS00254,Distributor,Makeup Remover,COS015,Cosmetics,CAT002,550,24,13200,0,13200,0,3960,396,2025,September,4,13200,3960
9/12/2025,SID008,Mim Akter,INV2509101495,Shine Collection,Male,CUS00419,Retail,Personal Toys,COS041,Cosmetics,CAT002,1500,52,78000,2340,75660,0,0,2269.8,2025,September,12,75660,0
6/22/2026,SID019,Abdullah Al Mamun,INV2606101496,Blue Sky Fashion,Both,CUST014,Online,Body Scrub,COS026,Cosmetics,CAT002,650,34,22100,0,22100,1105,4420,663,2026,June,22,20995,4420
10/6/2025,SID009,Shuvo Das,INV2510101497,Pink Beauty,Both,CUS00412,Retail,Women's Nightwear,APP014,Fashion Apparel,CAT001,800,53,42400,2120,40280,2014,0,1208.4,2025,October,6,38266,0
6/14/2026,SID001,Shakil Khan,INV2606101498,Grace Boutique,Male,CUS00291,Online,Women's Top,APP006,Fashion Apparel,CAT001,1200,29,34800,1044,33756,0,6751.2,1012.68,2026,June,14,33756,6751.2
4/4/2025,SID006,Abdullah Al Mamun,INV2504101499,Nova Cosmetics,Male,CUS00437,Retail,Underarm Whitening Cream,HYG015,Hygiene Products,CAT004,500,26,13000,1300,11700,0,2340,351,2025,April,4,11700,2340
10/9/2025,SID017,Shuvo Das,INV2510101500,Elite Fashion,Female,CUS00454,Corporate,Belt,ACC003,Accessories,CAT003,800,77,61600,0,61600,0,0,1848,2025,October,9,61600,0
11/7/2026,SID007,Farzana Akter,INV2611101501,Cosmo House,Both,CUST055,Distributor,Women's Skirt,APP011,Fashion Apparel,CAT001,1500,69,103500,10350,93150,4657.5,0,2794.5,2026,November,7,88492.5,0
8/6/2026,SID013,Rashedul Islam,INV2608101502,Urban Style,Male,CUS00412,Walk In,Body Mist,COS037,Cosmetics,CAT002,450,48,21600,648,20952,419.04,4190.4,628.56,2026,August,6,20532.96,4190.4
3/26/2026,SID004,Siam Ahmed,INV2603101503,Global Apparel,Male,CUS00007,Corporate,Condom,COS036,Cosmetics,CAT002,300,86,25800,2580,23220,464.4,4644,696.6,2026,March,26,22755.6,4644
12/24/2025,SID015,Bonna Akter,INV2512101504,Classic Beauty,Both,CUST025,Corporate,Hair Accessories,ACC010,Accessories,CAT003,400,61,24400,1220,23180,0,4636,695.4,2025,December,24,23180,4636
3/15/2025,SID010,Mahmudul Hasan,INV2503101505,Trendy Boutique,Male,CUS00157,Corporate,Hair Mask,COS018,Cosmetics,CAT002,1100,12,13200,396,12804,640.2,2560.8,384.12,2025,March,15,12163.8,2560.8
3/6/2026,SID012,Bonna Akter,INV2603101506,Blue Sky Fashion,Both,CUST014,Online,Body Wash,COS030,Cosmetics,CAT002,600,19,11400,0,11400,570,2280,342,2026,March,6,10830,2280
9/2/2025,SID008,Arif Hossain,INV2509101507,Beauty World,Male,CUST010,Distributor,Body Mist,COS037,Cosmetics,CAT002,450,82,36900,1845,35055,1752.75,7011,1051.65,2025,September,2,33302.25,7011
6/27/2025,SID006,Shakil Khan,INV2506101508,Prime Collection,Both,CUS00355,Online,Hair Removal Cream,HYG013,Hygiene Products,CAT004,450,91,40950,2866.5,38083.5,761.67,7616.7,1142.5,2025,June,27,37321.83,7616.7
8/6/2025,SID004,Shakil Khan,INV2508101509,Metro Fashion,Female,CUS00220,Distributor,Women's Saree,APP005,Fashion Apparel,CAT001,3200,52,166400,11648,154752,7737.6,0,4642.56,2025,August,6,147014.4,0
10/19/2025,SID007,Sabbir Ahmed,INV2510101510,Signature Fashion,Both,CUS00494,Retail,Sanitary Napkins,HYG004,Hygiene Products,CAT004,350,28,9800,980,8820,441,1764,264.6,2025,October,19,8379,1764
6/4/2025,SID009,Rakib Hasan,INV2506101511,Perfect Beauty,Female,CUS00144,Distributor,Men Jeans,APP003,Fashion Apparel,CAT001,2200,58,127600,8932,118668,0,35600.4,3560.04,2025,June,4,118668,35600.4
1/23/2025,SID010,Shakil Khan,INV2501101512,Chic Collection,Male,CUST050,Online,Women's Leggings,APP012,Fashion Apparel,CAT001,1300,31,40300,4030,36270,1813.5,7254,1088.1,2025,January,23,34456.5,7254
4/25/2025,SID006,Sadia Afrin,INV2504101513,Nova Cosmetics,Both,CUS00318,Corporate,Compact Powder,COS008,Cosmetics,CAT002,800,14,11200,784,10416,208.32,3124.8,312.48,2025,April,25,10207.68,3124.8
5/6/2026,SID001,Mahmudul Hasan,INV2605101514,Lily Boutique,Female,CUS00424,Distributor,Hair Dryer,COS038,Cosmetics,CAT002,4000,54,216000,6480,209520,0,41904,6285.6,2026,May,6,209520,41904
11/27/2026,SID013,Shuvo Das,INV2611101515,Apex Fashion,Female,CUST061,Distributor,Lipstick,COS002,Cosmetics,CAT002,850,37,31450,3145,28305,1415.25,5661,849.15,2026,November,27,26889.75,5661
12/25/2026,SID008,Sharmin Akter,INV2612101516,Fashion World,Female,CUS00488,Walk In,Hoodie,APP009,Fashion Apparel,CAT001,2500,41,102500,3075,99425,1988.5,19885,2982.75,2026,December,25,97436.5,19885
9/15/2025,SID005,Siam Ahmed,INV2509101517,NextGen Fashion,Both,CUS00242,Retail,Mouthwash,HYG007,Hygiene Products,CAT004,300,69,20700,621,20079,401.58,4015.8,602.37,2025,September,15,19677.42,4015.8
2/24/2025,SID014,Nusrat Jahan,INV2502101518,Moonlight Cosmetics,Male,CUS00122,Online,Personal Toys,COS041,Cosmetics,CAT002,1500,42,63000,0,63000,3150,0,1890,2025,February,24,59850,0
5/24/2026,SID006,Mim Akter,INV2605101519,Smart Collection,Male,CUS00311,Online,Body Butter,COS017,Cosmetics,CAT002,700,70,49000,3430,45570,911.4,13671,1367.1,2026,May,24,44658.6,13671
8/28/2025,SID008,Mahmudul Hasan,INV2508101520,Royal Cosmetics,Male,CUS00333,Online,Men Polo Shirt,APP002,Fashion Apparel,CAT001,1100,74,81400,8140,73260,1465.2,0,2197.8,2025,August,28,71794.8,0
8/12/2025,SID011,Mahmudul Hasan,INV2508101521,Fashion Gallery,Both,CUS00049,Corporate,Shaving Cream,HYG009,Hygiene Products,CAT004,350,30,10500,1050,9450,0,0,283.5,2025,August,12,9450,0
7/11/2026,SID007,Siam Ahmed,INV2607101522,Royal Style,Male,CUS00462,Online,Feminine Wash,HYG010,Hygiene Products,CAT004,400,93,37200,0,37200,1860,11160,1116,2026,July,11,35340,11160
12/18/2026,SID008,Rashedul Islam,INV2612101523,Style World,Female,CUS00124,Distributor,Face Mask,HYG002,Hygiene Products,CAT004,150,84,12600,630,11970,0,3591,359.1,2026,December,18,11970,3591
1/16/2026,SID012,Mim Akter,INV2601101524,Pink Beauty,Male,CUS00297,Retail,Toothbrush,HYG006,Hygiene Products,CAT004,150,31,4650,139.5,4510.5,90.21,1353.15,135.31,2026,January,16,4420.29,1353.15
8/1/2026,SID012,Tasnia Rahman,INV2608101525,Star Fashion,Both,CUS00034,Walk In,Feminine Wash,HYG010,Hygiene Products,CAT004,400,17,6800,680,6120,122.4,1224,183.6,2026,August,1,5997.6,1224
4/20/2025,SID015,Samira Akter,INV2504101526,Elegant Boutique,Female,CUS00030,Online,Lipstick,COS002,Cosmetics,CAT002,850,30,25500,2550,22950,459,0,688.5,2025,April,20,22491,0
1/11/2026,SID001,Mahmudul Hasan,INV2601101527,Fashion Plus,Male,CUS00402,Walk In,Feminine Wash,HYG010,Hygiene Products,CAT004,400,93,37200,0,37200,744,0,1116,2026,January,11,36456,0
3/9/2025,SID013,Abdullah Al Mamun,INV2503101528,Nova Cosmetics,Male,CUS00335,Corporate,Personal Toys,COS041,Cosmetics,CAT002,1500,17,25500,1275,24225,484.5,7267.5,726.75,2025,March,9,23740.5,7267.5
2/15/2026,SID001,Rafiul Karim,INV2602101529,Style World,Male,CUS00230,Walk In,Men's Innerwear,APP016,Fashion Apparel,CAT001,700,33,23100,1617,21483,429.66,4296.6,644.49,2026,February,15,21053.34,4296.6
7/2/2026,SID009,Farzana Akter,INV2607101530,Classic Beauty,Both,CUST025,Corporate,Face Wash,COS001,Cosmetics,CAT002,450,29,13050,391.5,12658.5,0,2531.7,379.75,2026,July,2,12658.5,2531.7
3/23/2026,SID018,Abdullah Al Mamun,INV2603101531,Beauty World,Male,CUST010,Distributor,Toothpaste,HYG005,Hygiene Products,CAT004,200,53,10600,1060,9540,477,2862,286.2,2026,March,23,9063,2862
6/14/2026,SID010,Sabbir Ahmed,INV2606101532,Fashion Express,Female,CUS00241,Walk In,Women's Saree,APP005,Fashion Apparel,CAT001,3200,25,80000,5600,74400,1488,0,2232,2026,June,14,72912,0
7/7/2025,SID002,Mim Akter,INV2507101533,Glow & Shine,Male,CUS00069,Online,Men T-Shirt,APP001,Fashion Apparel,CAT001,750,75,56250,0,56250,0,0,1687.5,2025,July,7,56250,0
8/20/2026,SID018,Arif Hossain,INV2608101534,Glow & Shine,Both,CUS00173,Corporate,Foot Care Cream,HYG014,Hygiene Products,CAT004,300,51,15300,1530,13770,688.5,2754,413.1,2026,August,20,13081.5,2754
4/26/2026,SID005,Shuvo Das,INV2604101535,Classic Beauty,Both,CUST025,Corporate,Hair Straightener,COS035,Cosmetics,CAT002,3500,19,66500,3325,63175,0,0,1895.25,2026,April,26,63175,0
6/11/2026,SID005,Mim Akter,INV2606101536,Diamond Cosmetics,Female,CUS00329,Walk In,Men Jeans,APP003,Fashion Apparel,CAT001,2200,12,26400,1848,24552,1227.6,4910.4,736.56,2026,June,11,23324.4,4910.4
10/28/2026,SID010,Farzana Akter,INV2610101537,Classic Beauty,Both,CUST025,Corporate,Hair Conditioner,COS032,Cosmetics,CAT002,750,95,71250,0,71250,0,14250,2137.5,2026,October,28,71250,14250
12/14/2025,SID020,Tasnia Rahman,INV2512101538,Unique Collection,Female,CUS00112,Retail,Hand Sanitizer,HYG001,Hygiene Products,CAT004,250,5,1250,37.5,1212.5,60.62,242.5,36.38,2025,December,14,1151.88,242.5
6/4/2025,SID005,Rakib Hasan,INV2506101539,Trendy Boutique,Female,CUS00420,Online,Hair Removal Cream,HYG013,Hygiene Products,CAT004,450,75,33750,3375,30375,607.5,9112.5,911.25,2025,June,4,29767.5,9112.5
4/13/2026,SID019,Abdullah Al Mamun,INV2604101540,Beauty Point,Female,CUST066,Corporate,Women's Saree,APP005,Fashion Apparel,CAT001,3200,9,28800,0,28800,1440,5760,864,2026,April,13,27360,5760
2/4/2025,SID013,Mim Akter,INV2502101541,Cosmo House,Both,CUST055,Distributor,Hair Color,COS012,Cosmetics,CAT002,1500,26,39000,1950,37050,741,7410,1111.5,2025,February,4,36309,7410
2/3/2025,SID014,Sharmin Akter,INV2502101542,Beauty Express,Male,CUST002,Online,Perfume,COS003,Cosmetics,CAT002,2200,64,140800,14080,126720,6336,0,3801.6,2025,February,3,120384,0
8/7/2026,SID005,Nusrat Jahan,INV2608101543,Luxury Apparel,Male,CUS00108,Online,Toothbrush,HYG006,Hygiene Products,CAT004,150,54,8100,405,7695,0,2308.5,230.85,2026,August,7,7695,2308.5
2/7/2025,SID012,Abdullah Al Mamun,INV2502101544,NextGen Fashion,Male,CUS00315,Distributor,Beard Oil,COS010,Cosmetics,CAT002,900,65,58500,0,58500,1170,0,1755,2025,February,7,57330,0
9/22/2025,SID011,Mahmudul Hasan,INV2509101545,Modern Boutique,Both,CUS00225,Walk In,Lipstick,COS002,Cosmetics,CAT002,850,53,45050,3153.5,41896.5,837.93,12568.95,1256.89,2025,September,22,41058.57,12568.95
3/20/2026,SID011,Nayeem Hasan,INV2603101546,Fashion Central,Male,CUS00026,Corporate,Nail Polish,COS013,Cosmetics,CAT002,400,63,25200,1764,23436,468.72,0,703.08,2026,March,20,22967.28,0
9/14/2026,SID009,Rakib Hasan,INV2609101547,NextGen Fashion,Female,CUS00302,Walk In,Nail Polish,COS013,Cosmetics,CAT002,400,19,7600,0,7600,152,2280,228,2026,September,14,7448,2280
7/21/2025,SID012,Nusrat Jahan,INV2507101548,Premium Beauty,Female,CUS00033,Walk In,After Sun Lotion,COS031,Cosmetics,CAT002,700,47,32900,3290,29610,1480.5,0,888.3,2025,July,21,28129.5,0
8/28/2025,SID017,Arif Hossain,INV2508101549,Urban Trends,Both,CUS00485,Distributor,Jewelry Set,ACC009,Accessories,CAT003,4500,12,54000,2700,51300,2565,10260,1539,2025,August,28,48735,10260
5/16/2025,SID001,Shuvo Das,INV2505101550,Shine Collection,Both,CUS00362,Walk In,Body Mist,COS037,Cosmetics,CAT002,450,54,24300,1701,22599,451.98,0,677.97,2025,May,16,22147.02,0
4/30/2025,SID004,Farzana Akter,INV2504101551,Cosmetics Plus,Male,CUS00300,Online,Women's Nightwear,APP014,Fashion Apparel,CAT001,800,46,36800,2576,34224,0,6844.8,1026.72,2025,April,30,34224,6844.8
6/21/2026,SID004,Imran Hossain,INV2606101552,Glow & Shine,Male,CUS00475,Online,Hair Removal Cream,COS025,Cosmetics,CAT002,450,29,13050,652.5,12397.5,0,2479.5,371.93,2026,June,21,12397.5,2479.5
8/8/2026,SID013,Shuvo Das,INV2608101553,Royal Cosmetics,Male,CUS00026,Online,Perfume,COS003,Cosmetics,CAT002,2200,77,169400,8470,160930,8046.5,0,4827.9,2026,August,8,152883.5,0
5/31/2026,SID009,Abdullah Al Mamun,INV2605101554,Prime Collection,Female,CUS00094,Online,Condom,COS036,Cosmetics,CAT002,300,64,19200,1344,17856,0,3571.2,535.68,2026,May,31,17856,3571.2
11/12/2025,SID005,Tanvir Islam,INV2511101555,Global Apparel,Male,CUS00108,Corporate,Men's Nightwear,APP015,Fashion Apparel,CAT001,850,43,36550,2558.5,33991.5,679.83,0,1019.75,2025,November,12,33311.67,0
8/15/2026,SID019,Tasnia Rahman,INV2608101556,Urban Beauty,Male,CUS00456,Online,Bra & Panty Set,APP013,Fashion Apparel,CAT001,900,79,71100,2133,68967,1379.34,0,2069.01,2026,August,15,67587.66,0
4/16/2025,SID002,Mehedi Hasan,INV2504101557,Iconic Fashion,Both,CUS00250,Distributor,Hair Removal Cream,HYG013,Hygiene Products,CAT004,450,77,34650,2425.5,32224.5,1611.23,6444.9,966.74,2025,April,16,30613.27,6444.9
12/19/2026,SID011,Imran Hossain,INV2612101558,Beauty Avenue,Female,CUST049,Distributor,Body Oil,COS040,Cosmetics,CAT002,800,40,32000,2240,29760,595.2,0,892.8,2026,December,19,29164.8,0
11/5/2025,SID012,Tanvir Islam,INV2511101559,Classic Apparel,Female,CUST003,Walk In,Kids T-Shirt,APP007,Fashion Apparel,CAT001,650,99,64350,4504.5,59845.5,2992.28,17953.65,1795.37,2025,November,5,56853.22,17953.65
10/16/2026,SID010,Sadia Afrin,INV2610101560,Prime Collection,Male,CUS00142,Walk In,Face Toner,COS033,Cosmetics,CAT002,500,27,13500,945,12555,0,0,376.65,2026,October,16,12555,0
10/2/2025,SID011,Bonna Akter,INV2510101561,Fashion Avenue,Female,CUS00105,Walk In,Face Scrub,COS027,Cosmetics,CAT002,550,77,42350,4235,38115,762.3,0,1143.45,2025,October,2,37352.7,0
5/7/2026,SID001,Nayeem Hasan,INV2605101562,Shine Collection,Male,CUS00388,Online,Compact Powder,COS008,Cosmetics,CAT002,800,56,44800,3136,41664,833.28,0,1249.92,2026,May,7,40830.72,0
11/27/2025,SID008,Imran Hossain,INV2511101563,Elite Collection,Both,CUS00466,Corporate,Kids Dress,APP008,Fashion Apparel,CAT001,950,36,34200,1710,32490,1624.5,0,974.7,2025,November,27,30865.5,0
11/7/2026,SID007,Rafiul Karim,INV2611101564,Apex Fashion,Female,CUST061,Distributor,Disinfectant Spray,HYG003,Hygiene Products,CAT004,400,96,38400,3840,34560,0,10368,1036.8,2026,November,7,34560,10368
5/26/2026,SID007,Bonna Akter,INV2605101565,Luxury Apparel,Both,CUS00453,Corporate,Men Polo Shirt,APP002,Fashion Apparel,CAT001,1100,41,45100,1353,43747,2187.35,8749.4,1312.41,2026,May,26,41559.65,8749.4
3/17/2026,SID019,Shakil Khan,INV2603101566,Smart Beauty,Female,CUS00354,Corporate,Scarf,ACC006,Accessories,CAT003,900,5,4500,450,4050,0,1215,121.5,2026,March,17,4050,1215
12/29/2026,SID007,Mim Akter,INV2612101567,Metro Fashion,Female,CUS00185,Distributor,Men T-Shirt,APP001,Fashion Apparel,CAT001,750,62,46500,2325,44175,0,8835,1325.25,2026,December,29,44175,8835
2/1/2026,SID015,Bonna Akter,INV2602101568,Wonder Collection,Female,CUS00255,Walk In,Feminine Wash,HYG010,Hygiene Products,CAT004,400,99,39600,1188,38412,768.24,0,1152.36,2026,February,1,37643.76,0
9/20/2026,SID001,Rashedul Islam,INV2609101569,Urban Avenue,Both,CUS00391,Walk In,Hair Serum,COS006,Cosmetics,CAT002,1200,27,32400,2268,30132,602.64,6026.4,903.96,2026,September,20,29529.36,6026.4
6/1/2026,SID017,Bonna Akter,INV2606101570,Rainbow Apparel,Male,CUS00312,Retail,Men Polo Shirt,APP002,Fashion Apparel,CAT001,1100,36,39600,1980,37620,0,0,1128.6,2026,June,1,37620,0
7/13/2025,SID004,Shakil Khan,INV2507101571,Beauty Point,Female,CUST066,Corporate,Hair Straightener,COS035,Cosmetics,CAT002,3500,46,161000,8050,152950,7647.5,30590,4588.5,2025,July,13,145302.5,30590
8/3/2026,SID003,Nayeem Hasan,INV2608101572,Beauty Point,Female,CUST066,Corporate,Toothpaste,HYG005,Hygiene Products,CAT004,200,62,12400,1240,11160,0,2232,334.8,2026,August,3,11160,2232
11/5/2025,SID007,Rakib Hasan,INV2511101573,New Era Fashion,Male,CUS00353,Online,Hair Accessories,ACC010,Accessories,CAT003,400,13,5200,520,4680,93.6,936,140.4,2025,November,5,4586.4,936
3/5/2026,SID018,Imran Hossain,INV2603101574,Royal Style,Male,CUS00116,Corporate,Face Wash,COS001,Cosmetics,CAT002,450,97,43650,1309.5,42340.5,846.81,8468.1,1270.21,2026,March,5,41493.69,8468.1
9/7/2025,SID007,Shakil Khan,INV2509101575,Cosmetics Central,Female,CUST058,Distributor,Keychain,ACC015,Accessories,CAT003,300,21,6300,441,5859,117.18,0,175.77,2025,September,7,5741.82,0
5/8/2026,SID001,Shakil Khan,INV2605101576,Cosmo House,Both,CUST055,Distributor,Body Scrub,COS026,Cosmetics,CAT002,650,97,63050,6305,56745,2837.25,17023.5,1702.35,2026,May,8,53907.75,17023.5
3/28/2026,SID009,Imran Hossain,INV2603101577,Glamour Point,Both,CUS00316,Distributor,Personal Lubricant,COS039,Cosmetics,CAT002,350,53,18550,927.5,17622.5,881.12,3524.5,528.67,2026,March,28,16741.38,3524.5
12/19/2025,SID014,Mahmudul Hasan,INV2512101578,Trendy Shop,Both,CUS00164,Distributor,Nail Polish,COS013,Cosmetics,CAT002,400,22,8800,440,8360,0,2508,250.8,2025,December,19,8360,2508
2/16/2026,SID006,Shakil Khan,INV2602101579,Style World,Male,CUS00258,Distributor,Body Butter,COS017,Cosmetics,CAT002,700,22,15400,1078,14322,286.44,0,429.66,2026,February,16,14035.56,0
4/10/2025,SID008,Imran Hossain,INV2504101580,New Era Fashion,Female,CUS00419,Retail,Underarm Whitening Cream,COS024,Cosmetics,CAT002,500,70,35000,1050,33950,0,10185,1018.5,2025,April,10,33950,10185
8/3/2026,SID014,Rakib Hasan,INV2608101581,Fashion Point,Both,CUS00467,Retail,Diapers,HYG012,Hygiene Products,CAT004,800,21,16800,0,16800,336,3360,504,2026,August,3,16464,3360
2/14/2025,SID011,Jannatul Ferdous,INV2502101582,Bloom Cosmetics,Female,CUST027,Distributor,Men's Innerwear,APP016,Fashion Apparel,CAT001,700,65,45500,1365,44135,2206.75,0,1324.05,2025,February,14,41928.25,0
3/29/2025,SID007,Imran Hossain,INV2503101583,Beauty Express,Male,CUST002,Online,Kids Dress,APP008,Fashion Apparel,CAT001,950,30,28500,0,28500,0,0,855,2025,March,29,28500,0
5/22/2026,SID014,Sadia Afrin,INV2605101584,Urban Avenue,Both,CUS00026,Online,Kids T-Shirt,APP007,Fashion Apparel,CAT001,650,6,3900,390,3510,175.5,1053,105.3,2026,May,22,3334.5,1053
3/2/2026,SID009,Nayeem Hasan,INV2603101585,Fashion Plus,Both,CUS00115,Corporate,Footwear,ACC011,Accessories,CAT003,2500,51,127500,6375,121125,2422.5,0,3633.75,2026,March,2,118702.5,0
8/23/2025,SID010,Bonna Akter,INV2508101586,Global Apparel,Female,CUS00086,Retail,Body Wash,COS030,Cosmetics,CAT002,600,66,39600,1980,37620,0,7524,1128.6,2025,August,23,37620,7524
1/15/2025,SID008,Nayeem Hasan,INV2501101587,Elite Fashion,Female,CUS00347,Corporate,Body Scrub,COS026,Cosmetics,CAT002,650,49,31850,3185,28665,0,8599.5,859.95,2025,January,15,28665,8599.5
1/24/2025,SID011,Samira Akter,INV2501101588,Glamour Point,Both,CUS00383,Corporate,Hair Removal Cream,COS025,Cosmetics,CAT002,450,72,32400,2268,30132,602.64,9039.6,903.96,2025,January,24,29529.36,9039.6
3/1/2026,SID013,Bonna Akter,INV2603101589,Luxury Apparel,Female,CUS00364,Corporate,Hair Mask,COS018,Cosmetics,CAT002,1100,45,49500,4950,44550,891,8910,1336.5,2026,March,1,43659,8910
8/7/2026,SID017,Farzana Akter,INV2608101590,Cosmetics Plus,Female,CUS00054,Distributor,Makeup Kit,COS034,Cosmetics,CAT002,2500,21,52500,3675,48825,0,0,1464.75,2026,August,7,48825,0
10/27/2026,SID017,Arif Hossain,INV2610101591,Elite Collection,Female,CUS00173,Distributor,Shaving Cream,HYG009,Hygiene Products,CAT004,350,37,12950,647.5,12302.5,246.05,3690.75,369.07,2026,October,27,12056.45,3690.75
12/17/2026,SID016,Mahmudul Hasan,INV2612101592,Elite Collection,Female,CUS00123,Corporate,Toothpaste,HYG005,Hygiene Products,CAT004,200,94,18800,0,18800,0,5640,564,2026,December,17,18800,5640
9/6/2026,SID014,Siam Ahmed,INV2609101593,Fashion Central,Both,CUS00345,Corporate,Personal Toys,COS041,Cosmetics,CAT002,1500,6,9000,630,8370,0,2511,251.1,2026,September,6,8370,2511
10/20/2025,SID007,Shakil Khan,INV2510101594,Beauty Avenue,Female,CUST049,Distributor,Personal Toys,COS041,Cosmetics,CAT002,1500,9,13500,405,13095,261.9,3928.5,392.85,2025,October,20,12833.1,3928.5
11/26/2026,SID020,Tanvir Islam,INV2611101595,Golden Fashion,Female,CUS00054,Distributor,Face Toner,COS033,Cosmetics,CAT002,500,96,48000,3360,44640,0,0,1339.2,2026,November,26,44640,0
9/12/2025,SID012,Shakil Khan,INV2509101596,Classic Beauty,Both,CUST025,Corporate,Face Toner,COS033,Cosmetics,CAT002,500,51,25500,0,25500,510,7650,765,2025,September,12,24990,7650
12/18/2025,SID002,Mehedi Hasan,INV2512101597,Dream Fashion,Female,CUS00080,Retail,Toothpaste,HYG005,Hygiene Products,CAT004,200,88,17600,528,17072,341.44,0,512.16,2025,December,18,16730.56,0
10/18/2025,SID015,Arif Hossain,INV2510101598,Luxury Apparel,Male,CUS00065,Walk In,Women's Top,APP006,Fashion Apparel,CAT001,1200,72,86400,6048,80352,1607.04,24105.6,2410.56,2025,October,18,78744.96,24105.6
3/23/2025,SID005,Sabbir Ahmed,INV2503101599,Nova Cosmetics,Female,CUS00439,Distributor,Umbrella,ACC014,Accessories,CAT003,1200,34,40800,0,40800,816,8160,1224,2025,March,23,39984,8160
11/17/2026,SID009,Abdullah Al Mamun,INV2611101600,Urban Trends,Female,CUS00047,Walk In,Umbrella,ACC014,Accessories,CAT003,1200,87,104400,3132,101268,2025.36,20253.6,3038.04,2026,November,17,99242.64,20253.6
10/31/2025,SID014,Rakib Hasan,INV2510101601,Style World,Female,CUS00102,Walk In,Diapers,HYG012,Hygiene Products,CAT004,800,57,45600,2280,43320,0,0,1299.6,2025,October,31,43320,0
8/11/2026,SID013,Shakil Khan,INV2608101602,New Era Fashion,Male,CUS00367,Corporate,Footwear,ACC011,Accessories,CAT003,2500,19,47500,2375,45125,902.5,13537.5,1353.75,2026,August,11,44222.5,13537.5
12/15/2026,SID018,Arif Hossain,INV2612101603,Style Corner,Female,CUS00049,Distributor,Hair Dryer,COS038,Cosmetics,CAT002,4000,30,120000,8400,111600,5580,0,3348,2026,December,15,106020,0
2/18/2025,SID015,Jannatul Ferdous,INV2502101604,Dream Fashion,Both,CUS00113,Retail,Aftershave,COS019,Cosmetics,CAT002,800,32,25600,1280,24320,486.4,7296,729.6,2025,February,18,23833.6,7296
12/25/2026,SID006,Arif Hossain,INV2612101605,Infinity Style,Male,CUS00200,Online,Men's Innerwear,APP016,Fashion Apparel,CAT001,700,68,47600,3332,44268,0,0,1328.04,2026,December,25,44268,0
6/22/2025,SID017,Sharmin Akter,INV2506101606,Trendy Shop,Both,CUS00205,Online,Women's Nightwear,APP014,Fashion Apparel,CAT001,800,62,49600,0,49600,992,0,1488,2025,June,22,48608,0
4/10/2026,SID001,Shuvo Das,INV2604101607,Fresh Look,Both,CUS00437,Distributor,Belt,ACC003,Accessories,CAT003,800,37,29600,1480,28120,562.4,0,843.6,2026,April,10,27557.6,0
11/15/2026,SID009,Abdullah Al Mamun,INV2611101608,Chic Collection,Male,CUST050,Online,Nail Polish,COS013,Cosmetics,CAT002,400,39,15600,1560,14040,280.8,0,421.2,2026,November,15,13759.2,0
8/7/2025,SID006,Shakil Khan,INV2508101609,Cosmetics World,Male,CUS00362,Corporate,After Sun Lotion,COS031,Cosmetics,CAT002,700,18,12600,0,12600,0,2520,378,2025,August,7,12600,2520
11/27/2025,SID012,Sharmin Akter,INV2511101610,Glamour House,Both,CUS00127,Retail,Hair Spray,COS029,Cosmetics,CAT002,450,78,35100,0,35100,0,7020,1053,2025,November,27,35100,7020
7/4/2025,SID014,Sadia Afrin,INV2507101611,Smart Collection,Male,CUS00006,Distributor,Belt,ACC003,Accessories,CAT003,800,53,42400,1272,41128,822.56,0,1233.84,2025,July,4,40305.44,0
10/4/2025,SID019,Mahmudul Hasan,INV2510101612,Fashion World,Female,CUS00089,Corporate,Body Mist,COS037,Cosmetics,CAT002,450,30,13500,1350,12150,0,2430,364.5,2025,October,4,12150,2430
12/10/2025,SID010,Sabbir Ahmed,INV2512101613,Glamour Point,Male,CUS00423,Walk In,Body Spray,COS011,Cosmetics,CAT002,500,88,44000,4400,39600,0,11880,1188,2025,December,10,39600,11880
4/5/2025,SID005,Siam Ahmed,INV2504101614,Fashion Avenue,Male,CUS00074,Corporate,Foot Care Cream,HYG014,Hygiene Products,CAT004,300,57,17100,0,17100,342,5130,513,2025,April,5,16758,5130
8/2/2025,SID017,Sharmin Akter,INV2508101615,Modern Boutique,Both,CUS00268,Online,Hair Straightener,COS035,Cosmetics,CAT002,3500,88,308000,21560,286440,0,0,8593.2,2025,August,2,286440,0
6/29/2026,SID008,Nayeem Hasan,INV2606101616,Style Corner,Both,CUS00248,Retail,Sunglasses,ACC004,Accessories,CAT003,1500,43,64500,0,64500,1290,12900,1935,2026,June,29,63210,12900
7/6/2026,SID002,Shakil Khan,INV2607101617,Infinity Style,Male,CUS00475,Walk In,Perfume,COS003,Cosmetics,CAT002,2200,42,92400,9240,83160,1663.2,24948,2494.8,2026,July,6,81496.8,24948
6/23/2026,SID014,Tasnia Rahman,INV2606101618,Urban Beauty,Female,CUS00225,Corporate,Body Lotion,COS004,Cosmetics,CAT002,650,14,9100,0,9100,182,2730,273,2026,June,23,8918,2730
5/18/2026,SID017,Sadia Afrin,INV2605101619,Dream Fashion,Female,CUS00498,Retail,Belt,ACC003,Accessories,CAT003,800,99,79200,7920,71280,0,14256,2138.4,2026,May,18,71280,14256
10/2/2025,SID006,Abdullah Al Mamun,INV2510101620,Fashion World,Female,CUS00371,Corporate,Personal Lubricant,COS039,Cosmetics,CAT002,350,28,9800,490,9310,465.5,1862,279.3,2025,October,2,8844.5,1862
5/12/2025,SID018,Mim Akter,INV2505101621,Luxury Apparel,Female,CUS00313,Distributor,Deodorant,COS016,Cosmetics,CAT002,450,79,35550,3555,31995,1599.75,0,959.85,2025,May,12,30395.25,0
8/27/2025,SID013,Shakil Khan,INV2508101622,Classic Beauty,Both,CUST025,Corporate,Handbag,ACC001,Accessories,CAT003,3500,22,77000,3850,73150,1463,21945,2194.5,2025,August,27,71687,21945
7/31/2026,SID009,Rafiul Karim,INV2607101623,Smart Beauty,Male,CUS00086,Online,Face Serum,COS014,Cosmetics,CAT002,1300,84,109200,0,109200,5460,21840,3276,2026,July,31,103740,21840
10/1/2025,SID013,Mahmudul Hasan,INV2510101624,Cosmetics Plus,Male,CUS00210,Corporate,Jacket,APP010,Fashion Apparel,CAT001,3800,81,307800,0,307800,6156,61560,9234,2025,October,1,301644,61560
4/16/2025,SID016,Sharmin Akter,INV2504101625,NextGen Fashion,Female,CUS00021,Online,Face Wash,COS001,Cosmetics,CAT002,450,36,16200,0,16200,324,3240,486,2025,April,16,15876,3240
1/29/2026,SID005,Rafiul Karim,INV2601101626,Elegant Choice,Female,CUS00203,Distributor,Kids T-Shirt,APP007,Fashion Apparel,CAT001,650,31,20150,2015,18135,0,3627,544.05,2026,January,29,18135,3627
6/7/2025,SID010,Tanvir Islam,INV2506101627,Shine Collection,Male,CUS00102,Online,Makeup Remover,COS015,Cosmetics,CAT002,550,34,18700,1870,16830,0,3366,504.9,2025,June,7,16830,3366
12/17/2025,SID013,Mahmudul Hasan,INV2512101628,NextGen Fashion,Male,CUS00303,Online,Men Jeans,APP003,Fashion Apparel,CAT001,2200,8,17600,528,17072,0,5121.6,512.16,2025,December,17,17072,5121.6
5/4/2026,SID002,Bonna Akter,INV2605101629,Prime Collection,Female,CUS00285,Retail,Luggage,ACC013,Accessories,CAT003,8000,67,536000,0,536000,0,0,16080,2026,May,4,536000,0
5/21/2026,SID013,Sadia Afrin,INV2605101630,Trendy Shop,Female,CUS00215,Distributor,After Sun Lotion,COS031,Cosmetics,CAT002,700,98,68600,6860,61740,0,18522,1852.2,2026,May,21,61740,18522
2/19/2026,SID013,Mim Akter,INV2602101631,Classic Apparel,Female,CUST003,Walk In,After Sun Lotion,COS031,Cosmetics,CAT002,700,66,46200,3234,42966,0,8593.2,1288.98,2026,February,19,42966,8593.2
10/15/2026,SID001,Arif Hossain,INV2610101632,Grace Boutique,Both,CUS00040,Online,Women's Nightwear,APP014,Fashion Apparel,CAT001,800,83,66400,0,66400,3320,19920,1992,2026,October,15,63080,19920
7/7/2026,SID013,Sabbir Ahmed,INV2607101633,Apex Fashion,Female,CUST061,Corporate,Underarm Whitening Cream,HYG015,Hygiene Products,CAT004,500,27,13500,675,12825,641.25,2565,384.75,2026,July,7,12183.75,2565
10/29/2026,SID002,Nayeem Hasan,INV2610101634,Fresh Look,Both,CUS00319,Corporate,Face Serum,COS014,Cosmetics,CAT002,1300,95,123500,6175,117325,2346.5,35197.5,3519.75,2026,October,29,114978.5,35197.5
12/23/2026,SID012,Jannatul Ferdous,INV2612101635,Prime Collection,Female,CUS00070,Corporate,Footwear,ACC011,Accessories,CAT003,2500,81,202500,0,202500,10125,60750,6075,2026,December,23,192375,60750
6/7/2025,SID008,Mim Akter,INV2506101636,Metro Fashion,Male,CUS00291,Distributor,Face Toner,COS033,Cosmetics,CAT002,500,98,49000,3430,45570,2278.5,13671,1367.1,2025,June,7,43291.5,13671
2/14/2026,SID017,Imran Hossain,INV2602101637,Beauty Avenue,Female,CUST049,Distributor,Hair Accessories,ACC010,Accessories,CAT003,400,57,22800,0,22800,0,4560,684,2026,February,14,22800,4560
10/15/2025,SID020,Shakil Khan,INV2510101638,Nova Cosmetics,Both,CUS00319,Walk In,Foot Care Cream,COS023,Cosmetics,CAT002,300,63,18900,1323,17577,0,0,527.31,2025,October,15,17577,0
4/18/2025,SID018,Rakib Hasan,INV2504101639,Unique Collection,Female,CUS00127,Corporate,Personal Lubricant,COS039,Cosmetics,CAT002,350,94,32900,1645,31255,625.1,0,937.65,2025,April,18,30629.9,0
11/30/2025,SID006,Imran Hossain,INV2511101640,Fashion Avenue,Female,CUS00033,Retail,Compact Powder,COS008,Cosmetics,CAT002,800,39,31200,3120,28080,0,8424,842.4,2025,November,30,28080,8424
8/10/2025,SID012,Shakil Khan,INV2508101641,Trendy Boutique,Both,CUS00144,Online,Body Mist,COS037,Cosmetics,CAT002,450,91,40950,1228.5,39721.5,1986.08,7944.3,1191.64,2025,August,10,37735.42,7944.3
9/11/2026,SID019,Shakil Khan,INV2609101642,Modern Style,Female,CUS00361,Online,Body Oil,COS040,Cosmetics,CAT002,800,5,4000,120,3880,77.6,776,116.4,2026,September,11,3802.4,776
5/27/2026,SID017,Sadia Afrin,INV2605101643,Luxury Apparel,Female,CUS00482,Online,Keychain,ACC015,Accessories,CAT003,300,41,12300,861,11439,228.78,2287.8,343.17,2026,May,27,11210.22,2287.8
10/23/2025,SID019,Mim Akter,INV2510101644,Royal Cosmetics,Male,CUS00397,Retail,Hat,ACC007,Accessories,CAT003,700,95,66500,6650,59850,1197,0,1795.5,2025,October,23,58653,0
3/27/2025,SID019,Tanjina Sultana,INV2503101645,Smart Collection,Both,CUS00180,Distributor,Face Toner,COS033,Cosmetics,CAT002,500,38,19000,1330,17670,0,0,530.1,2025,March,27,17670,0
10/2/2025,SID015,Samira Akter,INV2510101646,Style Corner,Both,CUS00133,Corporate,Body Wash,COS030,Cosmetics,CAT002,600,8,4800,144,4656,93.12,931.2,139.68,2025,October,2,4562.88,931.2
4/13/2025,SID004,Sabbir Ahmed,INV2504101647,Premium Beauty,Male,CUS00434,Retail,Hair Serum,COS006,Cosmetics,CAT002,1200,65,78000,2340,75660,0,22698,2269.8,2025,April,13,75660,22698
5/10/2026,SID010,Tasnia Rahman,INV2605101648,Grace Boutique,Both,CUS00373,Online,Men Jeans,APP003,Fashion Apparel,CAT001,2200,71,156200,0,156200,3124,46860,4686,2026,May,10,153076,46860
11/22/2025,SID003,Rafiul Karim,INV2511101649,Moonlight Cosmetics,Female,CUS00164,Online,Hair Serum,COS006,Cosmetics,CAT002,1200,33,39600,1188,38412,768.24,7682.4,1152.36,2025,November,22,37643.76,7682.4
12/25/2025,SID007,Farzana Akter,INV2512101650,Elite Collection,Female,CUS00408,Distributor,Hair Removal Cream,HYG013,Hygiene Products,CAT004,450,31,13950,1395,12555,251.1,3766.5,376.65,2025,December,25,12303.9,3766.5
9/4/2025,SID007,Rashedul Islam,INV2509101651,Style World,Female,CUS00130,Walk In,Nail Polish,COS013,Cosmetics,CAT002,400,100,40000,1200,38800,0,0,1164,2025,September,4,38800,0
5/26/2026,SID010,Tasnia Rahman,INV2605101652,Fashion Central,Female,CUS00311,Retail,Disinfectant Spray,HYG003,Hygiene Products,CAT004,400,19,7600,760,6840,342,0,205.2,2026,May,26,6498,0
5/15/2026,SID015,Farzana Akter,INV2605101653,Trendy Shop,Both,CUS00088,Corporate,Underarm Whitening Cream,HYG015,Hygiene Products,CAT004,500,27,13500,0,13500,0,4050,405,2026,May,15,13500,4050
8/29/2026,SID001,Rashedul Islam,INV2608101654,Infinity Style,Male,CUS00166,Distributor,Face Scrub,COS027,Cosmetics,CAT002,550,95,52250,5225,47025,940.5,9405,1410.75,2026,August,29,46084.5,9405
2/15/2025,SID012,Shuvo Das,INV2502101655,Glamour House,Male,CUS00234,Corporate,Men's Nightwear,APP015,Fashion Apparel,CAT001,850,69,58650,0,58650,0,17595,1759.5,2025,February,15,58650,17595
11/26/2026,SID012,Mahmudul Hasan,INV2611101656,Moonlight Cosmetics,Male,CUS00087,Corporate,Hair Dryer,COS038,Cosmetics,CAT002,4000,92,368000,36800,331200,6624,66240,9936,2026,November,26,324576,66240
7/26/2025,SID004,Sharmin Akter,INV2507101657,Modern Boutique,Both,CUS00413,Corporate,Baby Wipes,HYG011,Hygiene Products,CAT004,250,16,4000,0,4000,80,1200,120,2025,July,26,3920,1200
2/12/2025,SID003,Mahmudul Hasan,INV2502101658,Infinity Style,Male,CUS00357,Distributor,Hand Sanitizer,HYG001,Hygiene Products,CAT004,250,51,12750,382.5,12367.5,247.35,0,371.02,2025,February,12,12120.15,0
4/24/2026,SID006,Arif Hossain,INV2604101659,Chic Collection,Male,CUST050,Online,After Sun Lotion,COS031,Cosmetics,CAT002,700,97,67900,3395,64505,0,12901,1935.15,2026,April,24,64505,12901
9/10/2025,SID001,Sharmin Akter,INV2509101660,Smart Beauty,Male,CUS00153,Retail,Women's Skirt,APP011,Fashion Apparel,CAT001,1500,83,124500,6225,118275,2365.5,0,3548.25,2025,September,10,115909.5,0
7/5/2026,SID002,Tasnia Rahman,INV2607101661,Golden Fashion,Male,CUS00230,Retail,Mouthwash,HYG007,Hygiene Products,CAT004,300,91,27300,1365,25935,0,5187,778.05,2026,July,5,25935,5187
12/14/2026,SID001,Rakib Hasan,INV2612101662,Cosmetics World,Female,CUS00207,Walk In,Kids T-Shirt,APP007,Fashion Apparel,CAT001,650,26,16900,1183,15717,314.34,4715.1,471.51,2026,December,14,15402.66,4715.1
4/28/2026,SID014,Imran Hossain,INV2604101663,Fashion Gallery,Female,CUS00003,Distributor,Handbag,ACC001,Accessories,CAT003,3500,14,49000,3430,45570,0,13671,1367.1,2026,April,28,45570,13671
3/18/2026,SID016,Sadia Afrin,INV2603101664,Urban Trends,Female,CUS00420,Corporate,Hair Removal Cream,COS025,Cosmetics,CAT002,450,8,3600,108,3492,69.84,1047.6,104.76,2026,March,18,3422.16,1047.6
10/13/2026,SID008,Sadia Afrin,INV2610101665,Cosmo House,Both,CUST055,Distributor,Hand Sanitizer,HYG001,Hygiene Products,CAT004,250,26,6500,455,6045,120.9,1209,181.35,2026,October,13,5924.1,1209
8/13/2025,SID010,Mim Akter,INV2508101666,Cosmo House,Both,CUST055,Distributor,Men Polo Shirt,APP002,Fashion Apparel,CAT001,1100,93,102300,10230,92070,1841.4,0,2762.1,2025,August,13,90228.6,0
11/27/2026,SID005,Sharmin Akter,INV2611101667,Beauty Point,Female,CUST066,Corporate,Compact Powder,COS008,Cosmetics,CAT002,800,77,61600,0,61600,1232,12320,1848,2026,November,27,60368,12320
10/22/2026,SID007,Abdullah Al Mamun,INV2610101668,Elegant Choice,Both,CUS00116,Retail,Toothpaste,HYG005,Hygiene Products,CAT004,200,25,5000,500,4500,90,0,135,2026,October,22,4410,0
9/9/2026,SID012,Siam Ahmed,INV2609101669,Urban Avenue,Male,CUS00220,Distributor,Jacket,APP010,Fashion Apparel,CAT001,3800,56,212800,10640,202160,0,60648,6064.8,2026,September,9,202160,60648
12/21/2026,SID006,Rakib Hasan,INV2612101670,Cosmetics Plus,Female,CUS00077,Distributor,Body Lotion,COS004,Cosmetics,CAT002,650,38,24700,1729,22971,1148.55,4594.2,689.13,2026,December,21,21822.45,4594.2
12/2/2025,SID013,Rakib Hasan,INV2512101671,Fashion Plus,Male,CUS00471,Walk In,Body Butter,COS017,Cosmetics,CAT002,700,88,61600,6160,55440,1108.8,0,1663.2,2025,December,2,54331.2,0
5/17/2026,SID007,Sabbir Ahmed,INV2605101672,Urban Avenue,Female,CUS00144,Walk In,Backpack,ACC012,Accessories,CAT003,3000,80,240000,16800,223200,4464,66960,6696,2026,May,17,218736,66960
11/22/2026,SID009,Rakib Hasan,INV2611101673,NextGen Fashion,Male,CUS00284,Online,Foot Care Cream,COS023,Cosmetics,CAT002,300,29,8700,261,8439,168.78,0,253.17,2026,November,22,8270.22,0
1/10/2025,SID007,Bonna Akter,INV2501101674,Lily Boutique,Male,CUS00243,Walk In,Feminine Wash,HYG010,Hygiene Products,CAT004,400,44,17600,528,17072,341.44,0,512.16,2025,January,10,16730.56,0
2/6/2026,SID020,Rafiul Karim,INV2602101675,Modern Style,Female,CUS00400,Distributor,Personal Lubricant,COS039,Cosmetics,CAT002,350,19,6650,332.5,6317.5,126.35,1263.5,189.53,2026,February,6,6191.15,1263.5
8/1/2025,SID011,Mim Akter,INV2508101676,Royal Style,Both,CUS00439,Walk In,Makeup Kit,COS034,Cosmetics,CAT002,2500,72,180000,9000,171000,0,34200,5130,2025,August,1,171000,34200
2/25/2025,SID016,Rafiul Karim,INV2502101677,Fashion Point,Female,CUS00408,Online,Men Shirt,APP017,Fashion Apparel,CAT001,1600,56,89600,2688,86912,4345.6,26073.6,2607.36,2025,February,25,82566.4,26073.6
8/31/2026,SID005,Tasnia Rahman,INV2608101678,Fresh Look,Both,CUS00112,Retail,Feminine Wash,COS022,Cosmetics,CAT002,400,69,27600,1380,26220,524.4,7866,786.6,2026,August,31,25695.6,7866
8/14/2025,SID006,Mim Akter,INV2508101679,Urban Beauty,Female,CUS00443,Online,Women's Skirt,APP011,Fashion Apparel,CAT001,1500,27,40500,0,40500,2025,12150,1215,2025,August,14,38475,12150
1/27/2026,SID014,Shuvo Das,INV2601101680,Metro Fashion,Both,CUS00003,Retail,Aftershave,COS019,Cosmetics,CAT002,800,26,20800,2080,18720,936,3744,561.6,2026,January,27,17784,3744
10/9/2026,SID010,Tanjina Sultana,INV2610101681,Shine Collection,Female,CUS00109,Corporate,Baby Wipes,HYG011,Hygiene Products,CAT004,250,63,15750,1575,14175,708.75,2835,425.25,2026,October,9,13466.25,2835
1/21/2026,SID008,Rafiul Karim,INV2601101682,Urban Beauty,Male,CUS00186,Walk In,Hair Gel,COS028,Cosmetics,CAT002,400,93,37200,0,37200,744,11160,1116,2026,January,21,36456,11160
9/18/2026,SID016,Mahmudul Hasan,INV2609101683,Cosmetics World,Male,CUS00081,Distributor,Shaving Cream,COS021,Cosmetics,CAT002,350,69,24150,0,24150,1207.5,7245,724.5,2026,September,18,22942.5,7245
11/13/2026,SID014,Shuvo Das,INV2611101684,Urban Trends,Female,CUS00045,Corporate,Scarf,ACC006,Accessories,CAT003,900,81,72900,3645,69255,0,20776.5,2077.65,2026,November,13,69255,20776.5
8/29/2026,SID008,Shakil Khan,INV2608101685,Fashion Express,Female,CUS00014,Corporate,Body Oil,COS040,Cosmetics,CAT002,800,16,12800,896,11904,595.2,3571.2,357.12,2026,August,29,11308.8,3571.2
4/29/2025,SID011,Samira Akter,INV2504101686,Dream Fashion,Male,CUS00150,Retail,Keychain,ACC015,Accessories,CAT003,300,5,1500,0,1500,75,450,45,2025,April,29,1425,450
9/13/2025,SID004,Nayeem Hasan,INV2509101687,Beauty Point,Female,CUST066,Corporate,Sanitary Napkins,HYG004,Hygiene Products,CAT004,350,75,26250,787.5,25462.5,1273.12,0,763.88,2025,September,13,24189.38,0
11/26/2025,SID003,Mehedi Hasan,INV2511101688,Modern Boutique,Female,CUS00361,Retail,Women's Skirt,APP011,Fashion Apparel,CAT001,1500,98,147000,10290,136710,6835.5,27342,4101.3,2025,November,26,129874.5,27342
1/21/2025,SID020,Rashedul Islam,INV2501101689,Glamour House,Female,CUS00331,Distributor,Shaving Cream,COS021,Cosmetics,CAT002,350,41,14350,717.5,13632.5,681.62,4089.75,408.97,2025,January,21,12950.88,4089.75
12/5/2026,SID015,Tanjina Sultana,INV2612101690,Fashion Gallery,Male,CUS00220,Walk In,Women's Kurti,APP004,Fashion Apparel,CAT001,1800,60,108000,0,108000,0,0,3240,2026,December,5,108000,0
6/9/2026,SID007,Sharmin Akter,INV2606101691,Trendy Boutique,Both,CUS00358,Corporate,Foot Care Cream,HYG014,Hygiene Products,CAT004,300,47,14100,423,13677,683.85,2735.4,410.31,2026,June,9,12993.15,2735.4
10/29/2025,SID014,Shakil Khan,INV2510101692,Blue Sky Fashion,Both,CUST014,Online,Scarf,ACC006,Accessories,CAT003,900,53,47700,1431,46269,2313.45,0,1388.07,2025,October,29,43955.55,0
9/11/2026,SID019,Rakib Hasan,INV2609101693,Beauty World,Male,CUST010,Distributor,After Sun Lotion,COS031,Cosmetics,CAT002,700,37,25900,777,25123,502.46,5024.6,753.69,2026,September,11,24620.54,5024.6
9/28/2026,SID017,Rafiul Karim,INV2609101694,Rainbow Apparel,Both,CUS00127,Corporate,Underarm Whitening Cream,HYG015,Hygiene Products,CAT004,500,15,7500,525,6975,348.75,0,209.25,2026,September,28,6626.25,0
7/13/2026,SID009,Rakib Hasan,INV2607101695,Beauty Avenue,Female,CUST049,Distributor,Women's Skirt,APP011,Fashion Apparel,CAT001,1500,59,88500,6195,82305,0,0,2469.15,2026,July,13,82305,0
3/5/2026,SID020,Tanjina Sultana,INV2603101696,Nova Cosmetics,Female,CUS00316,Corporate,Makeup Kit,COS034,Cosmetics,CAT002,2500,21,52500,5250,47250,945,0,1417.5,2026,March,5,46305,0
5/21/2026,SID012,Tanvir Islam,INV2605101697,Glamour House,Both,CUS00232,Online,Body Oil,COS040,Cosmetics,CAT002,800,69,55200,3864,51336,2566.8,0,1540.08,2026,May,21,48769.2,0
3/24/2026,SID017,Rashedul Islam,INV2603101698,Urban Beauty,Male,CUS00214,Walk In,Toothpaste,HYG005,Hygiene Products,CAT004,200,63,12600,1260,11340,0,3402,340.2,2026,March,24,11340,3402
8/12/2026,SID003,Mahmudul Hasan,INV2608101699,Royal Style,Both,CUS00009,Walk In,Feminine Wash,HYG010,Hygiene Products,CAT004,400,85,34000,2380,31620,632.4,9486,948.6,2026,August,12,30987.6,9486
5/3/2025,SID011,Mim Akter,INV2505101700,Rainbow Apparel,Female,CUS00467,Corporate,Face Serum,COS014,Cosmetics,CAT002,1300,93,120900,8463,112437,5621.85,33731.1,3373.11,2025,May,3,106815.15,33731.1
3/14/2025,SID017,Mahmudul Hasan,INV2503101701,Fresh Look,Male,CUS00320,Distributor,Hair Mask,COS018,Cosmetics,CAT002,1100,21,23100,1155,21945,1097.25,0,658.35,2025,March,14,20847.75,0
3/6/2026,SID004,Tasnia Rahman,INV2603101702,Dream Fashion,Female,CUS00059,Online,Women's Nightwear,APP014,Fashion Apparel,CAT001,800,86,68800,4816,63984,0,19195.2,1919.52,2026,March,6,63984,19195.2
9/23/2026,SID012,Rashedul Islam,INV2609101703,Dream Fashion,Both,CUS00249,Distributor,Face Wash,COS001,Cosmetics,CAT002,450,69,31050,931.5,30118.5,602.37,9035.55,903.55,2026,September,23,29516.13,9035.55
6/10/2026,SID016,Bonna Akter,INV2606101704,Crystal Cosmetics,Both,CUS00020,Retail,Body Oil,COS040,Cosmetics,CAT002,800,15,12000,840,11160,223.2,3348,334.8,2026,June,10,10936.8,3348
10/9/2025,SID015,Shakil Khan,INV2510101705,Signature Fashion,Both,CUS00338,Online,Men's Nightwear,APP015,Fashion Apparel,CAT001,850,94,79900,0,79900,1598,23970,2397,2025,October,9,78302,23970
4/7/2026,SID017,Samira Akter,INV2604101706,Bloom Cosmetics,Female,CUST027,Distributor,Hair Conditioner,COS032,Cosmetics,CAT002,750,64,48000,0,48000,0,14400,1440,2026,April,7,48000,14400
3/18/2026,SID010,Sharmin Akter,INV2603101707,Fashion World,Both,CUS00174,Corporate,Sunscreen,COS009,Cosmetics,CAT002,1150,47,54050,2702.5,51347.5,0,10269.5,1540.42,2026,March,18,51347.5,10269.5
11/14/2025,SID009,Imran Hossain,INV2511101708,Style Corner,Female,CUS00077,Online,Body Oil,COS040,Cosmetics,CAT002,800,48,38400,2688,35712,1785.6,0,1071.36,2025,November,14,33926.4,0
1/21/2026,SID007,Mahmudul Hasan,INV2601101709,Fashion Gallery,Both,CUS00387,Distributor,Men's Innerwear,APP016,Fashion Apparel,CAT001,700,54,37800,1890,35910,1795.5,7182,1077.3,2026,January,21,34114.5,7182
4/27/2025,SID012,Nusrat Jahan,INV2504101710,Cosmetics Central,Female,CUST058,Distributor,Belt,ACC003,Accessories,CAT003,800,91,72800,7280,65520,0,19656,1965.6,2025,April,27,65520,19656
1/15/2025,SID007,Nusrat Jahan,INV2501101711,Style Corner,Female,CUS00353,Online,Face Serum,COS014,Cosmetics,CAT002,1300,91,118300,5915,112385,2247.7,33715.5,3371.55,2025,January,15,110137.3,33715.5
12/16/2026,SID002,Mehedi Hasan,INV2612101712,Premium Beauty,Male,CUS00308,Corporate,Underarm Whitening Cream,COS024,Cosmetics,CAT002,500,31,15500,1550,13950,0,0,418.5,2026,December,16,13950,0
7/24/2026,SID004,Sharmin Akter,INV2607101713,Elite Fashion,Female,CUS00273,Corporate,Watch,ACC005,Accessories,CAT003,5000,7,35000,1050,33950,0,0,1018.5,2026,July,24,33950,0
9/22/2025,SID019,Tanjina Sultana,INV2509101714,Fashion Express,Male,CUS00461,Walk In,Men's Nightwear,APP015,Fashion Apparel,CAT001,850,66,56100,0,56100,1122,0,1683,2025,September,22,54978,0
8/31/2026,SID015,Tanjina Sultana,INV2608101715,Modern Style,Female,CUS00386,Walk In,Personal Lubricant,COS039,Cosmetics,CAT002,350,45,15750,1575,14175,0,2835,425.25,2026,August,31,14175,2835
7/30/2025,SID003,Tasnia Rahman,INV2507101716,Style World,Female,CUS00496,Walk In,Body Butter,COS017,Cosmetics,CAT002,700,42,29400,1470,27930,1396.5,8379,837.9,2025,July,30,26533.5,8379
9/9/2026,SID001,Tasnia Rahman,INV2609101717,Cosmetics Plus,Female,CUS00038,Corporate,Face Scrub,COS027,Cosmetics,CAT002,550,87,47850,3349.5,44500.5,0,8900.1,1335.01,2026,September,9,44500.5,8900.1
4/21/2026,SID015,Mahmudul Hasan,INV2604101718,Shine Collection,Male,CUS00079,Online,Shaving Cream,COS021,Cosmetics,CAT002,350,92,32200,2254,29946,598.92,8983.8,898.38,2026,April,21,29347.08,8983.8
3/27/2025,SID003,Abdullah Al Mamun,INV2503101719,Glow & Shine,Female,CUS00150,Distributor,Handbag,ACC001,Accessories,CAT003,3500,56,196000,19600,176400,3528,52920,5292,2025,March,27,172872,52920
10/23/2025,SID019,Mahmudul Hasan,INV2510101720,Moonlight Cosmetics,Male,CUS00441,Walk In,Jewelry Set,ACC009,Accessories,CAT003,4500,54,243000,7290,235710,4714.2,0,7071.3,2025,October,23,230995.8,0
3/26/2025,SID010,Sharmin Akter,INV2503101721,Iconic Fashion,Female,CUS00086,Corporate,Toothbrush,HYG006,Hygiene Products,CAT004,150,61,9150,274.5,8875.5,177.51,0,266.26,2025,March,26,8697.99,0
4/23/2025,SID019,Jannatul Ferdous,INV2504101722,Grace Boutique,Female,CUS00213,Retail,Shaving Cream,HYG009,Hygiene Products,CAT004,350,85,29750,892.5,28857.5,0,0,865.73,2025,April,23,28857.5,0
5/3/2026,SID019,Bonna Akter,INV2605101723,Cosmetics World,Male,CUS00205,Online,Body Lotion,COS004,Cosmetics,CAT002,650,72,46800,4680,42120,842.4,8424,1263.6,2026,May,3,41277.6,8424
11/28/2026,SID017,Rakib Hasan,INV2611101724,Urban Trends,Male,CUS00460,Walk In,Men's Innerwear,APP016,Fashion Apparel,CAT001,700,44,30800,1540,29260,585.2,8778,877.8,2026,November,28,28674.8,8778
12/22/2026,SID009,Abdullah Al Mamun,INV2612101725,Elegant Boutique,Male,CUS00359,Distributor,Men's Nightwear,APP015,Fashion Apparel,CAT001,850,76,64600,1938,62662,0,0,1879.86,2026,December,22,62662,0
7/24/2026,SID014,Mahmudul Hasan,INV2607101726,Urban Avenue,Male,CUS00075,Corporate,Baby Wipes,HYG011,Hygiene Products,CAT004,250,67,16750,502.5,16247.5,812.38,4874.25,487.42,2026,July,24,15435.12,4874.25
11/18/2026,SID011,Shuvo Das,INV2611101727,Classic Apparel,Female,CUST003,Walk In,Diapers,HYG012,Hygiene Products,CAT004,800,13,10400,1040,9360,468,1872,280.8,2026,November,18,8892,1872
9/5/2025,SID002,Nayeem Hasan,INV2509101728,Royal Cosmetics,Both,CUS00379,Walk In,Makeup Kit,COS034,Cosmetics,CAT002,2500,47,117500,11750,105750,0,21150,3172.5,2025,September,5,105750,21150
8/18/2025,SID008,Mim Akter,INV2508101729,Modern Boutique,Male,CUS00040,Corporate,Toothbrush,HYG006,Hygiene Products,CAT004,150,15,2250,225,2025,0,607.5,60.75,2025,August,18,2025,607.5
3/16/2026,SID014,Nayeem Hasan,INV2603101730,Royal Style,Both,CUS00453,Walk In,Men T-Shirt,APP001,Fashion Apparel,CAT001,750,80,60000,4200,55800,2790,0,1674,2026,March,16,53010,0
5/28/2025,SID002,Sadia Afrin,INV2505101731,Trendy Boutique,Male,CUS00308,Online,Toothpaste,HYG005,Hygiene Products,CAT004,200,18,3600,0,3600,0,1080,108,2025,May,28,3600,1080
1/6/2026,SID011,Tasnia Rahman,INV2601101732,Glamour Point,Male,CUS00405,Distributor,Kids Dress,APP008,Fashion Apparel,CAT001,950,20,19000,1330,17670,0,0,530.1,2026,January,6,17670,0
7/24/2026,SID006,Farzana Akter,INV2607101733,Fashion Hub Ltd,Male,CUS00309,Distributor,Jewelry Set,ACC009,Accessories,CAT003,4500,31,139500,4185,135315,0,40594.5,4059.45,2026,July,24,135315,40594.5
9/17/2026,SID014,Bonna Akter,INV2609101734,Grace Boutique,Both,CUS00341,Retail,Face Serum,COS014,Cosmetics,CAT002,1300,12,15600,1560,14040,0,2808,421.2,2026,September,17,14040,2808
2/21/2026,SID019,Nusrat Jahan,INV2602101735,Pink Beauty,Male,CUS00361,Retail,Men Jeans,APP003,Fashion Apparel,CAT001,2200,99,217800,0,217800,10890,0,6534,2026,February,21,206910,0
4/20/2025,SID012,Shuvo Das,INV2504101736,Elegant Boutique,Male,CUS00127,Corporate,Shaving Cream,COS021,Cosmetics,CAT002,350,79,27650,0,27650,553,5530,829.5,2025,April,20,27097,5530
11/21/2026,SID002,Rakib Hasan,INV2611101737,Metro Fashion,Both,CUS00455,Online,Men Polo Shirt,APP002,Fashion Apparel,CAT001,1100,68,74800,0,74800,1496,14960,2244,2026,November,21,73304,14960
11/7/2025,SID009,Bonna Akter,INV2511101738,Cosmetics World,Female,CUS00181,Walk In,Jacket,APP010,Fashion Apparel,CAT001,3800,51,193800,9690,184110,9205.5,0,5523.3,2025,November,7,174904.5,0
3/18/2025,SID003,Tanjina Sultana,INV2503101739,Urban Style,Male,CUS00271,Distributor,Baby Wipes,HYG011,Hygiene Products,CAT004,250,51,12750,1275,11475,573.75,0,344.25,2025,March,18,10901.25,0
7/8/2026,SID002,Arif Hossain,INV2607101740,Glamour House,Male,CUS00413,Distributor,Women's Kurti,APP004,Fashion Apparel,CAT001,1800,92,165600,8280,157320,3146.4,0,4719.6,2026,July,8,154173.6,0
5/17/2026,SID019,Shuvo Das,INV2605101741,Grace Boutique,Both,CUS00111,Distributor,Hair Dryer,COS038,Cosmetics,CAT002,4000,62,248000,24800,223200,11160,44640,6696,2026,May,17,212040,44640
12/20/2025,SID016,Siam Ahmed,INV2512101742,Diamond Cosmetics,Female,CUS00309,Walk In,Women's Saree,APP005,Fashion Apparel,CAT001,3200,78,249600,7488,242112,12105.6,0,7263.36,2025,December,20,230006.4,0
12/15/2025,SID006,Siam Ahmed,INV2512101743,Modern Style,Both,CUS00327,Online,Body Lotion,COS004,Cosmetics,CAT002,650,38,24700,1235,23465,1173.25,0,703.95,2025,December,15,22291.75,0
9/24/2025,SID010,Sharmin Akter,INV2509101744,Fashion Central,Male,CUS00060,Distributor,Jacket,APP010,Fashion Apparel,CAT001,3800,10,38000,3800,34200,684,10260,1026,2025,September,24,33516,10260
3/17/2026,SID002,Imran Hossain,INV2603101745,Premium Beauty,Both,CUS00348,Retail,Perfume,COS003,Cosmetics,CAT002,2200,82,180400,12628,167772,3355.44,33554.4,5033.16,2026,March,17,164416.56,33554.4
6/5/2025,SID016,Tanvir Islam,INV2506101746,Glamour Point,Both,CUS00147,Distributor,Women's Kurti,APP004,Fashion Apparel,CAT001,1800,54,97200,6804,90396,0,27118.8,2711.88,2025,June,5,90396,27118.8
6/22/2025,SID013,Shakil Khan,INV2506101747,Royal Cosmetics,Female,CUS00395,Walk In,Kids T-Shirt,APP007,Fashion Apparel,CAT001,650,60,39000,1950,37050,1852.5,7410,1111.5,2025,June,22,35197.5,7410
2/6/2025,SID019,Rakib Hasan,INV2502101748,Classic Apparel,Female,CUST003,Walk In,Underarm Whitening Cream,COS024,Cosmetics,CAT002,500,52,26000,0,26000,1300,0,780,2025,February,6,24700,0
1/27/2026,SID019,Rafiul Karim,INV2601101749,Beauty Avenue,Female,CUST049,Distributor,Foot Care Cream,HYG014,Hygiene Products,CAT004,300,87,26100,1305,24795,0,4959,743.85,2026,January,27,24795,4959
7/11/2025,SID006,Abdullah Al Mamun,INV2507101750,Glamour House,Female,CUS00307,Retail,Face Mask,HYG002,Hygiene Products,CAT004,150,94,14100,1410,12690,634.5,3807,380.7,2025,July,11,12055.5,3807
5/4/2025,SID007,Mahmudul Hasan,INV2505101751,Infinity Style,Both,CUS00293,Corporate,Foot Care Cream,COS023,Cosmetics,CAT002,300,47,14100,423,13677,0,4103.1,410.31,2025,May,4,13677,4103.1
11/1/2025,SID019,Mahmudul Hasan,INV2511101752,Fashion Plus,Female,CUS00287,Retail,Body Butter,COS017,Cosmetics,CAT002,700,55,38500,3850,34650,1732.5,0,1039.5,2025,November,1,32917.5,0
1/4/2026,SID017,Mehedi Hasan,INV2601101753,Fashion Gallery,Female,CUS00397,Corporate,Condom,COS036,Cosmetics,CAT002,300,73,21900,0,21900,1095,6570,657,2026,January,4,20805,6570
10/2/2026,SID007,Nayeem Hasan,INV2610101754,Shine Collection,Female,CUS00494,Walk In,Men Polo Shirt,APP002,Fashion Apparel,CAT001,1100,42,46200,4620,41580,831.6,0,1247.4,2026,October,2,40748.4,0
9/5/2025,SID008,Nayeem Hasan,INV2509101755,Premium Beauty,Female,CUS00412,Online,Face Mask,HYG002,Hygiene Products,CAT004,150,58,8700,870,7830,391.5,0,234.9,2025,September,5,7438.5,0
11/10/2026,SID007,Abdullah Al Mamun,INV2611101756,Glow & Shine,Male,CUS00189,Online,Men's Innerwear,APP016,Fashion Apparel,CAT001,700,52,36400,1092,35308,0,7061.6,1059.24,2026,November,10,35308,7061.6
7/24/2026,SID004,Tasnia Rahman,INV2607101757,Fashion Hub Ltd,Female,CUS00247,Online,Belt,ACC003,Accessories,CAT003,800,28,22400,2240,20160,403.2,6048,604.8,2026,July,24,19756.8,6048
7/13/2026,SID017,Jannatul Ferdous,INV2607101758,Signature Fashion,Both,CUS00196,Distributor,Body Oil,COS040,Cosmetics,CAT002,800,71,56800,2840,53960,0,16188,1618.8,2026,July,13,53960,16188
11/16/2025,SID015,Shakil Khan,INV2511101759,Prime Collection,Both,CUS00395,Walk In,Hair Removal Cream,HYG013,Hygiene Products,CAT004,450,92,41400,2070,39330,786.6,0,1179.9,2025,November,16,38543.4,0
6/3/2026,SID008,Mahmudul Hasan,INV2606101760,Urban Trends,Male,CUS00200,Retail,Toothpaste,HYG005,Hygiene Products,CAT004,200,81,16200,1134,15066,0,3013.2,451.98,2026,June,3,15066,3013.2
6/2/2026,SID019,Shuvo Das,INV2606101761,Unique Collection,Female,CUS00288,Online,Personal Lubricant,COS039,Cosmetics,CAT002,350,76,26600,1862,24738,494.76,0,742.14,2026,June,2,24243.24,0
3/9/2026,SID002,Arif Hossain,INV2603101762,Elegant Boutique,Female,CUS00450,Retail,Toothpaste,HYG005,Hygiene Products,CAT004,200,61,12200,610,11590,0,0,347.7,2026,March,9,11590,0
1/9/2025,SID003,Sadia Afrin,INV2501101763,Fashion Hub Ltd,Both,CUS00015,Distributor,Face Scrub,COS027,Cosmetics,CAT002,550,13,7150,715,6435,128.7,0,193.05,2025,January,9,6306.3,0
10/26/2026,SID005,Jannatul Ferdous,INV2610101764,Fresh Look,Male,CUS00449,Online,Deodorant,COS016,Cosmetics,CAT002,450,81,36450,3645,32805,0,6561,984.15,2026,October,26,32805,6561
6/21/2026,SID001,Samira Akter,INV2606101765,Fashion Plus,Both,CUS00281,Corporate,Jewelry Set,ACC009,Accessories,CAT003,4500,14,63000,3150,59850,2992.5,0,1795.5,2026,June,21,56857.5,0
6/11/2026,SID020,Shuvo Das,INV2606101766,Glow & Shine,Female,CUS00390,Corporate,Hair Serum,COS006,Cosmetics,CAT002,1200,86,103200,5160,98040,1960.8,19608,2941.2,2026,June,11,96079.2,19608
12/16/2025,SID010,Samira Akter,INV2512101767,Elegant Boutique,Female,CUS00040,Corporate,Face Wash,COS001,Cosmetics,CAT002,450,73,32850,1642.5,31207.5,0,0,936.22,2025,December,16,31207.5,0
9/24/2026,SID017,Sabbir Ahmed,INV2609101768,Style Corner,Both,CUS00184,Corporate,Underarm Whitening Cream,HYG015,Hygiene Products,CAT004,500,17,8500,850,7650,0,0,229.5,2026,September,24,7650,0
4/2/2025,SID002,Bonna Akter,INV2504101769,Royal Cosmetics,Both,CUS00452,Walk In,Body Wash,COS030,Cosmetics,CAT002,600,57,34200,1710,32490,0,9747,974.7,2025,April,2,32490,9747
1/19/2025,SID008,Nusrat Jahan,INV2501101770,Urban Avenue,Female,CUS00003,Online,Deodorant,COS016,Cosmetics,CAT002,450,91,40950,2047.5,38902.5,1945.12,11670.75,1167.08,2025,January,19,36957.38,11670.75
2/6/2026,SID001,Tasnia Rahman,INV2602101771,NextGen Fashion,Male,CUS00021,Online,Shaving Cream,HYG009,Hygiene Products,CAT004,350,36,12600,882,11718,234.36,3515.4,351.54,2026,February,6,11483.64,3515.4
3/15/2025,SID017,Sadia Afrin,INV2503101772,Golden Fashion,Female,CUS00004,Retail,Handbag,ACC001,Accessories,CAT003,3500,47,164500,11515,152985,7649.25,0,4589.55,2025,March,15,145335.75,0
1/14/2026,SID013,Rafiul Karim,INV2601101773,Grace Boutique,Both,CUS00176,Retail,Shampoo,COS005,Cosmetics,CAT002,700,30,21000,1050,19950,0,0,598.5,2026,January,14,19950,0
4/17/2025,SID002,Sabbir Ahmed,INV2504101774,Modern Boutique,Both,CUS00155,Online,Body Lotion,COS004,Cosmetics,CAT002,650,21,13650,955.5,12694.5,634.73,3808.35,380.83,2025,April,17,12059.77,3808.35
2/14/2025,SID006,Sadia Afrin,INV2502101775,Wonder Collection,Both,CUS00268,Walk In,Makeup Kit,COS034,Cosmetics,CAT002,2500,49,122500,8575,113925,5696.25,22785,3417.75,2025,February,14,108228.75,22785
2/27/2026,SID001,Tasnia Rahman,INV2602101776,Elegant Boutique,Both,CUS00107,Corporate,Men Shirt,APP017,Fashion Apparel,CAT001,1600,56,89600,8960,80640,0,0,2419.2,2026,February,27,80640,0
6/26/2026,SID015,Rafiul Karim,INV2606101777,Elite Fashion,Male,CUS00061,Walk In,Men's Innerwear,APP016,Fashion Apparel,CAT001,700,21,14700,441,14259,285.18,4277.7,427.77,2026,June,26,13973.82,4277.7
7/8/2025,SID018,Arif Hossain,INV2507101778,Pink Beauty,Both,CUS00267,Online,Makeup Kit,COS034,Cosmetics,CAT002,2500,100,250000,17500,232500,11625,46500,6975,2025,July,8,220875,46500
3/16/2025,SID019,Shakil Khan,INV2503101779,Elegant Choice,Male,CUS00431,Distributor,Watch,ACC005,Accessories,CAT003,5000,45,225000,11250,213750,4275,42750,6412.5,2025,March,16,209475,42750
12/25/2026,SID008,Tanjina Sultana,INV2612101780,Trendy Boutique,Male,CUS00457,Online,Face Mask,COS020,Cosmetics,CAT002,600,13,7800,390,7410,0,0,222.3,2026,December,25,7410,0
12/9/2025,SID010,Abdullah Al Mamun,INV2512101781,Iconic Fashion,Female,CUS00310,Corporate,Foot Care Cream,HYG014,Hygiene Products,CAT004,300,16,4800,0,4800,0,0,144,2025,December,9,4800,0
9/30/2025,SID014,Sharmin Akter,INV2509101782,Fashion World,Female,CUS00331,Distributor,Men T-Shirt,APP001,Fashion Apparel,CAT001,750,88,66000,4620,61380,3069,0,1841.4,2025,September,30,58311,0
11/9/2026,SID017,Imran Hossain,INV2611101783,Golden Fashion,Both,CUS00244,Walk In,Beard Oil,COS010,Cosmetics,CAT002,900,75,67500,3375,64125,0,0,1923.75,2026,November,9,64125,0
2/3/2026,SID005,Abdullah Al Mamun,INV2602101784,Fashion Gallery,Both,CUS00500,Distributor,Body Spray,COS011,Cosmetics,CAT002,500,91,45500,3185,42315,2115.75,12694.5,1269.45,2026,February,3,40199.25,12694.5
11/29/2026,SID004,Mehedi Hasan,INV2611101785,Smart Beauty,Both,CUS00267,Online,Watch,ACC005,Accessories,CAT003,5000,66,330000,9900,320100,16005,0,9603,2026,November,29,304095,0
5/8/2026,SID008,Arif Hossain,INV2605101786,Fashion Point,Male,CUS00124,Corporate,Hat,ACC007,Accessories,CAT003,700,36,25200,0,25200,504,5040,756,2026,May,8,24696,5040
5/4/2026,SID014,Rafiul Karim,INV2605101787,Glow & Shine,Male,CUS00060,Walk In,Feminine Wash,COS022,Cosmetics,CAT002,400,79,31600,0,31600,632,6320,948,2026,May,4,30968,6320
8/24/2026,SID008,Nusrat Jahan,INV2608101788,Fashion Gallery,Both,CUS00011,Online,Women's Skirt,APP011,Fashion Apparel,CAT001,1500,71,106500,5325,101175,5058.75,0,3035.25,2026,August,24,96116.25,0
6/12/2025,SID001,Jannatul Ferdous,INV2506101789,Moonlight Cosmetics,Male,CUS00440,Walk In,Compact Powder,COS008,Cosmetics,CAT002,800,52,41600,0,41600,2080,0,1248,2025,June,12,39520,0
7/3/2025,SID015,Mehedi Hasan,INV2507101790,Perfect Beauty,Female,CUS00226,Online,Men Shirt,APP017,Fashion Apparel,CAT001,1600,58,92800,2784,90016,0,0,2700.48,2025,July,3,90016,0
3/4/2025,SID004,Rafiul Karim,INV2503101791,Bloom Cosmetics,Female,CUST027,Distributor,Hair Dryer,COS038,Cosmetics,CAT002,4000,93,372000,18600,353400,0,106020,10602,2025,March,4,353400,106020
8/3/2026,SID003,Sabbir Ahmed,INV2608101792,Glow & Shine,Male,CUS00495,Online,Body Wash,COS030,Cosmetics,CAT002,600,50,30000,1500,28500,1425,8550,855,2026,August,3,27075,8550
7/2/2026,SID019,Siam Ahmed,INV2607101793,Beauty Point,Female,CUST066,Corporate,Kids Dress,APP008,Fashion Apparel,CAT001,950,48,45600,4560,41040,0,0,1231.2,2026,July,2,41040,0
6/16/2026,SID014,Sadia Afrin,INV2606101794,Wonder Collection,Both,CUS00478,Retail,Baby Wipes,HYG011,Hygiene Products,CAT004,250,22,5500,275,5225,104.5,1567.5,156.75,2026,June,16,5120.5,1567.5
7/15/2025,SID008,Tanvir Islam,INV2507101795,Metro Fashion,Male,CUS00145,Distributor,Shampoo,COS005,Cosmetics,CAT002,700,26,18200,0,18200,364,5460,546,2025,July,15,17836,5460
10/19/2025,SID004,Samira Akter,INV2510101796,Style Corner,Male,CUS00281,Retail,Hair Removal Cream,COS025,Cosmetics,CAT002,450,51,22950,0,22950,1147.5,6885,688.5,2025,October,19,21802.5,6885
4/28/2026,SID005,Jannatul Ferdous,INV2604101797,Prime Collection,Male,CUS00149,Distributor,Kids Dress,APP008,Fashion Apparel,CAT001,950,73,69350,3467.5,65882.5,0,13176.5,1976.47,2026,April,28,65882.5,13176.5
9/21/2026,SID019,Sharmin Akter,INV2609101798,Classic Apparel,Female,CUST003,Walk In,Backpack,ACC012,Accessories,CAT003,3000,42,126000,12600,113400,2268,22680,3402,2026,September,21,111132,22680
12/3/2026,SID011,Farzana Akter,INV2612101799,Trendy Boutique,Both,CUS00200,Retail,Women's Nightwear,APP014,Fashion Apparel,CAT001,800,9,7200,0,7200,144,2160,216,2026,December,3,7056,2160
5/12/2025,SID017,Mim Akter,INV2505101800,Golden Fashion,Both,CUS00316,Retail,Underarm Whitening Cream,HYG015,Hygiene Products,CAT004,500,11,5500,385,5115,102.3,0,153.45,2025,May,12,5012.7,0
11/8/2026,SID020,Imran Hossain,INV2611101801,Infinity Style,Male,CUS00071,Distributor,Scarf,ACC006,Accessories,CAT003,900,24,21600,1080,20520,0,0,615.6,2026,November,8,20520,0
6/9/2026,SID014,Imran Hossain,INV2606101802,Pink Beauty,Both,CUS00049,Corporate,Lipstick,COS002,Cosmetics,CAT002,850,38,32300,2261,30039,0,6007.8,901.17,2026,June,9,30039,6007.8
6/20/2026,SID016,Mahmudul Hasan,INV2606101803,Beauty Express,Male,CUST002,Online,Hair Accessories,ACC010,Accessories,CAT003,400,51,20400,1020,19380,387.6,3876,581.4,2026,June,20,18992.4,3876
8/19/2026,SID019,Rakib Hasan,INV2608101804,Royal Cosmetics,Both,CUS00111,Walk In,Lipstick,COS002,Cosmetics,CAT002,850,41,34850,0,34850,0,6970,1045.5,2026,August,19,34850,6970
8/16/2025,SID008,Mehedi Hasan,INV2508101805,Classic Beauty,Both,CUST025,Corporate,Personal Toys,COS041,Cosmetics,CAT002,1500,38,57000,2850,54150,2707.5,0,1624.5,2025,August,16,51442.5,0
12/12/2026,SID019,Mahmudul Hasan,INV2612101806,Bloom Cosmetics,Female,CUST027,Distributor,Hair Conditioner,COS032,Cosmetics,CAT002,750,58,43500,1305,42195,0,12658.5,1265.85,2026,December,12,42195,12658.5
8/3/2025,SID013,Arif Hossain,INV2508101807,Elite Fashion,Both,CUS00042,Walk In,Perfume,COS003,Cosmetics,CAT002,2200,24,52800,5280,47520,2376,9504,1425.6,2025,August,3,45144,9504
12/8/2026,SID015,Nusrat Jahan,INV2612101808,Metro Fashion,Female,CUS00495,Walk In,Face Mask,COS020,Cosmetics,CAT002,600,41,24600,2460,22140,1107,0,664.2,2026,December,8,21033,0
1/28/2025,SID013,Rafiul Karim,INV2501101809,Fashion Point,Female,CUS00410,Retail,Watch,ACC005,Accessories,CAT003,5000,87,435000,21750,413250,20662.5,123975,12397.5,2025,January,28,392587.5,123975
8/1/2026,SID016,Tasnia Rahman,INV2608101810,Urban Beauty,Female,CUS00105,Retail,Women's Leggings,APP012,Fashion Apparel,CAT001,1300,24,31200,0,31200,624,9360,936,2026,August,1,30576,9360
6/6/2026,SID011,Rakib Hasan,INV2606101811,Fashion Avenue,Both,CUS00133,Distributor,Underarm Whitening Cream,COS024,Cosmetics,CAT002,500,65,32500,1625,30875,617.5,9262.5,926.25,2026,June,6,30257.5,9262.5
12/4/2025,SID019,Nayeem Hasan,INV2512101812,Fashion World,Male,CUS00346,Retail,Umbrella,ACC014,Accessories,CAT003,1200,66,79200,0,79200,0,15840,2376,2025,December,4,79200,15840
8/2/2026,SID011,Tanjina Sultana,INV2608101813,Modern Style,Male,CUS00031,Retail,Jewelry Set,ACC009,Accessories,CAT003,4500,13,58500,0,58500,2925,11700,1755,2026,August,2,55575,11700
2/2/2025,SID004,Mehedi Hasan,INV2502101814,Grace Boutique,Female,CUS00397,Distributor,Hair Straightener,COS035,Cosmetics,CAT002,3500,71,248500,7455,241045,0,0,7231.35,2025,February,2,241045,0
8/20/2026,SID011,Tanvir Islam,INV2608101815,Cosmetics Central,Female,CUST058,Distributor,Foot Care Cream,COS023,Cosmetics,CAT002,300,13,3900,273,3627,181.35,725.4,108.81,2026,August,20,3445.65,725.4
1/15/2025,SID016,Rafiul Karim,INV2501101816,Beauty Avenue,Female,CUST049,Distributor,Diapers,HYG012,Hygiene Products,CAT004,800,74,59200,0,59200,0,11840,1776,2025,January,15,59200,11840
5/5/2025,SID014,Nusrat Jahan,INV2505101817,Blue Sky Fashion,Both,CUST014,Online,Condom,COS036,Cosmetics,CAT002,300,67,20100,0,20100,402,4020,603,2025,May,5,19698,4020
5/2/2026,SID005,Bonna Akter,INV2605101818,Chic Collection,Male,CUST050,Online,Hat,ACC007,Accessories,CAT003,700,60,42000,2100,39900,0,0,1197,2026,May,2,39900,0
1/19/2026,SID010,Mahmudul Hasan,INV2601101819,Dream Fashion,Female,CUS00117,Corporate,Personal Lubricant,COS039,Cosmetics,CAT002,350,98,34300,2401,31899,1594.95,6379.8,956.97,2026,January,19,30304.05,6379.8
10/22/2026,SID011,Shuvo Das,INV2610101820,Fashion Plus,Female,CUS00300,Corporate,Toothpaste,HYG005,Hygiene Products,CAT004,200,93,18600,558,18042,360.84,3608.4,541.26,2026,October,22,17681.16,3608.4
11/3/2025,SID020,Samira Akter,INV2511101821,Beauty Point,Female,CUST066,Corporate,Toothpaste,HYG005,Hygiene Products,CAT004,200,60,12000,600,11400,0,3420,342,2025,November,3,11400,3420
5/1/2025,SID008,Tanvir Islam,INV2505101822,Classic Beauty,Both,CUST025,Corporate,Hoodie,APP009,Fashion Apparel,CAT001,2500,64,160000,16000,144000,2880,43200,4320,2025,May,1,141120,43200
3/16/2025,SID015,Rashedul Islam,INV2503101823,Fashion Hub Ltd,Male,CUS00126,Retail,Body Oil,COS040,Cosmetics,CAT002,800,51,40800,2856,37944,1897.2,0,1138.32,2025,March,16,36046.8,0
4/8/2026,SID008,Tasnia Rahman,INV2604101824,Apex Fashion,Female,CUST061,Walk In,Makeup Kit,COS034,Cosmetics,CAT002,2500,78,195000,19500,175500,3510,52650,5265,2026,April,8,171990,52650
2/4/2026,SID006,Mahmudul Hasan,INV2602101825,Rainbow Apparel,Both,CUS00436,Retail,Mouthwash,HYG007,Hygiene Products,CAT004,300,80,24000,1200,22800,1140,6840,684,2026,February,4,21660,6840
8/25/2025,SID008,Imran Hossain,INV2508101826,Elite Collection,Female,CUS00218,Walk In,Face Mask,COS020,Cosmetics,CAT002,600,26,15600,468,15132,0,3026.4,453.96,2025,August,25,15132,3026.4
7/6/2026,SID008,Sharmin Akter,INV2607101827,Elegant Boutique,Female,CUS00019,Distributor,Hair Gel,COS028,Cosmetics,CAT002,400,97,38800,1940,36860,737.2,0,1105.8,2026,July,6,36122.8,0
9/24/2025,SID001,Abdullah Al Mamun,INV2509101828,New Era Fashion,Female,CUS00468,Online,Wallet,ACC002,Accessories,CAT003,1200,93,111600,0,111600,0,22320,3348,2025,September,24,111600,22320
7/4/2025,SID008,Shuvo Das,INV2507101829,Beauty Avenue,Female,CUST049,Distributor,Underarm Whitening Cream,COS024,Cosmetics,CAT002,500,59,29500,0,29500,1475,8850,885,2025,July,4,28025,8850
5/18/2025,SID014,Siam Ahmed,INV2505101830,Cosmetics Plus,Female,CUS00427,Corporate,Perfume,COS003,Cosmetics,CAT002,2200,64,140800,0,140800,2816,28160,4224,2025,May,18,137984,28160
11/28/2026,SID011,Tasnia Rahman,INV2611101831,Elegant Boutique,Female,CUS00132,Retail,Face Scrub,COS027,Cosmetics,CAT002,550,22,12100,363,11737,586.85,3521.1,352.11,2026,November,28,11150.15,3521.1
10/30/2026,SID012,Farzana Akter,INV2610101832,Global Apparel,Female,CUS00372,Corporate,Footwear,ACC011,Accessories,CAT003,2500,74,185000,0,185000,9250,55500,5550,2026,October,30,175750,55500
3/4/2026,SID011,Rafiul Karim,INV2603101833,Modern Style,Both,CUS00291,Retail,Kids Dress,APP008,Fashion Apparel,CAT001,950,15,14250,0,14250,712.5,0,427.5,2026,March,4,13537.5,0
1/22/2025,SID011,Jannatul Ferdous,INV2501101834,Fashion World,Both,CUS00303,Retail,Keychain,ACC015,Accessories,CAT003,300,97,29100,1455,27645,1382.25,0,829.35,2025,January,22,26262.75,0
3/7/2025,SID011,Rafiul Karim,INV2503101835,Modern Style,Female,CUS00304,Corporate,Gloves,ACC008,Accessories,CAT003,600,34,20400,2040,18360,0,3672,550.8,2025,March,7,18360,3672
10/26/2025,SID019,Tanjina Sultana,INV2510101836,Fashion Express,Female,CUS00081,Walk In,Hair Accessories,ACC010,Accessories,CAT003,400,36,14400,720,13680,0,4104,410.4,2025,October,26,13680,4104
7/26/2026,SID012,Tasnia Rahman,INV2607101837,Chic Collection,Male,CUST050,Online,Hoodie,APP009,Fashion Apparel,CAT001,2500,93,232500,0,232500,0,0,6975,2026,July,26,232500,0
12/3/2026,SID006,Imran Hossain,INV2612101838,Fresh Look,Male,CUS00339,Walk In,Face Mask,COS020,Cosmetics,CAT002,600,55,33000,1650,31350,627,6270,940.5,2026,December,3,30723,6270
3/16/2025,SID016,Tasnia Rahman,INV2503101839,Prime Collection,Male,CUS00447,Walk In,Hair Removal Cream,COS025,Cosmetics,CAT002,450,57,25650,1282.5,24367.5,1218.38,4873.5,731.02,2025,March,16,23149.12,4873.5
12/27/2026,SID007,Imran Hossain,INV2612101840,Elegant Boutique,Both,CUS00234,Retail,Diapers,HYG012,Hygiene Products,CAT004,800,29,23200,1160,22040,1102,0,661.2,2026,December,27,20938,0
6/30/2026,SID017,Mahmudul Hasan,INV2606101841,Chic Collection,Male,CUST050,Online,Disinfectant Spray,HYG003,Hygiene Products,CAT004,400,15,6000,0,6000,300,1200,180,2026,June,30,5700,1200
6/5/2025,SID007,Shakil Khan,INV2506101842,Chic Collection,Male,CUST050,Online,Compact Powder,COS008,Cosmetics,CAT002,800,47,37600,3760,33840,676.8,6768,1015.2,2025,June,5,33163.2,6768
1/13/2026,SID019,Rafiul Karim,INV2601101843,Unique Collection,Both,CUS00161,Walk In,Nail Polish,COS013,Cosmetics,CAT002,400,42,16800,840,15960,798,4788,478.8,2026,January,13,15162,4788
8/18/2025,SID012,Tanvir Islam,INV2508101844,Dream Fashion,Female,CUS00401,Walk In,Feminine Wash,HYG010,Hygiene Products,CAT004,400,19,7600,0,7600,380,0,228,2025,August,18,7220,0
4/1/2026,SID016,Mahmudul Hasan,INV2604101845,Cosmetics World,Female,CUS00399,Online,Hair Removal Cream,COS025,Cosmetics,CAT002,450,99,44550,0,44550,891,0,1336.5,2026,April,1,43659,0
1/6/2025,SID006,Shuvo Das,INV2501101846,Bloom Cosmetics,Female,CUST027,Distributor,Sanitary Napkins,HYG004,Hygiene Products,CAT004,350,96,33600,2352,31248,0,9374.4,937.44,2025,January,6,31248,9374.4
1/6/2026,SID015,Jannatul Ferdous,INV2601101847,Royal Style,Female,CUS00213,Walk In,Face Cream,COS007,Cosmetics,CAT002,950,64,60800,0,60800,3040,0,1824,2026,January,6,57760,0
4/28/2025,SID009,Shuvo Das,INV2504101848,Urban Style,Female,CUS00172,Walk In,Hair Color,COS012,Cosmetics,CAT002,1500,18,27000,810,26190,0,0,785.7,2025,April,28,26190,0
6/15/2025,SID017,Nayeem Hasan,INV2506101849,Beauty Avenue,Female,CUST049,Distributor,Hair Dryer,COS038,Cosmetics,CAT002,4000,91,364000,25480,338520,0,101556,10155.6,2025,June,15,338520,101556
5/14/2025,SID007,Imran Hossain,INV2505101850,Blue Sky Fashion,Both,CUST014,Online,Jacket,APP010,Fashion Apparel,CAT001,3800,28,106400,7448,98952,4947.6,19790.4,2968.56,2025,May,14,94004.4,19790.4
7/15/2026,SID015,Imran Hossain,INV2607101851,Star Fashion,Female,CUS00400,Retail,Hair Conditioner,COS032,Cosmetics,CAT002,750,35,26250,0,26250,0,7875,787.5,2026,July,15,26250,7875
8/11/2025,SID014,Sabbir Ahmed,INV2508101852,Signature Fashion,Female,CUS00270,Distributor,Umbrella,ACC014,Accessories,CAT003,1200,76,91200,6384,84816,1696.32,0,2544.48,2025,August,11,83119.68,0
2/21/2026,SID007,Sharmin Akter,INV2602101853,Trendy Shop,Male,CUS00396,Online,Face Cream,COS007,Cosmetics,CAT002,950,86,81700,2451,79249,0,15849.8,2377.47,2026,February,21,79249,15849.8
11/30/2026,SID012,Nayeem Hasan,INV2611101854,Beauty Avenue,Female,CUST049,Distributor,Men Shirt,APP017,Fashion Apparel,CAT001,1600,83,132800,3984,128816,0,0,3864.48,2026,November,30,128816,0
10/24/2025,SID012,Abdullah Al Mamun,INV2510101855,Pink Beauty,Male,CUS00347,Retail,Deodorant,COS016,Cosmetics,CAT002,450,63,28350,1984.5,26365.5,527.31,0,790.96,2025,October,24,25838.19,0
2/10/2025,SID017,Sabbir Ahmed,INV2502101856,Glamour House,Male,CUS00358,Distributor,Hair Conditioner,COS032,Cosmetics,CAT002,750,74,55500,2775,52725,0,0,1581.75,2025,February,10,52725,0
8/29/2025,SID007,Tanvir Islam,INV2508101857,Style World,Male,CUS00137,Corporate,Makeup Kit,COS034,Cosmetics,CAT002,2500,30,75000,5250,69750,0,0,2092.5,2025,August,29,69750,0
3/19/2025,SID020,Shuvo Das,INV2503101858,Trendy Boutique,Male,CUS00325,Online,Gloves,ACC008,Accessories,CAT003,600,31,18600,930,17670,353.4,3534,530.1,2025,March,19,17316.6,3534
8/11/2025,SID007,Nayeem Hasan,INV2508101859,Unique Collection,Both,CUS00323,Retail,Women's Kurti,APP004,Fashion Apparel,CAT001,1800,55,99000,4950,94050,0,18810,2821.5,2025,August,11,94050,18810
9/16/2026,SID013,Samira Akter,INV2609101860,Trendy Boutique,Male,CUS00200,Retail,Sunglasses,ACC004,Accessories,CAT003,1500,10,15000,0,15000,750,0,450,2026,September,16,14250,0
4/19/2025,SID009,Tanvir Islam,INV2504101861,Glamour Point,Both,CUS00160,Distributor,Mouthwash,HYG007,Hygiene Products,CAT004,300,18,5400,0,5400,0,0,162,2025,April,19,5400,0
1/30/2026,SID010,Imran Hossain,INV2601101862,Fashion Avenue,Both,CUS00440,Walk In,Body Lotion,COS004,Cosmetics,CAT002,650,7,4550,455,4095,81.9,0,122.85,2026,January,30,4013.1,0
3/19/2026,SID007,Siam Ahmed,INV2603101863,Fresh Look,Male,CUS00205,Walk In,Hand Sanitizer,HYG001,Hygiene Products,CAT004,250,16,4000,120,3880,0,776,116.4,2026,March,19,3880,776
8/10/2026,SID006,Shakil Khan,INV2608101864,Classic Apparel,Female,CUST003,Walk In,Kids Dress,APP008,Fashion Apparel,CAT001,950,53,50350,3524.5,46825.5,2341.28,0,1404.76,2026,August,10,44484.22,0
3/1/2025,SID016,Mehedi Hasan,INV2503101865,Unique Collection,Female,CUS00023,Retail,Kids Dress,APP008,Fashion Apparel,CAT001,950,73,69350,2080.5,67269.5,0,20180.85,2018.09,2025,March,1,67269.5,20180.85
11/22/2026,SID003,Sadia Afrin,INV2611101866,Moonlight Cosmetics,Male,CUS00455,Retail,Women's Nightwear,APP014,Fashion Apparel,CAT001,800,51,40800,2856,37944,0,0,1138.32,2026,November,22,37944,0
5/30/2025,SID017,Rakib Hasan,INV2505101867,Trendy Shop,Both,CUS00074,Retail,Kids T-Shirt,APP007,Fashion Apparel,CAT001,650,45,29250,2925,26325,526.5,0,789.75,2025,May,30,25798.5,0
2/21/2025,SID018,Tanvir Islam,INV2502101868,Fashion Point,Male,CUS00439,Online,Body Wash,COS030,Cosmetics,CAT002,600,56,33600,1008,32592,651.84,0,977.76,2025,February,21,31940.16,0
10/4/2026,SID018,Tasnia Rahman,INV2610101869,Infinity Style,Both,CUS00128,Online,Women's Leggings,APP012,Fashion Apparel,CAT001,1300,36,46800,2340,44460,889.2,8892,1333.8,2026,October,4,43570.8,8892
1/29/2026,SID008,Shakil Khan,INV2601101870,Grace Boutique,Female,CUS00445,Distributor,Foot Care Cream,COS023,Cosmetics,CAT002,300,89,26700,1869,24831,1241.55,7449.3,744.93,2026,January,29,23589.45,7449.3
7/22/2026,SID014,Bonna Akter,INV2607101871,Bloom Cosmetics,Female,CUST027,Distributor,Women's Saree,APP005,Fashion Apparel,CAT001,3200,93,297600,14880,282720,5654.4,84816,8481.6,2026,July,22,277065.6,84816
12/17/2025,SID018,Sadia Afrin,INV2512101872,Premium Beauty,Male,CUS00111,Online,Body Butter,COS017,Cosmetics,CAT002,700,67,46900,2345,44555,0,8911,1336.65,2025,December,17,44555,8911
12/6/2026,SID014,Nayeem Hasan,INV2612101873,Global Apparel,Female,CUS00437,Distributor,Hair Removal Cream,HYG013,Hygiene Products,CAT004,450,37,16650,0,16650,832.5,3330,499.5,2026,December,6,15817.5,3330
10/17/2026,SID006,Rafiul Karim,INV2610101874,Smart Collection,Both,CUS00186,Retail,Face Wash,COS001,Cosmetics,CAT002,450,64,28800,2880,25920,518.4,7776,777.6,2026,October,17,25401.6,7776
12/5/2026,SID001,Tanjina Sultana,INV2612101875,Cosmetics Plus,Both,CUS00048,Retail,Watch,ACC005,Accessories,CAT003,5000,20,100000,0,100000,0,20000,3000,2026,December,5,100000,20000
4/13/2026,SID014,Tanvir Islam,INV2604101876,NextGen Fashion,Both,CUS00325,Online,Face Mask,COS020,Cosmetics,CAT002,600,63,37800,3780,34020,1701,0,1020.6,2026,April,13,32319,0
11/12/2025,SID013,Abdullah Al Mamun,INV2511101877,Signature Fashion,Female,CUS00331,Walk In,Face Toner,COS033,Cosmetics,CAT002,500,16,8000,240,7760,0,0,232.8,2025,November,12,7760,0
1/6/2026,SID005,Bonna Akter,INV2601101878,Smart Collection,Male,CUS00010,Corporate,Jewelry Set,ACC009,Accessories,CAT003,4500,99,445500,44550,400950,20047.5,0,12028.5,2026,January,6,380902.5,0
3/31/2026,SID011,Mehedi Hasan,INV2603101879,Crystal Cosmetics,Female,CUS00232,Walk In,Sanitary Napkins,HYG004,Hygiene Products,CAT004,350,95,33250,997.5,32252.5,0,0,967.57,2026,March,31,32252.5,0
7/30/2025,SID014,Siam Ahmed,INV2507101880,Blue Sky Fashion,Both,CUST014,Online,Baby Wipes,HYG011,Hygiene Products,CAT004,250,67,16750,1675,15075,753.75,3015,452.25,2025,July,30,14321.25,3015
9/19/2025,SID014,Rashedul Islam,INV2509101881,Premium Beauty,Female,CUS00461,Distributor,Shaving Cream,COS021,Cosmetics,CAT002,350,35,12250,612.5,11637.5,581.88,2327.5,349.12,2025,September,19,11055.62,2327.5
1/7/2026,SID013,Imran Hossain,INV2601101882,Cosmo House,Both,CUST055,Distributor,Women's Skirt,APP011,Fashion Apparel,CAT001,1500,68,102000,5100,96900,1938,29070,2907,2026,January,7,94962,29070
8/6/2025,SID020,Rakib Hasan,INV2508101883,Glamour House,Male,CUS00165,Online,Luggage,ACC013,Accessories,CAT003,8000,31,248000,17360,230640,11532,46128,6919.2,2025,August,6,219108,46128
9/13/2026,SID005,Mehedi Hasan,INV2609101884,Glamour Point,Female,CUS00123,Retail,Body Spray,COS011,Cosmetics,CAT002,500,86,43000,0,43000,860,12900,1290,2026,September,13,42140,12900
8/25/2026,SID004,Shakil Khan,INV2608101885,Signature Fashion,Male,CUS00495,Retail,Body Butter,COS017,Cosmetics,CAT002,700,53,37100,2597,34503,1725.15,10350.9,1035.09,2026,August,25,32777.85,10350.9
9/6/2026,SID001,Sabbir Ahmed,INV2609101886,Premium Beauty,Female,CUS00439,Corporate,Deodorant,HYG008,Hygiene Products,CAT004,450,79,35550,0,35550,711,7110,1066.5,2026,September,6,34839,7110
7/20/2025,SID006,Imran Hossain,INV2507101887,Fashion World,Both,CUS00164,Distributor,Hair Mask,COS018,Cosmetics,CAT002,1100,78,85800,6006,79794,0,0,2393.82,2025,July,20,79794,0
8/9/2025,SID003,Abdullah Al Mamun,INV2508101888,Cosmetics World,Male,CUS00477,Walk In,Handbag,ACC001,Accessories,CAT003,3500,74,259000,0,259000,0,0,7770,2025,August,9,259000,0
9/16/2025,SID004,Mahmudul Hasan,INV2509101889,Metro Fashion,Female,CUS00310,Retail,Personal Toys,COS041,Cosmetics,CAT002,1500,77,115500,11550,103950,5197.5,31185,3118.5,2025,September,16,98752.5,31185
8/3/2025,SID003,Bonna Akter,INV2508101890,Cosmetics Central,Female,CUST058,Distributor,Baby Wipes,HYG011,Hygiene Products,CAT004,250,99,24750,0,24750,0,4950,742.5,2025,August,3,24750,4950
6/25/2026,SID014,Farzana Akter,INV2606101891,Grace Boutique,Both,CUS00240,Online,Face Toner,COS033,Cosmetics,CAT002,500,39,19500,585,18915,0,3783,567.45,2026,June,25,18915,3783
7/5/2026,SID016,Rashedul Islam,INV2607101892,Glow & Shine,Both,CUS00003,Walk In,Watch,ACC005,Accessories,CAT003,5000,7,35000,1750,33250,665,9975,997.5,2026,July,5,32585,9975
6/1/2025,SID010,Sabbir Ahmed,INV2506101893,Glamour House,Both,CUS00474,Retail,Bra & Panty Set,APP013,Fashion Apparel,CAT001,900,17,15300,0,15300,306,4590,459,2025,June,1,14994,4590
8/5/2026,SID008,Nayeem Hasan,INV2608101894,Beauty Express,Male,CUST002,Online,Perfume,COS003,Cosmetics,CAT002,2200,36,79200,5544,73656,1473.12,22096.8,2209.68,2026,August,5,72182.88,22096.8
8/2/2026,SID006,Bonna Akter,INV2608101895,Glamour House,Male,CUS00338,Walk In,Hair Conditioner,COS032,Cosmetics,CAT002,750,36,27000,2700,24300,1215,7290,729,2026,August,2,23085,7290
4/30/2026,SID001,Arif Hossain,INV2604101896,Royal Style,Male,CUS00027,Walk In,Hair Color,COS012,Cosmetics,CAT002,1500,50,75000,0,75000,3750,0,2250,2026,April,30,71250,0
5/21/2025,SID011,Tanjina Sultana,INV2505101897,Apex Fashion,Female,CUST061,Corporate,Personal Lubricant,COS039,Cosmetics,CAT002,350,59,20650,1445.5,19204.5,960.23,5761.35,576.13,2025,May,21,18244.27,5761.35
5/13/2025,SID008,Imran Hossain,INV2505101898,New Era Fashion,Female,CUS00449,Online,Men T-Shirt,APP001,Fashion Apparel,CAT001,750,83,62250,3112.5,59137.5,1182.75,0,1774.12,2025,May,13,57954.75,0
8/19/2026,SID015,Tanvir Islam,INV2608101899,Smart Collection,Female,CUS00457,Walk In,Face Scrub,COS027,Cosmetics,CAT002,550,91,50050,1501.5,48548.5,0,9709.7,1456.45,2026,August,19,48548.5,9709.7
9/24/2025,SID007,Sharmin Akter,INV2509101900,Urban Avenue,Both,CUS00302,Walk In,Women's Leggings,APP012,Fashion Apparel,CAT001,1300,84,109200,5460,103740,0,20748,3112.2,2025,September,24,103740,20748
11/21/2025,SID001,Shuvo Das,INV2511101901,Unique Collection,Male,CUS00133,Walk In,Baby Wipes,HYG011,Hygiene Products,CAT004,250,85,21250,637.5,20612.5,412.25,0,618.38,2025,November,21,20200.25,0
5/21/2026,SID018,Mim Akter,INV2605101902,Global Apparel,Male,CUS00129,Corporate,Face Cream,COS007,Cosmetics,CAT002,950,23,21850,1529.5,20320.5,406.41,0,609.62,2026,May,21,19914.09,0
8/20/2025,SID002,Sharmin Akter,INV2508101903,Diamond Cosmetics,Male,CUS00272,Distributor,Hair Removal Cream,COS025,Cosmetics,CAT002,450,41,18450,1845,16605,830.25,3321,498.15,2025,August,20,15774.75,3321
7/19/2026,SID015,Jannatul Ferdous,INV2607101904,Perfect Beauty,Female,CUS00130,Walk In,Compact Powder,COS008,Cosmetics,CAT002,800,91,72800,2184,70616,3530.8,21184.8,2118.48,2026,July,19,67085.2,21184.8
6/16/2026,SID013,Farzana Akter,INV2606101905,Pink Beauty,Male,CUS00283,Distributor,Women's Leggings,APP012,Fashion Apparel,CAT001,1300,9,11700,585,11115,222.3,2223,333.45,2026,June,16,10892.7,2223
5/25/2025,SID019,Samira Akter,INV2505101906,Perfect Beauty,Male,CUS00477,Retail,Personal Toys,COS041,Cosmetics,CAT002,1500,55,82500,2475,80025,4001.25,16005,2400.75,2025,May,25,76023.75,16005
5/29/2025,SID016,Samira Akter,INV2505101907,Urban Trends,Both,CUS00479,Online,Makeup Remover,COS015,Cosmetics,CAT002,550,13,7150,0,7150,143,1430,214.5,2025,May,29,7007,1430
8/18/2026,SID012,Abdullah Al Mamun,INV2608101908,Cosmetics Plus,Male,CUS00069,Walk In,Footwear,ACC011,Accessories,CAT003,2500,81,202500,0,202500,10125,60750,6075,2026,August,18,192375,60750
5/26/2026,SID009,Shuvo Das,INV2605101909,Glow & Shine,Female,CUS00397,Walk In,Body Lotion,COS004,Cosmetics,CAT002,650,100,65000,0,65000,1300,0,1950,2026,May,26,63700,0
11/24/2025,SID011,Sabbir Ahmed,INV2511101910,Cosmetics World,Male,CUS00080,Walk In,Women's Kurti,APP004,Fashion Apparel,CAT001,1800,63,113400,5670,107730,5386.5,32319,3231.9,2025,November,24,102343.5,32319
3/11/2026,SID010,Arif Hossain,INV2603101911,Prime Collection,Male,CUS00001,Corporate,Makeup Kit,COS034,Cosmetics,CAT002,2500,5,12500,625,11875,0,2375,356.25,2026,March,11,11875,2375
1/1/2026,SID012,Farzana Akter,INV2601101912,Elegant Choice,Both,CUS00152,Online,Feminine Wash,HYG010,Hygiene Products,CAT004,400,58,23200,2320,20880,1044,4176,626.4,2026,January,1,19836,4176
2/24/2025,SID017,Tanjina Sultana,INV2502101913,Urban Style,Both,CUS00420,Distributor,Personal Toys,COS041,Cosmetics,CAT002,1500,17,25500,765,24735,0,0,742.05,2025,February,24,24735,0
7/2/2025,SID019,Nayeem Hasan,INV2507101914,NextGen Fashion,Female,CUS00267,Online,Face Toner,COS033,Cosmetics,CAT002,500,14,7000,0,7000,350,1400,210,2025,July,2,6650,1400
10/4/2025,SID014,Tanvir Islam,INV2510101915,Cosmetics Central,Female,CUST058,Distributor,Hair Accessories,ACC010,Accessories,CAT003,400,32,12800,1280,11520,576,2304,345.6,2025,October,4,10944,2304
6/15/2026,SID014,Siam Ahmed,INV2606101916,Urban Trends,Both,CUS00047,Retail,Compact Powder,COS008,Cosmetics,CAT002,800,27,21600,1512,20088,401.76,4017.6,602.64,2026,June,15,19686.24,4017.6
10/26/2026,SID002,Tanvir Islam,INV2610101917,New Era Fashion,Both,CUS00425,Walk In,Men Shirt,APP017,Fashion Apparel,CAT001,1600,97,155200,4656,150544,3010.88,45163.2,4516.32,2026,October,26,147533.12,45163.2
1/21/2025,SID010,Rakib Hasan,INV2501101918,Urban Beauty,Both,CUS00384,Walk In,Sanitary Napkins,HYG004,Hygiene Products,CAT004,350,54,18900,0,18900,378,3780,567,2025,January,21,18522,3780
11/8/2026,SID007,Farzana Akter,INV2611101919,Iconic Fashion,Male,CUS00064,Online,Gloves,ACC008,Accessories,CAT003,600,6,3600,360,3240,64.8,972,97.2,2026,November,8,3175.2,972
4/19/2025,SID016,Nayeem Hasan,INV2504101920,Fashion Point,Female,CUS00251,Walk In,Aftershave,COS019,Cosmetics,CAT002,800,27,21600,648,20952,0,0,628.56,2025,April,19,20952,0
12/9/2026,SID011,Rashedul Islam,INV2612101921,Rainbow Apparel,Male,CUS00061,Corporate,Jewelry Set,ACC009,Accessories,CAT003,4500,97,436500,0,436500,8730,87300,13095,2026,December,9,427770,87300
7/30/2025,SID012,Imran Hossain,INV2507101922,Fashion World,Male,CUS00206,Retail,Nail Polish,COS013,Cosmetics,CAT002,400,55,22000,2200,19800,396,5940,594,2025,July,30,19404,5940
9/12/2025,SID010,Abdullah Al Mamun,INV2509101923,New Era Fashion,Male,CUS00253,Corporate,Deodorant,COS016,Cosmetics,CAT002,450,24,10800,0,10800,540,2160,324,2025,September,12,10260,2160
9/21/2025,SID019,Tanvir Islam,INV2509101924,Cosmetics Central,Female,CUST058,Distributor,Belt,ACC003,Accessories,CAT003,800,9,7200,720,6480,324,1944,194.4,2025,September,21,6156,1944
3/2/2025,SID007,Bonna Akter,INV2503101925,Fashion Point,Female,CUS00485,Online,Shaving Cream,HYG009,Hygiene Products,CAT004,350,84,29400,1470,27930,558.6,0,837.9,2025,March,2,27371.4,0
7/1/2025,SID010,Nusrat Jahan,INV2507101926,Glow & Shine,Female,CUS00173,Online,Men T-Shirt,APP001,Fashion Apparel,CAT001,750,46,34500,1035,33465,1673.25,10039.5,1003.95,2025,July,1,31791.75,10039.5
10/4/2025,SID020,Nayeem Hasan,INV2510101927,Moonlight Cosmetics,Male,CUS00018,Distributor,Hoodie,APP009,Fashion Apparel,CAT001,2500,35,87500,0,87500,1750,0,2625,2025,October,4,85750,0
7/29/2025,SID004,Mehedi Hasan,INV2507101928,Royal Style,Male,CUS00229,Walk In,Women's Skirt,APP011,Fashion Apparel,CAT001,1500,22,33000,2310,30690,1534.5,6138,920.7,2025,July,29,29155.5,6138
8/13/2026,SID017,Sharmin Akter,INV2608101929,Nova Cosmetics,Male,CUS00003,Retail,Hair Spray,COS029,Cosmetics,CAT002,450,10,4500,450,4050,81,0,121.5,2026,August,13,3969,0
2/1/2025,SID002,Abdullah Al Mamun,INV2502101930,Diamond Cosmetics,Both,CUS00096,Walk In,Women's Top,APP006,Fashion Apparel,CAT001,1200,77,92400,2772,89628,1792.56,0,2688.84,2025,February,1,87835.44,0
2/21/2025,SID003,Bonna Akter,INV2502101931,Style World,Female,CUS00360,Corporate,Men's Nightwear,APP015,Fashion Apparel,CAT001,850,67,56950,5695,51255,1025.1,15376.5,1537.65,2025,February,21,50229.9,15376.5
5/25/2025,SID019,Samira Akter,INV2505101932,Metro Fashion,Male,CUS00164,Retail,Beard Oil,COS010,Cosmetics,CAT002,900,91,81900,0,81900,4095,0,2457,2025,May,25,77805,0
10/20/2026,SID018,Arif Hossain,INV2610101933,Fashion Express,Both,CUS00461,Walk In,Sunscreen,COS009,Cosmetics,CAT002,1150,78,89700,6279,83421,1668.42,25026.3,2502.63,2026,October,20,81752.58,25026.3
11/4/2025,SID019,Mehedi Hasan,INV2511101934,Iconic Fashion,Female,CUS00147,Retail,Foot Care Cream,HYG014,Hygiene Products,CAT004,300,94,28200,2820,25380,0,7614,761.4,2025,November,4,25380,7614
2/5/2025,SID013,Samira Akter,INV2502101935,Wonder Collection,Both,CUS00309,Distributor,Makeup Remover,COS015,Cosmetics,CAT002,550,99,54450,3811.5,50638.5,0,10127.7,1519.15,2025,February,5,50638.5,10127.7
3/8/2026,SID018,Rakib Hasan,INV2603101936,Urban Avenue,Male,CUS00365,Online,Sunscreen,COS009,Cosmetics,CAT002,1150,37,42550,2127.5,40422.5,2021.12,12126.75,1212.67,2026,March,8,38401.38,12126.75
11/17/2026,SID012,Shakil Khan,INV2611101937,Fashion Hub Ltd,Both,CUS00119,Online,Women's Top,APP006,Fashion Apparel,CAT001,1200,23,27600,2760,24840,496.8,7452,745.2,2026,November,17,24343.2,7452
10/6/2026,SID001,Bonna Akter,INV2610101938,Bloom Cosmetics,Female,CUST027,Distributor,Women's Leggings,APP012,Fashion Apparel,CAT001,1300,69,89700,6279,83421,0,25026.3,2502.63,2026,October,6,83421,25026.3
2/21/2026,SID004,Abdullah Al Mamun,INV2602101939,Fashion Avenue,Female,CUS00277,Distributor,Handbag,ACC001,Accessories,CAT003,3500,68,238000,0,238000,11900,47600,7140,2026,February,21,226100,47600
10/15/2025,SID009,Rakib Hasan,INV2510101940,Style World,Male,CUS00208,Online,Deodorant,HYG008,Hygiene Products,CAT004,450,65,29250,877.5,28372.5,0,5674.5,851.17,2025,October,15,28372.5,5674.5
7/15/2026,SID008,Mehedi Hasan,INV2607101941,Urban Trends,Male,CUS00054,Corporate,Toothpaste,HYG005,Hygiene Products,CAT004,200,60,12000,600,11400,228,0,342,2026,July,15,11172,0
6/27/2026,SID016,Tasnia Rahman,INV2606101942,Luxury Apparel,Female,CUS00430,Retail,Shampoo,COS005,Cosmetics,CAT002,700,57,39900,0,39900,1995,0,1197,2026,June,27,37905,0
5/19/2026,SID005,Mehedi Hasan,INV2605101943,Smart Beauty,Male,CUS00047,Corporate,Body Wash,COS030,Cosmetics,CAT002,600,89,53400,5340,48060,0,9612,1441.8,2026,May,19,48060,9612
7/23/2025,SID017,Samira Akter,INV2507101944,Chic Collection,Male,CUST050,Online,Men's Nightwear,APP015,Fashion Apparel,CAT001,850,75,63750,3187.5,60562.5,3028.12,0,1816.88,2025,July,23,57534.38,0
6/16/2025,SID014,Rashedul Islam,INV2506101945,Crystal Cosmetics,Both,CUS00023,Retail,Feminine Wash,HYG010,Hygiene Products,CAT004,400,30,12000,600,11400,0,2280,342,2025,June,16,11400,2280
11/19/2026,SID017,Samira Akter,INV2611101946,Classic Beauty,Both,CUST025,Corporate,Face Wash,COS001,Cosmetics,CAT002,450,57,25650,1795.5,23854.5,0,4770.9,715.63,2026,November,19,23854.5,4770.9
12/6/2025,SID017,Mim Akter,INV2512101947,Nova Cosmetics,Male,CUS00013,Online,Body Mist,COS037,Cosmetics,CAT002,450,58,26100,1305,24795,495.9,4959,743.85,2025,December,6,24299.1,4959
2/3/2026,SID010,Bonna Akter,INV2602101948,Trendy Boutique,Female,CUS00129,Walk In,Toothpaste,HYG005,Hygiene Products,CAT004,200,92,18400,0,18400,0,0,552,2026,February,3,18400,0
5/26/2026,SID001,Imran Hossain,INV2605101949,Apex Fashion,Female,CUST061,Corporate,Men's Nightwear,APP015,Fashion Apparel,CAT001,850,31,26350,1317.5,25032.5,1251.62,5006.5,750.98,2026,May,26,23780.88,5006.5
4/27/2025,SID018,Tasnia Rahman,INV2504101950,Lily Boutique,Both,CUS00286,Walk In,Men's Innerwear,APP016,Fashion Apparel,CAT001,700,53,37100,2597,34503,690.06,6900.6,1035.09,2025,April,27,33812.94,6900.6
1/22/2025,SID012,Sharmin Akter,INV2501101951,Fashion Express,Female,CUS00017,Online,Underarm Whitening Cream,COS024,Cosmetics,CAT002,500,55,27500,0,27500,0,0,825,2025,January,22,27500,0
6/1/2025,SID011,Tasnia Rahman,INV2506101952,Classic Apparel,Female,CUST003,Walk In,Men Shirt,APP017,Fashion Apparel,CAT001,1600,86,137600,4128,133472,0,0,4004.16,2025,June,1,133472,0
8/27/2026,SID014,Arif Hossain,INV2608101953,Urban Trends,Both,CUS00227,Retail,Hair Spray,COS029,Cosmetics,CAT002,450,5,2250,225,2025,0,0,60.75,2026,August,27,2025,0
3/17/2025,SID009,Nayeem Hasan,INV2503101954,Elegant Choice,Male,CUS00451,Distributor,Underarm Whitening Cream,HYG015,Hygiene Products,CAT004,500,51,25500,0,25500,510,5100,765,2025,March,17,24990,5100
5/1/2025,SID005,Shakil Khan,INV2505101955,Urban Style,Both,CUS00401,Walk In,Body Lotion,COS004,Cosmetics,CAT002,650,59,38350,1917.5,36432.5,0,0,1092.97,2025,May,1,36432.5,0
2/19/2025,SID017,Samira Akter,INV2502101956,Fashion World,Male,CUS00124,Retail,Bra & Panty Set,APP013,Fashion Apparel,CAT001,900,100,90000,0,90000,1800,27000,2700,2025,February,19,88200,27000
5/18/2026,SID011,Nusrat Jahan,INV2605101957,Golden Fashion,Male,CUS00327,Distributor,Mouthwash,HYG007,Hygiene Products,CAT004,300,67,20100,1005,19095,0,3819,572.85,2026,May,18,19095,3819
9/24/2025,SID006,Sharmin Akter,INV2509101958,Diamond Cosmetics,Female,CUS00012,Retail,Face Cream,COS007,Cosmetics,CAT002,950,98,93100,2793,90307,4515.35,27092.1,2709.21,2025,September,24,85791.65,27092.1
5/20/2026,SID016,Mahmudul Hasan,INV2605101959,Glow & Shine,Female,CUS00218,Distributor,Shaving Cream,HYG009,Hygiene Products,CAT004,350,31,10850,542.5,10307.5,515.38,0,309.22,2026,May,20,9792.12,0
12/21/2026,SID019,Rafiul Karim,INV2612101960,Classic Apparel,Female,CUST003,Walk In,Face Scrub,COS027,Cosmetics,CAT002,550,73,40150,4015,36135,0,7227,1084.05,2026,December,21,36135,7227
5/11/2025,SID011,Sharmin Akter,INV2505101961,Modern Boutique,Male,CUS00239,Retail,Foot Care Cream,HYG014,Hygiene Products,CAT004,300,67,20100,1005,19095,381.9,3819,572.85,2025,May,11,18713.1,3819
1/22/2025,SID020,Farzana Akter,INV2501101962,Fashion Hub Ltd,Female,CUS00212,Distributor,Men's Innerwear,APP016,Fashion Apparel,CAT001,700,46,32200,1610,30590,611.8,0,917.7,2025,January,22,29978.2,0
6/28/2026,SID018,Mim Akter,INV2606101963,Classic Apparel,Female,CUST003,Walk In,Handbag,ACC001,Accessories,CAT003,3500,22,77000,5390,71610,0,14322,2148.3,2026,June,28,71610,14322
1/31/2025,SID020,Mim Akter,INV2501101964,Perfect Beauty,Both,CUS00455,Corporate,Toothpaste,HYG005,Hygiene Products,CAT004,200,28,5600,168,5432,108.64,1086.4,162.96,2025,January,31,5323.36,1086.4
7/2/2025,SID017,Rakib Hasan,INV2507101965,Cosmetics Central,Female,CUST058,Distributor,Face Toner,COS033,Cosmetics,CAT002,500,33,16500,825,15675,783.75,3135,470.25,2025,July,2,14891.25,3135
3/18/2025,SID001,Tasnia Rahman,INV2503101966,Urban Avenue,Female,CUS00224,Walk In,Beard Oil,COS010,Cosmetics,CAT002,900,86,77400,2322,75078,3753.9,22523.4,2252.34,2025,March,18,71324.1,22523.4
10/11/2026,SID002,Mahmudul Hasan,INV2610101967,Grace Boutique,Female,CUS00430,Online,Body Mist,COS037,Cosmetics,CAT002,450,6,2700,135,2565,51.3,513,76.95,2026,October,11,2513.7,513
4/16/2026,SID014,Nayeem Hasan,INV2604101968,Wonder Collection,Female,CUS00269,Corporate,Feminine Wash,HYG010,Hygiene Products,CAT004,400,77,30800,1540,29260,1463,5852,877.8,2026,April,16,27797,5852
1/31/2025,SID003,Nusrat Jahan,INV2501101969,Fresh Look,Both,CUS00028,Walk In,Kids Dress,APP008,Fashion Apparel,CAT001,950,82,77900,0,77900,3895,0,2337,2025,January,31,74005,0
12/14/2025,SID003,Tanjina Sultana,INV2512101970,Cosmetics World,Both,CUS00186,Corporate,Perfume,COS003,Cosmetics,CAT002,2200,77,169400,16940,152460,0,30492,4573.8,2025,December,14,152460,30492
12/4/2025,SID018,Farzana Akter,INV2512101971,Infinity Style,Male,CUS00244,Online,Women's Saree,APP005,Fashion Apparel,CAT001,3200,53,169600,8480,161120,8056,0,4833.6,2025,December,4,153064,0
10/3/2025,SID014,Tanvir Islam,INV2510101972,Crystal Cosmetics,Both,CUS00378,Online,Body Scrub,COS026,Cosmetics,CAT002,650,13,8450,253.5,8196.5,163.93,1639.3,245.89,2025,October,3,8032.57,1639.3
8/25/2026,SID015,Mim Akter,INV2608101973,Nova Cosmetics,Male,CUS00138,Retail,Face Mask,COS020,Cosmetics,CAT002,600,91,54600,2730,51870,0,10374,1556.1,2026,August,25,51870,10374
6/10/2026,SID015,Rashedul Islam,INV2606101974,Blue Sky Fashion,Both,CUST014,Online,Face Cream,COS007,Cosmetics,CAT002,950,76,72200,5054,67146,3357.3,13429.2,2014.38,2026,June,10,63788.7,13429.2
3/17/2026,SID002,Siam Ahmed,INV2603101975,Fashion Express,Male,CUS00354,Online,Toothbrush,HYG006,Hygiene Products,CAT004,150,24,3600,0,3600,72,720,108,2026,March,17,3528,720
6/14/2026,SID013,Jannatul Ferdous,INV2606101976,Infinity Style,Male,CUS00467,Corporate,Backpack,ACC012,Accessories,CAT003,3000,37,111000,0,111000,5550,0,3330,2026,June,14,105450,0
9/9/2025,SID006,Sadia Afrin,INV2509101977,Global Apparel,Female,CUS00005,Corporate,Face Mask,COS020,Cosmetics,CAT002,600,8,4800,144,4656,0,1396.8,139.68,2025,September,9,4656,1396.8
3/20/2026,SID007,Siam Ahmed,INV2603101978,NextGen Fashion,Female,CUS00013,Online,Umbrella,ACC014,Accessories,CAT003,1200,100,120000,8400,111600,5580,0,3348,2026,March,20,106020,0
2/21/2026,SID005,Sharmin Akter,INV2602101979,Modern Boutique,Female,CUS00331,Distributor,Scarf,ACC006,Accessories,CAT003,900,91,81900,5733,76167,0,15233.4,2285.01,2026,February,21,76167,15233.4
9/30/2026,SID005,Nusrat Jahan,INV2609101980,Royal Style,Female,CUS00341,Distributor,Women's Nightwear,APP014,Fashion Apparel,CAT001,800,68,54400,1632,52768,1055.36,15830.4,1583.04,2026,September,30,51712.64,15830.4
2/7/2025,SID018,Tanjina Sultana,INV2502101981,Prime Collection,Female,CUS00398,Online,Jacket,APP010,Fashion Apparel,CAT001,3800,59,224200,6726,217474,4349.48,0,6524.22,2025,February,7,213124.52,0
10/18/2025,SID006,Nusrat Jahan,INV2510101982,Fashion Hub Ltd,Female,CUS00305,Online,Mouthwash,HYG007,Hygiene Products,CAT004,300,11,3300,231,3069,0,0,92.07,2025,October,18,3069,0
4/24/2026,SID016,Mehedi Hasan,INV2604101983,Urban Trends,Male,CUS00085,Online,Hair Straightener,COS035,Cosmetics,CAT002,3500,36,126000,3780,122220,6111,24444,3666.6,2026,April,24,116109,24444
2/12/2026,SID002,Mahmudul Hasan,INV2602101984,Prime Collection,Both,CUS00131,Distributor,Hair Removal Cream,COS025,Cosmetics,CAT002,450,68,30600,918,29682,1484.1,8904.6,890.46,2026,February,12,28197.9,8904.6
5/11/2025,SID019,Mehedi Hasan,INV2505101985,Style Corner,Both,CUS00158,Retail,Body Lotion,COS004,Cosmetics,CAT002,650,13,8450,253.5,8196.5,0,0,245.89,2025,May,11,8196.5,0
1/12/2025,SID012,Mehedi Hasan,INV2501101986,Style World,Both,CUS00495,Retail,Scarf,ACC006,Accessories,CAT003,900,82,73800,2214,71586,3579.3,0,2147.58,2025,January,12,68006.7,0
2/27/2026,SID001,Mahmudul Hasan,INV2602101987,Elegant Choice,Female,CUS00286,Walk In,Hair Accessories,ACC010,Accessories,CAT003,400,44,17600,0,17600,0,5280,528,2026,February,27,17600,5280
5/18/2026,SID012,Rakib Hasan,INV2605101988,Blue Sky Fashion,Both,CUST014,Online,Women's Kurti,APP004,Fashion Apparel,CAT001,1800,10,18000,1260,16740,0,3348,502.2,2026,May,18,16740,3348
7/31/2025,SID013,Tanvir Islam,INV2507101989,Royal Style,Male,CUS00219,Distributor,Body Lotion,COS004,Cosmetics,CAT002,650,61,39650,1189.5,38460.5,0,7692.1,1153.82,2025,July,31,38460.5,7692.1
4/6/2026,SID018,Mim Akter,INV2604101990,Unique Collection,Male,CUS00410,Distributor,Body Mist,COS037,Cosmetics,CAT002,450,6,2700,189,2511,125.55,502.2,75.33,2026,April,6,2385.45,502.2
10/17/2026,SID009,Mehedi Hasan,INV2610101991,Grace Boutique,Both,CUS00012,Retail,Belt,ACC003,Accessories,CAT003,800,53,42400,0,42400,0,0,1272,2026,October,17,42400,0
8/21/2025,SID012,Tasnia Rahman,INV2508101992,Smart Beauty,Both,CUS00032,Retail,Deodorant,COS016,Cosmetics,CAT002,450,93,41850,2929.5,38920.5,0,0,1167.62,2025,August,21,38920.5,0
5/11/2025,SID001,Mahmudul Hasan,INV2505101993,Luxury Apparel,Male,CUS00497,Distributor,After Sun Lotion,COS031,Cosmetics,CAT002,700,96,67200,4704,62496,0,0,1874.88,2025,May,11,62496,0
12/28/2026,SID011,Mim Akter,INV2612101994,Classic Beauty,Both,CUST025,Corporate,Aftershave,COS019,Cosmetics,CAT002,800,32,25600,0,25600,1280,5120,768,2026,December,28,24320,5120
5/3/2026,SID019,Mim Akter,INV2605101995,Moonlight Cosmetics,Female,CUS00189,Distributor,Makeup Kit,COS034,Cosmetics,CAT002,2500,78,195000,9750,185250,3705,55575,5557.5,2026,May,3,181545,55575
1/12/2025,SID007,Mim Akter,INV2501101996,Perfect Beauty,Both,CUS00484,Walk In,Diapers,HYG012,Hygiene Products,CAT004,800,97,77600,3880,73720,1474.4,0,2211.6,2025,January,12,72245.6,0
1/20/2025,SID013,Siam Ahmed,INV2501101997,Unique Collection,Male,CUS00021,Corporate,Hair Spray,COS029,Cosmetics,CAT002,450,74,33300,1665,31635,632.7,6327,949.05,2025,January,20,31002.3,6327
12/20/2026,SID013,Nusrat Jahan,INV2612101998,Urban Trends,Male,CUS00205,Walk In,Women's Saree,APP005,Fashion Apparel,CAT001,3200,65,208000,0,208000,4160,62400,6240,2026,December,20,203840,62400
3/2/2026,SID010,Farzana Akter,INV2603101999,Glow & Shine,Male,CUS00233,Retail,Aftershave,COS019,Cosmetics,CAT002,800,36,28800,2880,25920,0,7776,777.6,2026,March,2,25920,7776
11/25/2025,SID020,Arif Hossain,INV2511102000,Fashion Hub Ltd,Male,CUS00451,Walk In,Women's Top,APP006,Fashion Apparel,CAT001,1200,62,74400,3720,70680,0,0,2120.4,2025,November,25,70680,0
6/28/2025,SID015,Samira Akter,INV2506102001,Royal Style,Male,CUS00379,Online,Feminine Wash,HYG010,Hygiene Products,CAT004,400,96,38400,2688,35712,1785.6,0,1071.36,2025,June,28,33926.4,0
2/11/2025,SID016,Shuvo Das,INV2502102002,Luxury Apparel,Both,CUS00211,Online,Handbag,ACC001,Accessories,CAT003,3500,61,213500,21350,192150,9607.5,57645,5764.5,2025,February,11,182542.5,57645
12/20/2025,SID009,Sharmin Akter,INV2512102003,Chic Collection,Male,CUST050,Online,Belt,ACC003,Accessories,CAT003,800,25,20000,0,20000,0,0,600,2025,December,20,20000,0
4/19/2025,SID014,Sharmin Akter,INV2504102004,Smart Collection,Male,CUS00129,Online,Footwear,ACC011,Accessories,CAT003,2500,76,190000,0,190000,3800,38000,5700,2025,April,19,186200,38000
1/26/2025,SID020,Nayeem Hasan,INV2501102005,Perfect Beauty,Male,CUS00135,Distributor,Deodorant,HYG008,Hygiene Products,CAT004,450,95,42750,1282.5,41467.5,829.35,8293.5,1244.02,2025,January,26,40638.15,8293.5
11/13/2026,SID001,Sabbir Ahmed,INV2611102006,Fashion Hub Ltd,Both,CUS00045,Distributor,Perfume,COS003,Cosmetics,CAT002,2200,5,11000,550,10450,0,3135,313.5,2026,November,13,10450,3135
1/7/2026,SID005,Mim Akter,INV2601102007,Premium Beauty,Female,CUS00191,Corporate,Watch,ACC005,Accessories,CAT003,5000,28,140000,7000,133000,6650,26600,3990,2026,January,7,126350,26600
10/31/2026,SID001,Imran Hossain,INV2610102008,Glamour House,Female,CUS00040,Walk In,Luggage,ACC013,Accessories,CAT003,8000,14,112000,7840,104160,0,0,3124.8,2026,October,31,104160,0
3/8/2025,SID019,Shuvo Das,INV2503102009,Pink Beauty,Female,CUS00165,Walk In,Mouthwash,HYG007,Hygiene Products,CAT004,300,33,9900,495,9405,470.25,2821.5,282.15,2025,March,8,8934.75,2821.5
6/1/2026,SID009,Samira Akter,INV2606102010,Urban Style,Both,CUS00328,Distributor,Keychain,ACC015,Accessories,CAT003,300,94,28200,1410,26790,0,5358,803.7,2026,June,1,26790,5358
7/24/2025,SID008,Imran Hossain,INV2507102011,Urban Trends,Female,CUS00424,Walk In,Kids Dress,APP008,Fashion Apparel,CAT001,950,38,36100,1805,34295,1714.75,10288.5,1028.85,2025,July,24,32580.25,10288.5
11/29/2026,SID015,Samira Akter,INV2611102012,Signature Fashion,Female,CUS00440,Online,Hair Serum,COS006,Cosmetics,CAT002,1200,98,117600,0,117600,5880,35280,3528,2026,November,29,111720,35280
3/8/2025,SID008,Arif Hossain,INV2503102013,Beauty World,Male,CUST010,Distributor,Sanitary Napkins,HYG004,Hygiene Products,CAT004,350,73,25550,1788.5,23761.5,475.23,7128.45,712.85,2025,March,8,23286.27,7128.45
2/28/2026,SID019,Rashedul Islam,INV2602102014,Iconic Fashion,Female,CUS00023,Retail,Body Lotion,COS004,Cosmetics,CAT002,650,25,16250,812.5,15437.5,308.75,0,463.12,2026,February,28,15128.75,0
5/6/2026,SID001,Tanjina Sultana,INV2605102015,Elite Collection,Female,CUS00495,Walk In,Beard Oil,COS010,Cosmetics,CAT002,900,19,17100,855,16245,812.25,0,487.35,2026,May,6,15432.75,0
5/15/2025,SID018,Nayeem Hasan,INV2505102016,Beauty Avenue,Female,CUST049,Distributor,Perfume,COS003,Cosmetics,CAT002,2200,48,105600,10560,95040,4752,28512,2851.2,2025,May,15,90288,28512
7/6/2025,SID018,Sadia Afrin,INV2507102017,Elegant Boutique,Male,CUS00372,Corporate,Foot Care Cream,COS023,Cosmetics,CAT002,300,10,3000,150,2850,142.5,570,85.5,2025,July,6,2707.5,570
5/14/2026,SID005,Jannatul Ferdous,INV2605102018,Elegant Choice,Male,CUS00010,Walk In,Compact Powder,COS008,Cosmetics,CAT002,800,55,44000,3080,40920,818.4,0,1227.6,2026,May,14,40101.6,0
4/26/2025,SID005,Sabbir Ahmed,INV2504102019,Royal Cosmetics,Both,CUS00261,Retail,Men Jeans,APP003,Fashion Apparel,CAT001,2200,87,191400,5742,185658,3713.16,55697.4,5569.74,2025,April,26,181944.84,55697.4
8/29/2026,SID005,Samira Akter,INV2608102020,NextGen Fashion,Male,CUS00288,Distributor,Men Shirt,APP017,Fashion Apparel,CAT001,1600,57,91200,2736,88464,0,0,2653.92,2026,August,29,88464,0
7/11/2026,SID018,Rakib Hasan,INV2607102021,Glamour House,Female,CUS00417,Corporate,Men T-Shirt,APP001,Fashion Apparel,CAT001,750,47,35250,1057.5,34192.5,0,6838.5,1025.77,2026,July,11,34192.5,6838.5
9/14/2025,SID009,Jannatul Ferdous,INV2509102022,Signature Fashion,Male,CUS00279,Walk In,Kids Dress,APP008,Fashion Apparel,CAT001,950,98,93100,6517,86583,4329.15,0,2597.49,2025,September,14,82253.85,0
8/14/2026,SID010,Bonna Akter,INV2608102023,Prime Collection,Male,CUS00171,Retail,Watch,ACC005,Accessories,CAT003,5000,96,480000,0,480000,0,96000,14400,2026,August,14,480000,96000
4/13/2025,SID009,Rakib Hasan,INV2504102024,Nova Cosmetics,Female,CUS00386,Online,Hair Accessories,ACC010,Accessories,CAT003,400,41,16400,1148,15252,762.6,4575.6,457.56,2025,April,13,14489.4,4575.6
11/22/2026,SID017,Nusrat Jahan,INV2611102025,Royal Cosmetics,Both,CUS00447,Retail,Face Mask,COS020,Cosmetics,CAT002,600,89,53400,3738,49662,993.24,9932.4,1489.86,2026,November,22,48668.76,9932.4
5/10/2026,SID020,Imran Hossain,INV2605102026,Trendy Boutique,Male,CUS00376,Corporate,Hair Mask,COS018,Cosmetics,CAT002,1100,49,53900,0,53900,0,10780,1617,2026,May,10,53900,10780
6/17/2026,SID003,Samira Akter,INV2606102027,Cosmo House,Both,CUST055,Distributor,Women's Skirt,APP011,Fashion Apparel,CAT001,1500,93,139500,4185,135315,2706.3,40594.5,4059.45,2026,June,17,132608.7,40594.5
11/4/2026,SID020,Shuvo Das,INV2611102028,Diamond Cosmetics,Male,CUS00241,Online,Men Polo Shirt,APP002,Fashion Apparel,CAT001,1100,37,40700,4070,36630,732.6,10989,1098.9,2026,November,4,35897.4,10989
8/20/2026,SID008,Imran Hossain,INV2608102029,Moonlight Cosmetics,Female,CUS00162,Retail,Feminine Wash,COS022,Cosmetics,CAT002,400,47,18800,0,18800,376,3760,564,2026,August,20,18424,3760
2/18/2026,SID018,Tanvir Islam,INV2602102030,Dream Fashion,Male,CUS00422,Corporate,Hat,ACC007,Accessories,CAT003,700,95,66500,0,66500,1330,19950,1995,2026,February,18,65170,19950
4/13/2025,SID003,Imran Hossain,INV2504102031,Fashion Plus,Female,CUS00328,Online,Men Polo Shirt,APP002,Fashion Apparel,CAT001,1100,17,18700,1870,16830,336.6,0,504.9,2025,April,13,16493.4,0
4/8/2025,SID016,Mahmudul Hasan,INV2504102032,Smart Collection,Male,CUS00068,Walk In,Wallet,ACC002,Accessories,CAT003,1200,16,19200,576,18624,931.2,3724.8,558.72,2025,April,8,17692.8,3724.8
10/24/2026,SID010,Imran Hossain,INV2610102033,Infinity Style,Female,CUS00247,Online,Keychain,ACC015,Accessories,CAT003,300,81,24300,1701,22599,1129.95,4519.8,677.97,2026,October,24,21469.05,4519.8
11/15/2025,SID002,Tasnia Rahman,INV2511102034,Fashion World,Male,CUS00158,Corporate,Kids T-Shirt,APP007,Fashion Apparel,CAT001,650,38,24700,1235,23465,1173.25,4693,703.95,2025,November,15,22291.75,4693
9/1/2026,SID006,Sadia Afrin,INV2609102035,Premium Beauty,Female,CUS00223,Retail,Sanitary Napkins,HYG004,Hygiene Products,CAT004,350,37,12950,906.5,12043.5,0,3613.05,361.31,2026,September,1,12043.5,3613.05
10/6/2025,SID013,Bonna Akter,INV2510102036,Elegant Boutique,Male,CUS00053,Online,Shampoo,COS005,Cosmetics,CAT002,700,43,30100,0,30100,1505,6020,903,2025,October,6,28595,6020
9/28/2026,SID013,Farzana Akter,INV2609102037,Global Apparel,Both,CUS00007,Corporate,Scarf,ACC006,Accessories,CAT003,900,25,22500,675,21825,0,4365,654.75,2026,September,28,21825,4365
4/24/2026,SID008,Rakib Hasan,INV2604102038,Fashion Avenue,Both,CUS00383,Walk In,Body Scrub,COS026,Cosmetics,CAT002,650,30,19500,1950,17550,0,3510,526.5,2026,April,24,17550,3510
3/6/2025,SID019,Abdullah Al Mamun,INV2503102039,Fashion Plus,Female,CUS00204,Distributor,Women's Kurti,APP004,Fashion Apparel,CAT001,1800,32,57600,2880,54720,0,0,1641.6,2025,March,6,54720,0
7/25/2026,SID001,Tasnia Rahman,INV2607102040,Trendy Shop,Male,CUS00217,Walk In,Women's Nightwear,APP014,Fashion Apparel,CAT001,800,50,40000,2800,37200,0,0,1116,2026,July,25,37200,0
1/3/2026,SID006,Bonna Akter,INV2601102041,Chic Collection,Male,CUST050,Online,Face Scrub,COS027,Cosmetics,CAT002,550,6,3300,0,3300,165,0,99,2026,January,3,3135,0
12/24/2025,SID012,Mim Akter,INV2512102042,Chic Collection,Male,CUST050,Online,Hand Sanitizer,HYG001,Hygiene Products,CAT004,250,100,25000,1750,23250,1162.5,0,697.5,2025,December,24,22087.5,0
3/20/2026,SID007,Rashedul Islam,INV2603102043,Royal Style,Female,CUS00281,Retail,Hand Sanitizer,HYG001,Hygiene Products,CAT004,250,10,2500,0,2500,50,0,75,2026,March,20,2450,0
10/9/2026,SID010,Mahmudul Hasan,INV2610102044,Fashion Central,Female,CUS00016,Retail,Women's Nightwear,APP014,Fashion Apparel,CAT001,800,61,48800,2440,46360,2318,9272,1390.8,2026,October,9,44042,9272
9/1/2026,SID016,Shakil Khan,INV2609102045,Fashion Express,Both,CUS00398,Retail,Luggage,ACC013,Accessories,CAT003,8000,12,96000,6720,89280,4464,0,2678.4,2026,September,1,84816,0
8/21/2025,SID004,Bonna Akter,INV2508102046,Elite Fashion,Female,CUS00093,Corporate,Body Spray,COS011,Cosmetics,CAT002,500,100,50000,0,50000,2500,15000,1500,2025,August,21,47500,15000
7/19/2025,SID007,Tasnia Rahman,INV2507102047,Diamond Cosmetics,Male,CUS00021,Retail,Perfume,COS003,Cosmetics,CAT002,2200,48,105600,3168,102432,5121.6,20486.4,3072.96,2025,July,19,97310.4,20486.4
5/22/2025,SID019,Abdullah Al Mamun,INV2505102048,Grace Boutique,Male,CUS00248,Retail,Face Wash,COS001,Cosmetics,CAT002,450,44,19800,990,18810,0,0,564.3,2025,May,22,18810,0
4/16/2025,SID015,Mehedi Hasan,INV2504102049,Infinity Style,Both,CUS00360,Online,Hair Mask,COS018,Cosmetics,CAT002,1100,27,29700,2970,26730,0,5346,801.9,2025,April,16,26730,5346
2/6/2025,SID002,Nusrat Jahan,INV2502102050,Pink Beauty,Both,CUS00443,Walk In,Hair Removal Cream,HYG013,Hygiene Products,CAT004,450,43,19350,1354.5,17995.5,899.78,3599.1,539.87,2025,February,6,17095.72,3599.1
10/21/2025,SID011,Abdullah Al Mamun,INV2510102051,Classic Apparel,Female,CUST003,Walk In,Body Scrub,COS026,Cosmetics,CAT002,650,87,56550,5655,50895,2544.75,10179,1526.85,2025,October,21,48350.25,10179
2/13/2025,SID004,Jannatul Ferdous,INV2502102052,Prime Collection,Female,CUS00122,Retail,Umbrella,ACC014,Accessories,CAT003,1200,6,7200,720,6480,129.6,1944,194.4,2025,February,13,6350.4,1944
9/28/2026,SID002,Siam Ahmed,INV2609102053,Cosmetics Plus,Female,CUS00028,Walk In,Body Lotion,COS004,Cosmetics,CAT002,650,92,59800,0,59800,0,11960,1794,2026,September,28,59800,11960
8/6/2026,SID017,Tanvir Islam,INV2608102054,Golden Fashion,Both,CUS00322,Online,Toothpaste,HYG005,Hygiene Products,CAT004,200,73,14600,730,13870,0,4161,416.1,2026,August,6,13870,4161
7/25/2026,SID015,Rashedul Islam,INV2607102055,Classic Beauty,Both,CUST025,Corporate,Women's Leggings,APP012,Fashion Apparel,CAT001,1300,74,96200,6734,89466,0,26839.8,2683.98,2026,July,25,89466,26839.8
11/22/2026,SID008,Nusrat Jahan,INV2611102056,Lily Boutique,Both,CUS00303,Online,Gloves,ACC008,Accessories,CAT003,600,56,33600,1680,31920,638.4,6384,957.6,2026,November,22,31281.6,6384
11/25/2025,SID015,Tasnia Rahman,INV2511102057,Urban Style,Male,CUS00481,Walk In,Body Spray,COS011,Cosmetics,CAT002,500,50,25000,750,24250,485,0,727.5,2025,November,25,23765,0
5/25/2026,SID009,Samira Akter,INV2605102058,Chic Collection,Male,CUST050,Online,Foot Care Cream,HYG014,Hygiene Products,CAT004,300,27,8100,405,7695,153.9,0,230.85,2026,May,25,7541.1,0
11/25/2025,SID002,Sadia Afrin,INV2511102059,Premium Beauty,Female,CUS00192,Distributor,Keychain,ACC015,Accessories,CAT003,300,61,18300,549,17751,355.02,3550.2,532.53,2025,November,25,17395.98,3550.2
2/1/2026,SID015,Mahmudul Hasan,INV2602102060,Premium Beauty,Male,CUS00461,Walk In,Backpack,ACC012,Accessories,CAT003,3000,16,48000,4800,43200,0,0,1296,2026,February,1,43200,0
9/18/2026,SID016,Tanvir Islam,INV2609102061,Fashion Hub Ltd,Both,CUS00258,Online,Women's Nightwear,APP014,Fashion Apparel,CAT001,800,9,7200,360,6840,136.8,0,205.2,2026,September,18,6703.2,0
10/28/2025,SID012,Mehedi Hasan,INV2510102062,Premium Beauty,Both,CUS00023,Walk In,Women's Kurti,APP004,Fashion Apparel,CAT001,1800,87,156600,10962,145638,7281.9,0,4369.14,2025,October,28,138356.1,0
2/25/2025,SID012,Mim Akter,INV2502102063,Unique Collection,Female,CUS00321,Online,Feminine Wash,COS022,Cosmetics,CAT002,400,50,20000,600,19400,0,0,582,2025,February,25,19400,0
8/11/2025,SID017,Mim Akter,INV2508102064,Fashion Central,Both,CUS00072,Corporate,Hair Mask,COS018,Cosmetics,CAT002,1100,99,108900,7623,101277,0,20255.4,3038.31,2025,August,11,101277,20255.4
3/2/2025,SID004,Tasnia Rahman,INV2503102065,Dream Fashion,Male,CUS00491,Corporate,Men Polo Shirt,APP002,Fashion Apparel,CAT001,1100,38,41800,4180,37620,0,7524,1128.6,2025,March,2,37620,7524
10/6/2025,SID015,Shakil Khan,INV2510102066,Elegant Choice,Male,CUS00332,Corporate,Hoodie,APP009,Fashion Apparel,CAT001,2500,23,57500,5750,51750,2587.5,0,1552.5,2025,October,6,49162.5,0
7/11/2026,SID007,Sadia Afrin,INV2607102067,Elegant Boutique,Male,CUS00038,Corporate,Kids T-Shirt,APP007,Fashion Apparel,CAT001,650,25,16250,487.5,15762.5,315.25,3152.5,472.88,2026,July,11,15447.25,3152.5
3/14/2025,SID006,Nayeem Hasan,INV2503102068,Apex Fashion,Female,CUST061,Retail,Perfume,COS003,Cosmetics,CAT002,2200,63,138600,0,138600,0,0,4158,2025,March,14,138600,0
4/19/2025,SID004,Rakib Hasan,INV2504102069,Urban Style,Both,CUS00421,Walk In,Hair Removal Cream,COS025,Cosmetics,CAT002,450,22,9900,990,8910,445.5,2673,267.3,2025,April,19,8464.5,2673
9/22/2026,SID011,Rashedul Islam,INV2609102070,Elite Fashion,Male,CUS00113,Distributor,Hand Sanitizer,HYG001,Hygiene Products,CAT004,250,65,16250,1137.5,15112.5,755.62,3022.5,453.38,2026,September,22,14356.88,3022.5
8/11/2025,SID001,Tasnia Rahman,INV2508102071,Fresh Look,Both,CUS00377,Walk In,Sunscreen,COS009,Cosmetics,CAT002,1150,96,110400,7728,102672,5133.6,30801.6,3080.16,2025,August,11,97538.4,30801.6
6/1/2025,SID016,Sadia Afrin,INV2506102072,Royal Cosmetics,Both,CUS00432,Walk In,Face Cream,COS007,Cosmetics,CAT002,950,21,19950,598.5,19351.5,967.58,5805.45,580.54,2025,June,1,18383.92,5805.45
11/2/2026,SID015,Sabbir Ahmed,INV2611102073,Beauty World,Male,CUST010,Distributor,Hair Spray,COS029,Cosmetics,CAT002,450,6,2700,81,2619,130.95,785.7,78.57,2026,November,2,2488.05,785.7
5/3/2025,SID011,Tanvir Islam,INV2505102074,Smart Beauty,Both,CUS00160,Retail,Men Polo Shirt,APP002,Fashion Apparel,CAT001,1100,76,83600,4180,79420,1588.4,23826,2382.6,2025,May,3,77831.6,23826
7/23/2026,SID006,Sabbir Ahmed,INV2607102075,Fashion Central,Female,CUS00280,Distributor,Women's Top,APP006,Fashion Apparel,CAT001,1200,89,106800,3204,103596,2071.92,31078.8,3107.88,2026,July,23,101524.08,31078.8
6/24/2025,SID015,Tanvir Islam,INV2506102076,Cosmo House,Both,CUST055,Distributor,Women's Top,APP006,Fashion Apparel,CAT001,1200,63,75600,7560,68040,3402,0,2041.2,2025,June,24,64638,0
7/5/2026,SID005,Nusrat Jahan,INV2607102077,Fashion Point,Female,CUS00167,Distributor,Face Mask,HYG002,Hygiene Products,CAT004,150,67,10050,502.5,9547.5,190.95,1909.5,286.43,2026,July,5,9356.55,1909.5
9/28/2025,SID015,Mahmudul Hasan,INV2509102078,NextGen Fashion,Male,CUS00084,Walk In,Face Scrub,COS027,Cosmetics,CAT002,550,75,41250,0,41250,2062.5,12375,1237.5,2025,September,28,39187.5,12375
7/16/2025,SID009,Sadia Afrin,INV2507102079,Wonder Collection,Male,CUS00312,Corporate,Gloves,ACC008,Accessories,CAT003,600,27,16200,810,15390,307.8,3078,461.7,2025,July,16,15082.2,3078
11/23/2025,SID020,Sadia Afrin,INV2511102080,Star Fashion,Female,CUS00087,Retail,Face Cream,COS007,Cosmetics,CAT002,950,31,29450,2945,26505,1325.25,0,795.15,2025,November,23,25179.75,0
3/20/2025,SID005,Jannatul Ferdous,INV2503102081,Fashion Plus,Male,CUS00305,Online,Scarf,ACC006,Accessories,CAT003,900,79,71100,4977,66123,1322.46,0,1983.69,2025,March,20,64800.54,0
5/8/2026,SID016,Sadia Afrin,INV2605102082,Global Apparel,Both,CUS00408,Retail,After Sun Lotion,COS031,Cosmetics,CAT002,700,89,62300,3115,59185,2959.25,0,1775.55,2026,May,8,56225.75,0
5/8/2025,SID002,Jannatul Ferdous,INV2505102083,Beauty World,Male,CUST010,Distributor,Women's Saree,APP005,Fashion Apparel,CAT001,3200,7,22400,672,21728,0,6518.4,651.84,2025,May,8,21728,6518.4
5/28/2025,SID013,Siam Ahmed,INV2505102084,Shine Collection,Both,CUS00341,Distributor,Women's Top,APP006,Fashion Apparel,CAT001,1200,57,68400,2052,66348,1326.96,13269.6,1990.44,2025,May,28,65021.04,13269.6
7/2/2025,SID010,Sadia Afrin,INV2507102085,Elite Fashion,Female,CUS00345,Retail,Women's Kurti,APP004,Fashion Apparel,CAT001,1800,14,25200,2520,22680,453.6,4536,680.4,2025,July,2,22226.4,4536
4/5/2026,SID014,Mehedi Hasan,INV2604102086,Glamour House,Female,CUS00140,Walk In,Men's Innerwear,APP016,Fashion Apparel,CAT001,700,74,51800,3626,48174,2408.7,0,1445.22,2026,April,5,45765.3,0
1/23/2025,SID008,Tanjina Sultana,INV2501102087,Moonlight Cosmetics,Female,CUS00142,Corporate,Jacket,APP010,Fashion Apparel,CAT001,3800,82,311600,15580,296020,0,0,8880.6,2025,January,23,296020,0
8/10/2025,SID012,Shuvo Das,INV2508102088,Pink Beauty,Both,CUS00493,Online,Feminine Wash,HYG010,Hygiene Products,CAT004,400,68,27200,0,27200,544,5440,816,2025,August,10,26656,5440
12/13/2025,SID001,Tanvir Islam,INV2512102089,Classic Beauty,Both,CUST025,Corporate,Sunglasses,ACC004,Accessories,CAT003,1500,14,21000,1050,19950,997.5,5985,598.5,2025,December,13,18952.5,5985
2/28/2025,SID008,Siam Ahmed,INV2502102090,Signature Fashion,Both,CUS00005,Walk In,Handbag,ACC001,Accessories,CAT003,3500,82,287000,28700,258300,5166,51660,7749,2025,February,28,253134,51660
8/23/2025,SID008,Tanvir Islam,INV2508102091,Prime Collection,Male,CUS00229,Retail,Sunscreen,COS009,Cosmetics,CAT002,1150,50,57500,0,57500,2875,17250,1725,2025,August,23,54625,17250
7/12/2025,SID003,Rashedul Islam,INV2507102092,Rainbow Apparel,Both,CUS00294,Corporate,Hair Color,COS012,Cosmetics,CAT002,1500,20,30000,0,30000,1500,6000,900,2025,July,12,28500,6000
2/13/2025,SID005,Siam Ahmed,INV2502102093,Fashion Central,Both,CUS00397,Online,Umbrella,ACC014,Accessories,CAT003,1200,72,86400,4320,82080,1641.6,24624,2462.4,2025,February,13,80438.4,24624
7/21/2026,SID017,Tanvir Islam,INV2607102094,Elite Collection,Both,CUS00166,Online,Feminine Wash,HYG010,Hygiene Products,CAT004,400,69,27600,2760,24840,0,0,745.2,2026,July,21,24840,0
5/30/2025,SID002,Rafiul Karim,INV2505102095,Unique Collection,Both,CUS00136,Distributor,Hair Accessories,ACC010,Accessories,CAT003,400,58,23200,2320,20880,0,4176,626.4,2025,May,30,20880,4176
1/20/2026,SID003,Tanvir Islam,INV2601102096,Nova Cosmetics,Male,CUS00240,Online,Underarm Whitening Cream,HYG015,Hygiene Products,CAT004,500,30,15000,750,14250,285,4275,427.5,2026,January,20,13965,4275
8/9/2025,SID004,Shuvo Das,INV2508102097,Elite Collection,Both,CUS00137,Distributor,Feminine Wash,HYG010,Hygiene Products,CAT004,400,18,7200,0,7200,360,2160,216,2025,August,9,6840,2160
3/23/2026,SID009,Nusrat Jahan,INV2603102098,Wonder Collection,Male,CUS00220,Distributor,Body Wash,COS030,Cosmetics,CAT002,600,84,50400,1512,48888,2444.4,14666.4,1466.64,2026,March,23,46443.6,14666.4
2/7/2026,SID019,Rashedul Islam,INV2602102099,Classic Beauty,Both,CUST025,Corporate,Lipstick,COS002,Cosmetics,CAT002,850,47,39950,1997.5,37952.5,0,11385.75,1138.58,2026,February,7,37952.5,11385.75
3/13/2025,SID001,Mahmudul Hasan,INV2503102100,Lily Boutique,Both,CUS00497,Walk In,Men's Innerwear,APP016,Fashion Apparel,CAT001,700,88,61600,0,61600,0,0,1848,2025,March,13,61600,0
12/8/2025,SID010,Farzana Akter,INV2512102101,Bloom Cosmetics,Female,CUST027,Distributor,Deodorant,HYG008,Hygiene Products,CAT004,450,67,30150,904.5,29245.5,1462.28,8773.65,877.37,2025,December,8,27783.22,8773.65
7/26/2026,SID020,Nayeem Hasan,INV2607102102,Cosmetics World,Female,CUS00406,Corporate,Gloves,ACC008,Accessories,CAT003,600,90,54000,5400,48600,0,14580,1458,2026,July,26,48600,14580
7/27/2025,SID020,Rakib Hasan,INV2507102103,Wonder Collection,Female,CUS00086,Retail,Hair Gel,COS028,Cosmetics,CAT002,400,50,20000,1000,19000,950,3800,570,2025,July,27,18050,3800
6/22/2025,SID005,Mim Akter,INV2506102104,Elite Fashion,Both,CUS00012,Walk In,Shampoo,COS005,Cosmetics,CAT002,700,79,55300,5530,49770,995.4,0,1493.1,2025,June,22,48774.6,0
5/5/2026,SID002,Mim Akter,INV2605102105,Trendy Shop,Both,CUS00306,Online,Umbrella,ACC014,Accessories,CAT003,1200,56,67200,3360,63840,3192,0,1915.2,2026,May,5,60648,0
11/13/2026,SID010,Rafiul Karim,INV2611102106,Blue Sky Fashion,Both,CUST014,Online,Mouthwash,HYG007,Hygiene Products,CAT004,300,19,5700,171,5529,110.58,1105.8,165.87,2026,November,13,5418.42,1105.8
10/7/2025,SID006,Rafiul Karim,INV2510102107,Prime Collection,Male,CUS00213,Online,Hair Conditioner,COS032,Cosmetics,CAT002,750,60,45000,1350,43650,0,0,1309.5,2025,October,7,43650,0
4/6/2026,SID013,Siam Ahmed,INV2604102108,Elite Collection,Female,CUS00159,Retail,Feminine Wash,HYG010,Hygiene Products,CAT004,400,23,9200,460,8740,437,2622,262.2,2026,April,6,8303,2622
8/5/2025,SID009,Mim Akter,INV2508102109,Crystal Cosmetics,Female,CUS00372,Walk In,Women's Kurti,APP004,Fashion Apparel,CAT001,1800,86,154800,7740,147060,2941.2,0,4411.8,2025,August,5,144118.8,0
5/29/2025,SID019,Rashedul Islam,INV2505102110,Fashion Gallery,Both,CUS00361,Walk In,Sunscreen,COS009,Cosmetics,CAT002,1150,95,109250,7647.5,101602.5,0,30480.75,3048.07,2025,May,29,101602.5,30480.75
7/3/2026,SID016,Mim Akter,INV2607102111,Fashion Plus,Both,CUS00463,Corporate,Women's Saree,APP005,Fashion Apparel,CAT001,3200,63,201600,10080,191520,9576,0,5745.6,2026,July,3,181944,0
5/27/2025,SID017,Siam Ahmed,INV2505102112,Royal Style,Female,CUS00289,Retail,Backpack,ACC012,Accessories,CAT003,3000,15,45000,2250,42750,2137.5,0,1282.5,2025,May,27,40612.5,0
5/22/2025,SID009,Sadia Afrin,INV2505102113,Style Corner,Female,CUS00072,Online,Makeup Remover,COS015,Cosmetics,CAT002,550,41,22550,676.5,21873.5,1093.67,6562.05,656.2,2025,May,22,20779.83,6562.05
12/21/2026,SID011,Imran Hossain,INV2612102114,Smart Beauty,Male,CUS00493,Corporate,Face Wash,COS001,Cosmetics,CAT002,450,31,13950,418.5,13531.5,676.58,0,405.94,2026,December,21,12854.92,0
2/15/2026,SID004,Tanjina Sultana,INV2602102115,Shine Collection,Both,CUS00407,Distributor,Makeup Kit,COS034,Cosmetics,CAT002,2500,58,145000,14500,130500,2610,0,3915,2026,February,15,127890,0
11/9/2026,SID004,Farzana Akter,INV2611102116,Beauty Avenue,Female,CUST049,Distributor,Umbrella,ACC014,Accessories,CAT003,1200,15,18000,0,18000,0,5400,540,2026,November,9,18000,5400
6/16/2025,SID006,Shakil Khan,INV2506102117,Trendy Boutique,Female,CUS00119,Online,Baby Wipes,HYG011,Hygiene Products,CAT004,250,41,10250,307.5,9942.5,198.85,2982.75,298.27,2025,June,16,9743.65,2982.75
7/1/2025,SID018,Mehedi Hasan,INV2507102118,Classic Beauty,Both,CUST025,Corporate,Body Scrub,COS026,Cosmetics,CAT002,650,82,53300,5330,47970,959.4,9594,1439.1,2025,July,1,47010.6,9594
11/2/2026,SID015,Tanjina Sultana,INV2611102119,Fashion Avenue,Female,CUS00436,Online,Gloves,ACC008,Accessories,CAT003,600,86,51600,1548,50052,1001.04,10010.4,1501.56,2026,November,2,49050.96,10010.4
3/14/2026,SID017,Tanjina Sultana,INV2603102120,Trendy Boutique,Female,CUS00476,Retail,Face Scrub,COS027,Cosmetics,CAT002,550,83,45650,0,45650,913,0,1369.5,2026,March,14,44737,0
5/21/2025,SID007,Imran Hossain,INV2505102121,Smart Collection,Male,CUS00339,Distributor,Sunglasses,ACC004,Accessories,CAT003,1500,31,46500,0,46500,0,13950,1395,2025,May,21,46500,13950
2/7/2026,SID005,Farzana Akter,INV2602102122,Modern Boutique,Female,CUS00227,Walk In,Face Cream,COS007,Cosmetics,CAT002,950,31,29450,883.5,28566.5,1428.33,8569.95,857,2026,February,7,27138.17,8569.95
11/29/2026,SID007,Siam Ahmed,INV2611102123,Glamour House,Male,CUS00463,Corporate,Baby Wipes,HYG011,Hygiene Products,CAT004,250,66,16500,495,16005,0,0,480.15,2026,November,29,16005,0
8/12/2025,SID010,Sabbir Ahmed,INV2508102124,Classic Apparel,Female,CUST003,Walk In,Shaving Cream,COS021,Cosmetics,CAT002,350,49,17150,514.5,16635.5,332.71,0,499.06,2025,August,12,16302.79,0
7/14/2025,SID014,Sabbir Ahmed,INV2507102125,Global Apparel,Both,CUS00086,Corporate,Sunglasses,ACC004,Accessories,CAT003,1500,67,100500,0,100500,5025,0,3015,2025,July,14,95475,0
9/15/2026,SID007,Tanvir Islam,INV2609102126,Fashion Express,Both,CUS00187,Distributor,Underarm Whitening Cream,HYG015,Hygiene Products,CAT004,500,98,49000,0,49000,0,14700,1470,2026,September,15,49000,14700
10/21/2026,SID016,Tanvir Islam,INV2610102127,Glamour House,Female,CUS00392,Walk In,After Sun Lotion,COS031,Cosmetics,CAT002,700,97,67900,0,67900,1358,20370,2037,2026,October,21,66542,20370
7/24/2025,SID001,Jannatul Ferdous,INV2507102128,Fashion Plus,Female,CUS00180,Walk In,Hand Sanitizer,HYG001,Hygiene Products,CAT004,250,10,2500,0,2500,125,750,75,2025,July,24,2375,750
3/7/2025,SID018,Mahmudul Hasan,INV2503102129,Fashion Express,Male,CUS00477,Walk In,Foot Care Cream,COS023,Cosmetics,CAT002,300,6,1800,126,1674,0,334.8,50.22,2025,March,7,1674,334.8
12/17/2026,SID020,Rashedul Islam,INV2612102130,Apex Fashion,Female,CUST061,Online,Women's Leggings,APP012,Fashion Apparel,CAT001,1300,88,114400,11440,102960,2059.2,0,3088.8,2026,December,17,100900.8,0
10/12/2025,SID002,Arif Hossain,INV2510102131,Style World,Male,CUS00072,Corporate,Hoodie,APP009,Fashion Apparel,CAT001,2500,98,245000,17150,227850,4557,0,6835.5,2025,October,12,223293,0
4/25/2026,SID010,Sabbir Ahmed,INV2604102132,Signature Fashion,Male,CUS00389,Distributor,Men's Innerwear,APP016,Fashion Apparel,CAT001,700,61,42700,2135,40565,0,8113,1216.95,2026,April,25,40565,8113
6/4/2025,SID006,Jannatul Ferdous,INV2506102133,Beauty Point,Female,CUST066,Corporate,Hand Sanitizer,HYG001,Hygiene Products,CAT004,250,34,8500,425,8075,403.75,2422.5,242.25,2025,June,4,7671.25,2422.5
3/22/2025,SID012,Mahmudul Hasan,INV2503102134,Urban Style,Female,CUS00186,Online,Hair Conditioner,COS032,Cosmetics,CAT002,750,52,39000,0,39000,780,0,1170,2025,March,22,38220,0
8/9/2025,SID008,Farzana Akter,INV2508102135,Infinity Style,Female,CUS00351,Online,Face Scrub,COS027,Cosmetics,CAT002,550,93,51150,3580.5,47569.5,0,14270.85,1427.09,2025,August,9,47569.5,14270.85
6/15/2026,SID011,Mahmudul Hasan,INV2606102136,Smart Collection,Male,CUS00402,Distributor,Handbag,ACC001,Accessories,CAT003,3500,83,290500,0,290500,14525,58100,8715,2026,June,15,275975,58100
1/19/2026,SID004,Nayeem Hasan,INV2601102137,Cosmetics Central,Female,CUST058,Distributor,Face Wash,COS001,Cosmetics,CAT002,450,26,11700,819,10881,0,0,326.43,2026,January,19,10881,0
11/8/2026,SID018,Jannatul Ferdous,INV2611102138,Beauty Point,Female,CUST066,Corporate,Underarm Whitening Cream,COS024,Cosmetics,CAT002,500,37,18500,925,17575,0,5272.5,527.25,2026,November,8,17575,5272.5
12/1/2026,SID018,Siam Ahmed,INV2612102139,Nova Cosmetics,Both,CUS00402,Walk In,Baby Wipes,HYG011,Hygiene Products,CAT004,250,33,8250,577.5,7672.5,153.45,1534.5,230.17,2026,December,1,7519.05,1534.5
2/2/2025,SID006,Nayeem Hasan,INV2502102140,Beauty Point,Female,CUST066,Corporate,Body Mist,COS037,Cosmetics,CAT002,450,99,44550,1336.5,43213.5,864.27,12964.05,1296.4,2025,February,2,42349.23,12964.05
2/22/2026,SID011,Abdullah Al Mamun,INV2602102141,Perfect Beauty,Female,CUS00499,Online,Hair Accessories,ACC010,Accessories,CAT003,400,72,28800,864,27936,558.72,8380.8,838.08,2026,February,22,27377.28,8380.8
1/24/2025,SID011,Sharmin Akter,INV2501102142,Fashion Hub Ltd,Male,CUS00489,Retail,Shampoo,COS005,Cosmetics,CAT002,700,59,41300,1239,40061,2003.05,12018.3,1201.83,2025,January,24,38057.95,12018.3
3/2/2026,SID011,Tanjina Sultana,INV2603102143,Elegant Boutique,Female,CUS00082,Online,Hair Removal Cream,HYG013,Hygiene Products,CAT004,450,95,42750,4275,38475,1923.75,0,1154.25,2026,March,2,36551.25,0
4/24/2026,SID004,Farzana Akter,INV2604102144,Infinity Style,Both,CUS00085,Walk In,Wallet,ACC002,Accessories,CAT003,1200,13,15600,1560,14040,702,0,421.2,2026,April,24,13338,0
12/23/2025,SID019,Farzana Akter,INV2512102145,Chic Collection,Male,CUST050,Online,Hat,ACC007,Accessories,CAT003,700,60,42000,0,42000,840,0,1260,2025,December,23,41160,0
2/7/2026,SID015,Sabbir Ahmed,INV2602102146,Glow & Shine,Both,CUS00423,Online,Hair Straightener,COS035,Cosmetics,CAT002,3500,32,112000,5600,106400,5320,31920,3192,2026,February,7,101080,31920
5/21/2025,SID005,Rashedul Islam,INV2505102147,Trendy Boutique,Male,CUS00495,Corporate,Makeup Remover,COS015,Cosmetics,CAT002,550,19,10450,731.5,9718.5,0,1943.7,291.56,2025,May,21,9718.5,1943.7
12/30/2026,SID004,Rashedul Islam,INV2612102148,Diamond Cosmetics,Female,CUS00205,Distributor,Men Polo Shirt,APP002,Fashion Apparel,CAT001,1100,77,84700,0,84700,0,16940,2541,2026,December,30,84700,16940
6/13/2025,SID018,Rakib Hasan,INV2506102149,Glow & Shine,Male,CUS00414,Walk In,Hair Color,COS012,Cosmetics,CAT002,1500,60,90000,9000,81000,1620,0,2430,2025,June,13,79380,0
10/17/2026,SID008,Rakib Hasan,INV2610102150,Nova Cosmetics,Both,CUS00385,Retail,Personal Toys,COS041,Cosmetics,CAT002,1500,22,33000,3300,29700,594,0,891,2026,October,17,29106,0
3/15/2025,SID015,Imran Hossain,INV2503102151,Glamour House,Both,CUS00268,Distributor,Women's Top,APP006,Fashion Apparel,CAT001,1200,17,20400,1428,18972,0,0,569.16,2025,March,15,18972,0
7/28/2025,SID014,Farzana Akter,INV2507102152,Urban Avenue,Both,CUS00030,Corporate,Toothbrush,HYG006,Hygiene Products,CAT004,150,59,8850,885,7965,398.25,0,238.95,2025,July,28,7566.75,0
12/21/2026,SID003,Jannatul Ferdous,INV2612102153,New Era Fashion,Both,CUS00393,Corporate,Belt,ACC003,Accessories,CAT003,800,61,48800,0,48800,2440,0,1464,2026,December,21,46360,0
4/30/2025,SID007,Tanjina Sultana,INV2504102154,Urban Trends,Female,CUS00334,Corporate,Foot Care Cream,COS023,Cosmetics,CAT002,300,62,18600,0,18600,0,3720,558,2025,April,30,18600,3720
12/21/2026,SID017,Nayeem Hasan,INV2612102155,Smart Collection,Female,CUS00198,Retail,Hand Sanitizer,HYG001,Hygiene Products,CAT004,250,94,23500,1175,22325,446.5,0,669.75,2026,December,21,21878.5,0
11/28/2025,SID005,Nayeem Hasan,INV2511102156,Fashion Plus,Female,CUS00113,Distributor,Hair Gel,COS028,Cosmetics,CAT002,400,50,20000,1400,18600,372,0,558,2025,November,28,18228,0
10/25/2026,SID009,Arif Hossain,INV2610102157,Signature Fashion,Both,CUS00487,Retail,Toothbrush,HYG006,Hygiene Products,CAT004,150,9,1350,94.5,1255.5,25.11,251.1,37.66,2026,October,25,1230.39,251.1
9/17/2026,SID009,Tasnia Rahman,INV2609102158,Iconic Fashion,Both,CUS00398,Distributor,Hat,ACC007,Accessories,CAT003,700,81,56700,0,56700,1134,0,1701,2026,September,17,55566,0
11/5/2026,SID010,Mehedi Hasan,INV2611102159,Diamond Cosmetics,Male,CUS00185,Distributor,Body Butter,COS017,Cosmetics,CAT002,700,40,28000,1960,26040,520.8,5208,781.2,2026,November,5,25519.2,5208
5/19/2026,SID018,Sadia Afrin,INV2605102160,Perfect Beauty,Both,CUS00441,Retail,Toothpaste,HYG005,Hygiene Products,CAT004,200,36,7200,216,6984,139.68,0,209.52,2026,May,19,6844.32,0
12/16/2026,SID010,Samira Akter,INV2612102161,Luxury Apparel,Male,CUS00499,Corporate,Body Scrub,COS026,Cosmetics,CAT002,650,70,45500,3185,42315,0,12694.5,1269.45,2026,December,16,42315,12694.5
1/29/2026,SID015,Rakib Hasan,INV2601102162,Cosmetics Plus,Male,CUS00124,Online,Men T-Shirt,APP001,Fashion Apparel,CAT001,750,29,21750,652.5,21097.5,1054.88,6329.25,632.92,2026,January,29,20042.62,6329.25
4/5/2025,SID016,Sabbir Ahmed,INV2504102163,Premium Beauty,Both,CUS00062,Distributor,Bra & Panty Set,APP013,Fashion Apparel,CAT001,900,46,41400,2898,38502,1925.1,0,1155.06,2025,April,5,36576.9,0
9/11/2026,SID015,Samira Akter,INV2609102164,Classic Apparel,Female,CUST003,Walk In,Toothpaste,HYG005,Hygiene Products,CAT004,200,46,9200,0,9200,460,1840,276,2026,September,11,8740,1840
5/22/2026,SID005,Siam Ahmed,INV2605102165,Infinity Style,Male,CUS00470,Online,Luggage,ACC013,Accessories,CAT003,8000,12,96000,4800,91200,0,18240,2736,2026,May,22,91200,18240
4/22/2026,SID002,Shakil Khan,INV2604102166,Style World,Both,CUS00182,Walk In,Women's Top,APP006,Fashion Apparel,CAT001,1200,29,34800,0,34800,696,6960,1044,2026,April,22,34104,6960
10/22/2025,SID005,Farzana Akter,INV2510102167,Urban Trends,Both,CUS00298,Retail,Hair Conditioner,COS032,Cosmetics,CAT002,750,30,22500,675,21825,1091.25,4365,654.75,2025,October,22,20733.75,4365
2/5/2025,SID010,Sabbir Ahmed,INV2502102168,Fashion Point,Both,CUS00189,Corporate,Toothbrush,HYG006,Hygiene Products,CAT004,150,9,1350,40.5,1309.5,26.19,392.85,39.28,2025,February,5,1283.31,392.85
3/22/2026,SID015,Rafiul Karim,INV2603102169,Unique Collection,Both,CUS00081,Walk In,Hair Dryer,COS038,Cosmetics,CAT002,4000,41,164000,8200,155800,0,0,4674,2026,March,22,155800,0
8/22/2025,SID016,Sabbir Ahmed,INV2508102170,Prime Collection,Both,CUS00404,Distributor,Hair Straightener,COS035,Cosmetics,CAT002,3500,14,49000,0,49000,0,14700,1470,2025,August,22,49000,14700
11/20/2025,SID019,Tanjina Sultana,INV2511102171,Moonlight Cosmetics,Female,CUS00085,Retail,Hand Sanitizer,HYG001,Hygiene Products,CAT004,250,100,25000,1250,23750,0,4750,712.5,2025,November,20,23750,4750
1/9/2026,SID011,Farzana Akter,INV2601102172,Fashion Plus,Male,CUS00046,Online,Body Spray,COS011,Cosmetics,CAT002,500,75,37500,1875,35625,1781.25,10687.5,1068.75,2026,January,9,33843.75,10687.5
5/20/2025,SID018,Shuvo Das,INV2505102173,Style Corner,Male,CUS00301,Distributor,Men T-Shirt,APP001,Fashion Apparel,CAT001,750,47,35250,1762.5,33487.5,669.75,10046.25,1004.62,2025,May,20,32817.75,10046.25
2/11/2026,SID007,Tanjina Sultana,INV2602102174,Style World,Male,CUS00200,Retail,After Sun Lotion,COS031,Cosmetics,CAT002,700,67,46900,1407,45493,909.86,0,1364.79,2026,February,11,44583.14,0
9/22/2025,SID001,Abdullah Al Mamun,INV2509102175,Premium Beauty,Male,CUS00494,Corporate,Body Scrub,COS026,Cosmetics,CAT002,650,91,59150,4140.5,55009.5,1100.19,11001.9,1650.28,2025,September,22,53909.31,11001.9
9/10/2026,SID007,Sabbir Ahmed,INV2609102176,Smart Collection,Female,CUS00443,Walk In,Bra & Panty Set,APP013,Fashion Apparel,CAT001,900,26,23400,1638,21762,0,0,652.86,2026,September,10,21762,0
2/26/2025,SID017,Sadia Afrin,INV2502102177,Beauty World,Male,CUST010,Distributor,Backpack,ACC012,Accessories,CAT003,3000,22,66000,4620,61380,1227.6,0,1841.4,2025,February,26,60152.4,0
2/27/2025,SID003,Arif Hossain,INV2502102178,Perfect Beauty,Male,CUS00222,Corporate,Shaving Cream,HYG009,Hygiene Products,CAT004,350,65,22750,682.5,22067.5,0,0,662.02,2025,February,27,22067.5,0
12/12/2026,SID020,Tasnia Rahman,INV2612102179,Blue Sky Fashion,Both,CUST014,Online,Nail Polish,COS013,Cosmetics,CAT002,400,50,20000,0,20000,0,4000,600,2026,December,12,20000,4000
4/5/2025,SID008,Rashedul Islam,INV2504102180,Beauty Avenue,Female,CUST049,Distributor,Women's Top,APP006,Fashion Apparel,CAT001,1200,79,94800,6636,88164,0,17632.8,2644.92,2025,April,5,88164,17632.8
3/17/2025,SID011,Nusrat Jahan,INV2503102181,Wonder Collection,Female,CUS00059,Online,Personal Lubricant,COS039,Cosmetics,CAT002,350,96,33600,3360,30240,604.8,6048,907.2,2025,March,17,29635.2,6048
3/23/2026,SID001,Abdullah Al Mamun,INV2603102182,Urban Avenue,Both,CUS00358,Retail,Men Jeans,APP003,Fashion Apparel,CAT001,2200,11,24200,1694,22506,1125.3,4501.2,675.18,2026,March,23,21380.7,4501.2
8/16/2025,SID015,Nusrat Jahan,INV2508102183,Fashion Express,Male,CUS00459,Corporate,Kids Dress,APP008,Fashion Apparel,CAT001,950,14,13300,665,12635,631.75,0,379.05,2025,August,16,12003.25,0
12/4/2025,SID020,Arif Hossain,INV2512102184,Signature Fashion,Both,CUS00301,Online,Hair Spray,COS029,Cosmetics,CAT002,450,68,30600,3060,27540,0,8262,826.2,2025,December,4,27540,8262
12/4/2025,SID020,Shakil Khan,INV2512102185,Fashion Avenue,Male,CUS00453,Walk In,Kids Dress,APP008,Fashion Apparel,CAT001,950,20,19000,0,19000,0,0,570,2025,December,4,19000,0
1/15/2025,SID008,Mim Akter,INV2501102186,Luxury Apparel,Both,CUS00433,Retail,Sunscreen,COS009,Cosmetics,CAT002,1150,5,5750,575,5175,258.75,1035,155.25,2025,January,15,4916.25,1035
4/14/2025,SID013,Sharmin Akter,INV2504102187,Diamond Cosmetics,Female,CUS00239,Walk In,Umbrella,ACC014,Accessories,CAT003,1200,97,116400,3492,112908,0,33872.4,3387.24,2025,April,14,112908,33872.4
8/31/2025,SID014,Sadia Afrin,INV2508102188,Style Corner,Male,CUS00393,Corporate,Perfume,COS003,Cosmetics,CAT002,2200,25,55000,1650,53350,0,0,1600.5,2025,August,31,53350,0
5/3/2025,SID009,Shakil Khan,INV2505102189,Wonder Collection,Male,CUS00298,Walk In,Mouthwash,HYG007,Hygiene Products,CAT004,300,30,9000,450,8550,171,1710,256.5,2025,May,3,8379,1710
3/2/2026,SID005,Abdullah Al Mamun,INV2603102190,Perfect Beauty,Both,CUS00422,Distributor,Personal Lubricant,COS039,Cosmetics,CAT002,350,57,19950,1396.5,18553.5,0,5566.05,556.61,2026,March,2,18553.5,5566.05
3/18/2025,SID006,Nayeem Hasan,INV2503102191,Beauty World,Male,CUST010,Distributor,Baby Wipes,HYG011,Hygiene Products,CAT004,250,30,7500,0,7500,150,1500,225,2025,March,18,7350,1500
8/9/2026,SID014,Imran Hossain,INV2608102192,Beauty Express,Male,CUST002,Online,Body Wash,COS030,Cosmetics,CAT002,600,18,10800,1080,9720,194.4,0,291.6,2026,August,9,9525.6,0
3/8/2025,SID004,Sadia Afrin,INV2503102193,New Era Fashion,Both,CUS00348,Online,Hair Color,COS012,Cosmetics,CAT002,1500,79,118500,0,118500,0,35550,3555,2025,March,8,118500,35550
4/14/2025,SID011,Samira Akter,INV2504102194,Urban Beauty,Female,CUS00492,Corporate,Face Cream,COS007,Cosmetics,CAT002,950,44,41800,0,41800,2090,0,1254,2025,April,14,39710,0
12/2/2026,SID007,Mehedi Hasan,INV2612102195,Wonder Collection,Female,CUS00319,Walk In,Deodorant,COS016,Cosmetics,CAT002,450,18,8100,810,7290,364.5,2187,218.7,2026,December,2,6925.5,2187
5/22/2026,SID012,Rafiul Karim,INV2605102196,Urban Avenue,Male,CUS00443,Retail,Face Cream,COS007,Cosmetics,CAT002,950,12,11400,0,11400,0,3420,342,2026,May,22,11400,3420
11/3/2026,SID011,Nusrat Jahan,INV2611102197,Urban Avenue,Female,CUS00413,Corporate,Handbag,ACC001,Accessories,CAT003,3500,63,220500,6615,213885,0,42777,6416.55,2026,November,3,213885,42777
12/3/2025,SID004,Tanvir Islam,INV2512102198,Crystal Cosmetics,Both,CUS00386,Retail,Foot Care Cream,COS023,Cosmetics,CAT002,300,13,3900,195,3705,185.25,0,111.15,2025,December,3,3519.75,0
10/10/2026,SID007,Abdullah Al Mamun,INV2610102199,Royal Cosmetics,Male,CUS00466,Retail,Men's Nightwear,APP015,Fashion Apparel,CAT001,850,43,36550,3655,32895,0,0,986.85,2026,October,10,32895,0
12/28/2025,SID013,Nayeem Hasan,INV2512102200,Premium Beauty,Both,CUS00002,Distributor,Deodorant,COS016,Cosmetics,CAT002,450,81,36450,2551.5,33898.5,0,10169.55,1016.95,2025,December,28,33898.5,10169.55
7/16/2025,SID012,Bonna Akter,INV2507102201,New Era Fashion,Male,CUS00056,Walk In,Face Serum,COS014,Cosmetics,CAT002,1300,10,13000,0,13000,650,2600,390,2025,July,16,12350,2600
10/17/2026,SID017,Tanjina Sultana,INV2610102202,Cosmetics World,Male,CUS00481,Corporate,Body Spray,COS011,Cosmetics,CAT002,500,91,45500,2275,43225,2161.25,0,1296.75,2026,October,17,41063.75,0
12/23/2025,SID007,Bonna Akter,INV2512102203,Elite Collection,Both,CUS00482,Retail,Men's Nightwear,APP015,Fashion Apparel,CAT001,850,16,13600,0,13600,272,4080,408,2025,December,23,13328,4080
9/16/2026,SID005,Rakib Hasan,INV2609102204,Blue Sky Fashion,Both,CUST014,Online,Makeup Remover,COS015,Cosmetics,CAT002,550,35,19250,1925,17325,346.5,5197.5,519.75,2026,September,16,16978.5,5197.5
7/22/2026,SID002,Shakil Khan,INV2607102205,Beauty Express,Male,CUST002,Online,Makeup Remover,COS015,Cosmetics,CAT002,550,69,37950,3795,34155,683.1,0,1024.65,2026,July,22,33471.9,0
5/17/2025,SID001,Sadia Afrin,INV2505102206,Apex Fashion,Female,CUST061,Retail,Hair Dryer,COS038,Cosmetics,CAT002,4000,54,216000,15120,200880,0,0,6026.4,2025,May,17,200880,0
10/6/2025,SID018,Sharmin Akter,INV2510102207,Grace Boutique,Male,CUS00381,Online,Face Cream,COS007,Cosmetics,CAT002,950,87,82650,5785.5,76864.5,3843.23,15372.9,2305.93,2025,October,6,73021.27,15372.9
5/30/2026,SID011,Mim Akter,INV2605102208,Glow & Shine,Female,CUS00463,Online,Diapers,HYG012,Hygiene Products,CAT004,800,74,59200,2960,56240,2812,11248,1687.2,2026,May,30,53428,11248
6/26/2026,SID008,Mahmudul Hasan,INV2606102209,Crystal Cosmetics,Male,CUS00403,Retail,Hair Dryer,COS038,Cosmetics,CAT002,4000,83,332000,0,332000,16600,0,9960,2026,June,26,315400,0
5/5/2026,SID003,Sadia Afrin,INV2605102210,Fashion World,Female,CUS00491,Walk In,Wallet,ACC002,Accessories,CAT003,1200,54,64800,1944,62856,1257.12,0,1885.68,2026,May,5,61598.88,0
10/7/2025,SID009,Rafiul Karim,INV2510102211,Star Fashion,Both,CUS00143,Retail,Men Jeans,APP003,Fashion Apparel,CAT001,2200,27,59400,5940,53460,0,0,1603.8,2025,October,7,53460,0
2/26/2025,SID004,Rashedul Islam,INV2502102212,Star Fashion,Female,CUS00288,Online,Hair Removal Cream,HYG013,Hygiene Products,CAT004,450,54,24300,729,23571,0,0,707.13,2025,February,26,23571,0
10/24/2026,SID019,Shuvo Das,INV2610102213,Iconic Fashion,Male,CUS00086,Corporate,Hat,ACC007,Accessories,CAT003,700,25,17500,525,16975,0,3395,509.25,2026,October,24,16975,3395
6/14/2026,SID009,Imran Hossain,INV2606102214,Prime Collection,Male,CUS00070,Distributor,Keychain,ACC015,Accessories,CAT003,300,64,19200,1920,17280,864,3456,518.4,2026,June,14,16416,3456
12/8/2026,SID006,Mim Akter,INV2612102215,Infinity Style,Male,CUS00025,Online,Face Mask,HYG002,Hygiene Products,CAT004,150,32,4800,336,4464,89.28,1339.2,133.92,2026,December,8,4374.72,1339.2
9/7/2025,SID015,Imran Hossain,INV2509102216,Pink Beauty,Both,CUS00433,Retail,Face Serum,COS014,Cosmetics,CAT002,1300,16,20800,1040,19760,395.2,5928,592.8,2025,September,7,19364.8,5928
2/8/2025,SID009,Bonna Akter,INV2502102217,Perfect Beauty,Female,CUS00344,Retail,Hair Conditioner,COS032,Cosmetics,CAT002,750,63,47250,1417.5,45832.5,2291.62,13749.75,1374.97,2025,February,8,43540.88,13749.75
8/9/2026,SID011,Nusrat Jahan,INV2608102218,Global Apparel,Both,CUS00088,Retail,Nail Polish,COS013,Cosmetics,CAT002,400,59,23600,0,23600,1180,4720,708,2026,August,9,22420,4720
9/27/2026,SID004,Bonna Akter,INV2609102219,Luxury Apparel,Female,CUS00233,Walk In,Hand Sanitizer,HYG001,Hygiene Products,CAT004,250,64,16000,1600,14400,720,4320,432,2026,September,27,13680,4320
11/20/2026,SID011,Sadia Afrin,INV2611102220,Lily Boutique,Male,CUS00459,Distributor,Watch,ACC005,Accessories,CAT003,5000,84,420000,42000,378000,7560,75600,11340,2026,November,20,370440,75600
5/20/2025,SID001,Shakil Khan,INV2505102221,Luxury Apparel,Both,CUS00082,Online,Bra & Panty Set,APP013,Fashion Apparel,CAT001,900,69,62100,3105,58995,0,11799,1769.85,2025,May,20,58995,11799
7/10/2026,SID020,Arif Hossain,INV2607102222,Rainbow Apparel,Both,CUS00175,Online,Makeup Kit,COS034,Cosmetics,CAT002,2500,8,20000,1400,18600,0,3720,558,2026,July,10,18600,3720
1/27/2026,SID007,Nusrat Jahan,INV2601102223,Nova Cosmetics,Male,CUS00164,Walk In,Face Cream,COS007,Cosmetics,CAT002,950,52,49400,3458,45942,0,0,1378.26,2026,January,27,45942,0
3/21/2025,SID010,Jannatul Ferdous,INV2503102224,Glamour House,Male,CUS00154,Corporate,Hair Spray,COS029,Cosmetics,CAT002,450,49,22050,661.5,21388.5,1069.42,0,641.65,2025,March,21,20319.08,0
1/11/2026,SID012,Bonna Akter,INV2601102225,Beauty Express,Male,CUST002,Online,Perfume,COS003,Cosmetics,CAT002,2200,32,70400,4928,65472,1309.44,19641.6,1964.16,2026,January,11,64162.56,19641.6
5/3/2025,SID016,Shuvo Das,INV2505102226,Crystal Cosmetics,Female,CUS00432,Distributor,Deodorant,COS016,Cosmetics,CAT002,450,83,37350,3735,33615,1680.75,10084.5,1008.45,2025,May,3,31934.25,10084.5
4/27/2026,SID007,Farzana Akter,INV2604102227,Cosmo House,Both,CUST055,Distributor,Feminine Wash,COS022,Cosmetics,CAT002,400,28,11200,1120,10080,201.6,3024,302.4,2026,April,27,9878.4,3024
9/9/2026,SID018,Tasnia Rahman,INV2609102228,Glamour Point,Both,CUS00027,Online,Women's Leggings,APP012,Fashion Apparel,CAT001,1300,31,40300,4030,36270,725.4,0,1088.1,2026,September,9,35544.6,0
11/18/2025,SID002,Shuvo Das,INV2511102229,Beauty World,Male,CUST010,Distributor,Body Butter,COS017,Cosmetics,CAT002,700,35,24500,0,24500,490,4900,735,2025,November,18,24010,4900
9/18/2026,SID015,Farzana Akter,INV2609102230,Urban Style,Male,CUS00133,Walk In,Hair Spray,COS029,Cosmetics,CAT002,450,29,13050,391.5,12658.5,0,0,379.75,2026,September,18,12658.5,0
9/26/2026,SID007,Tanvir Islam,INV2609102231,Modern Boutique,Both,CUS00474,Retail,Hair Dryer,COS038,Cosmetics,CAT002,4000,66,264000,0,264000,0,52800,7920,2026,September,26,264000,52800
12/31/2025,SID004,Nayeem Hasan,INV2512102232,Trendy Shop,Both,CUS00132,Online,Beard Oil,COS010,Cosmetics,CAT002,900,70,63000,6300,56700,1134,0,1701,2025,December,31,55566,0
10/5/2025,SID005,Mehedi Hasan,INV2510102233,Unique Collection,Female,CUS00331,Retail,Hair Accessories,ACC010,Accessories,CAT003,400,55,22000,660,21340,1067,0,640.2,2025,October,5,20273,0
10/29/2025,SID017,Bonna Akter,INV2510102234,Fashion Gallery,Male,CUS00438,Corporate,Hair Spray,COS029,Cosmetics,CAT002,450,48,21600,1512,20088,1004.4,0,602.64,2025,October,29,19083.6,0
8/22/2025,SID010,Mim Akter,INV2508102235,Fashion Point,Female,CUS00164,Walk In,Mouthwash,HYG007,Hygiene Products,CAT004,300,61,18300,0,18300,915,0,549,2025,August,22,17385,0
11/22/2025,SID015,Rakib Hasan,INV2511102236,Pink Beauty,Male,CUS00469,Online,Toothpaste,HYG005,Hygiene Products,CAT004,200,25,5000,500,4500,225,900,135,2025,November,22,4275,900
10/10/2026,SID018,Mahmudul Hasan,INV2610102237,Urban Avenue,Male,CUS00251,Corporate,Lipstick,COS002,Cosmetics,CAT002,850,93,79050,7905,71145,1422.9,21343.5,2134.35,2026,October,10,69722.1,21343.5
5/24/2026,SID003,Jannatul Ferdous,INV2605102238,Golden Fashion,Both,CUS00227,Distributor,Beard Oil,COS010,Cosmetics,CAT002,900,79,71100,4977,66123,0,13224.6,1983.69,2026,May,24,66123,13224.6
7/7/2026,SID020,Rashedul Islam,INV2607102239,Fashion Avenue,Male,CUS00419,Online,Hoodie,APP009,Fashion Apparel,CAT001,2500,67,167500,5025,162475,8123.75,32495,4874.25,2026,July,7,154351.25,32495
1/26/2025,SID011,Rafiul Karim,INV2501102240,Smart Beauty,Female,CUS00164,Distributor,Body Lotion,COS004,Cosmetics,CAT002,650,88,57200,2860,54340,0,10868,1630.2,2025,January,26,54340,10868
3/17/2025,SID013,Mehedi Hasan,INV2503102241,NextGen Fashion,Both,CUS00086,Walk In,Umbrella,ACC014,Accessories,CAT003,1200,13,15600,1092,14508,725.4,4352.4,435.24,2025,March,17,13782.6,4352.4
12/2/2025,SID009,Rakib Hasan,INV2512102242,Modern Style,Male,CUS00329,Corporate,Footwear,ACC011,Accessories,CAT003,2500,40,100000,10000,90000,1800,0,2700,2025,December,2,88200,0
12/13/2025,SID018,Nusrat Jahan,INV2512102243,Bloom Cosmetics,Female,CUST027,Distributor,Foot Care Cream,HYG014,Hygiene Products,CAT004,300,58,17400,522,16878,843.9,0,506.34,2025,December,13,16034.1,0
12/23/2025,SID019,Tanjina Sultana,INV2512102244,Wonder Collection,Male,CUS00054,Distributor,Toothbrush,HYG006,Hygiene Products,CAT004,150,21,3150,0,3150,0,0,94.5,2025,December,23,3150,0
2/14/2025,SID007,Rafiul Karim,INV2502102245,Glamour Point,Male,CUS00439,Online,Face Cream,COS007,Cosmetics,CAT002,950,66,62700,4389,58311,0,0,1749.33,2025,February,14,58311,0
4/16/2026,SID008,Sharmin Akter,INV2604102246,Elegant Choice,Female,CUS00075,Online,Hat,ACC007,Accessories,CAT003,700,94,65800,0,65800,1316,13160,1974,2026,April,16,64484,13160
5/15/2026,SID018,Sabbir Ahmed,INV2605102247,Elite Collection,Male,CUS00314,Corporate,Hair Spray,COS029,Cosmetics,CAT002,450,86,38700,0,38700,1935,11610,1161,2026,May,15,36765,11610
11/11/2025,SID006,Nayeem Hasan,INV2511102248,Star Fashion,Male,CUS00110,Retail,Feminine Wash,HYG010,Hygiene Products,CAT004,400,12,4800,0,4800,96,0,144,2025,November,11,4704,0
5/21/2026,SID006,Tanjina Sultana,INV2605102249,Perfect Beauty,Male,CUS00211,Retail,Women's Nightwear,APP014,Fashion Apparel,CAT001,800,19,15200,1520,13680,273.6,0,410.4,2026,May,21,13406.4,0
3/18/2026,SID005,Jannatul Ferdous,INV2603102250,Blue Sky Fashion,Both,CUST014,Online,Hair Dryer,COS038,Cosmetics,CAT002,4000,94,376000,11280,364720,18236,109416,10941.6,2026,March,18,346484,109416
10/20/2026,SID009,Nusrat Jahan,INV2610102251,Modern Style,Male,CUS00360,Walk In,Sanitary Napkins,HYG004,Hygiene Products,CAT004,350,40,14000,980,13020,0,0,390.6,2026,October,20,13020,0
1/5/2026,SID011,Tasnia Rahman,INV2601102252,NextGen Fashion,Male,CUS00481,Retail,Perfume,COS003,Cosmetics,CAT002,2200,78,171600,8580,163020,8151,0,4890.6,2026,January,5,154869,0
2/9/2025,SID010,Farzana Akter,INV2502102253,Star Fashion,Male,CUS00169,Online,Underarm Whitening Cream,COS024,Cosmetics,CAT002,500,41,20500,1025,19475,0,5842.5,584.25,2025,February,9,19475,5842.5
3/27/2025,SID007,Mehedi Hasan,INV2503102254,Fashion Point,Female,CUS00007,Distributor,Watch,ACC005,Accessories,CAT003,5000,56,280000,28000,252000,0,75600,7560,2025,March,27,252000,75600
6/6/2025,SID013,Tanvir Islam,INV2506102255,Smart Beauty,Female,CUS00203,Corporate,Condom,COS036,Cosmetics,CAT002,300,26,7800,0,7800,390,2340,234,2025,June,6,7410,2340
3/8/2025,SID003,Sadia Afrin,INV2503102256,Blue Sky Fashion,Both,CUST014,Online,Aftershave,COS019,Cosmetics,CAT002,800,92,73600,5152,68448,3422.4,20534.4,2053.44,2025,March,8,65025.6,20534.4
6/12/2025,SID004,Jannatul Ferdous,INV2506102257,Metro Fashion,Female,CUS00036,Corporate,Feminine Wash,COS022,Cosmetics,CAT002,400,18,7200,504,6696,0,1339.2,200.88,2025,June,12,6696,1339.2
4/8/2025,SID010,Rafiul Karim,INV2504102258,Elegant Choice,Male,CUS00330,Online,Lipstick,COS002,Cosmetics,CAT002,850,6,5100,357,4743,94.86,948.6,142.29,2025,April,8,4648.14,948.6
11/10/2026,SID019,Tanvir Islam,INV2611102259,Rainbow Apparel,Both,CUS00167,Corporate,Sunscreen,COS009,Cosmetics,CAT002,1150,88,101200,7084,94116,0,0,2823.48,2026,November,10,94116,0
11/17/2025,SID004,Rashedul Islam,INV2511102260,Royal Style,Male,CUS00059,Online,Mouthwash,HYG007,Hygiene Products,CAT004,300,69,20700,621,20079,401.58,0,602.37,2025,November,17,19677.42,0
1/29/2026,SID008,Mim Akter,INV2601102261,Urban Style,Both,CUS00099,Online,Men Jeans,APP003,Fashion Apparel,CAT001,2200,30,66000,4620,61380,1227.6,0,1841.4,2026,January,29,60152.4,0
1/29/2025,SID011,Shuvo Das,INV2501102262,Global Apparel,Male,CUS00350,Corporate,Sunscreen,COS009,Cosmetics,CAT002,1150,64,73600,2208,71392,3569.6,0,2141.76,2025,January,29,67822.4,0
11/13/2025,SID011,Mahmudul Hasan,INV2511102263,Luxury Apparel,Female,CUS00325,Walk In,Face Mask,COS020,Cosmetics,CAT002,600,99,59400,1782,57618,1152.36,17285.4,1728.54,2025,November,13,56465.64,17285.4
8/26/2025,SID013,Tanvir Islam,INV2508102264,Style World,Female,CUS00095,Distributor,Deodorant,COS016,Cosmetics,CAT002,450,60,27000,1350,25650,1282.5,7695,769.5,2025,August,26,24367.5,7695
12/8/2025,SID014,Rafiul Karim,INV2512102265,Glamour Point,Both,CUS00309,Corporate,Hair Conditioner,COS032,Cosmetics,CAT002,750,45,33750,0,33750,0,6750,1012.5,2025,December,8,33750,6750
11/9/2025,SID001,Sadia Afrin,INV2511102266,Crystal Cosmetics,Female,CUS00208,Online,Men Jeans,APP003,Fashion Apparel,CAT001,2200,55,121000,0,121000,2420,0,3630,2025,November,9,118580,0
4/14/2026,SID002,Nusrat Jahan,INV2604102267,Royal Cosmetics,Both,CUS00016,Corporate,Underarm Whitening Cream,HYG015,Hygiene Products,CAT004,500,84,42000,2940,39060,781.2,7812,1171.8,2026,April,14,38278.8,7812
9/13/2025,SID016,Sadia Afrin,INV2509102268,Fresh Look,Male,CUS00116,Retail,Feminine Wash,HYG010,Hygiene Products,CAT004,400,11,4400,132,4268,213.4,853.6,128.04,2025,September,13,4054.6,853.6
6/1/2026,SID007,Farzana Akter,INV2606102269,Classic Apparel,Female,CUST003,Walk In,Hair Accessories,ACC010,Accessories,CAT003,400,79,31600,0,31600,0,0,948,2026,June,1,31600,0
7/7/2025,SID020,Arif Hossain,INV2507102270,Fashion World,Female,CUS00413,Walk In,Belt,ACC003,Accessories,CAT003,800,15,12000,360,11640,232.8,3492,349.2,2025,July,7,11407.2,3492
5/6/2026,SID006,Sharmin Akter,INV2605102271,Diamond Cosmetics,Male,CUS00028,Online,Personal Toys,COS041,Cosmetics,CAT002,1500,74,111000,0,111000,5550,22200,3330,2026,May,6,105450,22200
2/7/2025,SID020,Bonna Akter,INV2502102272,Golden Fashion,Male,CUS00004,Corporate,Toothbrush,HYG006,Hygiene Products,CAT004,150,33,4950,148.5,4801.5,96.03,0,144.04,2025,February,7,4705.47,0
1/8/2025,SID011,Mehedi Hasan,INV2501102273,Chic Collection,Male,CUST050,Online,Face Scrub,COS027,Cosmetics,CAT002,550,58,31900,2233,29667,1483.35,8900.1,890.01,2025,January,8,28183.65,8900.1
6/9/2025,SID007,Tanvir Islam,INV2506102274,Global Apparel,Both,CUS00337,Walk In,Face Mask,HYG002,Hygiene Products,CAT004,150,11,1650,82.5,1567.5,78.38,0,47.02,2025,June,9,1489.12,0
7/16/2026,SID001,Tasnia Rahman,INV2607102275,Beauty Avenue,Female,CUST049,Distributor,Men Jeans,APP003,Fashion Apparel,CAT001,2200,6,13200,924,12276,613.8,3682.8,368.28,2026,July,16,11662.2,3682.8
6/10/2025,SID011,Rafiul Karim,INV2506102276,Infinity Style,Female,CUS00121,Corporate,Nail Polish,COS013,Cosmetics,CAT002,400,58,23200,1160,22040,440.8,0,661.2,2025,June,10,21599.2,0
6/19/2026,SID006,Sadia Afrin,INV2606102277,Trendy Boutique,Male,CUS00470,Corporate,Toothpaste,HYG005,Hygiene Products,CAT004,200,53,10600,530,10070,201.4,2014,302.1,2026,June,19,9868.6,2014
5/9/2025,SID015,Nayeem Hasan,INV2505102278,Classic Apparel,Female,CUST003,Walk In,Women's Top,APP006,Fashion Apparel,CAT001,1200,22,26400,1320,25080,1254,0,752.4,2025,May,9,23826,0
12/18/2026,SID010,Mim Akter,INV2612102279,Trendy Boutique,Male,CUS00396,Retail,Hair Removal Cream,HYG013,Hygiene Products,CAT004,450,91,40950,1228.5,39721.5,794.43,11916.45,1191.64,2026,December,18,38927.07,11916.45
11/1/2025,SID016,Nusrat Jahan,INV2511102280,Blue Sky Fashion,Both,CUST014,Online,Face Mask,HYG002,Hygiene Products,CAT004,150,72,10800,324,10476,0,0,314.28,2025,November,1,10476,0
7/9/2025,SID002,Mim Akter,INV2507102281,Fresh Look,Male,CUS00500,Corporate,Hair Serum,COS006,Cosmetics,CAT002,1200,75,90000,9000,81000,4050,0,2430,2025,July,9,76950,0
4/24/2026,SID019,Nayeem Hasan,INV2604102282,Nova Cosmetics,Female,CUS00215,Distributor,Compact Powder,COS008,Cosmetics,CAT002,800,29,23200,2320,20880,0,4176,626.4,2026,April,24,20880,4176
11/14/2026,SID013,Farzana Akter,INV2611102283,Pink Beauty,Male,CUS00314,Retail,Beard Oil,COS010,Cosmetics,CAT002,900,100,90000,0,90000,0,27000,2700,2026,November,14,90000,27000
1/31/2025,SID015,Farzana Akter,INV2501102284,Metro Fashion,Both,CUS00355,Corporate,After Sun Lotion,COS031,Cosmetics,CAT002,700,30,21000,0,21000,1050,6300,630,2025,January,31,19950,6300
11/2/2025,SID006,Rafiul Karim,INV2511102285,Smart Collection,Male,CUS00349,Walk In,Body Oil,COS040,Cosmetics,CAT002,800,27,21600,0,21600,432,0,648,2025,November,2,21168,0
2/1/2026,SID020,Shuvo Das,INV2602102286,Premium Beauty,Both,CUS00500,Distributor,Sunglasses,ACC004,Accessories,CAT003,1500,14,21000,1050,19950,997.5,3990,598.5,2026,February,1,18952.5,3990
9/23/2026,SID008,Nusrat Jahan,INV2609102287,Premium Beauty,Male,CUS00389,Distributor,Disinfectant Spray,HYG003,Hygiene Products,CAT004,400,47,18800,564,18236,911.8,5470.8,547.08,2026,September,23,17324.2,5470.8
11/18/2025,SID004,Rashedul Islam,INV2511102288,Style World,Female,CUS00352,Distributor,Personal Lubricant,COS039,Cosmetics,CAT002,350,63,22050,0,22050,441,4410,661.5,2025,November,18,21609,4410
11/21/2026,SID001,Samira Akter,INV2611102289,Fashion Hub Ltd,Female,CUS00292,Walk In,Hair Accessories,ACC010,Accessories,CAT003,400,71,28400,852,27548,0,8264.4,826.44,2026,November,21,27548,8264.4
5/12/2025,SID001,Sadia Afrin,INV2505102290,Beauty Express,Male,CUST002,Online,Face Mask,COS020,Cosmetics,CAT002,600,52,31200,2184,29016,580.32,0,870.48,2025,May,12,28435.68,0
6/3/2026,SID002,Tanjina Sultana,INV2606102291,Fashion Point,Both,CUS00277,Distributor,Belt,ACC003,Accessories,CAT003,800,95,76000,7600,68400,1368,13680,2052,2026,June,3,67032,13680
2/3/2026,SID013,Arif Hossain,INV2602102292,Infinity Style,Both,CUS00491,Online,Men Shirt,APP017,Fashion Apparel,CAT001,1600,36,57600,0,57600,0,0,1728,2026,February,3,57600,0
9/10/2026,SID016,Samira Akter,INV2609102293,Wonder Collection,Male,CUS00335,Online,Jewelry Set,ACC009,Accessories,CAT003,4500,25,112500,0,112500,2250,22500,3375,2026,September,10,110250,22500
2/17/2026,SID011,Nusrat Jahan,INV2602102294,Cosmetics World,Male,CUS00329,Online,Hair Conditioner,COS032,Cosmetics,CAT002,750,97,72750,7275,65475,0,13095,1964.25,2026,February,17,65475,13095
5/27/2025,SID008,Jannatul Ferdous,INV2505102295,Cosmetics Central,Female,CUST058,Distributor,Keychain,ACC015,Accessories,CAT003,300,54,16200,1620,14580,729,0,437.4,2025,May,27,13851,0
4/5/2026,SID013,Tasnia Rahman,INV2604102296,Beauty World,Male,CUST010,Distributor,Body Spray,COS011,Cosmetics,CAT002,500,11,5500,165,5335,106.7,1600.5,160.05,2026,April,5,5228.3,1600.5
5/9/2026,SID001,Abdullah Al Mamun,INV2605102297,Fashion Hub Ltd,Female,CUS00089,Corporate,Hair Dryer,COS038,Cosmetics,CAT002,4000,52,208000,14560,193440,9672,38688,5803.2,2026,May,9,183768,38688
12/20/2025,SID017,Nusrat Jahan,INV2512102298,Urban Trends,Female,CUS00377,Retail,Hair Color,COS012,Cosmetics,CAT002,1500,76,114000,3420,110580,0,0,3317.4,2025,December,20,110580,0
7/28/2026,SID002,Shakil Khan,INV2607102299,Urban Trends,Male,CUS00435,Walk In,Perfume,COS003,Cosmetics,CAT002,2200,56,123200,0,123200,2464,36960,3696,2026,July,28,120736,36960
9/4/2025,SID013,Rakib Hasan,INV2509102300,Luxury Apparel,Female,CUS00382,Distributor,Toothbrush,HYG006,Hygiene Products,CAT004,150,52,7800,0,7800,390,2340,234,2025,September,4,7410,2340
7/21/2026,SID013,Samira Akter,INV2607102301,Smart Collection,Female,CUS00278,Corporate,Umbrella,ACC014,Accessories,CAT003,1200,56,67200,2016,65184,1303.68,19555.2,1955.52,2026,July,21,63880.32,19555.2
2/16/2025,SID017,Sharmin Akter,INV2502102302,Metro Fashion,Both,CUS00262,Online,Hair Mask,COS018,Cosmetics,CAT002,1100,78,85800,6006,79794,1595.88,23938.2,2393.82,2025,February,16,78198.12,23938.2
6/7/2026,SID001,Bonna Akter,INV2606102303,Cosmetics Plus,Both,CUS00411,Walk In,Women's Saree,APP005,Fashion Apparel,CAT001,3200,22,70400,4928,65472,1309.44,13094.4,1964.16,2026,June,7,64162.56,13094.4
3/28/2025,SID004,Siam Ahmed,INV2503102304,Infinity Style,Female,CUS00468,Walk In,Shampoo,COS005,Cosmetics,CAT002,700,33,23100,1617,21483,429.66,6444.9,644.49,2025,March,28,21053.34,6444.9
1/31/2026,SID016,Nayeem Hasan,INV2601102305,Grace Boutique,Male,CUS00195,Corporate,Men's Nightwear,APP015,Fashion Apparel,CAT001,850,46,39100,1955,37145,0,0,1114.35,2026,January,31,37145,0
7/25/2025,SID016,Tanvir Islam,INV2507102306,Trendy Shop,Male,CUS00031,Online,Face Wash,COS001,Cosmetics,CAT002,450,92,41400,4140,37260,745.2,11178,1117.8,2025,July,25,36514.8,11178
4/28/2025,SID012,Tanvir Islam,INV2504102307,Golden Fashion,Both,CUS00134,Corporate,Beard Oil,COS010,Cosmetics,CAT002,900,92,82800,4140,78660,0,0,2359.8,2025,April,28,78660,0
1/2/2026,SID003,Tasnia Rahman,INV2601102308,Beauty World,Male,CUST010,Distributor,Face Toner,COS033,Cosmetics,CAT002,500,6,3000,90,2910,0,582,87.3,2026,January,2,2910,582
6/25/2025,SID004,Sadia Afrin,INV2506102309,New Era Fashion,Female,CUS00492,Distributor,Disinfectant Spray,HYG003,Hygiene Products,CAT004,400,10,4000,400,3600,180,720,108,2025,June,25,3420,720
4/29/2025,SID004,Bonna Akter,INV2504102310,Glow & Shine,Both,CUS00044,Walk In,Bra & Panty Set,APP013,Fashion Apparel,CAT001,900,36,32400,1620,30780,1539,0,923.4,2025,April,29,29241,0
11/10/2025,SID016,Mahmudul Hasan,INV2511102311,Smart Collection,Female,CUS00455,Walk In,Compact Powder,COS008,Cosmetics,CAT002,800,8,6400,640,5760,115.2,1152,172.8,2025,November,10,5644.8,1152
12/25/2026,SID005,Sadia Afrin,INV2612102312,Prime Collection,Female,CUS00422,Online,Jacket,APP010,Fashion Apparel,CAT001,3800,97,368600,0,368600,18430,110580,11058,2026,December,25,350170,110580
9/22/2026,SID011,Shakil Khan,INV2609102313,Unique Collection,Male,CUS00096,Corporate,Body Mist,COS037,Cosmetics,CAT002,450,23,10350,310.5,10039.5,501.98,2007.9,301.19,2026,September,22,9537.52,2007.9
8/21/2025,SID003,Mahmudul Hasan,INV2508102314,NextGen Fashion,Female,CUS00157,Retail,Deodorant,COS016,Cosmetics,CAT002,450,61,27450,2745,24705,494.1,7411.5,741.15,2025,August,21,24210.9,7411.5
10/31/2026,SID002,Abdullah Al Mamun,INV2610102315,Urban Trends,Male,CUS00208,Walk In,Gloves,ACC008,Accessories,CAT003,600,81,48600,0,48600,972,0,1458,2026,October,31,47628,0
9/22/2025,SID015,Tasnia Rahman,INV2509102316,Grace Boutique,Male,CUS00051,Corporate,Women's Top,APP006,Fashion Apparel,CAT001,1200,98,117600,0,117600,0,0,3528,2025,September,22,117600,0
2/9/2025,SID010,Abdullah Al Mamun,INV2502102317,Nova Cosmetics,Male,CUS00259,Walk In,Jacket,APP010,Fashion Apparel,CAT001,3800,5,19000,0,19000,950,0,570,2025,February,9,18050,0
4/3/2025,SID018,Sabbir Ahmed,INV2504102318,Fresh Look,Both,CUS00255,Distributor,Kids T-Shirt,APP007,Fashion Apparel,CAT001,650,57,37050,0,37050,0,7410,1111.5,2025,April,3,37050,7410
9/1/2025,SID007,Shuvo Das,INV2509102319,Smart Collection,Female,CUS00320,Distributor,Hair Accessories,ACC010,Accessories,CAT003,400,29,11600,1160,10440,0,2088,313.2,2025,September,1,10440,2088
10/30/2026,SID017,Siam Ahmed,INV2610102320,Cosmetics Plus,Male,CUS00041,Distributor,Body Scrub,COS026,Cosmetics,CAT002,650,11,7150,0,7150,357.5,1430,214.5,2026,October,30,6792.5,1430
3/17/2025,SID002,Mim Akter,INV2503102321,Chic Collection,Male,CUST050,Online,Sunglasses,ACC004,Accessories,CAT003,1500,26,39000,1950,37050,1852.5,0,1111.5,2025,March,17,35197.5,0
4/15/2026,SID006,Sharmin Akter,INV2604102322,Diamond Cosmetics,Female,CUS00024,Retail,Personal Toys,COS041,Cosmetics,CAT002,1500,92,138000,6900,131100,0,26220,3933,2026,April,15,131100,26220
6/6/2025,SID010,Nayeem Hasan,INV2506102323,Iconic Fashion,Female,CUS00127,Online,Face Wash,COS001,Cosmetics,CAT002,450,71,31950,958.5,30991.5,619.83,6198.3,929.75,2025,June,6,30371.67,6198.3
6/21/2026,SID005,Jannatul Ferdous,INV2606102324,Fashion Point,Both,CUS00287,Distributor,Umbrella,ACC014,Accessories,CAT003,1200,96,115200,11520,103680,5184,0,3110.4,2026,June,21,98496,0
4/26/2025,SID015,Samira Akter,INV2504102325,Nova Cosmetics,Female,CUS00060,Online,Personal Lubricant,COS039,Cosmetics,CAT002,350,53,18550,927.5,17622.5,352.45,5286.75,528.67,2025,April,26,17270.05,5286.75
3/19/2025,SID017,Bonna Akter,INV2503102326,Cosmetics Central,Female,CUST058,Distributor,Foot Care Cream,COS023,Cosmetics,CAT002,300,54,16200,1134,15066,753.3,0,451.98,2025,March,19,14312.7,0
5/16/2026,SID011,Sharmin Akter,INV2605102327,Unique Collection,Both,CUS00040,Online,Body Scrub,COS026,Cosmetics,CAT002,650,7,4550,455,4095,81.9,0,122.85,2026,May,16,4013.1,0
1/14/2026,SID017,Nayeem Hasan,INV2601102328,Fashion World,Male,CUS00344,Online,Keychain,ACC015,Accessories,CAT003,300,98,29400,1470,27930,0,8379,837.9,2026,January,14,27930,8379
12/14/2025,SID003,Mahmudul Hasan,INV2512102329,Fashion Plus,Both,CUS00159,Corporate,Hair Accessories,ACC010,Accessories,CAT003,400,19,7600,760,6840,342,1368,205.2,2025,December,14,6498,1368
11/16/2026,SID020,Shakil Khan,INV2611102330,Classic Apparel,Female,CUST003,Walk In,Gloves,ACC008,Accessories,CAT003,600,10,6000,600,5400,108,1620,162,2026,November,16,5292,1620
8/21/2025,SID011,Mim Akter,INV2508102331,Fashion Central,Both,CUS00496,Walk In,Women's Skirt,APP011,Fashion Apparel,CAT001,1500,57,85500,8550,76950,0,15390,2308.5,2025,August,21,76950,15390
9/18/2026,SID017,Tanjina Sultana,INV2609102332,Infinity Style,Both,CUS00116,Retail,Jewelry Set,ACC009,Accessories,CAT003,4500,71,319500,0,319500,0,0,9585,2026,September,18,319500,0
1/20/2026,SID012,Farzana Akter,INV2601102333,Infinity Style,Both,CUS00069,Online,Hair Removal Cream,COS025,Cosmetics,CAT002,450,66,29700,1485,28215,564.3,8464.5,846.45,2026,January,20,27650.7,8464.5
3/22/2026,SID016,Abdullah Al Mamun,INV2603102334,Beauty Point,Female,CUST066,Corporate,Jewelry Set,ACC009,Accessories,CAT003,4500,82,369000,18450,350550,0,70110,10516.5,2026,March,22,350550,70110
10/29/2025,SID005,Samira Akter,INV2510102335,Glow & Shine,Male,CUS00395,Walk In,Makeup Remover,COS015,Cosmetics,CAT002,550,98,53900,5390,48510,0,9702,1455.3,2025,October,29,48510,9702
11/26/2026,SID012,Jannatul Ferdous,INV2611102336,Bloom Cosmetics,Female,CUST027,Distributor,Body Lotion,COS004,Cosmetics,CAT002,650,87,56550,0,56550,2827.5,0,1696.5,2026,November,26,53722.5,0
9/25/2025,SID007,Imran Hossain,INV2509102337,Bloom Cosmetics,Female,CUST027,Distributor,Handbag,ACC001,Accessories,CAT003,3500,90,315000,15750,299250,14962.5,89775,8977.5,2025,September,25,284287.5,89775
9/27/2026,SID009,Tasnia Rahman,INV2609102338,Classic Apparel,Female,CUST003,Walk In,Lipstick,COS002,Cosmetics,CAT002,850,80,68000,3400,64600,0,12920,1938,2026,September,27,64600,12920
10/4/2026,SID004,Jannatul Ferdous,INV2610102339,Iconic Fashion,Male,CUS00352,Corporate,Women's Leggings,APP012,Fashion Apparel,CAT001,1300,78,101400,5070,96330,1926.6,28899,2889.9,2026,October,4,94403.4,28899
8/26/2026,SID002,Mahmudul Hasan,INV2608102340,Royal Cosmetics,Female,CUS00271,Walk In,Women's Leggings,APP012,Fashion Apparel,CAT001,1300,14,18200,910,17290,345.8,3458,518.7,2026,August,26,16944.2,3458
7/3/2025,SID008,Mehedi Hasan,INV2507102341,Smart Collection,Male,CUS00438,Online,Hair Dryer,COS038,Cosmetics,CAT002,4000,54,216000,10800,205200,4104,61560,6156,2025,July,3,201096,61560
3/26/2025,SID005,Sharmin Akter,INV2503102342,Modern Style,Both,CUS00157,Retail,Deodorant,HYG008,Hygiene Products,CAT004,450,85,38250,1147.5,37102.5,0,0,1113.08,2025,March,26,37102.5,0
5/4/2025,SID018,Abdullah Al Mamun,INV2505102343,Cosmetics Central,Female,CUST058,Distributor,Jacket,APP010,Fashion Apparel,CAT001,3800,13,49400,1482,47918,0,14375.4,1437.54,2025,May,4,47918,14375.4
6/2/2025,SID012,Imran Hossain,INV2506102344,Classic Beauty,Both,CUST025,Corporate,Women's Top,APP006,Fashion Apparel,CAT001,1200,50,60000,4200,55800,2790,0,1674,2025,June,2,53010,0
3/20/2026,SID018,Siam Ahmed,INV2603102345,Beauty Avenue,Female,CUST049,Distributor,Hair Straightener,COS035,Cosmetics,CAT002,3500,9,31500,2205,29295,0,8788.5,878.85,2026,March,20,29295,8788.5
4/29/2026,SID019,Shuvo Das,INV2604102346,Smart Beauty,Female,CUS00500,Distributor,Hair Removal Cream,HYG013,Hygiene Products,CAT004,450,66,29700,0,29700,1485,0,891,2026,April,29,28215,0
10/18/2026,SID007,Sabbir Ahmed,INV2610102347,Modern Boutique,Both,CUS00259,Walk In,Hair Removal Cream,COS025,Cosmetics,CAT002,450,81,36450,2551.5,33898.5,1694.93,0,1016.95,2026,October,18,32203.57,0
4/13/2025,SID005,Sharmin Akter,INV2504102348,Luxury Apparel,Both,CUS00279,Corporate,Face Toner,COS033,Cosmetics,CAT002,500,28,14000,980,13020,0,0,390.6,2025,April,13,13020,0
3/21/2025,SID012,Arif Hossain,INV2503102349,Cosmetics Central,Female,CUST058,Distributor,Hair Conditioner,COS032,Cosmetics,CAT002,750,98,73500,7350,66150,1323,0,1984.5,2025,March,21,64827,0
2/14/2025,SID011,Sharmin Akter,INV2502102350,Beauty World,Male,CUST010,Distributor,Belt,ACC003,Accessories,CAT003,800,8,6400,640,5760,288,1152,172.8,2025,February,14,5472,1152
2/19/2025,SID006,Rakib Hasan,INV2502102351,Royal Cosmetics,Both,CUS00395,Retail,Makeup Remover,COS015,Cosmetics,CAT002,550,59,32450,0,32450,1622.5,6490,973.5,2025,February,19,30827.5,6490
5/2/2025,SID004,Tanjina Sultana,INV2505102352,Premium Beauty,Male,CUS00475,Walk In,Shampoo,COS005,Cosmetics,CAT002,700,88,61600,0,61600,0,0,1848,2025,May,2,61600,0
11/2/2025,SID016,Sharmin Akter,INV2511102353,Urban Beauty,Female,CUS00290,Distributor,Condom,COS036,Cosmetics,CAT002,300,61,18300,1281,17019,340.38,5105.7,510.57,2025,November,2,16678.62,5105.7
10/20/2026,SID008,Bonna Akter,INV2610102354,Fashion Point,Female,CUS00140,Walk In,Feminine Wash,HYG010,Hygiene Products,CAT004,400,51,20400,612,19788,0,5936.4,593.64,2026,October,20,19788,5936.4
10/26/2025,SID019,Samira Akter,INV2510102355,Style World,Both,CUS00194,Walk In,Face Serum,COS014,Cosmetics,CAT002,1300,90,117000,0,117000,5850,23400,3510,2025,October,26,111150,23400
7/26/2025,SID004,Samira Akter,INV2507102356,Infinity Style,Both,CUS00217,Walk In,Diapers,HYG012,Hygiene Products,CAT004,800,78,62400,3120,59280,1185.6,0,1778.4,2025,July,26,58094.4,0
11/3/2026,SID009,Nusrat Jahan,INV2611102357,Luxury Apparel,Male,CUS00228,Corporate,Gloves,ACC008,Accessories,CAT003,600,76,45600,3192,42408,0,12722.4,1272.24,2026,November,3,42408,12722.4
9/11/2025,SID002,Nayeem Hasan,INV2509102358,Apex Fashion,Female,CUST061,Online,Women's Kurti,APP004,Fashion Apparel,CAT001,1800,47,84600,2538,82062,0,16412.4,2461.86,2025,September,11,82062,16412.4
2/11/2025,SID001,Sadia Afrin,INV2502102359,Royal Cosmetics,Female,CUS00018,Distributor,Women's Leggings,APP012,Fashion Apparel,CAT001,1300,39,50700,0,50700,1014,15210,1521,2025,February,11,49686,15210
2/11/2026,SID004,Siam Ahmed,INV2602102360,Cosmetics World,Both,CUS00175,Online,Hoodie,APP009,Fashion Apparel,CAT001,2500,29,72500,2175,70325,1406.5,21097.5,2109.75,2026,February,11,68918.5,21097.5
7/10/2025,SID018,Arif Hossain,INV2507102361,Smart Collection,Male,CUS00047,Retail,Watch,ACC005,Accessories,CAT003,5000,11,55000,0,55000,1100,11000,1650,2025,July,10,53900,11000
11/4/2025,SID006,Nayeem Hasan,INV2511102362,Shine Collection,Male,CUS00099,Online,Beard Oil,COS010,Cosmetics,CAT002,900,59,53100,5310,47790,955.8,0,1433.7,2025,November,4,46834.2,0
4/15/2025,SID002,Arif Hossain,INV2504102363,NextGen Fashion,Male,CUS00081,Walk In,Kids T-Shirt,APP007,Fashion Apparel,CAT001,650,5,3250,325,2925,58.5,0,87.75,2025,April,15,2866.5,0
12/14/2026,SID017,Tasnia Rahman,INV2612102364,Blue Sky Fashion,Both,CUST014,Online,Face Wash,COS001,Cosmetics,CAT002,450,10,4500,450,4050,81,1215,121.5,2026,December,14,3969,1215
5/11/2026,SID016,Samira Akter,INV2605102365,Grace Boutique,Female,CUS00333,Corporate,Makeup Kit,COS034,Cosmetics,CAT002,2500,40,100000,5000,95000,4750,19000,2850,2026,May,11,90250,19000
9/22/2026,SID014,Siam Ahmed,INV2609102366,Golden Fashion,Both,CUS00367,Online,Disinfectant Spray,HYG003,Hygiene Products,CAT004,400,44,17600,0,17600,352,3520,528,2026,September,22,17248,3520
2/19/2025,SID015,Sharmin Akter,INV2502102367,Fresh Look,Female,CUS00494,Retail,Sunscreen,COS009,Cosmetics,CAT002,1150,57,65550,4588.5,60961.5,1219.23,18288.45,1828.85,2025,February,19,59742.27,18288.45
9/9/2026,SID016,Shuvo Das,INV2609102368,Elite Fashion,Female,CUS00346,Corporate,Umbrella,ACC014,Accessories,CAT003,1200,37,44400,1332,43068,861.36,0,1292.04,2026,September,9,42206.64,0
9/28/2025,SID012,Siam Ahmed,INV2509102369,Fresh Look,Female,CUS00316,Corporate,Diapers,HYG012,Hygiene Products,CAT004,800,29,23200,0,23200,464,0,696,2025,September,28,22736,0
9/12/2026,SID018,Sadia Afrin,INV2609102370,Cosmo House,Both,CUST055,Distributor,Jacket,APP010,Fashion Apparel,CAT001,3800,49,186200,13034,173166,8658.3,34633.2,5194.98,2026,September,12,164507.7,34633.2
8/7/2026,SID018,Shuvo Das,INV2608102371,Elite Collection,Male,CUS00045,Retail,Shaving Cream,HYG009,Hygiene Products,CAT004,350,44,15400,0,15400,0,4620,462,2026,August,7,15400,4620
9/26/2026,SID010,Bonna Akter,INV2609102372,Modern Style,Male,CUS00373,Corporate,Nail Polish,COS013,Cosmetics,CAT002,400,93,37200,3720,33480,0,6696,1004.4,2026,September,26,33480,6696
10/22/2026,SID004,Rafiul Karim,INV2610102373,Elite Collection,Male,CUS00101,Distributor,Footwear,ACC011,Accessories,CAT003,2500,55,137500,6875,130625,2612.5,26125,3918.75,2026,October,22,128012.5,26125
9/29/2026,SID013,Tanjina Sultana,INV2609102374,Moonlight Cosmetics,Female,CUS00109,Walk In,Women's Nightwear,APP014,Fashion Apparel,CAT001,800,96,76800,2304,74496,1489.92,14899.2,2234.88,2026,September,29,73006.08,14899.2
12/27/2026,SID005,Mim Akter,INV2612102375,Smart Beauty,Male,CUS00268,Distributor,Women's Top,APP006,Fashion Apparel,CAT001,1200,40,48000,4800,43200,0,0,1296,2026,December,27,43200,0
9/9/2025,SID016,Arif Hossain,INV2509102376,Beauty Express,Male,CUST002,Online,Hair Mask,COS018,Cosmetics,CAT002,1100,71,78100,0,78100,1562,23430,2343,2025,September,9,76538,23430
6/7/2026,SID015,Tanvir Islam,INV2606102377,Infinity Style,Male,CUS00362,Corporate,Mouthwash,HYG007,Hygiene Products,CAT004,300,93,27900,2790,25110,502.2,5022,753.3,2026,June,7,24607.8,5022
10/29/2025,SID013,Arif Hossain,INV2510102378,Urban Beauty,Male,CUS00378,Corporate,Face Scrub,COS027,Cosmetics,CAT002,550,5,2750,192.5,2557.5,0,767.25,76.72,2025,October,29,2557.5,767.25
6/22/2026,SID006,Nusrat Jahan,INV2606102379,Beauty Avenue,Female,CUST049,Distributor,Deodorant,COS016,Cosmetics,CAT002,450,96,43200,2160,41040,2052,0,1231.2,2026,June,22,38988,0
8/21/2025,SID017,Abdullah Al Mamun,INV2508102380,Royal Style,Both,CUS00061,Walk In,Underarm Whitening Cream,HYG015,Hygiene Products,CAT004,500,18,9000,630,8370,167.4,1674,251.1,2025,August,21,8202.6,1674
2/4/2026,SID014,Shuvo Das,INV2602102381,Urban Style,Male,CUS00389,Online,Beard Oil,COS010,Cosmetics,CAT002,900,93,83700,0,83700,1674,25110,2511,2026,February,4,82026,25110
2/21/2026,SID020,Nusrat Jahan,INV2602102382,Grace Boutique,Both,CUS00344,Distributor,Women's Kurti,APP004,Fashion Apparel,CAT001,1800,89,160200,11214,148986,2979.72,29797.2,4469.58,2026,February,21,146006.28,29797.2
7/25/2025,SID020,Imran Hossain,INV2507102383,Chic Collection,Male,CUST050,Online,Hat,ACC007,Accessories,CAT003,700,82,57400,0,57400,1148,0,1722,2025,July,25,56252,0
9/24/2025,SID019,Rakib Hasan,INV2509102384,Cosmo House,Both,CUST055,Distributor,Keychain,ACC015,Accessories,CAT003,300,91,27300,819,26481,1324.05,7944.3,794.43,2025,September,24,25156.95,7944.3
8/7/2025,SID003,Nayeem Hasan,INV2508102385,Elegant Boutique,Female,CUS00190,Walk In,Personal Toys,COS041,Cosmetics,CAT002,1500,84,126000,8820,117180,5859,0,3515.4,2025,August,7,111321,0
11/8/2026,SID009,Shuvo Das,INV2611102386,Beauty Express,Male,CUST002,Online,Men Jeans,APP003,Fashion Apparel,CAT001,2200,22,48400,0,48400,0,14520,1452,2026,November,8,48400,14520
3/16/2026,SID019,Nayeem Hasan,INV2603102387,Urban Style,Both,CUS00382,Walk In,Men Polo Shirt,APP002,Fashion Apparel,CAT001,1100,71,78100,3905,74195,1483.9,0,2225.85,2026,March,16,72711.1,0
3/22/2026,SID002,Mim Akter,INV2603102388,Elite Collection,Male,CUS00030,Distributor,Face Toner,COS033,Cosmetics,CAT002,500,18,9000,630,8370,418.5,2511,251.1,2026,March,22,7951.5,2511
7/14/2025,SID006,Tanjina Sultana,INV2507102389,Chic Collection,Male,CUST050,Online,Scarf,ACC006,Accessories,CAT003,900,38,34200,3420,30780,615.6,0,923.4,2025,July,14,30164.4,0
4/21/2025,SID017,Mehedi Hasan,INV2504102390,Metro Fashion,Both,CUS00489,Walk In,Body Butter,COS017,Cosmetics,CAT002,700,92,64400,0,64400,0,12880,1932,2025,April,21,64400,12880
12/21/2026,SID001,Jannatul Ferdous,INV2612102391,Diamond Cosmetics,Both,CUS00097,Retail,Personal Lubricant,COS039,Cosmetics,CAT002,350,71,24850,1242.5,23607.5,472.15,7082.25,708.23,2026,December,21,23135.35,7082.25
11/18/2025,SID020,Rakib Hasan,INV2511102392,Glamour House,Female,CUS00013,Retail,Makeup Remover,COS015,Cosmetics,CAT002,550,10,5500,275,5225,261.25,1045,156.75,2025,November,18,4963.75,1045
8/13/2026,SID017,Siam Ahmed,INV2608102393,Modern Style,Both,CUS00478,Corporate,Hat,ACC007,Accessories,CAT003,700,59,41300,4130,37170,0,0,1115.1,2026,August,13,37170,0
10/23/2026,SID012,Jannatul Ferdous,INV2610102394,Chic Collection,Male,CUST050,Online,Face Serum,COS014,Cosmetics,CAT002,1300,22,28600,2002,26598,531.96,7979.4,797.94,2026,October,23,26066.04,7979.4
12/10/2025,SID019,Nayeem Hasan,INV2512102395,Beauty Avenue,Female,CUST049,Distributor,Scarf,ACC006,Accessories,CAT003,900,12,10800,324,10476,0,0,314.28,2025,December,10,10476,0
7/8/2026,SID015,Sadia Afrin,INV2607102396,Beauty World,Male,CUST010,Distributor,Jewelry Set,ACC009,Accessories,CAT003,4500,38,171000,17100,153900,0,46170,4617,2026,July,8,153900,46170
3/24/2026,SID017,Imran Hossain,INV2603102397,Prime Collection,Both,CUS00186,Walk In,Hoodie,APP009,Fashion Apparel,CAT001,2500,89,222500,15575,206925,0,41385,6207.75,2026,March,24,206925,41385
7/5/2026,SID010,Nayeem Hasan,INV2607102398,Cosmetics World,Male,CUS00171,Walk In,Face Mask,HYG002,Hygiene Products,CAT004,150,61,9150,915,8235,164.7,0,247.05,2026,July,5,8070.3,0
6/29/2025,SID015,Tanjina Sultana,INV2506102399,Glamour Point,Female,CUS00320,Walk In,Face Serum,COS014,Cosmetics,CAT002,1300,6,7800,0,7800,156,2340,234,2025,June,29,7644,2340
7/29/2026,SID002,Nusrat Jahan,INV2607102400,Iconic Fashion,Female,CUS00334,Distributor,Belt,ACC003,Accessories,CAT003,800,59,47200,1416,45784,0,13735.2,1373.52,2026,July,29,45784,13735.2
10/13/2026,SID001,Tanvir Islam,INV2610102401,Chic Collection,Male,CUST050,Online,Feminine Wash,COS022,Cosmetics,CAT002,400,21,8400,588,7812,390.6,0,234.36,2026,October,13,7421.4,0
4/19/2025,SID006,Rashedul Islam,INV2504102402,Beauty Avenue,Female,CUST049,Distributor,Body Scrub,COS026,Cosmetics,CAT002,650,20,13000,0,13000,0,0,390,2025,April,19,13000,0
10/15/2025,SID006,Tasnia Rahman,INV2510102403,Glamour House,Female,CUS00131,Distributor,Mouthwash,HYG007,Hygiene Products,CAT004,300,9,2700,135,2565,51.3,769.5,76.95,2025,October,15,2513.7,769.5
1/9/2025,SID003,Nusrat Jahan,INV2501102404,New Era Fashion,Female,CUS00435,Walk In,Women's Saree,APP005,Fashion Apparel,CAT001,3200,54,172800,5184,167616,8380.8,50284.8,5028.48,2025,January,9,159235.2,50284.8
10/7/2025,SID015,Rafiul Karim,INV2510102405,Modern Boutique,Male,CUS00254,Retail,Hair Straightener,COS035,Cosmetics,CAT002,3500,7,24500,735,23765,1188.25,7129.5,712.95,2025,October,7,22576.75,7129.5
5/16/2025,SID007,Mim Akter,INV2505102406,Fashion Central,Male,CUS00201,Corporate,Sunglasses,ACC004,Accessories,CAT003,1500,20,30000,3000,27000,0,5400,810,2025,May,16,27000,5400
5/12/2026,SID009,Imran Hossain,INV2605102407,Chic Collection,Male,CUST050,Online,Keychain,ACC015,Accessories,CAT003,300,65,19500,975,18525,0,0,555.75,2026,May,12,18525,0
3/8/2025,SID011,Shuvo Das,INV2503102408,Smart Collection,Male,CUS00121,Walk In,Luggage,ACC013,Accessories,CAT003,8000,25,200000,6000,194000,9700,0,5820,2025,March,8,184300,0
6/17/2025,SID001,Sadia Afrin,INV2506102409,Fashion Plus,Male,CUS00191,Retail,Hair Spray,COS029,Cosmetics,CAT002,450,22,9900,297,9603,192.06,0,288.09,2025,June,17,9410.94,0
10/1/2025,SID006,Samira Akter,INV2510102410,Fresh Look,Female,CUS00038,Walk In,Diapers,HYG012,Hygiene Products,CAT004,800,33,26400,792,25608,512.16,5121.6,768.24,2025,October,1,25095.84,5121.6
3/11/2025,SID016,Rashedul Islam,INV2503102411,Fashion World,Female,CUS00155,Online,Hoodie,APP009,Fashion Apparel,CAT001,2500,86,215000,21500,193500,0,58050,5805,2025,March,11,193500,58050
2/25/2026,SID004,Samira Akter,INV2602102412,Rainbow Apparel,Male,CUS00141,Distributor,Foot Care Cream,COS023,Cosmetics,CAT002,300,17,5100,0,5100,102,1530,153,2026,February,25,4998,1530
2/22/2026,SID018,Mehedi Hasan,INV2602102413,Fashion Hub Ltd,Both,CUS00443,Retail,Body Lotion,COS004,Cosmetics,CAT002,650,75,48750,2437.5,46312.5,0,0,1389.38,2026,February,22,46312.5,0
10/27/2026,SID013,Shakil Khan,INV2610102414,Cosmetics World,Male,CUS00412,Corporate,Face Serum,COS014,Cosmetics,CAT002,1300,55,71500,7150,64350,3217.5,0,1930.5,2026,October,27,61132.5,0
9/19/2026,SID006,Tanjina Sultana,INV2609102415,Smart Beauty,Both,CUS00468,Retail,Deodorant,HYG008,Hygiene Products,CAT004,450,71,31950,0,31950,1597.5,6390,958.5,2026,September,19,30352.5,6390
1/26/2026,SID011,Siam Ahmed,INV2601102416,Fashion Plus,Male,CUS00171,Walk In,Women's Saree,APP005,Fashion Apparel,CAT001,3200,39,124800,3744,121056,6052.8,0,3631.68,2026,January,26,115003.2,0
5/17/2026,SID007,Sadia Afrin,INV2605102417,Dream Fashion,Female,CUS00030,Online,Makeup Remover,COS015,Cosmetics,CAT002,550,43,23650,709.5,22940.5,458.81,4588.1,688.21,2026,May,17,22481.69,4588.1
10/18/2026,SID007,Mahmudul Hasan,INV2610102418,NextGen Fashion,Male,CUS00183,Walk In,Makeup Remover,COS015,Cosmetics,CAT002,550,47,25850,775.5,25074.5,501.49,0,752.24,2026,October,18,24573.01,0
4/5/2026,SID010,Bonna Akter,INV2604102419,Premium Beauty,Both,CUS00332,Retail,Deodorant,COS016,Cosmetics,CAT002,450,49,22050,0,22050,0,4410,661.5,2026,April,5,22050,4410
2/26/2026,SID019,Nayeem Hasan,INV2602102420,Style World,Both,CUS00081,Retail,Face Wash,COS001,Cosmetics,CAT002,450,94,42300,1269,41031,2051.55,0,1230.93,2026,February,26,38979.45,0
9/17/2025,SID004,Mahmudul Hasan,INV2509102421,Classic Apparel,Female,CUST003,Walk In,Umbrella,ACC014,Accessories,CAT003,1200,8,9600,480,9120,182.4,2736,273.6,2025,September,17,8937.6,2736
12/21/2026,SID006,Jannatul Ferdous,INV2612102422,Elite Collection,Female,CUS00153,Retail,Men's Innerwear,APP016,Fashion Apparel,CAT001,700,61,42700,2135,40565,2028.25,8113,1216.95,2026,December,21,38536.75,8113
9/18/2026,SID007,Imran Hossain,INV2609102423,Iconic Fashion,Both,CUS00398,Distributor,Body Lotion,COS004,Cosmetics,CAT002,650,54,35100,3510,31590,1579.5,6318,947.7,2026,September,18,30010.5,6318
11/15/2026,SID012,Bonna Akter,INV2611102424,Pink Beauty,Female,CUS00190,Online,Wallet,ACC002,Accessories,CAT003,1200,68,81600,5712,75888,1517.76,22766.4,2276.64,2026,November,15,74370.24,22766.4
3/13/2026,SID008,Shakil Khan,INV2603102425,Fashion Gallery,Both,CUS00437,Walk In,Men Polo Shirt,APP002,Fashion Apparel,CAT001,1100,46,50600,2530,48070,961.4,14421,1442.1,2026,March,13,47108.6,14421
7/13/2026,SID011,Sharmin Akter,INV2607102426,Elegant Choice,Both,CUS00015,Corporate,Men Jeans,APP003,Fashion Apparel,CAT001,2200,82,180400,5412,174988,3499.76,34997.6,5249.64,2026,July,13,171488.24,34997.6
7/30/2025,SID006,Shakil Khan,INV2507102427,Global Apparel,Male,CUS00315,Distributor,Sanitary Napkins,HYG004,Hygiene Products,CAT004,350,36,12600,378,12222,0,0,366.66,2025,July,30,12222,0
8/21/2025,SID011,Sadia Afrin,INV2508102428,Elite Collection,Male,CUS00151,Corporate,Men's Innerwear,APP016,Fashion Apparel,CAT001,700,60,42000,0,42000,0,12600,1260,2025,August,21,42000,12600
4/29/2025,SID019,Abdullah Al Mamun,INV2504102429,Wonder Collection,Male,CUS00086,Online,Beard Oil,COS010,Cosmetics,CAT002,900,56,50400,3528,46872,0,14061.6,1406.16,2025,April,29,46872,14061.6
4/30/2025,SID008,Sadia Afrin,INV2504102430,Royal Cosmetics,Male,CUS00372,Corporate,Backpack,ACC012,Accessories,CAT003,3000,11,33000,1650,31350,1567.5,0,940.5,2025,April,30,29782.5,0
3/19/2025,SID018,Sharmin Akter,INV2503102431,Urban Beauty,Both,CUS00114,Online,Women's Leggings,APP012,Fashion Apparel,CAT001,1300,6,7800,780,7020,140.4,0,210.6,2025,March,19,6879.6,0
2/13/2026,SID007,Imran Hossain,INV2602102432,Chic Collection,Male,CUST050,Online,Jacket,APP010,Fashion Apparel,CAT001,3800,60,228000,6840,221160,11058,66348,6634.8,2026,February,13,210102,66348
8/22/2026,SID002,Mim Akter,INV2608102433,Urban Style,Female,CUS00499,Corporate,Men's Innerwear,APP016,Fashion Apparel,CAT001,700,79,55300,1659,53641,2682.05,10728.2,1609.23,2026,August,22,50958.95,10728.2
6/17/2026,SID011,Abdullah Al Mamun,INV2606102434,Infinity Style,Female,CUS00074,Corporate,Sunscreen,COS009,Cosmetics,CAT002,1150,31,35650,3565,32085,641.7,9625.5,962.55,2026,June,17,31443.3,9625.5
11/28/2025,SID002,Siam Ahmed,INV2511102435,Wonder Collection,Female,CUS00113,Online,Scarf,ACC006,Accessories,CAT003,900,36,32400,1620,30780,0,0,923.4,2025,November,28,30780,0
9/2/2025,SID008,Tanvir Islam,INV2509102436,Shine Collection,Female,CUS00432,Retail,Body Oil,COS040,Cosmetics,CAT002,800,96,76800,3840,72960,0,14592,2188.8,2025,September,2,72960,14592
7/29/2025,SID010,Mim Akter,INV2507102437,Beauty Point,Female,CUST066,Corporate,Hair Mask,COS018,Cosmetics,CAT002,1100,45,49500,4950,44550,891,8910,1336.5,2025,July,29,43659,8910
3/27/2026,SID011,Sabbir Ahmed,INV2603102438,Classic Beauty,Both,CUST025,Corporate,Face Scrub,COS027,Cosmetics,CAT002,550,47,25850,0,25850,1292.5,0,775.5,2026,March,27,24557.5,0
8/24/2025,SID014,Jannatul Ferdous,INV2508102439,Urban Avenue,Male,CUS00111,Corporate,Men's Nightwear,APP015,Fashion Apparel,CAT001,850,38,32300,0,32300,1615,0,969,2025,August,24,30685,0
12/19/2026,SID018,Mim Akter,INV2612102440,Elegant Choice,Female,CUS00180,Retail,Men Jeans,APP003,Fashion Apparel,CAT001,2200,96,211200,10560,200640,4012.8,40128,6019.2,2026,December,19,196627.2,40128
2/25/2025,SID017,Jannatul Ferdous,INV2502102441,Moonlight Cosmetics,Male,CUS00196,Online,Face Scrub,COS027,Cosmetics,CAT002,550,33,18150,544.5,17605.5,352.11,5281.65,528.16,2025,February,25,17253.39,5281.65
3/5/2026,SID005,Imran Hossain,INV2603102442,Diamond Cosmetics,Male,CUS00299,Distributor,Body Wash,COS030,Cosmetics,CAT002,600,34,20400,1428,18972,948.6,3794.4,569.16,2026,March,5,18023.4,3794.4
10/21/2025,SID015,Arif Hossain,INV2510102443,Cosmo House,Both,CUST055,Distributor,Hand Sanitizer,HYG001,Hygiene Products,CAT004,250,24,6000,300,5700,0,1140,171,2025,October,21,5700,1140
10/3/2026,SID007,Mahmudul Hasan,INV2610102444,Luxury Apparel,Both,CUS00046,Walk In,Hair Mask,COS018,Cosmetics,CAT002,1100,26,28600,858,27742,1387.1,0,832.26,2026,October,3,26354.9,0
6/5/2025,SID007,Nayeem Hasan,INV2506102445,Fashion World,Both,CUS00386,Online,Face Mask,HYG002,Hygiene Products,CAT004,150,34,5100,357,4743,94.86,948.6,142.29,2025,June,5,4648.14,948.6
11/17/2025,SID016,Imran Hossain,INV2511102446,Moonlight Cosmetics,Female,CUS00272,Online,Wallet,ACC002,Accessories,CAT003,1200,42,50400,5040,45360,907.2,0,1360.8,2025,November,17,44452.8,0
4/4/2025,SID002,Abdullah Al Mamun,INV2504102447,Blue Sky Fashion,Both,CUST014,Online,Women's Kurti,APP004,Fashion Apparel,CAT001,1800,72,129600,3888,125712,6285.6,0,3771.36,2025,April,4,119426.4,0
2/26/2026,SID004,Mehedi Hasan,INV2602102448,Luxury Apparel,Female,CUS00311,Distributor,Lipstick,COS002,Cosmetics,CAT002,850,55,46750,0,46750,0,0,1402.5,2026,February,26,46750,0
11/1/2026,SID016,Sabbir Ahmed,INV2611102449,Fashion World,Female,CUS00187,Online,Bra & Panty Set,APP013,Fashion Apparel,CAT001,900,11,9900,0,9900,198,1980,297,2026,November,1,9702,1980
9/29/2025,SID013,Rakib Hasan,INV2509102450,Cosmo House,Both,CUST055,Distributor,Hair Serum,COS006,Cosmetics,CAT002,1200,64,76800,3840,72960,1459.2,0,2188.8,2025,September,29,71500.8,0
1/29/2025,SID006,Mehedi Hasan,INV2501102451,Blue Sky Fashion,Both,CUST014,Online,Lipstick,COS002,Cosmetics,CAT002,850,56,47600,1428,46172,0,13851.6,1385.16,2025,January,29,46172,13851.6
6/9/2025,SID011,Nusrat Jahan,INV2506102452,Fashion Avenue,Female,CUS00001,Retail,Hair Color,COS012,Cosmetics,CAT002,1500,75,112500,0,112500,2250,33750,3375,2025,June,9,110250,33750
9/18/2025,SID018,Shuvo Das,INV2509102453,Fashion Hub Ltd,Male,CUS00298,Retail,Hair Removal Cream,HYG013,Hygiene Products,CAT004,450,8,3600,108,3492,0,1047.6,104.76,2025,September,18,3492,1047.6
2/8/2026,SID015,Shakil Khan,INV2602102454,Fashion Avenue,Female,CUS00033,Online,Bra & Panty Set,APP013,Fashion Apparel,CAT001,900,41,36900,3690,33210,1660.5,9963,996.3,2026,February,8,31549.5,9963
11/16/2025,SID013,Sharmin Akter,INV2511102455,Royal Style,Female,CUS00251,Distributor,Underarm Whitening Cream,COS024,Cosmetics,CAT002,500,98,49000,4900,44100,2205,8820,1323,2025,November,16,41895,8820
4/15/2026,SID012,Rakib Hasan,INV2604102456,Cosmetics Central,Female,CUST058,Distributor,Baby Wipes,HYG011,Hygiene Products,CAT004,250,20,5000,250,4750,0,1425,142.5,2026,April,15,4750,1425
4/2/2026,SID001,Nusrat Jahan,INV2604102457,Fashion Plus,Both,CUS00319,Online,Watch,ACC005,Accessories,CAT003,5000,88,440000,0,440000,22000,0,13200,2026,April,2,418000,0
4/17/2026,SID019,Imran Hossain,INV2604102458,Modern Boutique,Female,CUS00119,Online,Umbrella,ACC014,Accessories,CAT003,1200,49,58800,4116,54684,0,16405.2,1640.52,2026,April,17,54684,16405.2
8/25/2025,SID007,Jannatul Ferdous,INV2508102459,Golden Fashion,Both,CUS00105,Online,Condom,COS036,Cosmetics,CAT002,300,23,6900,690,6210,0,1242,186.3,2025,August,25,6210,1242
1/15/2026,SID004,Shakil Khan,INV2601102460,Global Apparel,Male,CUS00481,Online,Men T-Shirt,APP001,Fashion Apparel,CAT001,750,84,63000,4410,58590,0,17577,1757.7,2026,January,15,58590,17577
8/23/2025,SID016,Arif Hossain,INV2508102461,Urban Beauty,Male,CUS00013,Walk In,Underarm Whitening Cream,HYG015,Hygiene Products,CAT004,500,97,48500,1455,47045,2352.25,0,1411.35,2025,August,23,44692.75,0
5/7/2026,SID007,Sharmin Akter,INV2605102462,Unique Collection,Both,CUS00234,Retail,Shaving Cream,HYG009,Hygiene Products,CAT004,350,58,20300,2030,18270,0,0,548.1,2026,May,7,18270,0
6/8/2026,SID019,Sadia Afrin,INV2606102463,Cosmetics Central,Female,CUST058,Distributor,Hair Mask,COS018,Cosmetics,CAT002,1100,26,28600,858,27742,1387.1,8322.6,832.26,2026,June,8,26354.9,8322.6
5/2/2025,SID003,Sadia Afrin,INV2505102464,Iconic Fashion,Male,CUS00007,Retail,Body Scrub,COS026,Cosmetics,CAT002,650,75,48750,1462.5,47287.5,2364.38,9457.5,1418.62,2025,May,2,44923.12,9457.5
3/10/2025,SID002,Mim Akter,INV2503102465,Star Fashion,Female,CUS00058,Retail,Face Toner,COS033,Cosmetics,CAT002,500,25,12500,875,11625,0,2325,348.75,2025,March,10,11625,2325
12/21/2025,SID004,Nusrat Jahan,INV2512102466,Diamond Cosmetics,Both,CUS00498,Distributor,Jacket,APP010,Fashion Apparel,CAT001,3800,59,224200,22420,201780,0,40356,6053.4,2025,December,21,201780,40356
10/24/2026,SID020,Sabbir Ahmed,INV2610102467,Moonlight Cosmetics,Male,CUS00117,Walk In,Women's Leggings,APP012,Fashion Apparel,CAT001,1300,87,113100,0,113100,2262,22620,3393,2026,October,24,110838,22620
10/5/2026,SID017,Siam Ahmed,INV2610102468,Fashion Express,Male,CUS00427,Retail,Men's Nightwear,APP015,Fashion Apparel,CAT001,850,64,54400,1632,52768,1055.36,0,1583.04,2026,October,5,51712.64,0
10/23/2025,SID019,Imran Hossain,INV2510102469,Metro Fashion,Male,CUS00394,Distributor,Hair Spray,COS029,Cosmetics,CAT002,450,71,31950,2236.5,29713.5,594.27,5942.7,891.4,2025,October,23,29119.23,5942.7
4/9/2025,SID011,Rashedul Islam,INV2504102470,Prime Collection,Male,CUS00127,Walk In,Nail Polish,COS013,Cosmetics,CAT002,400,81,32400,1620,30780,0,9234,923.4,2025,April,9,30780,9234
12/29/2026,SID016,Tasnia Rahman,INV2612102471,Elegant Choice,Male,CUS00214,Retail,Handbag,ACC001,Accessories,CAT003,3500,88,308000,21560,286440,14322,0,8593.2,2026,December,29,272118,0
1/21/2026,SID018,Mehedi Hasan,INV2601102472,Iconic Fashion,Female,CUS00306,Distributor,Hair Removal Cream,HYG013,Hygiene Products,CAT004,450,11,4950,0,4950,247.5,990,148.5,2026,January,21,4702.5,990
7/18/2025,SID017,Imran Hossain,INV2507102473,Elegant Boutique,Female,CUS00393,Online,Beard Oil,COS010,Cosmetics,CAT002,900,60,54000,2700,51300,2565,15390,1539,2025,July,18,48735,15390
5/22/2025,SID003,Nusrat Jahan,INV2505102474,Urban Style,Female,CUS00006,Retail,Hair Accessories,ACC010,Accessories,CAT003,400,27,10800,0,10800,0,2160,324,2025,May,22,10800,2160
1/9/2026,SID020,Mehedi Hasan,INV2601102475,Glamour Point,Male,CUS00069,Distributor,Face Wash,COS001,Cosmetics,CAT002,450,29,13050,652.5,12397.5,619.88,0,371.93,2026,January,9,11777.62,0
8/26/2025,SID008,Nayeem Hasan,INV2508102476,Dream Fashion,Female,CUS00148,Walk In,Disinfectant Spray,HYG003,Hygiene Products,CAT004,400,77,30800,924,29876,597.52,5975.2,896.28,2025,August,26,29278.48,5975.2
11/5/2025,SID016,Nayeem Hasan,INV2511102477,Fashion Point,Female,CUS00074,Retail,Mouthwash,HYG007,Hygiene Products,CAT004,300,54,16200,810,15390,307.8,3078,461.7,2025,November,5,15082.2,3078
1/12/2025,SID005,Nayeem Hasan,INV2501102478,Fashion Central,Male,CUS00138,Online,Women's Saree,APP005,Fashion Apparel,CAT001,3200,70,224000,22400,201600,4032,0,6048,2025,January,12,197568,0
4/30/2026,SID002,Imran Hossain,INV2604102479,Urban Style,Female,CUS00417,Corporate,Sunglasses,ACC004,Accessories,CAT003,1500,23,34500,0,34500,1725,6900,1035,2026,April,30,32775,6900
6/29/2026,SID007,Farzana Akter,INV2606102480,Style Corner,Both,CUS00455,Corporate,Luggage,ACC013,Accessories,CAT003,8000,54,432000,43200,388800,0,116640,11664,2026,June,29,388800,116640
10/23/2026,SID002,Jannatul Ferdous,INV2610102481,Star Fashion,Female,CUS00013,Corporate,Feminine Wash,HYG010,Hygiene Products,CAT004,400,8,3200,320,2880,0,864,86.4,2026,October,23,2880,864
1/17/2025,SID011,Nayeem Hasan,INV2501102482,Signature Fashion,Both,CUS00088,Distributor,Hair Gel,COS028,Cosmetics,CAT002,400,27,10800,0,10800,540,3240,324,2025,January,17,10260,3240
5/20/2026,SID014,Samira Akter,INV2605102483,Smart Beauty,Male,CUS00210,Retail,Kids Dress,APP008,Fashion Apparel,CAT001,950,58,55100,2755,52345,1046.9,15703.5,1570.35,2026,May,20,51298.1,15703.5
8/18/2025,SID003,Shakil Khan,INV2508102484,Crystal Cosmetics,Female,CUS00496,Distributor,Makeup Kit,COS034,Cosmetics,CAT002,2500,13,32500,975,31525,630.5,0,945.75,2025,August,18,30894.5,0
9/12/2025,SID004,Shuvo Das,INV2509102485,Cosmetics Central,Female,CUST058,Distributor,Deodorant,HYG008,Hygiene Products,CAT004,450,62,27900,1953,25947,518.94,5189.4,778.41,2025,September,12,25428.06,5189.4
2/27/2026,SID013,Tanvir Islam,INV2602102486,Wonder Collection,Both,CUS00260,Corporate,Face Mask,HYG002,Hygiene Products,CAT004,150,44,6600,0,6600,132,1320,198,2026,February,27,6468,1320
5/22/2026,SID019,Rafiul Karim,INV2605102487,Star Fashion,Both,CUS00046,Distributor,Scarf,ACC006,Accessories,CAT003,900,89,80100,4005,76095,3804.75,0,2282.85,2026,May,22,72290.25,0
2/8/2026,SID018,Tanjina Sultana,INV2602102488,Pink Beauty,Female,CUS00480,Walk In,Feminine Wash,COS022,Cosmetics,CAT002,400,8,3200,160,3040,60.8,608,91.2,2026,February,8,2979.2,608
9/13/2026,SID001,Siam Ahmed,INV2609102489,Moonlight Cosmetics,Male,CUS00438,Distributor,Men's Nightwear,APP015,Fashion Apparel,CAT001,850,48,40800,1224,39576,0,0,1187.28,2026,September,13,39576,0
5/22/2025,SID017,Mehedi Hasan,INV2505102490,Elegant Choice,Female,CUS00227,Distributor,Women's Top,APP006,Fashion Apparel,CAT001,1200,16,19200,0,19200,960,0,576,2025,May,22,18240,0
5/5/2025,SID006,Mehedi Hasan,INV2505102491,Modern Boutique,Both,CUS00025,Corporate,Men Shirt,APP017,Fashion Apparel,CAT001,1600,31,49600,1488,48112,962.24,0,1443.36,2025,May,5,47149.76,0
2/3/2025,SID010,Mehedi Hasan,INV2502102492,Smart Beauty,Male,CUS00061,Corporate,Hair Removal Cream,COS025,Cosmetics,CAT002,450,50,22500,2250,20250,1012.5,6075,607.5,2025,February,3,19237.5,6075
4/22/2026,SID002,Sabbir Ahmed,INV2604102493,Urban Beauty,Male,CUS00367,Walk In,Kids Dress,APP008,Fashion Apparel,CAT001,950,45,42750,0,42750,0,12825,1282.5,2026,April,22,42750,12825
7/21/2026,SID003,Mim Akter,INV2607102494,Elegant Boutique,Both,CUS00383,Walk In,Disinfectant Spray,HYG003,Hygiene Products,CAT004,400,77,30800,3080,27720,554.4,5544,831.6,2026,July,21,27165.6,5544
10/30/2025,SID005,Rafiul Karim,INV2510102495,Style World,Male,CUS00107,Corporate,Women's Kurti,APP004,Fashion Apparel,CAT001,1800,52,93600,9360,84240,4212,0,2527.2,2025,October,30,80028,0
8/15/2025,SID003,Jannatul Ferdous,INV2508102496,Royal Style,Male,CUS00126,Corporate,Baby Wipes,HYG011,Hygiene Products,CAT004,250,87,21750,652.5,21097.5,0,0,632.92,2025,August,15,21097.5,0
7/4/2025,SID017,Farzana Akter,INV2507102497,Elite Fashion,Female,CUS00474,Walk In,Face Toner,COS033,Cosmetics,CAT002,500,85,42500,2125,40375,807.5,12112.5,1211.25,2025,July,4,39567.5,12112.5
9/15/2025,SID015,Sharmin Akter,INV2509102498,Moonlight Cosmetics,Male,CUS00414,Retail,Hair Removal Cream,COS025,Cosmetics,CAT002,450,19,8550,598.5,7951.5,397.58,2385.45,238.54,2025,September,15,7553.92,2385.45
12/26/2025,SID009,Nusrat Jahan,INV2512102499,Cosmo House,Both,CUST055,Distributor,Watch,ACC005,Accessories,CAT003,5000,41,205000,10250,194750,3895,38950,5842.5,2025,December,26,190855,38950
3/7/2026,SID012,Sadia Afrin,INV2603102500,Elite Fashion,Female,CUS00351,Online,Hair Removal Cream,HYG013,Hygiene Products,CAT004,450,88,39600,2772,36828,736.56,0,1104.84,2026,March,7,36091.44,0
7/5/2025,SID011,Shuvo Das,INV2507102501,Premium Beauty,Male,CUS00225,Walk In,Disinfectant Spray,HYG003,Hygiene Products,CAT004,400,75,30000,2100,27900,0,5580,837,2025,July,5,27900,5580
11/1/2026,SID007,Rashedul Islam,INV2611102502,Fashion Point,Both,CUS00291,Corporate,Men's Nightwear,APP015,Fashion Apparel,CAT001,850,95,80750,0,80750,4037.5,16150,2422.5,2026,November,1,76712.5,16150
8/30/2025,SID018,Jannatul Ferdous,INV2508102503,Lily Boutique,Male,CUS00444,Retail,Umbrella,ACC014,Accessories,CAT003,1200,25,30000,900,29100,582,0,873,2025,August,30,28518,0
6/10/2026,SID015,Mehedi Hasan,INV2606102504,Urban Beauty,Female,CUS00461,Distributor,Men's Innerwear,APP016,Fashion Apparel,CAT001,700,72,50400,2520,47880,957.6,9576,1436.4,2026,June,10,46922.4,9576
7/16/2025,SID019,Arif Hossain,INV2507102505,Moonlight Cosmetics,Female,CUS00343,Online,Body Wash,COS030,Cosmetics,CAT002,600,50,30000,3000,27000,1350,0,810,2025,July,16,25650,0
12/31/2025,SID011,Rashedul Islam,INV2512102506,Fashion Avenue,Both,CUS00234,Retail,Nail Polish,COS013,Cosmetics,CAT002,400,59,23600,1652,21948,0,0,658.44,2025,December,31,21948,0
11/4/2025,SID020,Imran Hossain,INV2511102507,Urban Beauty,Female,CUS00324,Retail,Deodorant,COS016,Cosmetics,CAT002,450,63,28350,850.5,27499.5,549.99,8249.85,824.99,2025,November,4,26949.51,8249.85
7/11/2026,SID010,Shuvo Das,INV2607102508,Global Apparel,Female,CUS00319,Walk In,Men Shirt,APP017,Fashion Apparel,CAT001,1600,5,8000,800,7200,0,0,216,2026,July,11,7200,0
5/20/2026,SID004,Sadia Afrin,INV2605102509,Premium Beauty,Female,CUS00040,Retail,Women's Saree,APP005,Fashion Apparel,CAT001,3200,26,83200,5824,77376,3868.8,0,2321.28,2026,May,20,73507.2,0
3/8/2026,SID017,Sadia Afrin,INV2603102510,Beauty Express,Male,CUST002,Online,Men Jeans,APP003,Fashion Apparel,CAT001,2200,83,182600,18260,164340,0,0,4930.2,2026,March,8,164340,0
9/23/2025,SID002,Rafiul Karim,INV2509102511,Unique Collection,Male,CUS00013,Walk In,Deodorant,HYG008,Hygiene Products,CAT004,450,54,24300,2430,21870,0,6561,656.1,2025,September,23,21870,6561
12/31/2025,SID019,Rafiul Karim,INV2512102512,Elite Collection,Both,CUS00301,Online,Wallet,ACC002,Accessories,CAT003,1200,90,108000,5400,102600,0,30780,3078,2025,December,31,102600,30780
12/15/2026,SID008,Nusrat Jahan,INV2612102513,Cosmo House,Both,CUST055,Distributor,Body Scrub,COS026,Cosmetics,CAT002,650,9,5850,585,5265,263.25,1579.5,157.95,2026,December,15,5001.75,1579.5
5/5/2025,SID002,Imran Hossain,INV2505102514,Fashion Central,Female,CUS00224,Retail,Body Scrub,COS026,Cosmetics,CAT002,650,48,31200,2184,29016,1450.8,8704.8,870.48,2025,May,5,27565.2,8704.8
9/4/2026,SID010,Mehedi Hasan,INV2609102515,Fashion Express,Male,CUS00291,Online,Belt,ACC003,Accessories,CAT003,800,92,73600,2208,71392,3569.6,21417.6,2141.76,2026,September,4,67822.4,21417.6
10/10/2025,SID019,Rakib Hasan,INV2510102516,Trendy Boutique,Female,CUS00134,Corporate,Women's Kurti,APP004,Fashion Apparel,CAT001,1800,88,158400,4752,153648,3072.96,30729.6,4609.44,2025,October,10,150575.04,30729.6
7/25/2025,SID014,Sabbir Ahmed,INV2507102517,Beauty Express,Male,CUST002,Online,Face Mask,COS020,Cosmetics,CAT002,600,42,25200,0,25200,504,0,756,2025,July,25,24696,0
12/4/2025,SID007,Imran Hossain,INV2512102518,Signature Fashion,Both,CUS00242,Corporate,Hair Removal Cream,HYG013,Hygiene Products,CAT004,450,66,29700,2079,27621,552.42,8286.3,828.63,2025,December,4,27068.58,8286.3
12/6/2025,SID012,Shakil Khan,INV2512102519,Style Corner,Male,CUS00075,Corporate,Foot Care Cream,COS023,Cosmetics,CAT002,300,16,4800,480,4320,86.4,0,129.6,2025,December,6,4233.6,0
3/3/2025,SID005,Nayeem Hasan,INV2503102520,Glamour Point,Both,CUS00364,Online,Face Cream,COS007,Cosmetics,CAT002,950,7,6650,465.5,6184.5,0,0,185.53,2025,March,3,6184.5,0
5/25/2025,SID005,Tasnia Rahman,INV2505102521,Shine Collection,Male,CUS00274,Walk In,Women's Top,APP006,Fashion Apparel,CAT001,1200,70,84000,8400,75600,0,0,2268,2025,May,25,75600,0
5/31/2025,SID010,Farzana Akter,INV2505102522,Fresh Look,Both,CUS00327,Walk In,Scarf,ACC006,Accessories,CAT003,900,74,66600,6660,59940,2997,11988,1798.2,2025,May,31,56943,11988
11/10/2025,SID017,Sabbir Ahmed,INV2511102523,Modern Style,Male,CUS00397,Distributor,Men Jeans,APP003,Fashion Apparel,CAT001,2200,79,173800,17380,156420,0,46926,4692.6,2025,November,10,156420,46926
4/14/2026,SID019,Mahmudul Hasan,INV2604102524,Smart Collection,Male,CUS00248,Corporate,Watch,ACC005,Accessories,CAT003,5000,11,55000,2750,52250,2612.5,0,1567.5,2026,April,14,49637.5,0
6/7/2026,SID015,Tanjina Sultana,INV2606102525,Cosmetics Central,Female,CUST058,Distributor,Handbag,ACC001,Accessories,CAT003,3500,88,308000,30800,277200,5544,55440,8316,2026,June,7,271656,55440
9/3/2026,SID020,Nusrat Jahan,INV2609102526,Modern Boutique,Female,CUS00145,Online,Baby Wipes,HYG011,Hygiene Products,CAT004,250,92,23000,1150,21850,437,4370,655.5,2026,September,3,21413,4370
4/18/2026,SID017,Rafiul Karim,INV2604102527,Style World,Both,CUS00034,Online,Personal Toys,COS041,Cosmetics,CAT002,1500,51,76500,7650,68850,1377,0,2065.5,2026,April,18,67473,0
10/4/2026,SID017,Shakil Khan,INV2610102528,Beauty Avenue,Female,CUST049,Distributor,Underarm Whitening Cream,HYG015,Hygiene Products,CAT004,500,14,7000,700,6300,0,0,189,2026,October,4,6300,0
12/12/2025,SID019,Rafiul Karim,INV2512102529,Crystal Cosmetics,Both,CUS00267,Online,Women's Top,APP006,Fashion Apparel,CAT001,1200,39,46800,2340,44460,889.2,0,1333.8,2025,December,12,43570.8,0
1/10/2026,SID012,Sharmin Akter,INV2601102530,Elite Collection,Both,CUS00499,Walk In,Women's Leggings,APP012,Fashion Apparel,CAT001,1300,84,109200,3276,105924,0,21184.8,3177.72,2026,January,10,105924,21184.8
2/13/2025,SID005,Rafiul Karim,INV2502102531,Fashion Gallery,Both,CUS00134,Retail,Personal Lubricant,COS039,Cosmetics,CAT002,350,40,14000,0,14000,700,0,420,2025,February,13,13300,0
5/27/2026,SID012,Sabbir Ahmed,INV2605102532,Cosmetics Central,Female,CUST058,Distributor,Men Polo Shirt,APP002,Fashion Apparel,CAT001,1100,83,91300,6391,84909,1698.18,25472.7,2547.27,2026,May,27,83210.82,25472.7
10/24/2026,SID004,Samira Akter,INV2610102533,Pink Beauty,Male,CUS00074,Walk In,Jacket,APP010,Fashion Apparel,CAT001,3800,20,76000,3800,72200,3610,0,2166,2026,October,24,68590,0
9/20/2025,SID004,Rakib Hasan,INV2509102534,Glamour House,Female,CUS00082,Walk In,Toothbrush,HYG006,Hygiene Products,CAT004,150,87,13050,652.5,12397.5,247.95,0,371.93,2025,September,20,12149.55,0
2/19/2025,SID011,Tasnia Rahman,INV2502102535,Beauty Avenue,Female,CUST049,Distributor,After Sun Lotion,COS031,Cosmetics,CAT002,700,19,13300,665,12635,631.75,0,379.05,2025,February,19,12003.25,0
7/18/2025,SID006,Sharmin Akter,INV2507102536,Luxury Apparel,Both,CUS00233,Online,Hair Serum,COS006,Cosmetics,CAT002,1200,34,40800,2856,37944,1897.2,11383.2,1138.32,2025,July,18,36046.8,11383.2
2/24/2025,SID014,Shuvo Das,INV2502102537,Fashion Express,Female,CUS00068,Corporate,Men Jeans,APP003,Fashion Apparel,CAT001,2200,45,99000,2970,96030,4801.5,28809,2880.9,2025,February,24,91228.5,28809
11/12/2026,SID017,Tasnia Rahman,INV2611102538,Glamour Point,Male,CUS00451,Distributor,Women's Skirt,APP011,Fashion Apparel,CAT001,1500,54,81000,4050,76950,0,0,2308.5,2026,November,12,76950,0
8/16/2026,SID015,Mim Akter,INV2608102539,Beauty Avenue,Female,CUST049,Distributor,Mouthwash,HYG007,Hygiene Products,CAT004,300,70,21000,630,20370,1018.5,0,611.1,2026,August,16,19351.5,0
5/7/2025,SID019,Mim Akter,INV2505102540,Cosmetics Plus,Male,CUS00211,Online,Personal Lubricant,COS039,Cosmetics,CAT002,350,66,23100,693,22407,0,0,672.21,2025,May,7,22407,0
10/10/2025,SID016,Siam Ahmed,INV2510102541,Shine Collection,Both,CUS00319,Retail,Aftershave,COS019,Cosmetics,CAT002,800,31,24800,1240,23560,0,0,706.8,2025,October,10,23560,0
2/3/2025,SID007,Tasnia Rahman,INV2502102542,Fashion Express,Female,CUS00005,Walk In,Men's Innerwear,APP016,Fashion Apparel,CAT001,700,51,35700,0,35700,1785,0,1071,2025,February,3,33915,0
11/12/2026,SID018,Sharmin Akter,INV2611102543,Blue Sky Fashion,Both,CUST014,Online,Wallet,ACC002,Accessories,CAT003,1200,8,9600,0,9600,0,0,288,2026,November,12,9600,0
10/5/2025,SID014,Sadia Afrin,INV2510102544,Bloom Cosmetics,Female,CUST027,Distributor,Deodorant,COS016,Cosmetics,CAT002,450,26,11700,0,11700,234,2340,351,2025,October,5,11466,2340
11/28/2025,SID001,Abdullah Al Mamun,INV2511102545,Beauty Avenue,Female,CUST049,Distributor,Body Lotion,COS004,Cosmetics,CAT002,650,96,62400,3120,59280,0,0,1778.4,2025,November,28,59280,0
5/8/2026,SID008,Siam Ahmed,INV2605102546,Beauty Avenue,Female,CUST049,Distributor,Hair Spray,COS029,Cosmetics,CAT002,450,13,5850,585,5265,263.25,1053,157.95,2026,May,8,5001.75,1053
6/11/2026,SID007,Mehedi Hasan,INV2606102547,Grace Boutique,Female,CUS00043,Walk In,Nail Polish,COS013,Cosmetics,CAT002,400,83,33200,2324,30876,1543.8,0,926.28,2026,June,11,29332.2,0
1/20/2025,SID010,Rashedul Islam,INV2501102548,Fashion World,Both,CUS00076,Corporate,Women's Top,APP006,Fashion Apparel,CAT001,1200,33,39600,1188,38412,768.24,11523.6,1152.36,2025,January,20,37643.76,11523.6
1/7/2025,SID007,Rakib Hasan,INV2501102549,Royal Style,Both,CUS00295,Distributor,Body Wash,COS030,Cosmetics,CAT002,600,11,6600,198,6402,0,1280.4,192.06,2025,January,7,6402,1280.4
4/30/2025,SID019,Tanvir Islam,INV2504102550,New Era Fashion,Both,CUS00067,Walk In,Kids T-Shirt,APP007,Fashion Apparel,CAT001,650,28,18200,546,17654,353.08,5296.2,529.62,2025,April,30,17300.92,5296.2
3/29/2026,SID002,Sadia Afrin,INV2603102551,Glamour House,Female,CUS00289,Online,Women's Skirt,APP011,Fashion Apparel,CAT001,1500,36,54000,0,54000,2700,10800,1620,2026,March,29,51300,10800
10/19/2026,SID009,Rakib Hasan,INV2610102552,Style World,Female,CUS00444,Corporate,Hair Serum,COS006,Cosmetics,CAT002,1200,72,86400,2592,83808,1676.16,0,2514.24,2026,October,19,82131.84,0
11/20/2026,SID005,Sadia Afrin,INV2611102553,Elegant Choice,Both,CUS00074,Retail,Deodorant,COS016,Cosmetics,CAT002,450,20,9000,450,8550,0,2565,256.5,2026,November,20,8550,2565
5/9/2026,SID003,Mim Akter,INV2605102554,Urban Avenue,Female,CUS00033,Walk In,Face Mask,HYG002,Hygiene Products,CAT004,150,5,750,37.5,712.5,35.62,0,21.38,2026,May,9,676.88,0
2/9/2026,SID010,Tasnia Rahman,INV2602102555,Signature Fashion,Female,CUS00058,Online,Face Mask,HYG002,Hygiene Products,CAT004,150,28,4200,294,3906,195.3,0,117.18,2026,February,9,3710.7,0
11/19/2025,SID013,Imran Hossain,INV2511102556,Trendy Shop,Male,CUS00409,Corporate,Backpack,ACC012,Accessories,CAT003,3000,30,90000,4500,85500,4275,25650,2565,2025,November,19,81225,25650
10/28/2025,SID015,Sabbir Ahmed,INV2510102557,Unique Collection,Male,CUS00360,Online,Women's Saree,APP005,Fashion Apparel,CAT001,3200,97,310400,15520,294880,14744,0,8846.4,2025,October,28,280136,0
1/18/2026,SID014,Mim Akter,INV2601102558,Global Apparel,Male,CUS00450,Online,Women's Saree,APP005,Fashion Apparel,CAT001,3200,84,268800,8064,260736,13036.8,52147.2,7822.08,2026,January,18,247699.2,52147.2
11/29/2025,SID013,Mim Akter,INV2511102559,Elite Collection,Male,CUS00025,Retail,Shaving Cream,HYG009,Hygiene Products,CAT004,350,40,14000,1400,12600,252,3780,378,2025,November,29,12348,3780
2/27/2025,SID001,Nayeem Hasan,INV2502102560,Perfect Beauty,Male,CUS00292,Walk In,Footwear,ACC011,Accessories,CAT003,2500,30,75000,5250,69750,3487.5,13950,2092.5,2025,February,27,66262.5,13950
12/30/2026,SID001,Jannatul Ferdous,INV2612102561,Perfect Beauty,Both,CUS00402,Retail,Sunglasses,ACC004,Accessories,CAT003,1500,65,97500,2925,94575,4728.75,28372.5,2837.25,2026,December,30,89846.25,28372.5
5/27/2025,SID017,Shakil Khan,INV2505102562,Dream Fashion,Male,CUS00419,Walk In,Gloves,ACC008,Accessories,CAT003,600,85,51000,1530,49470,0,14841,1484.1,2025,May,27,49470,14841
3/19/2026,SID011,Abdullah Al Mamun,INV2603102563,Beauty Point,Female,CUST066,Corporate,Women's Skirt,APP011,Fashion Apparel,CAT001,1500,5,7500,375,7125,0,0,213.75,2026,March,19,7125,0
9/26/2026,SID009,Shakil Khan,INV2609102564,Metro Fashion,Female,CUS00346,Online,Body Lotion,COS004,Cosmetics,CAT002,650,32,20800,1456,19344,967.2,3868.8,580.32,2026,September,26,18376.8,3868.8
4/25/2025,SID008,Farzana Akter,INV2504102565,Beauty Avenue,Female,CUST049,Distributor,Watch,ACC005,Accessories,CAT003,5000,57,285000,8550,276450,13822.5,0,8293.5,2025,April,25,262627.5,0
2/13/2026,SID016,Sharmin Akter,INV2602102566,Bloom Cosmetics,Female,CUST027,Distributor,Luggage,ACC013,Accessories,CAT003,8000,100,800000,56000,744000,0,0,22320,2026,February,13,744000,0
12/16/2026,SID016,Siam Ahmed,INV2612102567,Iconic Fashion,Male,CUS00010,Corporate,Makeup Remover,COS015,Cosmetics,CAT002,550,67,36850,1842.5,35007.5,1750.38,7001.5,1050.22,2026,December,16,33257.12,7001.5
2/22/2025,SID009,Mehedi Hasan,INV2502102568,Bloom Cosmetics,Female,CUST027,Distributor,Aftershave,COS019,Cosmetics,CAT002,800,86,68800,6880,61920,0,0,1857.6,2025,February,22,61920,0
2/6/2025,SID016,Sabbir Ahmed,INV2502102569,Fashion World,Male,CUS00347,Distributor,Body Scrub,COS026,Cosmetics,CAT002,650,39,25350,760.5,24589.5,1229.48,4917.9,737.68,2025,February,6,23360.02,4917.9
12/6/2025,SID013,Abdullah Al Mamun,INV2512102570,Beauty Avenue,Female,CUST049,Distributor,Body Lotion,COS004,Cosmetics,CAT002,650,38,24700,0,24700,494,0,741,2025,December,6,24206,0
12/31/2025,SID013,Farzana Akter,INV2512102571,Classic Beauty,Both,CUST025,Corporate,Sunscreen,COS009,Cosmetics,CAT002,1150,12,13800,1380,12420,621,3726,372.6,2025,December,31,11799,3726
7/28/2026,SID003,Nayeem Hasan,INV2607102572,Royal Cosmetics,Male,CUS00315,Corporate,Lipstick,COS002,Cosmetics,CAT002,850,15,12750,892.5,11857.5,237.15,0,355.72,2026,July,28,11620.35,0
8/22/2025,SID006,Abdullah Al Mamun,INV2508102573,Glow & Shine,Both,CUS00345,Corporate,Condom,COS036,Cosmetics,CAT002,300,18,5400,270,5130,0,0,153.9,2025,August,22,5130,0
9/8/2025,SID020,Shakil Khan,INV2509102574,Cosmetics World,Both,CUS00232,Retail,Hand Sanitizer,HYG001,Hygiene Products,CAT004,250,50,12500,875,11625,0,0,348.75,2025,September,8,11625,0
12/12/2025,SID005,Sabbir Ahmed,INV2512102575,Wonder Collection,Female,CUS00386,Walk In,Hair Gel,COS028,Cosmetics,CAT002,400,28,11200,0,11200,224,3360,336,2025,December,12,10976,3360
11/9/2026,SID015,Tanjina Sultana,INV2611102576,Elegant Boutique,Both,CUS00471,Online,Toothpaste,HYG005,Hygiene Products,CAT004,200,26,5200,520,4680,93.6,1404,140.4,2026,November,9,4586.4,1404
10/19/2025,SID019,Tanjina Sultana,INV2510102577,NextGen Fashion,Male,CUS00238,Distributor,Sunscreen,COS009,Cosmetics,CAT002,1150,94,108100,5405,102695,0,20539,3080.85,2025,October,19,102695,20539
1/8/2025,SID020,Tanjina Sultana,INV2501102578,Chic Collection,Male,CUST050,Online,Hair Spray,COS029,Cosmetics,CAT002,450,83,37350,1120.5,36229.5,0,7245.9,1086.88,2025,January,8,36229.5,7245.9
3/13/2026,SID010,Mehedi Hasan,INV2603102579,Apex Fashion,Female,CUST061,Retail,Sunscreen,COS009,Cosmetics,CAT002,1150,88,101200,10120,91080,1821.6,27324,2732.4,2026,March,13,89258.4,27324
3/18/2026,SID002,Sadia Afrin,INV2603102580,Cosmetics Central,Female,CUST058,Distributor,Hair Removal Cream,HYG013,Hygiene Products,CAT004,450,34,15300,1071,14229,0,0,426.87,2026,March,18,14229,0
12/6/2026,SID007,Shuvo Das,INV2612102581,Metro Fashion,Female,CUS00162,Walk In,Wallet,ACC002,Accessories,CAT003,1200,38,45600,3192,42408,2120.4,8481.6,1272.24,2026,December,6,40287.6,8481.6
2/10/2025,SID010,Samira Akter,INV2502102582,Rainbow Apparel,Female,CUS00193,Distributor,Underarm Whitening Cream,HYG015,Hygiene Products,CAT004,500,65,32500,0,32500,0,0,975,2025,February,10,32500,0
6/1/2025,SID006,Abdullah Al Mamun,INV2506102583,Grace Boutique,Male,CUS00343,Online,Hair Conditioner,COS032,Cosmetics,CAT002,750,9,6750,337.5,6412.5,320.62,0,192.38,2025,June,1,6091.88,0
8/2/2026,SID001,Rafiul Karim,INV2608102584,Trendy Boutique,Male,CUS00320,Corporate,Body Scrub,COS026,Cosmetics,CAT002,650,23,14950,448.5,14501.5,290.03,4350.45,435.04,2026,August,2,14211.47,4350.45
12/14/2026,SID006,Tanjina Sultana,INV2612102585,Classic Beauty,Both,CUST025,Corporate,Face Wash,COS001,Cosmetics,CAT002,450,53,23850,1669.5,22180.5,443.61,4436.1,665.41,2026,December,14,21736.89,4436.1
12/16/2026,SID009,Rakib Hasan,INV2612102586,Blue Sky Fashion,Both,CUST014,Online,Men Jeans,APP003,Fashion Apparel,CAT001,2200,36,79200,0,79200,3960,23760,2376,2026,December,16,75240,23760
12/22/2026,SID004,Sadia Afrin,INV2612102587,Bloom Cosmetics,Female,CUST027,Distributor,Baby Wipes,HYG011,Hygiene Products,CAT004,250,41,10250,512.5,9737.5,194.75,1947.5,292.12,2026,December,22,9542.75,1947.5
5/31/2026,SID020,Abdullah Al Mamun,INV2605102588,Golden Fashion,Female,CUS00079,Walk In,Compact Powder,COS008,Cosmetics,CAT002,800,84,67200,2016,65184,1303.68,19555.2,1955.52,2026,May,31,63880.32,19555.2
4/30/2025,SID018,Farzana Akter,INV2504102589,Moonlight Cosmetics,Female,CUS00441,Walk In,Feminine Wash,COS022,Cosmetics,CAT002,400,18,7200,360,6840,0,1368,205.2,2025,April,30,6840,1368
7/4/2025,SID001,Imran Hossain,INV2507102590,Signature Fashion,Female,CUS00322,Online,Sunglasses,ACC004,Accessories,CAT003,1500,93,139500,0,139500,0,27900,4185,2025,July,4,139500,27900
9/7/2025,SID014,Jannatul Ferdous,INV2509102591,Classic Beauty,Both,CUST025,Corporate,Jewelry Set,ACC009,Accessories,CAT003,4500,35,157500,15750,141750,0,28350,4252.5,2025,September,7,141750,28350
8/10/2026,SID008,Arif Hossain,INV2608102592,Smart Collection,Female,CUS00420,Corporate,Beard Oil,COS010,Cosmetics,CAT002,900,29,26100,1305,24795,1239.75,0,743.85,2026,August,10,23555.25,0
12/28/2025,SID014,Tanvir Islam,INV2512102593,Luxury Apparel,Both,CUS00362,Corporate,Personal Toys,COS041,Cosmetics,CAT002,1500,64,96000,0,96000,1920,19200,2880,2025,December,28,94080,19200
6/10/2026,SID013,Mehedi Hasan,INV2606102594,Chic Collection,Male,CUST050,Online,Body Spray,COS011,Cosmetics,CAT002,500,19,9500,665,8835,441.75,0,265.05,2026,June,10,8393.25,0
4/22/2026,SID014,Rafiul Karim,INV2604102595,Elegant Choice,Male,CUS00006,Corporate,Underarm Whitening Cream,COS024,Cosmetics,CAT002,500,47,23500,1645,21855,437.1,4371,655.65,2026,April,22,21417.9,4371
7/27/2025,SID008,Sadia Afrin,INV2507102596,Wonder Collection,Female,CUS00393,Retail,Face Wash,COS001,Cosmetics,CAT002,450,40,18000,900,17100,855,3420,513,2025,July,27,16245,3420
3/3/2026,SID011,Mahmudul Hasan,INV2603102597,Fashion Plus,Both,CUS00486,Online,Beard Oil,COS010,Cosmetics,CAT002,900,7,6300,315,5985,119.7,1197,179.55,2026,March,3,5865.3,1197
9/1/2026,SID015,Bonna Akter,INV2609102598,Perfect Beauty,Female,CUS00499,Retail,Face Mask,HYG002,Hygiene Products,CAT004,150,30,4500,0,4500,90,0,135,2026,September,1,4410,0
1/27/2026,SID003,Jannatul Ferdous,INV2601102599,Fashion Hub Ltd,Both,CUS00184,Corporate,Personal Lubricant,COS039,Cosmetics,CAT002,350,95,33250,3325,29925,1496.25,8977.5,897.75,2026,January,27,28428.75,8977.5
3/12/2025,SID006,Rakib Hasan,INV2503102600,Royal Cosmetics,Female,CUS00369,Distributor,Body Spray,COS011,Cosmetics,CAT002,500,13,6500,0,6500,0,1950,195,2025,March,12,6500,1950
11/11/2026,SID016,Siam Ahmed,INV2611102601,Lily Boutique,Male,CUS00066,Distributor,Aftershave,COS019,Cosmetics,CAT002,800,91,72800,0,72800,3640,21840,2184,2026,November,11,69160,21840
12/24/2026,SID005,Mim Akter,INV2612102602,Glow & Shine,Both,CUS00117,Online,Deodorant,HYG008,Hygiene Products,CAT004,450,83,37350,1120.5,36229.5,1811.48,0,1086.88,2026,December,24,34418.02,0
4/21/2026,SID019,Rafiul Karim,INV2604102603,Cosmetics World,Female,CUS00185,Corporate,Hair Straightener,COS035,Cosmetics,CAT002,3500,87,304500,21315,283185,14159.25,84955.5,8495.55,2026,April,21,269025.75,84955.5
5/26/2026,SID014,Farzana Akter,INV2605102604,Style Corner,Both,CUS00319,Distributor,Umbrella,ACC014,Accessories,CAT003,1200,84,100800,3024,97776,4888.8,0,2933.28,2026,May,26,92887.2,0
6/14/2026,SID016,Tasnia Rahman,INV2606102605,Modern Boutique,Female,CUS00206,Corporate,Shaving Cream,HYG009,Hygiene Products,CAT004,350,35,12250,367.5,11882.5,0,0,356.47,2026,June,14,11882.5,0
2/23/2025,SID020,Shuvo Das,INV2502102606,Trendy Shop,Female,CUS00247,Distributor,Perfume,COS003,Cosmetics,CAT002,2200,49,107800,0,107800,2156,32340,3234,2025,February,23,105644,32340
11/1/2025,SID006,Sadia Afrin,INV2511102607,Dream Fashion,Both,CUS00395,Walk In,Men T-Shirt,APP001,Fashion Apparel,CAT001,750,28,21000,1470,19530,390.6,5859,585.9,2025,November,1,19139.4,5859
5/19/2025,SID017,Jannatul Ferdous,INV2505102608,Metro Fashion,Male,CUS00473,Online,Face Mask,HYG002,Hygiene Products,CAT004,150,70,10500,315,10185,203.7,0,305.55,2025,May,19,9981.3,0
12/11/2025,SID004,Sabbir Ahmed,INV2512102609,Global Apparel,Male,CUS00359,Distributor,Sunglasses,ACC004,Accessories,CAT003,1500,43,64500,4515,59985,2999.25,17995.5,1799.55,2025,December,11,56985.75,17995.5
12/28/2026,SID011,Abdullah Al Mamun,INV2612102610,Diamond Cosmetics,Male,CUS00447,Walk In,Beard Oil,COS010,Cosmetics,CAT002,900,54,48600,3402,45198,2259.9,9039.6,1355.94,2026,December,28,42938.1,9039.6
11/24/2025,SID018,Jannatul Ferdous,INV2511102611,Cosmetics World,Both,CUS00246,Walk In,Beard Oil,COS010,Cosmetics,CAT002,900,10,9000,900,8100,162,0,243,2025,November,24,7938,0
5/5/2025,SID001,Abdullah Al Mamun,INV2505102612,Chic Collection,Male,CUST050,Online,Luggage,ACC013,Accessories,CAT003,8000,48,384000,0,384000,0,0,11520,2025,May,5,384000,0
7/29/2026,SID004,Farzana Akter,INV2607102613,Apex Fashion,Female,CUST061,Corporate,Beard Oil,COS010,Cosmetics,CAT002,900,54,48600,4860,43740,874.8,0,1312.2,2026,July,29,42865.2,0
11/15/2026,SID013,Mahmudul Hasan,INV2611102614,Elite Fashion,Female,CUS00331,Online,Kids T-Shirt,APP007,Fashion Apparel,CAT001,650,91,59150,0,59150,1183,0,1774.5,2026,November,15,57967,0
5/20/2025,SID004,Tanjina Sultana,INV2505102615,Elite Fashion,Male,CUS00397,Retail,Hat,ACC007,Accessories,CAT003,700,23,16100,805,15295,0,4588.5,458.85,2025,May,20,15295,4588.5
12/6/2026,SID009,Nayeem Hasan,INV2612102616,Beauty World,Male,CUST010,Distributor,Baby Wipes,HYG011,Hygiene Products,CAT004,250,96,24000,0,24000,0,7200,720,2026,December,6,24000,7200
5/9/2026,SID018,Samira Akter,INV2605102617,Bloom Cosmetics,Female,CUST027,Distributor,Toothbrush,HYG006,Hygiene Products,CAT004,150,58,8700,870,7830,156.6,1566,234.9,2026,May,9,7673.4,1566
6/1/2026,SID019,Arif Hossain,INV2606102618,Metro Fashion,Female,CUS00064,Corporate,Hat,ACC007,Accessories,CAT003,700,93,65100,4557,60543,1210.86,0,1816.29,2026,June,1,59332.14,0
1/21/2026,SID009,Shuvo Das,INV2601102619,Fashion Gallery,Male,CUS00494,Retail,Perfume,COS003,Cosmetics,CAT002,2200,88,193600,5808,187792,0,37558.4,5633.76,2026,January,21,187792,37558.4
3/12/2026,SID014,Jannatul Ferdous,INV2603102620,Style World,Female,CUS00437,Online,Personal Lubricant,COS039,Cosmetics,CAT002,350,42,14700,1029,13671,273.42,0,410.13,2026,March,12,13397.58,0
7/30/2025,SID015,Nusrat Jahan,INV2507102621,Trendy Shop,Female,CUS00128,Distributor,Hair Color,COS012,Cosmetics,CAT002,1500,9,13500,0,13500,675,2700,405,2025,July,30,12825,2700
4/25/2026,SID014,Sadia Afrin,INV2604102622,Elite Collection,Female,CUS00436,Walk In,Diapers,HYG012,Hygiene Products,CAT004,800,6,4800,0,4800,96,960,144,2026,April,25,4704,960
2/14/2025,SID018,Rashedul Islam,INV2502102623,Beauty World,Male,CUST010,Distributor,Face Serum,COS014,Cosmetics,CAT002,1300,22,28600,2002,26598,531.96,7979.4,797.94,2025,February,14,26066.04,7979.4
5/11/2026,SID002,Sadia Afrin,INV2605102624,Infinity Style,Male,CUS00287,Online,Gloves,ACC008,Accessories,CAT003,600,88,52800,2640,50160,0,10032,1504.8,2026,May,11,50160,10032
10/8/2025,SID012,Sabbir Ahmed,INV2510102625,Royal Style,Female,CUS00444,Distributor,Face Mask,HYG002,Hygiene Products,CAT004,150,100,15000,450,14550,727.5,4365,436.5,2025,October,8,13822.5,4365
5/20/2025,SID007,Mehedi Hasan,INV2505102626,Beauty Point,Female,CUST066,Corporate,Deodorant,COS016,Cosmetics,CAT002,450,21,9450,472.5,8977.5,448.88,0,269.32,2025,May,20,8528.62,0
5/25/2025,SID006,Nayeem Hasan,INV2505102627,Lily Boutique,Both,CUS00123,Corporate,Diapers,HYG012,Hygiene Products,CAT004,800,74,59200,5920,53280,0,0,1598.4,2025,May,25,53280,0
11/4/2025,SID008,Sadia Afrin,INV2511102628,Fashion Hub Ltd,Female,CUS00216,Walk In,Makeup Remover,COS015,Cosmetics,CAT002,550,82,45100,0,45100,902,0,1353,2025,November,4,44198,0
1/8/2025,SID002,Imran Hossain,INV2501102629,Unique Collection,Both,CUS00048,Online,Makeup Kit,COS034,Cosmetics,CAT002,2500,58,145000,0,145000,0,29000,4350,2025,January,8,145000,29000
4/10/2025,SID011,Sharmin Akter,INV2504102630,Moonlight Cosmetics,Male,CUS00023,Retail,Hair Serum,COS006,Cosmetics,CAT002,1200,29,34800,1044,33756,0,6751.2,1012.68,2025,April,10,33756,6751.2
1/19/2025,SID017,Tanjina Sultana,INV2501102631,Smart Collection,Male,CUS00477,Walk In,Foot Care Cream,COS023,Cosmetics,CAT002,300,96,28800,2880,25920,518.4,7776,777.6,2025,January,19,25401.6,7776
10/29/2026,SID016,Nusrat Jahan,INV2610102632,Beauty Point,Female,CUST066,Corporate,Shaving Cream,HYG009,Hygiene Products,CAT004,350,25,8750,612.5,8137.5,406.88,0,244.12,2026,October,29,7730.62,0
10/23/2025,SID007,Mahmudul Hasan,INV2510102633,Glamour House,Male,CUS00262,Online,Hair Spray,COS029,Cosmetics,CAT002,450,51,22950,1606.5,21343.5,426.87,0,640.3,2025,October,23,20916.63,0
8/3/2026,SID001,Nayeem Hasan,INV2608102634,Glamour House,Female,CUS00288,Retail,Aftershave,COS019,Cosmetics,CAT002,800,24,19200,576,18624,931.2,3724.8,558.72,2026,August,3,17692.8,3724.8
7/25/2026,SID018,Farzana Akter,INV2607102635,Fashion Gallery,Male,CUS00301,Corporate,Men Jeans,APP003,Fashion Apparel,CAT001,2200,68,149600,4488,145112,7255.6,29022.4,4353.36,2026,July,25,137856.4,29022.4
7/1/2025,SID009,Sharmin Akter,INV2507102636,Beauty Express,Male,CUST002,Online,Hair Spray,COS029,Cosmetics,CAT002,450,57,25650,1795.5,23854.5,1192.73,4770.9,715.63,2025,July,1,22661.77,4770.9
5/30/2025,SID006,Tanjina Sultana,INV2505102637,Beauty Avenue,Female,CUST049,Distributor,Deodorant,HYG008,Hygiene Products,CAT004,450,96,43200,2160,41040,2052,0,1231.2,2025,May,30,38988,0
10/12/2026,SID007,Abdullah Al Mamun,INV2610102638,Blue Sky Fashion,Both,CUST014,Online,Shampoo,COS005,Cosmetics,CAT002,700,20,14000,0,14000,700,4200,420,2026,October,12,13300,4200
3/9/2026,SID003,Nusrat Jahan,INV2603102639,Beauty Avenue,Female,CUST049,Distributor,Condom,COS036,Cosmetics,CAT002,300,59,17700,531,17169,858.45,5150.7,515.07,2026,March,9,16310.55,5150.7
3/14/2026,SID002,Sabbir Ahmed,INV2603102640,Classic Beauty,Both,CUST025,Corporate,Perfume,COS003,Cosmetics,CAT002,2200,55,121000,6050,114950,5747.5,22990,3448.5,2026,March,14,109202.5,22990
4/28/2026,SID006,Rafiul Karim,INV2604102641,Fashion Central,Male,CUS00119,Corporate,Backpack,ACC012,Accessories,CAT003,3000,58,174000,0,174000,8700,34800,5220,2026,April,28,165300,34800
10/24/2025,SID005,Nusrat Jahan,INV2510102642,Grace Boutique,Female,CUS00227,Online,Men's Innerwear,APP016,Fashion Apparel,CAT001,700,65,45500,0,45500,910,13650,1365,2025,October,24,44590,13650
8/22/2026,SID018,Sharmin Akter,INV2608102643,Metro Fashion,Both,CUS00415,Walk In,Shaving Cream,HYG009,Hygiene Products,CAT004,350,94,32900,3290,29610,592.2,5922,888.3,2026,August,22,29017.8,5922
9/11/2025,SID008,Sharmin Akter,INV2509102644,Nova Cosmetics,Female,CUS00348,Corporate,Face Mask,COS020,Cosmetics,CAT002,600,24,14400,0,14400,288,2880,432,2025,September,11,14112,2880
12/30/2026,SID020,Jannatul Ferdous,INV2612102645,Shine Collection,Female,CUS00197,Online,Shampoo,COS005,Cosmetics,CAT002,700,54,37800,3780,34020,0,0,1020.6,2026,December,30,34020,0
11/3/2026,SID002,Mahmudul Hasan,INV2611102646,Dream Fashion,Male,CUS00071,Distributor,Hair Conditioner,COS032,Cosmetics,CAT002,750,58,43500,1305,42195,2109.75,8439,1265.85,2026,November,3,40085.25,8439
6/27/2026,SID014,Rakib Hasan,INV2606102647,Style World,Both,CUS00173,Walk In,Women's Saree,APP005,Fashion Apparel,CAT001,3200,80,256000,7680,248320,0,0,7449.6,2026,June,27,248320,0
11/4/2025,SID012,Tanjina Sultana,INV2511102648,Infinity Style,Male,CUS00176,Online,Hair Gel,COS028,Cosmetics,CAT002,400,20,8000,0,8000,160,1600,240,2025,November,4,7840,1600
1/28/2025,SID005,Sharmin Akter,INV2501102649,Cosmetics Plus,Male,CUS00259,Retail,Keychain,ACC015,Accessories,CAT003,300,44,13200,396,12804,0,2560.8,384.12,2025,January,28,12804,2560.8
11/4/2026,SID001,Sharmin Akter,INV2611102650,Fashion Plus,Male,CUS00149,Retail,Bra & Panty Set,APP013,Fashion Apparel,CAT001,900,16,14400,0,14400,288,4320,432,2026,November,4,14112,4320
6/7/2025,SID004,Samira Akter,INV2506102651,Blue Sky Fashion,Both,CUST014,Online,Hair Dryer,COS038,Cosmetics,CAT002,4000,72,288000,14400,273600,0,82080,8208,2025,June,7,273600,82080
5/11/2026,SID019,Tanvir Islam,INV2605102652,Fashion Point,Female,CUS00324,Corporate,Face Wash,COS001,Cosmetics,CAT002,450,23,10350,724.5,9625.5,0,2887.65,288.76,2026,May,11,9625.5,2887.65
11/10/2025,SID003,Rafiul Karim,INV2511102653,Signature Fashion,Female,CUS00361,Distributor,Men's Innerwear,APP016,Fashion Apparel,CAT001,700,46,32200,3220,28980,0,8694,869.4,2025,November,10,28980,8694
4/6/2025,SID018,Rakib Hasan,INV2504102654,Beauty Point,Female,CUST066,Corporate,Face Mask,COS020,Cosmetics,CAT002,600,54,32400,2268,30132,1506.6,6026.4,903.96,2025,April,6,28625.4,6026.4
6/6/2025,SID009,Siam Ahmed,INV2506102655,Royal Style,Male,CUS00305,Online,Bra & Panty Set,APP013,Fashion Apparel,CAT001,900,68,61200,3060,58140,1162.8,0,1744.2,2025,June,6,56977.2,0
10/13/2025,SID009,Tanjina Sultana,INV2510102656,Signature Fashion,Both,CUS00328,Walk In,Toothpaste,HYG005,Hygiene Products,CAT004,200,75,15000,1050,13950,0,0,418.5,2025,October,13,13950,0
5/18/2025,SID018,Nusrat Jahan,INV2505102657,Fashion World,Male,CUS00250,Online,Disinfectant Spray,HYG003,Hygiene Products,CAT004,400,79,31600,948,30652,1532.6,0,919.56,2025,May,18,29119.4,0
7/4/2025,SID002,Siam Ahmed,INV2507102658,Cosmetics World,Both,CUS00180,Distributor,Hair Accessories,ACC010,Accessories,CAT003,400,99,39600,1188,38412,1920.6,0,1152.36,2025,July,4,36491.4,0
4/28/2025,SID014,Arif Hossain,INV2504102659,Diamond Cosmetics,Male,CUS00494,Online,Shaving Cream,HYG009,Hygiene Products,CAT004,350,90,31500,3150,28350,567,0,850.5,2025,April,28,27783,0
10/8/2026,SID013,Rakib Hasan,INV2610102660,Classic Beauty,Both,CUST025,Corporate,Body Mist,COS037,Cosmetics,CAT002,450,68,30600,918,29682,1484.1,8904.6,890.46,2026,October,8,28197.9,8904.6
8/8/2026,SID019,Sadia Afrin,INV2608102661,Perfect Beauty,Both,CUS00267,Distributor,Women's Nightwear,APP014,Fashion Apparel,CAT001,800,5,4000,280,3720,0,1116,111.6,2026,August,8,3720,1116
11/19/2026,SID020,Rakib Hasan,INV2611102662,Crystal Cosmetics,Female,CUS00436,Corporate,Backpack,ACC012,Accessories,CAT003,3000,54,162000,8100,153900,0,0,4617,2026,November,19,153900,0
6/1/2026,SID004,Rakib Hasan,INV2606102663,Nova Cosmetics,Both,CUS00419,Corporate,Hair Serum,COS006,Cosmetics,CAT002,1200,11,13200,396,12804,640.2,3841.2,384.12,2026,June,1,12163.8,3841.2
1/9/2025,SID016,Nusrat Jahan,INV2501102664,Fashion Avenue,Female,CUS00444,Walk In,Nail Polish,COS013,Cosmetics,CAT002,400,88,35200,1056,34144,682.88,0,1024.32,2025,January,9,33461.12,0
12/11/2025,SID008,Imran Hossain,INV2512102665,Fashion Avenue,Both,CUS00350,Online,Women's Leggings,APP012,Fashion Apparel,CAT001,1300,88,114400,11440,102960,2059.2,0,3088.8,2025,December,11,100900.8,0
4/28/2026,SID020,Mahmudul Hasan,INV2604102666,Shine Collection,Male,CUS00246,Distributor,Scarf,ACC006,Accessories,CAT003,900,69,62100,4347,57753,0,11550.6,1732.59,2026,April,28,57753,11550.6
5/12/2026,SID015,Nusrat Jahan,INV2605102667,Unique Collection,Both,CUS00199,Online,Face Mask,COS020,Cosmetics,CAT002,600,51,30600,0,30600,1530,0,918,2026,May,12,29070,0
7/7/2026,SID011,Rashedul Islam,INV2607102668,Fashion Hub Ltd,Male,CUS00223,Walk In,Compact Powder,COS008,Cosmetics,CAT002,800,9,7200,360,6840,342,1368,205.2,2026,July,7,6498,1368
12/18/2025,SID017,Imran Hossain,INV2512102669,Beauty Point,Female,CUST066,Corporate,Umbrella,ACC014,Accessories,CAT003,1200,27,32400,0,32400,648,6480,972,2025,December,18,31752,6480
7/23/2026,SID008,Siam Ahmed,INV2607102670,Moonlight Cosmetics,Female,CUS00031,Online,Shaving Cream,COS021,Cosmetics,CAT002,350,55,19250,962.5,18287.5,0,0,548.62,2026,July,23,18287.5,0
12/6/2026,SID020,Farzana Akter,INV2612102671,Fashion Central,Male,CUS00292,Corporate,Women's Kurti,APP004,Fashion Apparel,CAT001,1800,51,91800,9180,82620,4131,16524,2478.6,2026,December,6,78489,16524
4/11/2026,SID011,Jannatul Ferdous,INV2604102672,Beauty Express,Male,CUST002,Online,Men T-Shirt,APP001,Fashion Apparel,CAT001,750,9,6750,0,6750,135,2025,202.5,2026,April,11,6615,2025
2/20/2025,SID018,Sharmin Akter,INV2502102673,Premium Beauty,Male,CUS00463,Walk In,Wallet,ACC002,Accessories,CAT003,1200,42,50400,0,50400,1008,15120,1512,2025,February,20,49392,15120
5/29/2025,SID003,Shuvo Das,INV2505102674,Signature Fashion,Female,CUS00466,Distributor,Women's Skirt,APP011,Fashion Apparel,CAT001,1500,92,138000,9660,128340,6417,38502,3850.2,2025,May,29,121923,38502
4/4/2026,SID005,Siam Ahmed,INV2604102675,Urban Style,Female,CUS00421,Walk In,Watch,ACC005,Accessories,CAT003,5000,49,245000,12250,232750,0,69825,6982.5,2026,April,4,232750,69825
6/1/2026,SID011,Rakib Hasan,INV2606102676,Prime Collection,Both,CUS00260,Retail,Body Scrub,COS026,Cosmetics,CAT002,650,76,49400,0,49400,2470,9880,1482,2026,June,1,46930,9880
7/10/2026,SID013,Nayeem Hasan,INV2607102677,Fresh Look,Both,CUS00457,Distributor,After Sun Lotion,COS031,Cosmetics,CAT002,700,67,46900,0,46900,938,14070,1407,2026,July,10,45962,14070
8/4/2025,SID019,Shakil Khan,INV2508102678,Elite Collection,Female,CUS00137,Online,Men's Nightwear,APP015,Fashion Apparel,CAT001,850,50,42500,1275,41225,0,8245,1236.75,2025,August,4,41225,8245
12/18/2025,SID002,Arif Hossain,INV2512102679,Signature Fashion,Female,CUS00122,Online,Beard Oil,COS010,Cosmetics,CAT002,900,77,69300,2079,67221,3361.05,20166.3,2016.63,2025,December,18,63859.95,20166.3
8/16/2025,SID019,Rashedul Islam,INV2508102680,Urban Avenue,Female,CUS00492,Distributor,Aftershave,COS019,Cosmetics,CAT002,800,88,70400,3520,66880,0,0,2006.4,2025,August,16,66880,0
7/12/2026,SID012,Sharmin Akter,INV2607102681,Beauty Point,Female,CUST066,Corporate,Scarf,ACC006,Accessories,CAT003,900,22,19800,0,19800,990,5940,594,2026,July,12,18810,5940
1/26/2025,SID020,Mehedi Hasan,INV2501102682,Fashion Hub Ltd,Both,CUS00123,Distributor,Luggage,ACC013,Accessories,CAT003,8000,10,80000,0,80000,0,24000,2400,2025,January,26,80000,24000
4/5/2026,SID017,Sadia Afrin,INV2604102683,Premium Beauty,Both,CUS00090,Corporate,Face Cream,COS007,Cosmetics,CAT002,950,71,67450,6745,60705,0,12141,1821.15,2026,April,5,60705,12141
11/16/2025,SID005,Nusrat Jahan,INV2511102684,Glamour House,Female,CUS00322,Walk In,Umbrella,ACC014,Accessories,CAT003,1200,66,79200,0,79200,3960,15840,2376,2025,November,16,75240,15840
10/29/2025,SID007,Sabbir Ahmed,INV2510102685,Fashion Point,Male,CUS00459,Walk In,Hair Mask,COS018,Cosmetics,CAT002,1100,12,13200,1320,11880,594,0,356.4,2025,October,29,11286,0
2/19/2026,SID017,Rashedul Islam,INV2602102686,Moonlight Cosmetics,Both,CUS00408,Online,Hand Sanitizer,HYG001,Hygiene Products,CAT004,250,62,15500,1085,14415,0,4324.5,432.45,2026,February,19,14415,4324.5
5/17/2025,SID014,Mim Akter,INV2505102687,Prime Collection,Both,CUS00139,Corporate,Hair Spray,COS029,Cosmetics,CAT002,450,32,14400,720,13680,273.6,2736,410.4,2025,May,17,13406.4,2736
3/10/2025,SID016,Tanvir Islam,INV2503102688,Unique Collection,Both,CUS00437,Walk In,Wallet,ACC002,Accessories,CAT003,1200,35,42000,2940,39060,1953,11718,1171.8,2025,March,10,37107,11718
4/20/2025,SID012,Samira Akter,INV2504102689,Infinity Style,Male,CUS00344,Distributor,Perfume,COS003,Cosmetics,CAT002,2200,60,132000,0,132000,6600,0,3960,2025,April,20,125400,0
4/14/2026,SID014,Sadia Afrin,INV2604102690,Apex Fashion,Female,CUST061,Retail,Jewelry Set,ACC009,Accessories,CAT003,4500,9,40500,0,40500,2025,8100,1215,2026,April,14,38475,8100
4/28/2025,SID009,Mahmudul Hasan,INV2504102691,Modern Style,Female,CUS00263,Corporate,Women's Leggings,APP012,Fashion Apparel,CAT001,1300,79,102700,10270,92430,0,27729,2772.9,2025,April,28,92430,27729
4/20/2025,SID006,Rakib Hasan,INV2504102692,Cosmetics Plus,Both,CUS00489,Corporate,Men's Nightwear,APP015,Fashion Apparel,CAT001,850,7,5950,595,5355,107.1,0,160.65,2025,April,20,5247.9,0
7/16/2026,SID009,Sharmin Akter,INV2607102693,Premium Beauty,Female,CUS00214,Retail,Hair Removal Cream,COS025,Cosmetics,CAT002,450,79,35550,2488.5,33061.5,1653.08,6612.3,991.84,2026,July,16,31408.42,6612.3
8/10/2025,SID007,Mim Akter,INV2508102694,Apex Fashion,Female,CUST061,Retail,Hair Mask,COS018,Cosmetics,CAT002,1100,82,90200,2706,87494,1749.88,0,2624.82,2025,August,10,85744.12,0
4/8/2026,SID010,Siam Ahmed,INV2604102695,Beauty Express,Male,CUST002,Online,Feminine Wash,HYG010,Hygiene Products,CAT004,400,99,39600,1980,37620,0,7524,1128.6,2026,April,8,37620,7524
2/25/2025,SID015,Rakib Hasan,INV2502102696,Cosmetics Plus,Both,CUS00124,Retail,Hair Serum,COS006,Cosmetics,CAT002,1200,97,116400,11640,104760,5238,0,3142.8,2025,February,25,99522,0
3/25/2026,SID002,Jannatul Ferdous,INV2603102697,Smart Beauty,Male,CUS00072,Retail,Women's Skirt,APP011,Fashion Apparel,CAT001,1500,12,18000,900,17100,0,5130,513,2026,March,25,17100,5130
3/10/2025,SID018,Mehedi Hasan,INV2503102698,Glamour Point,Male,CUS00263,Retail,Men's Innerwear,APP016,Fashion Apparel,CAT001,700,49,34300,3430,30870,617.4,0,926.1,2025,March,10,30252.6,0
5/25/2025,SID019,Nayeem Hasan,INV2505102699,Trendy Boutique,Both,CUS00011,Walk In,Women's Kurti,APP004,Fashion Apparel,CAT001,1800,81,145800,14580,131220,6561,26244,3936.6,2025,May,25,124659,26244
6/5/2025,SID005,Siam Ahmed,INV2506102700,Urban Avenue,Both,CUS00431,Retail,Baby Wipes,HYG011,Hygiene Products,CAT004,250,73,18250,0,18250,0,0,547.5,2025,June,5,18250,0
3/14/2025,SID014,Farzana Akter,INV2503102701,Moonlight Cosmetics,Male,CUS00342,Corporate,Aftershave,COS019,Cosmetics,CAT002,800,96,76800,2304,74496,1489.92,22348.8,2234.88,2025,March,14,73006.08,22348.8
5/1/2025,SID002,Tanvir Islam,INV2505102702,Apex Fashion,Female,CUST061,Walk In,Men Shirt,APP017,Fashion Apparel,CAT001,1600,21,33600,3360,30240,0,9072,907.2,2025,May,1,30240,9072
8/13/2026,SID001,Shuvo Das,INV2608102703,NextGen Fashion,Male,CUS00262,Retail,Face Wash,COS001,Cosmetics,CAT002,450,54,24300,0,24300,486,0,729,2026,August,13,23814,0
1/29/2025,SID005,Tanvir Islam,INV2501102704,Modern Style,Both,CUS00121,Retail,Jewelry Set,ACC009,Accessories,CAT003,4500,26,117000,5850,111150,0,33345,3334.5,2025,January,29,111150,33345
7/10/2025,SID019,Sabbir Ahmed,INV2507102705,Lily Boutique,Both,CUS00205,Retail,Shaving Cream,COS021,Cosmetics,CAT002,350,68,23800,1666,22134,442.68,0,664.02,2025,July,10,21691.32,0
12/17/2025,SID002,Arif Hossain,INV2512102706,Moonlight Cosmetics,Both,CUS00190,Online,Hoodie,APP009,Fashion Apparel,CAT001,2500,21,52500,1575,50925,2546.25,0,1527.75,2025,December,17,48378.75,0
10/1/2026,SID008,Shakil Khan,INV2610102707,Elite Fashion,Male,CUS00023,Walk In,Women's Saree,APP005,Fashion Apparel,CAT001,3200,76,243200,7296,235904,4718.08,70771.2,7077.12,2026,October,1,231185.92,70771.2
9/23/2025,SID008,Tasnia Rahman,INV2509102708,Elite Collection,Both,CUS00354,Walk In,Women's Nightwear,APP014,Fashion Apparel,CAT001,800,18,14400,1008,13392,669.6,2678.4,401.76,2025,September,23,12722.4,2678.4
5/10/2025,SID014,Tasnia Rahman,INV2505102709,Golden Fashion,Male,CUS00027,Online,Diapers,HYG012,Hygiene Products,CAT004,800,96,76800,7680,69120,0,13824,2073.6,2025,May,10,69120,13824
2/20/2026,SID005,Farzana Akter,INV2602102710,Lily Boutique,Female,CUS00375,Walk In,Hair Straightener,COS035,Cosmetics,CAT002,3500,56,196000,13720,182280,9114,54684,5468.4,2026,February,20,173166,54684
2/9/2025,SID016,Mahmudul Hasan,INV2502102711,Luxury Apparel,Female,CUS00360,Online,Compact Powder,COS008,Cosmetics,CAT002,800,35,28000,0,28000,1400,8400,840,2025,February,9,26600,8400
9/7/2026,SID016,Siam Ahmed,INV2609102712,Cosmetics Central,Female,CUST058,Distributor,Condom,COS036,Cosmetics,CAT002,300,79,23700,711,22989,0,4597.8,689.67,2026,September,7,22989,4597.8
2/23/2026,SID014,Tanjina Sultana,INV2602102713,Cosmetics Plus,Female,CUS00182,Corporate,Hair Conditioner,COS032,Cosmetics,CAT002,750,19,14250,427.5,13822.5,276.45,4146.75,414.68,2026,February,23,13546.05,4146.75
2/18/2025,SID011,Siam Ahmed,INV2502102714,Moonlight Cosmetics,Male,CUS00069,Walk In,Jacket,APP010,Fashion Apparel,CAT001,3800,75,285000,8550,276450,5529,55290,8293.5,2025,February,18,270921,55290
6/22/2026,SID002,Siam Ahmed,INV2606102715,Elite Fashion,Female,CUS00495,Retail,Body Lotion,COS004,Cosmetics,CAT002,650,99,64350,4504.5,59845.5,0,11969.1,1795.37,2026,June,22,59845.5,11969.1
4/6/2025,SID015,Siam Ahmed,INV2504102716,Fashion Hub Ltd,Male,CUS00178,Online,Toothpaste,HYG005,Hygiene Products,CAT004,200,11,2200,110,2090,0,418,62.7,2025,April,6,2090,418
1/31/2025,SID011,Tasnia Rahman,INV2501102717,Beauty Point,Female,CUST066,Corporate,Deodorant,COS016,Cosmetics,CAT002,450,81,36450,2551.5,33898.5,1694.93,6779.7,1016.95,2025,January,31,32203.57,6779.7
12/11/2026,SID018,Mim Akter,INV2612102718,Bloom Cosmetics,Female,CUST027,Distributor,Hat,ACC007,Accessories,CAT003,700,28,19600,980,18620,931,3724,558.6,2026,December,11,17689,3724
5/7/2025,SID014,Samira Akter,INV2505102719,Urban Style,Female,CUS00464,Online,Diapers,HYG012,Hygiene Products,CAT004,800,91,72800,3640,69160,0,13832,2074.8,2025,May,7,69160,13832
11/18/2026,SID017,Rafiul Karim,INV2611102720,New Era Fashion,Both,CUS00143,Online,Shampoo,COS005,Cosmetics,CAT002,700,61,42700,1281,41419,2070.95,8283.8,1242.57,2026,November,18,39348.05,8283.8
4/10/2026,SID014,Sabbir Ahmed,INV2604102721,Crystal Cosmetics,Both,CUS00140,Walk In,Hair Removal Cream,HYG013,Hygiene Products,CAT004,450,12,5400,0,5400,108,0,162,2026,April,10,5292,0
8/25/2026,SID001,Mahmudul Hasan,INV2608102722,Classic Apparel,Female,CUST003,Walk In,Deodorant,COS016,Cosmetics,CAT002,450,79,35550,3555,31995,639.9,6399,959.85,2026,August,25,31355.1,6399
9/3/2025,SID003,Tanjina Sultana,INV2509102723,Modern Boutique,Male,CUS00282,Online,Footwear,ACC011,Accessories,CAT003,2500,73,182500,12775,169725,0,50917.5,5091.75,2025,September,3,169725,50917.5
11/14/2025,SID005,Mim Akter,INV2511102724,Smart Collection,Male,CUS00120,Corporate,Body Lotion,COS004,Cosmetics,CAT002,650,72,46800,1404,45396,2269.8,0,1361.88,2025,November,14,43126.2,0
8/19/2026,SID004,Arif Hossain,INV2608102725,Chic Collection,Male,CUST050,Online,Shaving Cream,HYG009,Hygiene Products,CAT004,350,17,5950,416.5,5533.5,276.68,1660.05,166,2026,August,19,5256.82,1660.05
3/7/2025,SID020,Mim Akter,INV2503102726,Fresh Look,Male,CUS00135,Distributor,Sanitary Napkins,HYG004,Hygiene Products,CAT004,350,23,8050,402.5,7647.5,152.95,0,229.42,2025,March,7,7494.55,0
7/18/2026,SID020,Farzana Akter,INV2607102727,Diamond Cosmetics,Male,CUS00495,Online,Bra & Panty Set,APP013,Fashion Apparel,CAT001,900,18,16200,810,15390,769.5,0,461.7,2026,July,18,14620.5,0
5/24/2026,SID001,Sharmin Akter,INV2605102728,Cosmetics World,Both,CUS00101,Retail,Women's Kurti,APP004,Fashion Apparel,CAT001,1800,33,59400,5940,53460,1069.2,10692,1603.8,2026,May,24,52390.8,10692
12/1/2025,SID010,Rashedul Islam,INV2512102729,Metro Fashion,Female,CUS00442,Online,Face Mask,COS020,Cosmetics,CAT002,600,53,31800,0,31800,0,0,954,2025,December,1,31800,0
10/31/2025,SID002,Farzana Akter,INV2510102730,Cosmetics Central,Female,CUST058,Distributor,Women's Top,APP006,Fashion Apparel,CAT001,1200,25,30000,1500,28500,570,5700,855,2025,October,31,27930,5700
12/11/2025,SID001,Arif Hossain,INV2512102731,Grace Boutique,Both,CUS00410,Online,Toothpaste,HYG005,Hygiene Products,CAT004,200,13,2600,260,2340,46.8,0,70.2,2025,December,11,2293.2,0
9/23/2025,SID002,Tanvir Islam,INV2509102732,Elegant Choice,Female,CUS00178,Walk In,Body Butter,COS017,Cosmetics,CAT002,700,81,56700,5670,51030,2551.5,15309,1530.9,2025,September,23,48478.5,15309
3/13/2026,SID015,Tasnia Rahman,INV2603102733,Unique Collection,Male,CUS00103,Distributor,Men's Nightwear,APP015,Fashion Apparel,CAT001,850,46,39100,1955,37145,1857.25,7429,1114.35,2026,March,13,35287.75,7429
1/3/2026,SID020,Abdullah Al Mamun,INV2601102734,Global Apparel,Male,CUS00385,Walk In,Men Polo Shirt,APP002,Fashion Apparel,CAT001,1100,26,28600,0,28600,0,8580,858,2026,January,3,28600,8580
5/13/2025,SID009,Nayeem Hasan,INV2505102735,Premium Beauty,Female,CUS00460,Online,Face Toner,COS033,Cosmetics,CAT002,500,26,13000,1300,11700,234,3510,351,2025,May,13,11466,3510
1/19/2026,SID012,Mahmudul Hasan,INV2601102736,Fashion Point,Female,CUS00161,Distributor,Sunscreen,COS009,Cosmetics,CAT002,1150,18,20700,0,20700,1035,6210,621,2026,January,19,19665,6210
4/12/2025,SID003,Rafiul Karim,INV2504102737,Fashion World,Both,CUS00423,Distributor,Makeup Kit,COS034,Cosmetics,CAT002,2500,9,22500,0,22500,1125,4500,675,2025,April,12,21375,4500
2/26/2026,SID012,Mehedi Hasan,INV2602102738,Glow & Shine,Male,CUS00412,Walk In,Body Oil,COS040,Cosmetics,CAT002,800,82,65600,3280,62320,3116,0,1869.6,2026,February,26,59204,0
10/28/2026,SID003,Mahmudul Hasan,INV2610102739,Fashion Express,Both,CUS00273,Online,Personal Lubricant,COS039,Cosmetics,CAT002,350,26,9100,455,8645,172.9,1729,259.35,2026,October,28,8472.1,1729
1/1/2025,SID011,Tanjina Sultana,INV2501102740,Royal Style,Female,CUS00083,Distributor,Personal Lubricant,COS039,Cosmetics,CAT002,350,30,10500,1050,9450,0,0,283.5,2025,January,1,9450,0
1/22/2026,SID003,Shuvo Das,INV2601102741,Perfect Beauty,Female,CUS00145,Distributor,Watch,ACC005,Accessories,CAT003,5000,10,50000,5000,45000,900,13500,1350,2026,January,22,44100,13500
8/23/2025,SID001,Abdullah Al Mamun,INV2508102742,Urban Avenue,Male,CUS00323,Distributor,Body Wash,COS030,Cosmetics,CAT002,600,7,4200,126,4074,0,1222.2,122.22,2025,August,23,4074,1222.2
9/27/2025,SID006,Tanjina Sultana,INV2509102743,Grace Boutique,Male,CUS00011,Corporate,Hair Straightener,COS035,Cosmetics,CAT002,3500,44,154000,4620,149380,2987.6,29876,4481.4,2025,September,27,146392.4,29876
10/21/2025,SID008,Bonna Akter,INV2510102744,Luxury Apparel,Female,CUS00056,Retail,Deodorant,HYG008,Hygiene Products,CAT004,450,13,5850,0,5850,0,1755,175.5,2025,October,21,5850,1755
8/5/2025,SID006,Siam Ahmed,INV2508102745,Crystal Cosmetics,Both,CUS00352,Walk In,Hair Dryer,COS038,Cosmetics,CAT002,4000,16,64000,6400,57600,2880,11520,1728,2025,August,5,54720,11520
9/27/2025,SID016,Arif Hossain,INV2509102746,Urban Style,Female,CUS00494,Distributor,Kids Dress,APP008,Fashion Apparel,CAT001,950,20,19000,570,18430,0,0,552.9,2025,September,27,18430,0
11/20/2025,SID004,Sadia Afrin,INV2511102747,Star Fashion,Female,CUS00102,Walk In,Body Scrub,COS026,Cosmetics,CAT002,650,40,26000,1820,24180,1209,0,725.4,2025,November,20,22971,0
11/2/2026,SID004,Sabbir Ahmed,INV2611102748,Iconic Fashion,Male,CUS00069,Corporate,Body Scrub,COS026,Cosmetics,CAT002,650,53,34450,3445,31005,0,0,930.15,2026,November,2,31005,0
2/26/2025,SID009,Shakil Khan,INV2502102749,Nova Cosmetics,Both,CUS00170,Corporate,Beard Oil,COS010,Cosmetics,CAT002,900,58,52200,5220,46980,0,14094,1409.4,2025,February,26,46980,14094
2/24/2026,SID011,Sharmin Akter,INV2602102750,Urban Trends,Male,CUS00313,Retail,Hat,ACC007,Accessories,CAT003,700,85,59500,4165,55335,1106.7,11067,1660.05,2026,February,24,54228.3,11067
11/11/2026,SID011,Samira Akter,INV2611102751,Trendy Shop,Female,CUS00305,Retail,Nail Polish,COS013,Cosmetics,CAT002,400,40,16000,0,16000,320,3200,480,2026,November,11,15680,3200
3/5/2026,SID002,Sabbir Ahmed,INV2603102752,Elegant Boutique,Male,CUS00454,Retail,Sanitary Napkins,HYG004,Hygiene Products,CAT004,350,38,13300,931,12369,0,0,371.07,2026,March,5,12369,0
7/11/2025,SID005,Abdullah Al Mamun,INV2507102753,Fresh Look,Male,CUS00296,Retail,Face Mask,COS020,Cosmetics,CAT002,600,83,49800,4980,44820,0,13446,1344.6,2025,July,11,44820,13446
6/25/2026,SID001,Tanvir Islam,INV2606102754,Moonlight Cosmetics,Both,CUS00049,Corporate,Hair Accessories,ACC010,Accessories,CAT003,400,55,22000,1540,20460,1023,4092,613.8,2026,June,25,19437,4092
2/22/2026,SID018,Tasnia Rahman,INV2602102755,Urban Beauty,Male,CUS00083,Distributor,Compact Powder,COS008,Cosmetics,CAT002,800,53,42400,0,42400,2120,12720,1272,2026,February,22,40280,12720
7/29/2026,SID009,Mehedi Hasan,INV2607102756,Royal Cosmetics,Male,CUS00148,Online,Face Scrub,COS027,Cosmetics,CAT002,550,49,26950,0,26950,1347.5,5390,808.5,2026,July,29,25602.5,5390
8/19/2026,SID007,Tanvir Islam,INV2608102757,Rainbow Apparel,Female,CUS00333,Retail,Underarm Whitening Cream,HYG015,Hygiene Products,CAT004,500,52,26000,2600,23400,0,7020,702,2026,August,19,23400,7020
11/13/2025,SID013,Sharmin Akter,INV2511102758,Apex Fashion,Female,CUST061,Retail,Compact Powder,COS008,Cosmetics,CAT002,800,60,48000,4800,43200,2160,0,1296,2025,November,13,41040,0
8/6/2026,SID006,Arif Hossain,INV2608102759,Style World,Female,CUS00091,Distributor,Foot Care Cream,COS023,Cosmetics,CAT002,300,69,20700,621,20079,0,4015.8,602.37,2026,August,6,20079,4015.8
11/24/2026,SID015,Rashedul Islam,INV2611102760,Nova Cosmetics,Both,CUS00312,Corporate,Hand Sanitizer,HYG001,Hygiene Products,CAT004,250,61,15250,1525,13725,274.5,4117.5,411.75,2026,November,24,13450.5,4117.5
11/20/2026,SID001,Tanvir Islam,INV2611102761,New Era Fashion,Female,CUS00485,Online,Kids Dress,APP008,Fashion Apparel,CAT001,950,28,26600,2660,23940,478.8,0,718.2,2026,November,20,23461.2,0
8/8/2025,SID016,Mehedi Hasan,INV2508102762,Cosmetics World,Male,CUS00129,Corporate,Shaving Cream,HYG009,Hygiene Products,CAT004,350,40,14000,700,13300,665,0,399,2025,August,8,12635,0
8/26/2026,SID001,Samira Akter,INV2608102763,Fashion Hub Ltd,Female,CUS00039,Corporate,Body Butter,COS017,Cosmetics,CAT002,700,86,60200,6020,54180,2709,0,1625.4,2026,August,26,51471,0
11/28/2026,SID019,Sabbir Ahmed,INV2611102764,Dream Fashion,Female,CUS00464,Walk In,Foot Care Cream,COS023,Cosmetics,CAT002,300,72,21600,1080,20520,0,6156,615.6,2026,November,28,20520,6156
5/8/2026,SID004,Shuvo Das,INV2605102765,Fresh Look,Female,CUS00039,Walk In,Face Toner,COS033,Cosmetics,CAT002,500,89,44500,0,44500,890,13350,1335,2026,May,8,43610,13350
4/5/2025,SID012,Tanvir Islam,INV2504102766,Trendy Shop,Male,CUS00373,Retail,Jacket,APP010,Fashion Apparel,CAT001,3800,52,197600,0,197600,9880,0,5928,2025,April,5,187720,0
8/4/2026,SID009,Sadia Afrin,INV2608102767,Elegant Choice,Male,CUS00241,Corporate,Men Polo Shirt,APP002,Fashion Apparel,CAT001,1100,100,110000,0,110000,2200,0,3300,2026,August,4,107800,0
2/20/2026,SID012,Siam Ahmed,INV2602102768,Cosmo House,Both,CUST055,Distributor,Underarm Whitening Cream,COS024,Cosmetics,CAT002,500,20,10000,300,9700,485,0,291,2026,February,20,9215,0
11/19/2026,SID002,Rafiul Karim,INV2611102769,Style Corner,Male,CUS00332,Corporate,Scarf,ACC006,Accessories,CAT003,900,24,21600,1512,20088,1004.4,0,602.64,2026,November,19,19083.6,0
5/6/2026,SID014,Jannatul Ferdous,INV2605102770,Unique Collection,Female,CUS00184,Distributor,Kids Dress,APP008,Fashion Apparel,CAT001,950,72,68400,4788,63612,3180.6,12722.4,1908.36,2026,May,6,60431.4,12722.4
2/21/2026,SID009,Farzana Akter,INV2602102771,Fashion World,Female,CUS00025,Retail,Hair Conditioner,COS032,Cosmetics,CAT002,750,22,16500,495,16005,0,4801.5,480.15,2026,February,21,16005,4801.5
7/27/2026,SID010,Mahmudul Hasan,INV2607102772,Cosmetics World,Female,CUS00408,Distributor,Deodorant,COS016,Cosmetics,CAT002,450,87,39150,1957.5,37192.5,0,7438.5,1115.77,2026,July,27,37192.5,7438.5
2/23/2026,SID002,Tanjina Sultana,INV2602102773,Star Fashion,Both,CUS00149,Corporate,Men's Innerwear,APP016,Fashion Apparel,CAT001,700,36,25200,1260,23940,478.8,7182,718.2,2026,February,23,23461.2,7182
5/18/2026,SID009,Tasnia Rahman,INV2605102774,Glamour Point,Male,CUS00013,Distributor,Mouthwash,HYG007,Hygiene Products,CAT004,300,62,18600,558,18042,902.1,5412.6,541.26,2026,May,18,17139.9,5412.6
6/10/2026,SID005,Rakib Hasan,INV2606102775,Style Corner,Male,CUS00283,Online,Shampoo,COS005,Cosmetics,CAT002,700,88,61600,0,61600,3080,18480,1848,2026,June,10,58520,18480
6/11/2026,SID017,Rashedul Islam,INV2606102776,Grace Boutique,Male,CUS00461,Retail,Hair Spray,COS029,Cosmetics,CAT002,450,87,39150,0,39150,783,0,1174.5,2026,June,11,38367,0
12/28/2025,SID001,Nayeem Hasan,INV2512102777,Bloom Cosmetics,Female,CUST027,Distributor,Personal Lubricant,COS039,Cosmetics,CAT002,350,23,8050,241.5,7808.5,390.43,2342.55,234.25,2025,December,28,7418.07,2342.55
5/19/2026,SID013,Rafiul Karim,INV2605102778,Elegant Choice,Both,CUS00274,Online,Belt,ACC003,Accessories,CAT003,800,90,72000,0,72000,0,0,2160,2026,May,19,72000,0
8/1/2026,SID002,Rashedul Islam,INV2608102779,Golden Fashion,Male,CUS00008,Corporate,Hair Removal Cream,HYG013,Hygiene Products,CAT004,450,46,20700,0,20700,414,4140,621,2026,August,1,20286,4140
2/24/2026,SID016,Jannatul Ferdous,INV2602102780,Royal Cosmetics,Male,CUS00217,Corporate,Luggage,ACC013,Accessories,CAT003,8000,54,432000,12960,419040,8380.8,125712,12571.2,2026,February,24,410659.2,125712
11/26/2025,SID001,Nayeem Hasan,INV2511102781,Urban Style,Female,CUS00088,Distributor,Underarm Whitening Cream,HYG015,Hygiene Products,CAT004,500,59,29500,2950,26550,531,7965,796.5,2025,November,26,26019,7965
1/5/2025,SID010,Jannatul Ferdous,INV2501102782,Metro Fashion,Male,CUS00335,Walk In,After Sun Lotion,COS031,Cosmetics,CAT002,700,82,57400,5740,51660,1033.2,10332,1549.8,2025,January,5,50626.8,10332
1/28/2026,SID005,Rakib Hasan,INV2601102783,Fashion Express,Female,CUS00183,Corporate,Men T-Shirt,APP001,Fashion Apparel,CAT001,750,80,60000,0,60000,1200,0,1800,2026,January,28,58800,0
9/26/2025,SID006,Mim Akter,INV2509102784,Fashion Avenue,Both,CUS00174,Corporate,Lipstick,COS002,Cosmetics,CAT002,850,11,9350,280.5,9069.5,453.48,2720.85,272.08,2025,September,26,8616.02,2720.85
12/22/2025,SID005,Rashedul Islam,INV2512102785,Fashion Avenue,Both,CUS00051,Online,Body Oil,COS040,Cosmetics,CAT002,800,94,75200,7520,67680,1353.6,0,2030.4,2025,December,22,66326.4,0
1/27/2026,SID012,Arif Hossain,INV2601102786,Elegant Choice,Female,CUS00396,Distributor,Mouthwash,HYG007,Hygiene Products,CAT004,300,9,2700,270,2430,48.6,486,72.9,2026,January,27,2381.4,486
9/24/2026,SID002,Sharmin Akter,INV2609102787,Pink Beauty,Both,CUS00411,Retail,Body Oil,COS040,Cosmetics,CAT002,800,97,77600,3880,73720,0,14744,2211.6,2026,September,24,73720,14744
8/24/2025,SID015,Rashedul Islam,INV2508102788,Cosmetics World,Male,CUS00127,Walk In,Hair Color,COS012,Cosmetics,CAT002,1500,15,22500,2250,20250,1012.5,6075,607.5,2025,August,24,19237.5,6075
12/19/2026,SID004,Nusrat Jahan,INV2612102789,Pink Beauty,Both,CUS00166,Walk In,Personal Lubricant,COS039,Cosmetics,CAT002,350,57,19950,598.5,19351.5,967.58,5805.45,580.54,2026,December,19,18383.92,5805.45
1/5/2025,SID001,Sharmin Akter,INV2501102790,Style World,Female,CUS00417,Retail,Hair Conditioner,COS032,Cosmetics,CAT002,750,93,69750,3487.5,66262.5,0,0,1987.88,2025,January,5,66262.5,0
7/2/2025,SID018,Samira Akter,INV2507102791,Glow & Shine,Both,CUS00315,Online,Men's Nightwear,APP015,Fashion Apparel,CAT001,850,88,74800,7480,67320,1346.4,20196,2019.6,2025,July,2,65973.6,20196
11/15/2025,SID007,Nayeem Hasan,INV2511102792,Shine Collection,Female,CUS00263,Corporate,Personal Lubricant,COS039,Cosmetics,CAT002,350,64,22400,672,21728,0,0,651.84,2025,November,15,21728,0
6/26/2025,SID008,Nayeem Hasan,INV2506102793,Fashion Avenue,Both,CUS00346,Retail,Shampoo,COS005,Cosmetics,CAT002,700,88,61600,6160,55440,1108.8,0,1663.2,2025,June,26,54331.2,0
12/9/2025,SID012,Tasnia Rahman,INV2512102794,Classic Apparel,Female,CUST003,Walk In,Watch,ACC005,Accessories,CAT003,5000,83,415000,12450,402550,8051,120765,12076.5,2025,December,9,394499,120765
11/27/2025,SID001,Rakib Hasan,INV2511102795,Crystal Cosmetics,Male,CUS00285,Online,Hair Removal Cream,COS025,Cosmetics,CAT002,450,70,31500,0,31500,630,6300,945,2025,November,27,30870,6300
1/4/2025,SID005,Abdullah Al Mamun,INV2501102796,Blue Sky Fashion,Both,CUST014,Online,Women's Saree,APP005,Fashion Apparel,CAT001,3200,88,281600,8448,273152,13657.6,81945.6,8194.56,2025,January,4,259494.4,81945.6
1/25/2025,SID006,Tanjina Sultana,INV2501102797,Rainbow Apparel,Both,CUS00091,Online,Body Wash,COS030,Cosmetics,CAT002,600,96,57600,4032,53568,1071.36,10713.6,1607.04,2025,January,25,52496.64,10713.6
1/26/2026,SID015,Siam Ahmed,INV2601102798,Beauty World,Male,CUST010,Distributor,Baby Wipes,HYG011,Hygiene Products,CAT004,250,82,20500,615,19885,994.25,0,596.55,2026,January,26,18890.75,0
12/16/2025,SID020,Jannatul Ferdous,INV2512102799,Elegant Boutique,Female,CUS00108,Corporate,Face Serum,COS014,Cosmetics,CAT002,1300,35,45500,2275,43225,864.5,8645,1296.75,2025,December,16,42360.5,8645
8/27/2026,SID009,Siam Ahmed,INV2608102800,Prime Collection,Female,CUS00047,Corporate,Makeup Remover,COS015,Cosmetics,CAT002,550,26,14300,429,13871,693.55,0,416.13,2026,August,27,13177.45,0
8/20/2025,SID007,Samira Akter,INV2508102801,Unique Collection,Female,CUS00026,Retail,Hair Accessories,ACC010,Accessories,CAT003,400,10,4000,200,3800,190,1140,114,2025,August,20,3610,1140
3/11/2025,SID017,Shuvo Das,INV2503102802,Wonder Collection,Female,CUS00210,Walk In,Personal Lubricant,COS039,Cosmetics,CAT002,350,7,2450,0,2450,49,0,73.5,2025,March,11,2401,0
8/3/2026,SID004,Siam Ahmed,INV2608102803,Luxury Apparel,Female,CUS00290,Corporate,Men's Innerwear,APP016,Fashion Apparel,CAT001,700,23,16100,0,16100,805,3220,483,2026,August,3,15295,3220
12/24/2025,SID002,Bonna Akter,INV2512102804,Fashion Express,Female,CUS00342,Walk In,Women's Kurti,APP004,Fashion Apparel,CAT001,1800,13,23400,1170,22230,1111.5,0,666.9,2025,December,24,21118.5,0
6/9/2026,SID005,Samira Akter,INV2606102805,Classic Apparel,Female,CUST003,Walk In,Men's Nightwear,APP015,Fashion Apparel,CAT001,850,52,44200,1326,42874,2143.7,8574.8,1286.22,2026,June,9,40730.3,8574.8
6/11/2025,SID016,Imran Hossain,INV2506102806,Diamond Cosmetics,Female,CUS00194,Retail,Sunglasses,ACC004,Accessories,CAT003,1500,46,69000,0,69000,3450,20700,2070,2025,June,11,65550,20700
2/6/2026,SID006,Abdullah Al Mamun,INV2602102807,Fresh Look,Both,CUS00457,Online,Women's Leggings,APP012,Fashion Apparel,CAT001,1300,87,113100,0,113100,0,0,3393,2026,February,6,113100,0
3/12/2026,SID015,Abdullah Al Mamun,INV2603102808,Apex Fashion,Female,CUST061,Distributor,Baby Wipes,HYG011,Hygiene Products,CAT004,250,60,15000,1050,13950,697.5,4185,418.5,2026,March,12,13252.5,4185
9/14/2026,SID016,Samira Akter,INV2609102809,Blue Sky Fashion,Both,CUST014,Online,Body Oil,COS040,Cosmetics,CAT002,800,98,78400,2352,76048,0,22814.4,2281.44,2026,September,14,76048,22814.4
1/29/2026,SID002,Bonna Akter,INV2601102810,Rainbow Apparel,Male,CUS00332,Distributor,Bra & Panty Set,APP013,Fashion Apparel,CAT001,900,69,62100,0,62100,1242,12420,1863,2026,January,29,60858,12420
5/8/2026,SID009,Jannatul Ferdous,INV2605102811,Modern Style,Both,CUS00272,Corporate,Shaving Cream,COS021,Cosmetics,CAT002,350,66,23100,1155,21945,1097.25,6583.5,658.35,2026,May,8,20847.75,6583.5
2/25/2025,SID011,Jannatul Ferdous,INV2502102812,Fashion Gallery,Female,CUS00183,Online,Body Lotion,COS004,Cosmetics,CAT002,650,40,26000,2600,23400,468,7020,702,2025,February,25,22932,7020
11/20/2025,SID011,Bonna Akter,INV2511102813,Prime Collection,Male,CUS00363,Retail,Body Wash,COS030,Cosmetics,CAT002,600,70,42000,0,42000,0,8400,1260,2025,November,20,42000,8400
3/31/2026,SID002,Nusrat Jahan,INV2603102814,Classic Apparel,Female,CUST003,Walk In,Aftershave,COS019,Cosmetics,CAT002,800,22,17600,880,16720,836,5016,501.6,2026,March,31,15884,5016
11/7/2025,SID015,Nusrat Jahan,INV2511102815,Modern Boutique,Male,CUS00192,Online,Hoodie,APP009,Fashion Apparel,CAT001,2500,36,90000,2700,87300,0,17460,2619,2025,November,7,87300,17460
9/19/2026,SID001,Sabbir Ahmed,INV2609102816,Classic Apparel,Female,CUST003,Walk In,Women's Leggings,APP012,Fashion Apparel,CAT001,1300,96,124800,3744,121056,6052.8,36316.8,3631.68,2026,September,19,115003.2,36316.8
3/16/2025,SID001,Tasnia Rahman,INV2503102817,Urban Trends,Both,CUS00039,Online,Body Butter,COS017,Cosmetics,CAT002,700,13,9100,455,8645,432.25,0,259.35,2025,March,16,8212.75,0
11/22/2025,SID020,Imran Hossain,INV2511102818,Fashion World,Both,CUS00206,Retail,Hat,ACC007,Accessories,CAT003,700,45,31500,2205,29295,585.9,0,878.85,2025,November,22,28709.1,0
6/10/2025,SID007,Mahmudul Hasan,INV2506102819,Metro Fashion,Female,CUS00149,Corporate,Hair Serum,COS006,Cosmetics,CAT002,1200,43,51600,5160,46440,928.8,13932,1393.2,2025,June,10,45511.2,13932
8/1/2025,SID009,Shuvo Das,INV2508102820,Nova Cosmetics,Male,CUS00323,Retail,Face Mask,COS020,Cosmetics,CAT002,600,92,55200,1656,53544,0,0,1606.32,2025,August,1,53544,0
5/26/2026,SID008,Arif Hossain,INV2605102821,Glow & Shine,Female,CUS00274,Online,Hair Spray,COS029,Cosmetics,CAT002,450,30,13500,945,12555,627.75,0,376.65,2026,May,26,11927.25,0
6/26/2025,SID012,Abdullah Al Mamun,INV2506102822,Dream Fashion,Male,CUS00005,Online,Makeup Remover,COS015,Cosmetics,CAT002,550,77,42350,0,42350,0,8470,1270.5,2025,June,26,42350,8470
11/24/2026,SID004,Abdullah Al Mamun,INV2611102823,Apex Fashion,Female,CUST061,Walk In,Body Mist,COS037,Cosmetics,CAT002,450,22,9900,297,9603,0,0,288.09,2026,November,24,9603,0
8/18/2026,SID008,Tanvir Islam,INV2608102824,Perfect Beauty,Both,CUS00151,Retail,Body Lotion,COS004,Cosmetics,CAT002,650,71,46150,2307.5,43842.5,0,0,1315.27,2026,August,18,43842.5,0
2/7/2026,SID018,Jannatul Ferdous,INV2602102825,Star Fashion,Both,CUS00036,Online,Hand Sanitizer,HYG001,Hygiene Products,CAT004,250,62,15500,0,15500,0,3100,465,2026,February,7,15500,3100
9/23/2025,SID002,Bonna Akter,INV2509102826,Star Fashion,Female,CUS00112,Corporate,Keychain,ACC015,Accessories,CAT003,300,14,4200,210,3990,199.5,0,119.7,2025,September,23,3790.5,0
2/3/2025,SID011,Arif Hossain,INV2502102827,Golden Fashion,Female,CUS00098,Online,Nail Polish,COS013,Cosmetics,CAT002,400,87,34800,0,34800,696,6960,1044,2025,February,3,34104,6960
2/27/2026,SID014,Tanvir Islam,INV2602102828,Glamour House,Female,CUS00162,Corporate,Body Mist,COS037,Cosmetics,CAT002,450,91,40950,1228.5,39721.5,794.43,7944.3,1191.64,2026,February,27,38927.07,7944.3
8/6/2025,SID015,Sadia Afrin,INV2508102829,Golden Fashion,Both,CUS00453,Retail,Women's Leggings,APP012,Fashion Apparel,CAT001,1300,97,126100,3783,122317,2446.34,36695.1,3669.51,2025,August,6,119870.66,36695.1
1/6/2025,SID018,Arif Hossain,INV2501102830,Premium Beauty,Both,CUS00220,Distributor,Nail Polish,COS013,Cosmetics,CAT002,400,80,32000,1600,30400,1520,6080,912,2025,January,6,28880,6080
3/6/2025,SID001,Tanjina Sultana,INV2503102831,Fashion Hub Ltd,Female,CUS00235,Walk In,Women's Saree,APP005,Fashion Apparel,CAT001,3200,22,70400,0,70400,1408,14080,2112,2025,March,6,68992,14080
6/27/2025,SID019,Rakib Hasan,INV2506102832,Wonder Collection,Female,CUS00201,Distributor,Feminine Wash,HYG010,Hygiene Products,CAT004,400,80,32000,2240,29760,1488,8928,892.8,2025,June,27,28272,8928
6/25/2026,SID018,Bonna Akter,INV2606102833,Elite Fashion,Both,CUS00380,Distributor,Baby Wipes,HYG011,Hygiene Products,CAT004,250,24,6000,300,5700,285,1140,171,2026,June,25,5415,1140
3/27/2025,SID009,Mehedi Hasan,INV2503102834,Blue Sky Fashion,Both,CUST014,Online,Hair Spray,COS029,Cosmetics,CAT002,450,20,9000,0,9000,180,2700,270,2025,March,27,8820,2700
4/15/2026,SID015,Nusrat Jahan,INV2604102835,Global Apparel,Male,CUS00455,Corporate,Foot Care Cream,HYG014,Hygiene Products,CAT004,300,41,12300,369,11931,596.55,3579.3,357.93,2026,April,15,11334.45,3579.3
6/12/2026,SID012,Mehedi Hasan,INV2606102836,Pink Beauty,Both,CUS00446,Online,Scarf,ACC006,Accessories,CAT003,900,38,34200,1710,32490,1624.5,9747,974.7,2026,June,12,30865.5,9747
11/11/2026,SID007,Sharmin Akter,INV2611102837,Beauty Express,Male,CUST002,Online,Sanitary Napkins,HYG004,Hygiene Products,CAT004,350,71,24850,1242.5,23607.5,0,0,708.23,2026,November,11,23607.5,0
2/24/2026,SID004,Sabbir Ahmed,INV2602102838,Urban Style,Male,CUS00381,Online,Body Mist,COS037,Cosmetics,CAT002,450,11,4950,346.5,4603.5,92.07,920.7,138.1,2026,February,24,4511.43,920.7
9/25/2026,SID008,Abdullah Al Mamun,INV2609102839,Fashion World,Male,CUS00488,Walk In,Underarm Whitening Cream,HYG015,Hygiene Products,CAT004,500,11,5500,550,4950,99,1485,148.5,2026,September,25,4851,1485
10/13/2026,SID016,Bonna Akter,INV2610102840,Dream Fashion,Both,CUS00162,Walk In,Lipstick,COS002,Cosmetics,CAT002,850,28,23800,2380,21420,428.4,6426,642.6,2026,October,13,20991.6,6426
6/27/2025,SID012,Shakil Khan,INV2506102841,Style Corner,Male,CUS00460,Distributor,Women's Kurti,APP004,Fashion Apparel,CAT001,1800,31,55800,5580,50220,1004.4,15066,1506.6,2025,June,27,49215.6,15066
8/3/2026,SID001,Nusrat Jahan,INV2608102842,Urban Trends,Both,CUS00249,Distributor,Jewelry Set,ACC009,Accessories,CAT003,4500,68,306000,21420,284580,5691.6,56916,8537.4,2026,August,3,278888.4,56916
7/26/2025,SID016,Sharmin Akter,INV2507102843,Royal Style,Female,CUS00035,Online,Hair Color,COS012,Cosmetics,CAT002,1500,10,15000,1050,13950,279,2790,418.5,2025,July,26,13671,2790
2/24/2026,SID020,Abdullah Al Mamun,INV2602102844,Elite Collection,Male,CUS00316,Walk In,Handbag,ACC001,Accessories,CAT003,3500,67,234500,0,234500,4690,70350,7035,2026,February,24,229810,70350
4/15/2026,SID020,Sharmin Akter,INV2604102845,Moonlight Cosmetics,Female,CUS00457,Corporate,Condom,COS036,Cosmetics,CAT002,300,75,22500,675,21825,436.5,0,654.75,2026,April,15,21388.5,0
10/1/2026,SID010,Sabbir Ahmed,INV2610102846,Trendy Boutique,Both,CUS00302,Walk In,Foot Care Cream,HYG014,Hygiene Products,CAT004,300,98,29400,2058,27342,546.84,0,820.26,2026,October,1,26795.16,0
5/24/2025,SID015,Tasnia Rahman,INV2505102847,Fashion Hub Ltd,Both,CUS00468,Online,Hair Straightener,COS035,Cosmetics,CAT002,3500,82,287000,14350,272650,0,0,8179.5,2025,May,24,272650,0
4/7/2025,SID011,Rashedul Islam,INV2504102848,Elite Collection,Both,CUS00483,Distributor,Beard Oil,COS010,Cosmetics,CAT002,900,51,45900,1377,44523,890.46,8904.6,1335.69,2025,April,7,43632.54,8904.6
10/24/2026,SID008,Sabbir Ahmed,INV2610102849,Elegant Boutique,Male,CUS00140,Walk In,Nail Polish,COS013,Cosmetics,CAT002,400,75,30000,1500,28500,1425,0,855,2026,October,24,27075,0
1/17/2025,SID013,Shuvo Das,INV2501102850,Urban Avenue,Both,CUS00051,Online,Hair Conditioner,COS032,Cosmetics,CAT002,750,94,70500,0,70500,0,21150,2115,2025,January,17,70500,21150
8/4/2025,SID013,Sabbir Ahmed,INV2508102851,Beauty World,Male,CUST010,Distributor,Shampoo,COS005,Cosmetics,CAT002,700,71,49700,4970,44730,0,0,1341.9,2025,August,4,44730,0
10/10/2025,SID001,Siam Ahmed,INV2510102852,Diamond Cosmetics,Both,CUS00354,Distributor,Shaving Cream,COS021,Cosmetics,CAT002,350,99,34650,3465,31185,1559.25,9355.5,935.55,2025,October,10,29625.75,9355.5
3/4/2026,SID002,Nayeem Hasan,INV2603102853,Star Fashion,Male,CUS00376,Corporate,Umbrella,ACC014,Accessories,CAT003,1200,24,28800,0,28800,576,8640,864,2026,March,4,28224,8640
11/25/2026,SID011,Mehedi Hasan,INV2611102854,Cosmetics Plus,Both,CUS00157,Distributor,Foot Care Cream,COS023,Cosmetics,CAT002,300,66,19800,594,19206,960.3,5761.8,576.18,2026,November,25,18245.7,5761.8
11/29/2025,SID002,Nayeem Hasan,INV2511102855,Cosmetics World,Both,CUS00334,Corporate,Personal Toys,COS041,Cosmetics,CAT002,1500,91,136500,4095,132405,2648.1,26481,3972.15,2025,November,29,129756.9,26481
9/18/2025,SID011,Samira Akter,INV2509102856,Style Corner,Male,CUS00125,Online,Handbag,ACC001,Accessories,CAT003,3500,10,35000,1050,33950,679,6790,1018.5,2025,September,18,33271,6790
7/21/2026,SID007,Imran Hossain,INV2607102857,Fashion Central,Both,CUS00338,Online,Body Oil,COS040,Cosmetics,CAT002,800,86,68800,6880,61920,1238.4,0,1857.6,2026,July,21,60681.6,0
10/5/2025,SID020,Farzana Akter,INV2510102858,Blue Sky Fashion,Both,CUST014,Online,Personal Lubricant,COS039,Cosmetics,CAT002,350,38,13300,0,13300,266,2660,399,2025,October,5,13034,2660
2/15/2026,SID012,Rafiul Karim,INV2602102859,Global Apparel,Male,CUS00181,Walk In,Compact Powder,COS008,Cosmetics,CAT002,800,25,20000,1400,18600,0,3720,558,2026,February,15,18600,3720
11/25/2025,SID008,Shuvo Das,INV2511102860,Nova Cosmetics,Male,CUS00159,Walk In,Face Wash,COS001,Cosmetics,CAT002,450,85,38250,1147.5,37102.5,0,7420.5,1113.08,2025,November,25,37102.5,7420.5
11/15/2025,SID020,Imran Hossain,INV2511102861,Golden Fashion,Both,CUS00275,Online,Keychain,ACC015,Accessories,CAT003,300,78,23400,702,22698,453.96,4539.6,680.94,2025,November,15,22244.04,4539.6
5/31/2025,SID018,Mahmudul Hasan,INV2505102862,Diamond Cosmetics,Female,CUS00213,Corporate,Hair Removal Cream,HYG013,Hygiene Products,CAT004,450,31,13950,697.5,13252.5,662.62,2650.5,397.57,2025,May,31,12589.88,2650.5
9/8/2025,SID007,Sabbir Ahmed,INV2509102863,Unique Collection,Male,CUS00193,Distributor,Toothbrush,HYG006,Hygiene Products,CAT004,150,50,7500,225,7275,0,2182.5,218.25,2025,September,8,7275,2182.5
6/13/2026,SID003,Jannatul Ferdous,INV2606102864,Crystal Cosmetics,Both,CUS00448,Online,Hair Dryer,COS038,Cosmetics,CAT002,4000,94,376000,37600,338400,0,67680,10152,2026,June,13,338400,67680
5/6/2025,SID013,Mahmudul Hasan,INV2505102865,Trendy Shop,Female,CUS00498,Corporate,Underarm Whitening Cream,HYG015,Hygiene Products,CAT004,500,47,23500,705,22795,1139.75,0,683.85,2025,May,6,21655.25,0
12/20/2026,SID009,Rafiul Karim,INV2612102866,Golden Fashion,Female,CUS00443,Corporate,Hair Color,COS012,Cosmetics,CAT002,1500,82,123000,0,123000,2460,24600,3690,2026,December,20,120540,24600
6/8/2026,SID004,Nusrat Jahan,INV2606102867,Glamour Point,Male,CUS00404,Online,Toothpaste,HYG005,Hygiene Products,CAT004,200,93,18600,930,17670,353.4,5301,530.1,2026,June,8,17316.6,5301
9/5/2026,SID002,Imran Hossain,INV2609102868,Beauty Point,Female,CUST066,Corporate,Hair Dryer,COS038,Cosmetics,CAT002,4000,36,144000,14400,129600,6480,38880,3888,2026,September,5,123120,38880
5/9/2025,SID014,Nayeem Hasan,INV2505102869,Metro Fashion,Male,CUS00024,Walk In,Toothbrush,HYG006,Hygiene Products,CAT004,150,73,10950,766.5,10183.5,0,0,305.5,2025,May,9,10183.5,0
11/9/2026,SID013,Tanvir Islam,INV2611102870,Bloom Cosmetics,Female,CUST027,Distributor,Keychain,ACC015,Accessories,CAT003,300,60,18000,1260,16740,334.8,5022,502.2,2026,November,9,16405.2,5022
12/10/2025,SID016,Rafiul Karim,INV2512102871,Infinity Style,Both,CUS00254,Retail,Body Lotion,COS004,Cosmetics,CAT002,650,56,36400,0,36400,0,7280,1092,2025,December,10,36400,7280
11/5/2026,SID012,Shuvo Das,INV2611102872,Royal Cosmetics,Male,CUS00137,Distributor,Body Scrub,COS026,Cosmetics,CAT002,650,24,15600,1092,14508,725.4,0,435.24,2026,November,5,13782.6,0
10/23/2025,SID015,Tanvir Islam,INV2510102873,Beauty Point,Female,CUST066,Corporate,Hat,ACC007,Accessories,CAT003,700,28,19600,1960,17640,882,0,529.2,2025,October,23,16758,0
8/30/2026,SID001,Imran Hossain,INV2608102874,Trendy Boutique,Both,CUS00218,Distributor,Hair Spray,COS029,Cosmetics,CAT002,450,86,38700,1161,37539,750.78,11261.7,1126.17,2026,August,30,36788.22,11261.7
10/25/2026,SID010,Mim Akter,INV2610102875,Urban Trends,Female,CUS00303,Distributor,Disinfectant Spray,HYG003,Hygiene Products,CAT004,400,5,2000,200,1800,0,360,54,2026,October,25,1800,360
6/1/2026,SID013,Rakib Hasan,INV2606102876,Fashion Avenue,Female,CUS00018,Distributor,Hat,ACC007,Accessories,CAT003,700,94,65800,3290,62510,1250.2,0,1875.3,2026,June,1,61259.8,0
4/20/2026,SID019,Arif Hossain,INV2604102877,Global Apparel,Male,CUS00159,Distributor,Deodorant,COS016,Cosmetics,CAT002,450,9,4050,405,3645,0,0,109.35,2026,April,20,3645,0
9/21/2025,SID018,Shuvo Das,INV2509102878,Star Fashion,Male,CUS00221,Corporate,Luggage,ACC013,Accessories,CAT003,8000,50,400000,28000,372000,7440,0,11160,2025,September,21,364560,0
8/24/2025,SID020,Rakib Hasan,INV2508102879,Shine Collection,Male,CUS00482,Online,Umbrella,ACC014,Accessories,CAT003,1200,18,21600,1512,20088,1004.4,6026.4,602.64,2025,August,24,19083.6,6026.4
8/20/2026,SID019,Samira Akter,INV2608102880,Glow & Shine,Female,CUS00179,Distributor,Hat,ACC007,Accessories,CAT003,700,8,5600,392,5208,0,0,156.24,2026,August,20,5208,0
3/4/2025,SID015,Nayeem Hasan,INV2503102881,Unique Collection,Both,CUS00204,Retail,Hair Spray,COS029,Cosmetics,CAT002,450,6,2700,189,2511,50.22,0,75.33,2025,March,4,2460.78,0
2/11/2025,SID003,Imran Hossain,INV2502102882,Classic Beauty,Both,CUST025,Corporate,Face Scrub,COS027,Cosmetics,CAT002,550,52,28600,2002,26598,531.96,5319.6,797.94,2025,February,11,26066.04,5319.6
5/20/2026,SID018,Nusrat Jahan,INV2605102883,Beauty Express,Male,CUST002,Online,Body Butter,COS017,Cosmetics,CAT002,700,33,23100,0,23100,0,4620,693,2026,May,20,23100,4620
1/20/2025,SID017,Bonna Akter,INV2501102884,Elite Fashion,Female,CUS00093,Distributor,Kids T-Shirt,APP007,Fashion Apparel,CAT001,650,58,37700,2639,35061,0,0,1051.83,2025,January,20,35061,0
10/27/2025,SID018,Arif Hossain,INV2510102885,Beauty Express,Male,CUST002,Online,Face Mask,HYG002,Hygiene Products,CAT004,150,20,3000,150,2850,142.5,0,85.5,2025,October,27,2707.5,0
12/15/2025,SID014,Nusrat Jahan,INV2512102886,Rainbow Apparel,Female,CUS00235,Online,Body Wash,COS030,Cosmetics,CAT002,600,88,52800,5280,47520,2376,0,1425.6,2025,December,15,45144,0
12/7/2026,SID013,Mehedi Hasan,INV2612102887,Chic Collection,Male,CUST050,Online,Umbrella,ACC014,Accessories,CAT003,1200,59,70800,7080,63720,3186,19116,1911.6,2026,December,7,60534,19116
7/15/2026,SID003,Nayeem Hasan,INV2607102888,Beauty Point,Female,CUST066,Corporate,Men Polo Shirt,APP002,Fashion Apparel,CAT001,1100,63,69300,2079,67221,0,13444.2,2016.63,2026,July,15,67221,13444.2
11/11/2026,SID002,Nusrat Jahan,INV2611102889,Global Apparel,Male,CUS00027,Walk In,Underarm Whitening Cream,COS024,Cosmetics,CAT002,500,20,10000,1000,9000,450,0,270,2026,November,11,8550,0
3/31/2026,SID012,Arif Hossain,INV2603102890,Glamour House,Female,CUS00468,Online,Sanitary Napkins,HYG004,Hygiene Products,CAT004,350,70,24500,1715,22785,455.7,0,683.55,2026,March,31,22329.3,0
4/18/2025,SID005,Mim Akter,INV2504102891,Fashion Plus,Male,CUS00323,Retail,Body Oil,COS040,Cosmetics,CAT002,800,70,56000,1680,54320,2716,16296,1629.6,2025,April,18,51604,16296
12/22/2025,SID008,Sabbir Ahmed,INV2512102892,Lily Boutique,Both,CUS00497,Retail,Toothpaste,HYG005,Hygiene Products,CAT004,200,27,5400,540,4860,97.2,0,145.8,2025,December,22,4762.8,0
5/12/2025,SID005,Mahmudul Hasan,INV2505102893,Grace Boutique,Both,CUS00218,Retail,Women's Nightwear,APP014,Fashion Apparel,CAT001,800,59,47200,3304,43896,877.92,0,1316.88,2025,May,12,43018.08,0
6/16/2025,SID013,Shakil Khan,INV2506102894,Urban Beauty,Male,CUS00286,Walk In,Sunscreen,COS009,Cosmetics,CAT002,1150,29,33350,0,33350,667,6670,1000.5,2025,June,16,32683,6670
6/30/2025,SID005,Tanjina Sultana,INV2506102895,Rainbow Apparel,Both,CUS00413,Walk In,Mouthwash,HYG007,Hygiene Products,CAT004,300,10,3000,0,3000,150,900,90,2025,June,30,2850,900
1/15/2025,SID020,Mehedi Hasan,INV2501102896,Royal Cosmetics,Both,CUS00421,Retail,Feminine Wash,COS022,Cosmetics,CAT002,400,93,37200,2604,34596,691.92,0,1037.88,2025,January,15,33904.08,0
4/21/2026,SID017,Samira Akter,INV2604102897,Elegant Boutique,Male,CUS00250,Walk In,Face Mask,COS020,Cosmetics,CAT002,600,76,45600,0,45600,0,9120,1368,2026,April,21,45600,9120
1/24/2026,SID012,Arif Hossain,INV2601102898,New Era Fashion,Male,CUS00046,Walk In,Hair Removal Cream,HYG013,Hygiene Products,CAT004,450,41,18450,553.5,17896.5,357.93,3579.3,536.89,2026,January,24,17538.57,3579.3
1/4/2025,SID018,Shakil Khan,INV2501102899,Metro Fashion,Male,CUS00399,Online,Men's Nightwear,APP015,Fashion Apparel,CAT001,850,84,71400,0,71400,0,21420,2142,2025,January,4,71400,21420
1/17/2025,SID002,Rakib Hasan,INV2501102900,Fashion World,Both,CUS00102,Retail,Face Mask,COS020,Cosmetics,CAT002,600,41,24600,738,23862,477.24,0,715.86,2025,January,17,23384.76,0
3/4/2025,SID009,Tanjina Sultana,INV2503102901,Fashion Plus,Both,CUS00325,Walk In,Kids Dress,APP008,Fashion Apparel,CAT001,950,62,58900,5890,53010,1060.2,10602,1590.3,2025,March,4,51949.8,10602
3/28/2026,SID007,Abdullah Al Mamun,INV2603102902,Royal Style,Female,CUS00049,Distributor,Body Lotion,COS004,Cosmetics,CAT002,650,70,45500,0,45500,0,13650,1365,2026,March,28,45500,13650
3/4/2025,SID010,Sharmin Akter,INV2503102903,Trendy Boutique,Female,CUS00414,Distributor,Women's Kurti,APP004,Fashion Apparel,CAT001,1800,84,151200,10584,140616,2812.32,0,4218.48,2025,March,4,137803.68,0
4/2/2026,SID008,Mehedi Hasan,INV2604102904,Style World,Female,CUS00257,Walk In,Body Mist,COS037,Cosmetics,CAT002,450,15,6750,675,6075,121.5,1822.5,182.25,2026,April,2,5953.5,1822.5
5/6/2026,SID014,Mim Akter,INV2605102905,Bloom Cosmetics,Female,CUST027,Distributor,Hair Straightener,COS035,Cosmetics,CAT002,3500,29,101500,5075,96425,4821.25,28927.5,2892.75,2026,May,6,91603.75,28927.5
1/17/2025,SID006,Rakib Hasan,INV2501102906,Beauty Express,Male,CUST002,Online,Hair Removal Cream,COS025,Cosmetics,CAT002,450,31,13950,976.5,12973.5,648.68,3892.05,389.2,2025,January,17,12324.82,3892.05
10/31/2026,SID004,Jannatul Ferdous,INV2610102907,Shine Collection,Both,CUS00361,Retail,Shaving Cream,HYG009,Hygiene Products,CAT004,350,67,23450,0,23450,469,7035,703.5,2026,October,31,22981,7035
12/22/2026,SID003,Sabbir Ahmed,INV2612102908,Luxury Apparel,Male,CUS00115,Online,Hair Removal Cream,HYG013,Hygiene Products,CAT004,450,17,7650,0,7650,0,0,229.5,2026,December,22,7650,0
6/10/2025,SID020,Tanjina Sultana,INV2506102909,NextGen Fashion,Both,CUS00033,Distributor,Wallet,ACC002,Accessories,CAT003,1200,92,110400,3312,107088,2141.76,32126.4,3212.64,2025,June,10,104946.24,32126.4
6/11/2026,SID013,Farzana Akter,INV2606102910,Golden Fashion,Female,CUS00007,Retail,Women's Nightwear,APP014,Fashion Apparel,CAT001,800,61,48800,0,48800,2440,14640,1464,2026,June,11,46360,14640
8/8/2025,SID012,Siam Ahmed,INV2508102911,Fashion Point,Male,CUS00382,Walk In,Shampoo,COS005,Cosmetics,CAT002,700,18,12600,882,11718,585.9,0,351.54,2025,August,8,11132.1,0
1/15/2025,SID015,Rafiul Karim,INV2501102912,Apex Fashion,Female,CUST061,Online,Hand Sanitizer,HYG001,Hygiene Products,CAT004,250,37,9250,277.5,8972.5,179.45,0,269.18,2025,January,15,8793.05,0
5/20/2026,SID017,Farzana Akter,INV2605102913,Blue Sky Fashion,Both,CUST014,Online,Underarm Whitening Cream,COS024,Cosmetics,CAT002,500,99,49500,4950,44550,891,13365,1336.5,2026,May,20,43659,13365
12/26/2025,SID006,Abdullah Al Mamun,INV2512102914,Glamour Point,Female,CUS00084,Walk In,Bra & Panty Set,APP013,Fashion Apparel,CAT001,900,79,71100,2133,68967,3448.35,20690.1,2069.01,2025,December,26,65518.65,20690.1
12/23/2026,SID019,Rafiul Karim,INV2612102915,Iconic Fashion,Female,CUS00361,Distributor,Belt,ACC003,Accessories,CAT003,800,71,56800,2840,53960,0,0,1618.8,2026,December,23,53960,0
12/17/2026,SID004,Sabbir Ahmed,INV2612102916,Signature Fashion,Male,CUS00439,Corporate,Hair Removal Cream,COS025,Cosmetics,CAT002,450,73,32850,985.5,31864.5,0,6372.9,955.93,2026,December,17,31864.5,6372.9
5/15/2026,SID002,Tanvir Islam,INV2605102917,Apex Fashion,Female,CUST061,Retail,Umbrella,ACC014,Accessories,CAT003,1200,90,108000,10800,97200,0,29160,2916,2026,May,15,97200,29160
5/18/2025,SID017,Abdullah Al Mamun,INV2505102918,Luxury Apparel,Female,CUS00196,Online,Hair Straightener,COS035,Cosmetics,CAT002,3500,44,154000,15400,138600,2772,27720,4158,2025,May,18,135828,27720
1/25/2025,SID013,Nusrat Jahan,INV2501102919,Glamour House,Female,CUS00175,Online,Face Serum,COS014,Cosmetics,CAT002,1300,50,65000,0,65000,3250,0,1950,2025,January,25,61750,0
4/22/2026,SID019,Sharmin Akter,INV2604102920,Fashion Gallery,Female,CUS00319,Walk In,Bra & Panty Set,APP013,Fashion Apparel,CAT001,900,64,57600,4032,53568,1071.36,16070.4,1607.04,2026,April,22,52496.64,16070.4
11/5/2026,SID020,Sabbir Ahmed,INV2611102921,Wonder Collection,Female,CUS00069,Retail,Face Scrub,COS027,Cosmetics,CAT002,550,77,42350,2964.5,39385.5,0,11815.65,1181.57,2026,November,5,39385.5,11815.65
11/20/2026,SID018,Farzana Akter,INV2611102922,Modern Boutique,Female,CUS00128,Distributor,Hoodie,APP009,Fashion Apparel,CAT001,2500,41,102500,3075,99425,4971.25,19885,2982.75,2026,November,20,94453.75,19885
7/20/2026,SID011,Mehedi Hasan,INV2607102923,Urban Beauty,Female,CUS00234,Walk In,Toothbrush,HYG006,Hygiene Products,CAT004,150,64,9600,288,9312,186.24,2793.6,279.36,2026,July,20,9125.76,2793.6
9/18/2025,SID018,Abdullah Al Mamun,INV2509102924,Fashion Hub Ltd,Male,CUS00004,Distributor,Keychain,ACC015,Accessories,CAT003,300,15,4500,450,4050,0,1215,121.5,2025,September,18,4050,1215
10/28/2025,SID015,Siam Ahmed,INV2510102925,Urban Avenue,Both,CUS00352,Walk In,Hoodie,APP009,Fashion Apparel,CAT001,2500,81,202500,14175,188325,0,56497.5,5649.75,2025,October,28,188325,56497.5
12/6/2026,SID017,Samira Akter,INV2612102926,Elite Fashion,Both,CUS00315,Online,Nail Polish,COS013,Cosmetics,CAT002,400,56,22400,2240,20160,0,4032,604.8,2026,December,6,20160,4032
2/13/2025,SID002,Rashedul Islam,INV2502102927,Fashion Plus,Male,CUS00414,Distributor,Hair Spray,COS029,Cosmetics,CAT002,450,50,22500,2250,20250,405,4050,607.5,2025,February,13,19845,4050
10/2/2026,SID010,Shakil Khan,INV2610102928,Modern Style,Female,CUS00368,Corporate,Deodorant,COS016,Cosmetics,CAT002,450,69,31050,2173.5,28876.5,577.53,5775.3,866.29,2026,October,2,28298.97,5775.3
11/9/2026,SID017,Tanvir Islam,INV2611102929,Glamour Point,Both,CUS00439,Retail,Body Oil,COS040,Cosmetics,CAT002,800,83,66400,0,66400,3320,0,1992,2026,November,9,63080,0
9/30/2026,SID014,Arif Hossain,INV2609102930,Style Corner,Female,CUS00455,Walk In,Nail Polish,COS013,Cosmetics,CAT002,400,50,20000,600,19400,388,3880,582,2026,September,30,19012,3880
5/29/2025,SID017,Mim Akter,INV2505102931,Beauty Point,Female,CUST066,Corporate,Hair Removal Cream,COS025,Cosmetics,CAT002,450,17,7650,229.5,7420.5,148.41,0,222.61,2025,May,29,7272.09,0
5/23/2026,SID019,Rakib Hasan,INV2605102932,New Era Fashion,Both,CUS00247,Walk In,Deodorant,HYG008,Hygiene Products,CAT004,450,50,22500,675,21825,436.5,0,654.75,2026,May,23,21388.5,0
10/27/2026,SID008,Siam Ahmed,INV2610102933,Trendy Boutique,Female,CUS00307,Online,Jewelry Set,ACC009,Accessories,CAT003,4500,78,351000,17550,333450,6669,0,10003.5,2026,October,27,326781,0
11/3/2025,SID009,Imran Hossain,INV2511102934,Beauty Express,Male,CUST002,Online,Men Shirt,APP017,Fashion Apparel,CAT001,1600,96,153600,7680,145920,2918.4,29184,4377.6,2025,November,3,143001.6,29184
8/21/2026,SID017,Tanjina Sultana,INV2608102935,Style World,Male,CUS00054,Retail,Watch,ACC005,Accessories,CAT003,5000,34,170000,0,170000,8500,0,5100,2026,August,21,161500,0
5/20/2025,SID015,Siam Ahmed,INV2505102936,Fashion Express,Both,CUS00389,Online,Backpack,ACC012,Accessories,CAT003,3000,87,261000,26100,234900,0,70470,7047,2025,May,20,234900,70470
11/28/2026,SID019,Abdullah Al Mamun,INV2611102937,Trendy Boutique,Both,CUS00193,Walk In,Body Wash,COS030,Cosmetics,CAT002,600,81,48600,4860,43740,874.8,8748,1312.2,2026,November,28,42865.2,8748
4/20/2025,SID017,Rashedul Islam,INV2504102938,Elite Fashion,Female,CUS00382,Retail,Sunscreen,COS009,Cosmetics,CAT002,1150,20,23000,0,23000,1150,6900,690,2025,April,20,21850,6900
3/10/2026,SID009,Abdullah Al Mamun,INV2603102939,Modern Boutique,Male,CUS00049,Distributor,Hair Mask,COS018,Cosmetics,CAT002,1100,76,83600,8360,75240,3762,15048,2257.2,2026,March,10,71478,15048
2/15/2026,SID017,Arif Hossain,INV2602102940,Diamond Cosmetics,Female,CUS00426,Retail,Sanitary Napkins,HYG004,Hygiene Products,CAT004,350,82,28700,1435,27265,545.3,8179.5,817.95,2026,February,15,26719.7,8179.5
6/27/2026,SID001,Siam Ahmed,INV2606102941,Beauty Avenue,Female,CUST049,Distributor,Jewelry Set,ACC009,Accessories,CAT003,4500,30,135000,0,135000,6750,40500,4050,2026,June,27,128250,40500
10/14/2025,SID015,Nayeem Hasan,INV2510102942,Glamour House,Male,CUS00482,Corporate,Body Wash,COS030,Cosmetics,CAT002,600,18,10800,324,10476,0,2095.2,314.28,2025,October,14,10476,2095.2
11/21/2025,SID016,Abdullah Al Mamun,INV2511102943,Classic Apparel,Female,CUST003,Walk In,Hand Sanitizer,HYG001,Hygiene Products,CAT004,250,9,2250,112.5,2137.5,42.75,0,64.12,2025,November,21,2094.75,0
9/24/2026,SID006,Rafiul Karim,INV2609102944,Fashion World,Male,CUS00183,Distributor,Body Oil,COS040,Cosmetics,CAT002,800,53,42400,0,42400,848,8480,1272,2026,September,24,41552,8480
2/10/2025,SID005,Rafiul Karim,INV2502102945,Rainbow Apparel,Both,CUS00315,Retail,Hair Gel,COS028,Cosmetics,CAT002,400,80,32000,960,31040,0,0,931.2,2025,February,10,31040,0
9/7/2025,SID005,Shuvo Das,INV2509102946,Urban Beauty,Male,CUS00069,Distributor,Scarf,ACC006,Accessories,CAT003,900,18,16200,1134,15066,0,4519.8,451.98,2025,September,7,15066,4519.8
8/12/2025,SID017,Sadia Afrin,INV2508102947,Diamond Cosmetics,Both,CUS00322,Walk In,Shaving Cream,HYG009,Hygiene Products,CAT004,350,34,11900,595,11305,565.25,0,339.15,2025,August,12,10739.75,0
8/8/2025,SID003,Bonna Akter,INV2508102948,Fashion Express,Male,CUS00277,Online,Underarm Whitening Cream,HYG015,Hygiene Products,CAT004,500,44,22000,1100,20900,0,4180,627,2025,August,8,20900,4180
5/18/2026,SID006,Samira Akter,INV2605102949,Wonder Collection,Both,CUS00362,Distributor,Kids Dress,APP008,Fashion Apparel,CAT001,950,100,95000,4750,90250,1805,0,2707.5,2026,May,18,88445,0
8/20/2025,SID018,Farzana Akter,INV2508102950,Elite Fashion,Both,CUS00281,Distributor,Shaving Cream,HYG009,Hygiene Products,CAT004,350,79,27650,1382.5,26267.5,1313.38,7880.25,788.02,2025,August,20,24954.12,7880.25
10/9/2025,SID009,Nayeem Hasan,INV2510102951,Smart Beauty,Female,CUS00202,Retail,Body Butter,COS017,Cosmetics,CAT002,700,26,18200,910,17290,345.8,0,518.7,2025,October,9,16944.2,0
8/28/2026,SID001,Rashedul Islam,INV2608102952,Premium Beauty,Male,CUS00114,Retail,Umbrella,ACC014,Accessories,CAT003,1200,32,38400,2688,35712,1785.6,10713.6,1071.36,2026,August,28,33926.4,10713.6
3/8/2025,SID014,Arif Hossain,INV2503102953,Fashion Avenue,Male,CUS00248,Walk In,Personal Lubricant,COS039,Cosmetics,CAT002,350,74,25900,1813,24087,0,7226.1,722.61,2025,March,8,24087,7226.1
4/15/2026,SID010,Sadia Afrin,INV2604102954,Cosmetics Central,Female,CUST058,Distributor,Face Wash,COS001,Cosmetics,CAT002,450,48,21600,648,20952,1047.6,4190.4,628.56,2026,April,15,19904.4,4190.4
7/8/2025,SID001,Tanvir Islam,INV2507102955,Elegant Boutique,Both,CUS00228,Online,Baby Wipes,HYG011,Hygiene Products,CAT004,250,52,13000,1300,11700,234,0,351,2025,July,8,11466,0
4/4/2026,SID006,Tanvir Islam,INV2604102956,New Era Fashion,Male,CUS00448,Distributor,Aftershave,COS019,Cosmetics,CAT002,800,50,40000,0,40000,800,12000,1200,2026,April,4,39200,12000
5/4/2026,SID005,Arif Hossain,INV2605102957,Fashion Plus,Female,CUS00170,Online,Sunscreen,COS009,Cosmetics,CAT002,1150,41,47150,2357.5,44792.5,2239.62,0,1343.77,2026,May,4,42552.88,0
9/24/2026,SID011,Shakil Khan,INV2609102958,Trendy Shop,Male,CUS00437,Retail,Women's Top,APP006,Fashion Apparel,CAT001,1200,56,67200,3360,63840,0,19152,1915.2,2026,September,24,63840,19152
1/21/2026,SID019,Mim Akter,INV2601102959,Lily Boutique,Female,CUS00375,Walk In,Nail Polish,COS013,Cosmetics,CAT002,400,96,38400,1152,37248,744.96,7449.6,1117.44,2026,January,21,36503.04,7449.6
3/24/2025,SID004,Sadia Afrin,INV2503102960,Classic Beauty,Both,CUST025,Corporate,Hair Conditioner,COS032,Cosmetics,CAT002,750,38,28500,0,28500,1425,5700,855,2025,March,24,27075,5700
2/13/2025,SID019,Shakil Khan,INV2502102961,Urban Beauty,Male,CUS00495,Walk In,Umbrella,ACC014,Accessories,CAT003,1200,37,44400,0,44400,0,13320,1332,2025,February,13,44400,13320
8/31/2026,SID006,Sadia Afrin,INV2608102962,Diamond Cosmetics,Male,CUS00482,Online,Toothbrush,HYG006,Hygiene Products,CAT004,150,37,5550,277.5,5272.5,0,0,158.17,2026,August,31,5272.5,0
12/1/2026,SID004,Nayeem Hasan,INV2612102963,Cosmetics World,Female,CUS00034,Online,Feminine Wash,HYG010,Hygiene Products,CAT004,400,11,4400,132,4268,213.4,1280.4,128.04,2026,December,1,4054.6,1280.4
1/27/2026,SID006,Sharmin Akter,INV2601102964,Classic Apparel,Female,CUST003,Walk In,Hair Serum,COS006,Cosmetics,CAT002,1200,91,109200,10920,98280,4914,0,2948.4,2026,January,27,93366,0
2/27/2025,SID009,Tasnia Rahman,INV2502102965,Unique Collection,Both,CUS00034,Distributor,Keychain,ACC015,Accessories,CAT003,300,91,27300,1911,25389,507.78,0,761.67,2025,February,27,24881.22,0
6/14/2025,SID016,Farzana Akter,INV2506102966,Glamour Point,Male,CUS00344,Retail,Women's Kurti,APP004,Fashion Apparel,CAT001,1800,33,59400,2970,56430,0,0,1692.9,2025,June,14,56430,0
6/10/2025,SID018,Arif Hossain,INV2506102967,Modern Boutique,Male,CUS00077,Retail,Personal Lubricant,COS039,Cosmetics,CAT002,350,12,4200,420,3780,189,0,113.4,2025,June,10,3591,0
9/30/2026,SID008,Tasnia Rahman,INV2609102968,Iconic Fashion,Male,CUS00307,Walk In,Shampoo,COS005,Cosmetics,CAT002,700,64,44800,0,44800,2240,13440,1344,2026,September,30,42560,13440
1/2/2025,SID010,Samira Akter,INV2501102969,Prime Collection,Male,CUS00377,Distributor,Hair Accessories,ACC010,Accessories,CAT003,400,69,27600,1380,26220,1311,7866,786.6,2025,January,2,24909,7866
6/23/2025,SID013,Mahmudul Hasan,INV2506102970,Premium Beauty,Both,CUS00127,Online,Face Mask,HYG002,Hygiene Products,CAT004,150,28,4200,294,3906,195.3,781.2,117.18,2025,June,23,3710.7,781.2
10/29/2026,SID006,Mahmudul Hasan,INV2610102971,Lily Boutique,Both,CUS00479,Online,Hand Sanitizer,HYG001,Hygiene Products,CAT004,250,48,12000,840,11160,558,2232,334.8,2026,October,29,10602,2232
3/25/2026,SID004,Samira Akter,INV2603102972,Pink Beauty,Female,CUS00181,Online,Body Wash,COS030,Cosmetics,CAT002,600,57,34200,1026,33174,1658.7,6634.8,995.22,2026,March,25,31515.3,6634.8
10/26/2025,SID006,Mehedi Hasan,INV2510102973,Urban Beauty,Female,CUS00396,Corporate,Sunglasses,ACC004,Accessories,CAT003,1500,46,69000,0,69000,1380,0,2070,2025,October,26,67620,0
1/23/2026,SID010,Sabbir Ahmed,INV2601102974,Elite Fashion,Both,CUS00263,Retail,Footwear,ACC011,Accessories,CAT003,2500,16,40000,1200,38800,0,7760,1164,2026,January,23,38800,7760
1/15/2026,SID011,Nusrat Jahan,INV2601102975,Fashion Plus,Both,CUS00040,Distributor,Women's Leggings,APP012,Fashion Apparel,CAT001,1300,63,81900,2457,79443,0,15888.6,2383.29,2026,January,15,79443,15888.6
11/19/2025,SID002,Jannatul Ferdous,INV2511102976,Urban Beauty,Male,CUS00091,Online,Kids Dress,APP008,Fashion Apparel,CAT001,950,10,9500,950,8550,427.5,1710,256.5,2025,November,19,8122.5,1710
11/23/2026,SID006,Shuvo Das,INV2611102977,New Era Fashion,Female,CUS00234,Corporate,Deodorant,COS016,Cosmetics,CAT002,450,30,13500,405,13095,0,0,392.85,2026,November,23,13095,0
7/17/2025,SID014,Rakib Hasan,INV2507102978,Bloom Cosmetics,Female,CUST027,Distributor,Men's Nightwear,APP015,Fashion Apparel,CAT001,850,85,72250,0,72250,3612.5,0,2167.5,2025,July,17,68637.5,0
8/12/2026,SID009,Mahmudul Hasan,INV2608102979,Beauty World,Male,CUST010,Distributor,Toothbrush,HYG006,Hygiene Products,CAT004,150,34,5100,357,4743,94.86,0,142.29,2026,August,12,4648.14,0
4/25/2025,SID016,Mehedi Hasan,INV2504102980,Lily Boutique,Both,CUS00218,Distributor,Body Wash,COS030,Cosmetics,CAT002,600,95,57000,0,57000,0,17100,1710,2025,April,25,57000,17100
1/15/2026,SID003,Mehedi Hasan,INV2601102981,Classic Apparel,Female,CUST003,Walk In,Nail Polish,COS013,Cosmetics,CAT002,400,19,7600,532,7068,141.36,2120.4,212.04,2026,January,15,6926.64,2120.4
8/25/2026,SID018,Imran Hossain,INV2608102982,Urban Style,Male,CUS00396,Distributor,Toothpaste,HYG005,Hygiene Products,CAT004,200,7,1400,42,1358,67.9,0,40.74,2026,August,25,1290.1,0
6/7/2026,SID001,Mim Akter,INV2606102983,Fashion Gallery,Male,CUS00377,Distributor,Jacket,APP010,Fashion Apparel,CAT001,3800,15,57000,2850,54150,2707.5,0,1624.5,2026,June,7,51442.5,0
6/11/2025,SID005,Sabbir Ahmed,INV2506102984,Elite Fashion,Both,CUS00070,Walk In,Mouthwash,HYG007,Hygiene Products,CAT004,300,75,22500,0,22500,1125,6750,675,2025,June,11,21375,6750
8/21/2026,SID014,Sharmin Akter,INV2608102985,Grace Boutique,Female,CUS00344,Walk In,Diapers,HYG012,Hygiene Products,CAT004,800,97,77600,2328,75272,0,0,2258.16,2026,August,21,75272,0
6/19/2025,SID020,Rafiul Karim,INV2506102986,Dream Fashion,Both,CUS00217,Retail,Compact Powder,COS008,Cosmetics,CAT002,800,85,68000,4760,63240,1264.8,0,1897.2,2025,June,19,61975.2,0
12/26/2025,SID010,Arif Hossain,INV2512102987,Fashion World,Both,CUS00051,Online,Body Scrub,COS026,Cosmetics,CAT002,650,25,16250,0,16250,325,0,487.5,2025,December,26,15925,0
1/29/2026,SID006,Nayeem Hasan,INV2601102988,Fashion Gallery,Male,CUS00053,Walk In,Watch,ACC005,Accessories,CAT003,5000,44,220000,6600,213400,10670,0,6402,2026,January,29,202730,0
10/29/2026,SID008,Shakil Khan,INV2610102989,Fashion World,Male,CUS00139,Distributor,Men's Innerwear,APP016,Fashion Apparel,CAT001,700,76,53200,2660,50540,0,10108,1516.2,2026,October,29,50540,10108
8/30/2026,SID017,Mim Akter,INV2608102990,Fresh Look,Male,CUS00097,Walk In,Women's Skirt,APP011,Fashion Apparel,CAT001,1500,46,69000,2070,66930,1338.6,0,2007.9,2026,August,30,65591.4,0
4/18/2026,SID009,Tasnia Rahman,INV2604102991,Fresh Look,Both,CUS00316,Distributor,Footwear,ACC011,Accessories,CAT003,2500,16,40000,1200,38800,0,0,1164,2026,April,18,38800,0
4/3/2026,SID015,Sadia Afrin,INV2604102992,Cosmetics Plus,Both,CUS00219,Retail,Shaving Cream,HYG009,Hygiene Products,CAT004,350,96,33600,2352,31248,1562.4,9374.4,937.44,2026,April,3,29685.6,9374.4
1/24/2025,SID005,Bonna Akter,INV2501102993,Fashion Avenue,Male,CUS00023,Retail,Hair Accessories,ACC010,Accessories,CAT003,400,50,20000,600,19400,388,3880,582,2025,January,24,19012,3880
1/16/2026,SID020,Siam Ahmed,INV2601102994,Nova Cosmetics,Male,CUS00479,Online,Men T-Shirt,APP001,Fashion Apparel,CAT001,750,74,55500,2775,52725,1054.5,0,1581.75,2026,January,16,51670.5,0
7/18/2025,SID004,Sadia Afrin,INV2507102995,Royal Cosmetics,Male,CUS00295,Retail,Women's Saree,APP005,Fashion Apparel,CAT001,3200,93,297600,29760,267840,0,0,8035.2,2025,July,18,267840,0
11/7/2025,SID011,Sadia Afrin,INV2511102996,Grace Boutique,Male,CUS00491,Walk In,Face Serum,COS014,Cosmetics,CAT002,1300,21,27300,819,26481,529.62,5296.2,794.43,2025,November,7,25951.38,5296.2
6/12/2025,SID008,Tanvir Islam,INV2506102997,Diamond Cosmetics,Female,CUS00132,Corporate,Hair Spray,COS029,Cosmetics,CAT002,450,54,24300,1215,23085,461.7,4617,692.55,2025,June,12,22623.3,4617
10/1/2025,SID003,Rafiul Karim,INV2510102998,Diamond Cosmetics,Both,CUS00389,Online,Shaving Cream,COS021,Cosmetics,CAT002,350,87,30450,0,30450,0,0,913.5,2025,October,1,30450,0
12/5/2026,SID018,Mahmudul Hasan,INV2612102999,Moonlight Cosmetics,Male,CUS00302,Retail,Hair Straightener,COS035,Cosmetics,CAT002,3500,23,80500,8050,72450,1449,0,2173.5,2026,December,5,71001,0
4/21/2025,SID016,Nayeem Hasan,INV2504103000,Elite Collection,Male,CUS00119,Distributor,Backpack,ACC012,Accessories,CAT003,3000,95,285000,19950,265050,5301,79515,7951.5,2025,April,21,259749,79515
12/20/2026,SID007,Nusrat Jahan,INV2612103001,Cosmetics Central,Female,CUST058,Distributor,Personal Lubricant,COS039,Cosmetics,CAT002,350,42,14700,735,13965,0,4189.5,418.95,2026,December,20,13965,4189.5
6/25/2025,SID011,Tanjina Sultana,INV2506103002,Global Apparel,Male,CUS00111,Corporate,Luggage,ACC013,Accessories,CAT003,8000,83,664000,66400,597600,0,119520,17928,2025,June,25,597600,119520
8/31/2026,SID003,Tanjina Sultana,INV2608103003,Chic Collection,Male,CUST050,Online,Face Toner,COS033,Cosmetics,CAT002,500,91,45500,0,45500,2275,9100,1365,2026,August,31,43225,9100
3/17/2026,SID001,Nayeem Hasan,INV2603103004,Beauty World,Male,CUST010,Distributor,Lipstick,COS002,Cosmetics,CAT002,850,6,5100,255,4845,0,1453.5,145.35,2026,March,17,4845,1453.5
8/8/2025,SID009,Arif Hossain,INV2508103005,Fashion Express,Male,CUS00273,Online,Kids Dress,APP008,Fashion Apparel,CAT001,950,66,62700,6270,56430,0,11286,1692.9,2025,August,8,56430,11286
6/1/2026,SID009,Tanvir Islam,INV2606103006,Cosmetics Central,Female,CUST058,Distributor,Bra & Panty Set,APP013,Fashion Apparel,CAT001,900,13,11700,1170,10530,526.5,3159,315.9,2026,June,1,10003.5,3159
7/15/2025,SID014,Siam Ahmed,INV2507103007,Beauty Point,Female,CUST066,Corporate,Makeup Kit,COS034,Cosmetics,CAT002,2500,88,220000,11000,209000,4180,0,6270,2025,July,15,204820,0
5/6/2025,SID016,Tanjina Sultana,INV2505103008,Smart Beauty,Both,CUS00426,Retail,Keychain,ACC015,Accessories,CAT003,300,31,9300,930,8370,418.5,2511,251.1,2025,May,6,7951.5,2511
4/14/2025,SID007,Rakib Hasan,INV2504103009,New Era Fashion,Male,CUS00005,Walk In,Underarm Whitening Cream,HYG015,Hygiene Products,CAT004,500,77,38500,1155,37345,1867.25,7469,1120.35,2025,April,14,35477.75,7469
2/13/2025,SID015,Shuvo Das,INV2502103010,Royal Style,Male,CUS00397,Distributor,Men Shirt,APP017,Fashion Apparel,CAT001,1600,31,49600,3472,46128,922.56,0,1383.84,2025,February,13,45205.44,0
4/27/2025,SID019,Rashedul Islam,INV2504103011,Trendy Shop,Both,CUS00129,Online,Face Wash,COS001,Cosmetics,CAT002,450,44,19800,0,19800,396,3960,594,2025,April,27,19404,3960
12/20/2026,SID014,Samira Akter,INV2612103012,Beauty Avenue,Female,CUST049,Distributor,Sanitary Napkins,HYG004,Hygiene Products,CAT004,350,85,29750,0,29750,1487.5,5950,892.5,2026,December,20,28262.5,5950
7/17/2026,SID008,Shuvo Das,INV2607103013,Trendy Shop,Male,CUS00065,Online,Luggage,ACC013,Accessories,CAT003,8000,44,352000,17600,334400,0,100320,10032,2026,July,17,334400,100320
9/10/2025,SID015,Rafiul Karim,INV2509103014,Fashion Avenue,Both,CUS00057,Walk In,Hand Sanitizer,HYG001,Hygiene Products,CAT004,250,68,17000,1700,15300,306,3060,459,2025,September,10,14994,3060
12/16/2025,SID019,Arif Hossain,INV2512103015,Signature Fashion,Female,CUS00134,Distributor,Hand Sanitizer,HYG001,Hygiene Products,CAT004,250,73,18250,547.5,17702.5,354.05,0,531.07,2025,December,16,17348.45,0
2/15/2026,SID018,Mehedi Hasan,INV2602103016,Premium Beauty,Female,CUS00278,Retail,Luggage,ACC013,Accessories,CAT003,8000,67,536000,37520,498480,24924,149544,14954.4,2026,February,15,473556,149544
8/21/2026,SID012,Shakil Khan,INV2608103017,Beauty Point,Female,CUST066,Corporate,Women's Saree,APP005,Fashion Apparel,CAT001,3200,25,80000,5600,74400,3720,14880,2232,2026,August,21,70680,14880
1/14/2025,SID009,Mehedi Hasan,INV2501103018,Urban Avenue,Female,CUS00212,Corporate,Kids Dress,APP008,Fashion Apparel,CAT001,950,32,30400,912,29488,0,5897.6,884.64,2025,January,14,29488,5897.6
10/21/2025,SID013,Siam Ahmed,INV2510103019,Nova Cosmetics,Male,CUS00044,Online,Men Polo Shirt,APP002,Fashion Apparel,CAT001,1100,69,75900,5313,70587,1411.74,0,2117.61,2025,October,21,69175.26,0
5/25/2025,SID019,Farzana Akter,INV2505103020,Diamond Cosmetics,Both,CUS00084,Corporate,Mouthwash,HYG007,Hygiene Products,CAT004,300,91,27300,2730,24570,1228.5,0,737.1,2025,May,25,23341.5,0
11/24/2026,SID003,Sadia Afrin,INV2611103021,Luxury Apparel,Male,CUS00351,Distributor,Toothpaste,HYG005,Hygiene Products,CAT004,200,28,5600,280,5320,0,0,159.6,2026,November,24,5320,0
10/19/2025,SID008,Tanvir Islam,INV2510103022,Luxury Apparel,Male,CUS00206,Corporate,Face Mask,HYG002,Hygiene Products,CAT004,150,16,2400,0,2400,0,480,72,2025,October,19,2400,480
10/1/2026,SID003,Imran Hossain,INV2610103023,Style Corner,Both,CUS00337,Distributor,Underarm Whitening Cream,HYG015,Hygiene Products,CAT004,500,47,23500,1175,22325,446.5,4465,669.75,2026,October,1,21878.5,4465
5/15/2025,SID020,Imran Hossain,INV2505103024,Urban Style,Female,CUS00365,Corporate,Men Shirt,APP017,Fashion Apparel,CAT001,1600,67,107200,3216,103984,5199.2,0,3119.52,2025,May,15,98784.8,0
2/27/2026,SID020,Tasnia Rahman,INV2602103025,Beauty Avenue,Female,CUST049,Distributor,Face Mask,COS020,Cosmetics,CAT002,600,7,4200,294,3906,78.12,781.2,117.18,2026,February,27,3827.88,781.2
2/1/2025,SID020,Shakil Khan,INV2502103026,Fashion Plus,Male,CUS00428,Corporate,Footwear,ACC011,Accessories,CAT003,2500,12,30000,2100,27900,0,5580,837,2025,February,1,27900,5580
2/25/2026,SID017,Rafiul Karim,INV2602103027,Bloom Cosmetics,Female,CUST027,Distributor,Handbag,ACC001,Accessories,CAT003,3500,84,294000,8820,285180,5703.6,0,8555.4,2026,February,25,279476.4,0
5/30/2025,SID013,Farzana Akter,INV2505103028,Bloom Cosmetics,Female,CUST027,Distributor,Backpack,ACC012,Accessories,CAT003,3000,43,129000,3870,125130,6256.5,0,3753.9,2025,May,30,118873.5,0
4/27/2026,SID003,Mim Akter,INV2604103029,Urban Style,Both,CUS00302,Online,Women's Saree,APP005,Fashion Apparel,CAT001,3200,84,268800,0,268800,0,0,8064,2026,April,27,268800,0
9/14/2025,SID016,Rafiul Karim,INV2509103030,Urban Beauty,Both,CUS00420,Retail,Women's Nightwear,APP014,Fashion Apparel,CAT001,800,83,66400,1992,64408,0,19322.4,1932.24,2025,September,14,64408,19322.4
12/27/2026,SID019,Sadia Afrin,INV2612103031,Infinity Style,Female,CUS00196,Walk In,Handbag,ACC001,Accessories,CAT003,3500,48,168000,5040,162960,8148,48888,4888.8,2026,December,27,154812,48888
5/21/2026,SID020,Farzana Akter,INV2605103032,Fashion Central,Male,CUS00344,Retail,Jewelry Set,ACC009,Accessories,CAT003,4500,25,112500,5625,106875,5343.75,32062.5,3206.25,2026,May,21,101531.25,32062.5
8/1/2025,SID013,Shuvo Das,INV2508103033,Beauty Point,Female,CUST066,Corporate,Body Lotion,COS004,Cosmetics,CAT002,650,60,39000,2730,36270,725.4,10881,1088.1,2025,August,1,35544.6,10881
3/2/2025,SID017,Tanvir Islam,INV2503103034,Crystal Cosmetics,Male,CUS00463,Walk In,Body Scrub,COS026,Cosmetics,CAT002,650,89,57850,4049.5,53800.5,1076.01,10760.1,1614.01,2025,March,2,52724.49,10760.1
4/22/2025,SID009,Mahmudul Hasan,INV2504103035,Unique Collection,Male,CUS00126,Walk In,Personal Toys,COS041,Cosmetics,CAT002,1500,85,127500,3825,123675,2473.5,24735,3710.25,2025,April,22,121201.5,24735
10/22/2025,SID012,Mehedi Hasan,INV2510103036,Perfect Beauty,Male,CUS00296,Walk In,Women's Kurti,APP004,Fashion Apparel,CAT001,1800,80,144000,7200,136800,6840,41040,4104,2025,October,22,129960,41040
10/18/2026,SID019,Shakil Khan,INV2610103037,Fresh Look,Male,CUS00341,Online,Face Mask,HYG002,Hygiene Products,CAT004,150,35,5250,157.5,5092.5,101.85,1527.75,152.78,2026,October,18,4990.65,1527.75
4/22/2025,SID005,Siam Ahmed,INV2504103038,Fashion World,Both,CUS00210,Distributor,Diapers,HYG012,Hygiene Products,CAT004,800,9,7200,504,6696,133.92,2008.8,200.88,2025,April,22,6562.08,2008.8
2/3/2026,SID006,Arif Hossain,INV2602103039,Smart Collection,Male,CUS00153,Distributor,Baby Wipes,HYG011,Hygiene Products,CAT004,250,84,21000,1050,19950,997.5,3990,598.5,2026,February,3,18952.5,3990
4/22/2026,SID016,Abdullah Al Mamun,INV2604103040,Glow & Shine,Both,CUS00262,Distributor,Lipstick,COS002,Cosmetics,CAT002,850,38,32300,0,32300,0,6460,969,2026,April,22,32300,6460
9/14/2026,SID017,Sadia Afrin,INV2609103041,Royal Cosmetics,Male,CUS00073,Walk In,Underarm Whitening Cream,COS024,Cosmetics,CAT002,500,13,6500,650,5850,292.5,1170,175.5,2026,September,14,5557.5,1170
3/18/2026,SID018,Tasnia Rahman,INV2603103042,Signature Fashion,Both,CUS00192,Online,Handbag,ACC001,Accessories,CAT003,3500,90,315000,31500,283500,14175,56700,8505,2026,March,18,269325,56700
9/21/2026,SID019,Samira Akter,INV2609103043,Fashion Hub Ltd,Both,CUS00491,Online,Beard Oil,COS010,Cosmetics,CAT002,900,26,23400,702,22698,453.96,4539.6,680.94,2026,September,21,22244.04,4539.6
12/17/2026,SID020,Rafiul Karim,INV2612103044,Perfect Beauty,Both,CUS00417,Corporate,Face Mask,HYG002,Hygiene Products,CAT004,150,47,7050,705,6345,317.25,1903.5,190.35,2026,December,17,6027.75,1903.5
7/13/2026,SID020,Samira Akter,INV2607103045,Wonder Collection,Female,CUS00476,Retail,Gloves,ACC008,Accessories,CAT003,600,31,18600,1302,17298,864.9,0,518.94,2026,July,13,16433.1,0
9/1/2026,SID003,Shakil Khan,INV2609103046,Fashion Central,Female,CUS00107,Corporate,Men T-Shirt,APP001,Fashion Apparel,CAT001,750,88,66000,1980,64020,0,0,1920.6,2026,September,1,64020,0
4/21/2026,SID005,Siam Ahmed,INV2604103047,Perfect Beauty,Both,CUS00200,Walk In,Personal Lubricant,COS039,Cosmetics,CAT002,350,54,18900,945,17955,359.1,0,538.65,2026,April,21,17595.9,0
7/8/2026,SID012,Tanvir Islam,INV2607103048,Smart Beauty,Female,CUS00425,Distributor,Jewelry Set,ACC009,Accessories,CAT003,4500,49,220500,0,220500,0,44100,6615,2026,July,8,220500,44100
2/9/2025,SID005,Tanjina Sultana,INV2502103049,Elite Fashion,Both,CUS00080,Retail,Men Jeans,APP003,Fashion Apparel,CAT001,2200,53,116600,11660,104940,5247,0,3148.2,2025,February,9,99693,0
12/7/2025,SID014,Rakib Hasan,INV2512103050,Cosmetics Central,Female,CUST058,Distributor,Foot Care Cream,COS023,Cosmetics,CAT002,300,69,20700,621,20079,401.58,4015.8,602.37,2025,December,7,19677.42,4015.8
5/30/2025,SID005,Nusrat Jahan,INV2505103051,Urban Style,Both,CUS00496,Corporate,Footwear,ACC011,Accessories,CAT003,2500,57,142500,7125,135375,2707.5,27075,4061.25,2025,May,30,132667.5,27075
7/20/2026,SID007,Abdullah Al Mamun,INV2607103052,Infinity Style,Male,CUS00318,Online,Kids T-Shirt,APP007,Fashion Apparel,CAT001,650,5,3250,227.5,3022.5,60.45,906.75,90.67,2026,July,20,2962.05,906.75
1/14/2025,SID018,Samira Akter,INV2501103053,Cosmetics Plus,Both,CUS00294,Distributor,Toothbrush,HYG006,Hygiene Products,CAT004,150,5,750,52.5,697.5,13.95,139.5,20.93,2025,January,14,683.55,139.5
5/14/2026,SID020,Sadia Afrin,INV2605103054,Rainbow Apparel,Male,CUS00399,Corporate,Face Serum,COS014,Cosmetics,CAT002,1300,83,107900,3237,104663,0,31398.9,3139.89,2026,May,14,104663,31398.9
12/15/2026,SID018,Abdullah Al Mamun,INV2612103055,Blue Sky Fashion,Both,CUST014,Online,Men Shirt,APP017,Fashion Apparel,CAT001,1600,97,155200,15520,139680,0,41904,4190.4,2026,December,15,139680,41904
7/29/2026,SID016,Abdullah Al Mamun,INV2607103056,Iconic Fashion,Both,CUS00486,Online,Women's Saree,APP005,Fashion Apparel,CAT001,3200,48,153600,15360,138240,2764.8,41472,4147.2,2026,July,29,135475.2,41472
8/29/2025,SID015,Rashedul Islam,INV2508103057,Metro Fashion,Female,CUS00297,Corporate,Mouthwash,HYG007,Hygiene Products,CAT004,300,60,18000,0,18000,900,3600,540,2025,August,29,17100,3600
1/4/2025,SID013,Tasnia Rahman,INV2501103058,Trendy Shop,Both,CUS00464,Walk In,Men's Nightwear,APP015,Fashion Apparel,CAT001,850,46,39100,1955,37145,0,7429,1114.35,2025,January,4,37145,7429
2/23/2026,SID005,Mim Akter,INV2602103059,New Era Fashion,Both,CUS00085,Distributor,Keychain,ACC015,Accessories,CAT003,300,26,7800,390,7410,148.2,1482,222.3,2026,February,23,7261.8,1482
4/17/2026,SID008,Rakib Hasan,INV2604103060,Perfect Beauty,Female,CUS00406,Retail,Women's Saree,APP005,Fashion Apparel,CAT001,3200,55,176000,12320,163680,8184,49104,4910.4,2026,April,17,155496,49104
9/29/2026,SID003,Shakil Khan,INV2609103061,New Era Fashion,Male,CUS00131,Corporate,Body Oil,COS040,Cosmetics,CAT002,800,56,44800,4480,40320,0,8064,1209.6,2026,September,29,40320,8064
5/16/2025,SID016,Shakil Khan,INV2505103062,Cosmo House,Both,CUST055,Distributor,Men Jeans,APP003,Fashion Apparel,CAT001,2200,43,94600,9460,85140,0,25542,2554.2,2025,May,16,85140,25542
2/14/2026,SID017,Rashedul Islam,INV2602103063,Star Fashion,Both,CUS00129,Online,Hair Straightener,COS035,Cosmetics,CAT002,3500,85,297500,20825,276675,13833.75,55335,8300.25,2026,February,14,262841.25,55335
1/12/2025,SID018,Mehedi Hasan,INV2501103064,Beauty Express,Male,CUST002,Online,Wallet,ACC002,Accessories,CAT003,1200,18,21600,1080,20520,0,6156,615.6,2025,January,12,20520,6156
7/24/2026,SID018,Tasnia Rahman,INV2607103065,Global Apparel,Male,CUS00401,Retail,Kids T-Shirt,APP007,Fashion Apparel,CAT001,650,21,13650,955.5,12694.5,634.73,0,380.83,2026,July,24,12059.77,0
7/29/2025,SID010,Sabbir Ahmed,INV2507103066,Fresh Look,Female,CUS00220,Retail,Women's Kurti,APP004,Fashion Apparel,CAT001,1800,31,55800,0,55800,0,11160,1674,2025,July,29,55800,11160
12/16/2025,SID016,Mehedi Hasan,INV2512103067,Style Corner,Male,CUS00239,Corporate,Body Butter,COS017,Cosmetics,CAT002,700,53,37100,1113,35987,0,7197.4,1079.61,2025,December,16,35987,7197.4
6/7/2025,SID003,Shuvo Das,INV2506103068,Trendy Shop,Female,CUS00409,Retail,Feminine Wash,HYG010,Hygiene Products,CAT004,400,64,25600,1792,23808,0,7142.4,714.24,2025,June,7,23808,7142.4
3/31/2026,SID009,Shuvo Das,INV2603103069,Beauty World,Male,CUST010,Distributor,Hair Dryer,COS038,Cosmetics,CAT002,4000,42,168000,16800,151200,3024,0,4536,2026,March,31,148176,0
10/13/2026,SID011,Tasnia Rahman,INV2610103070,Glow & Shine,Female,CUS00214,Distributor,Women's Top,APP006,Fashion Apparel,CAT001,1200,86,103200,0,103200,2064,20640,3096,2026,October,13,101136,20640
7/23/2026,SID015,Siam Ahmed,INV2607103071,Urban Style,Male,CUS00290,Walk In,Diapers,HYG012,Hygiene Products,CAT004,800,88,70400,4928,65472,0,13094.4,1964.16,2026,July,23,65472,13094.4
5/25/2025,SID019,Sharmin Akter,INV2505103072,Wonder Collection,Both,CUS00024,Online,Men's Nightwear,APP015,Fashion Apparel,CAT001,850,67,56950,5695,51255,1025.1,10251,1537.65,2025,May,25,50229.9,10251
3/22/2025,SID012,Rakib Hasan,INV2503103073,Royal Cosmetics,Male,CUS00437,Corporate,Hair Removal Cream,HYG013,Hygiene Products,CAT004,450,99,44550,3118.5,41431.5,828.63,8286.3,1242.94,2025,March,22,40602.87,8286.3
12/4/2026,SID012,Rafiul Karim,INV2612103074,Royal Style,Male,CUS00236,Distributor,Sunscreen,COS009,Cosmetics,CAT002,1150,57,65550,3277.5,62272.5,1245.45,0,1868.17,2026,December,4,61027.05,0
3/26/2026,SID006,Bonna Akter,INV2603103075,Dream Fashion,Both,CUS00350,Online,Kids T-Shirt,APP007,Fashion Apparel,CAT001,650,82,53300,5330,47970,2398.5,14391,1439.1,2026,March,26,45571.5,14391
12/6/2026,SID018,Jannatul Ferdous,INV2612103076,Urban Trends,Female,CUS00055,Retail,Body Mist,COS037,Cosmetics,CAT002,450,10,4500,135,4365,0,0,130.95,2026,December,6,4365,0
2/28/2026,SID006,Tanjina Sultana,INV2602103077,Metro Fashion,Both,CUS00274,Retail,Women's Leggings,APP012,Fashion Apparel,CAT001,1300,11,14300,1001,13299,0,0,398.97,2026,February,28,13299,0
12/10/2026,SID004,Farzana Akter,INV2612103078,Fashion Central,Female,CUS00298,Distributor,Luggage,ACC013,Accessories,CAT003,8000,57,456000,13680,442320,8846.4,88464,13269.6,2026,December,10,433473.6,88464
4/7/2025,SID009,Mahmudul Hasan,INV2504103079,Trendy Shop,Male,CUS00382,Walk In,Men Jeans,APP003,Fashion Apparel,CAT001,2200,94,206800,0,206800,4136,62040,6204,2025,April,7,202664,62040
10/4/2025,SID012,Shakil Khan,INV2510103080,Elegant Boutique,Both,CUS00188,Retail,Sunglasses,ACC004,Accessories,CAT003,1500,30,45000,4500,40500,2025,8100,1215,2025,October,4,38475,8100
11/2/2025,SID001,Sabbir Ahmed,INV2511103081,Iconic Fashion,Male,CUS00333,Online,Face Mask,HYG002,Hygiene Products,CAT004,150,69,10350,724.5,9625.5,481.28,0,288.76,2025,November,2,9144.22,0
8/6/2026,SID019,Rakib Hasan,INV2608103082,Beauty Express,Male,CUST002,Online,Men Shirt,APP017,Fashion Apparel,CAT001,1600,52,83200,4160,79040,3952,0,2371.2,2026,August,6,75088,0
2/17/2026,SID004,Farzana Akter,INV2602103083,Beauty World,Male,CUST010,Distributor,Hair Gel,COS028,Cosmetics,CAT002,400,65,26000,780,25220,1261,5044,756.6,2026,February,17,23959,5044
3/24/2026,SID006,Arif Hossain,INV2603103084,Bloom Cosmetics,Female,CUST027,Distributor,Face Cream,COS007,Cosmetics,CAT002,950,75,71250,0,71250,1425,21375,2137.5,2026,March,24,69825,21375
3/13/2026,SID010,Mim Akter,INV2603103085,Beauty Avenue,Female,CUST049,Distributor,Hoodie,APP009,Fashion Apparel,CAT001,2500,53,132500,13250,119250,0,35775,3577.5,2026,March,13,119250,35775
12/8/2025,SID009,Mehedi Hasan,INV2512103086,Unique Collection,Female,CUS00309,Online,Women's Kurti,APP004,Fashion Apparel,CAT001,1800,11,19800,594,19206,0,5761.8,576.18,2025,December,8,19206,5761.8
9/5/2025,SID003,Bonna Akter,INV2509103087,Signature Fashion,Male,CUS00362,Online,Face Mask,HYG002,Hygiene Products,CAT004,150,30,4500,225,4275,213.75,0,128.25,2025,September,5,4061.25,0
11/29/2026,SID014,Nayeem Hasan,INV2611103088,Fresh Look,Both,CUS00326,Distributor,Face Mask,HYG002,Hygiene Products,CAT004,150,5,750,75,675,0,0,20.25,2026,November,29,675,0
7/19/2025,SID007,Imran Hossain,INV2507103089,Modern Boutique,Female,CUS00364,Walk In,Body Lotion,COS004,Cosmetics,CAT002,650,65,42250,1267.5,40982.5,2049.12,0,1229.47,2025,July,19,38933.38,0
4/3/2026,SID005,Mehedi Hasan,INV2604103090,Fashion Avenue,Male,CUS00019,Online,Condom,COS036,Cosmetics,CAT002,300,31,9300,0,9300,0,2790,279,2026,April,3,9300,2790
5/17/2025,SID010,Mahmudul Hasan,INV2505103091,Fashion Plus,Both,CUS00452,Corporate,Body Lotion,COS004,Cosmetics,CAT002,650,23,14950,1495,13455,269.1,4036.5,403.65,2025,May,17,13185.9,4036.5
1/31/2026,SID012,Samira Akter,INV2601103092,Diamond Cosmetics,Male,CUS00293,Retail,Backpack,ACC012,Accessories,CAT003,3000,17,51000,5100,45900,918,13770,1377,2026,January,31,44982,13770
2/4/2025,SID007,Rafiul Karim,INV2502103093,Dream Fashion,Both,CUS00024,Walk In,Perfume,COS003,Cosmetics,CAT002,2200,64,140800,9856,130944,6547.2,0,3928.32,2025,February,4,124396.8,0
10/31/2025,SID019,Rafiul Karim,INV2510103094,Shine Collection,Both,CUS00355,Online,Perfume,COS003,Cosmetics,CAT002,2200,84,184800,5544,179256,8962.8,0,5377.68,2025,October,31,170293.2,0
4/27/2026,SID003,Tanjina Sultana,INV2604103095,Beauty Express,Male,CUST002,Online,Hair Gel,COS028,Cosmetics,CAT002,400,36,14400,1008,13392,669.6,2678.4,401.76,2026,April,27,12722.4,2678.4
2/4/2026,SID009,Tanvir Islam,INV2602103096,Wonder Collection,Both,CUS00498,Walk In,Lipstick,COS002,Cosmetics,CAT002,850,37,31450,3145,28305,1415.25,0,849.15,2026,February,4,26889.75,0
3/27/2026,SID014,Shakil Khan,INV2603103097,Modern Style,Both,CUS00172,Retail,Nail Polish,COS013,Cosmetics,CAT002,400,92,36800,1840,34960,1748,6992,1048.8,2026,March,27,33212,6992
1/14/2026,SID013,Mehedi Hasan,INV2601103098,Lily Boutique,Both,CUS00148,Retail,Hair Removal Cream,COS025,Cosmetics,CAT002,450,96,43200,0,43200,0,0,1296,2026,January,14,43200,0
8/31/2025,SID010,Mim Akter,INV2508103099,Urban Style,Female,CUS00236,Corporate,Foot Care Cream,COS023,Cosmetics,CAT002,300,50,15000,450,14550,0,2910,436.5,2025,August,31,14550,2910
11/5/2026,SID001,Nayeem Hasan,INV2611103100,New Era Fashion,Female,CUS00212,Distributor,Lipstick,COS002,Cosmetics,CAT002,850,94,79900,0,79900,3995,0,2397,2026,November,5,75905,0
10/27/2025,SID012,Rashedul Islam,INV2510103101,Glow & Shine,Male,CUS00307,Corporate,Handbag,ACC001,Accessories,CAT003,3500,44,154000,0,154000,3080,30800,4620,2025,October,27,150920,30800
7/18/2025,SID012,Imran Hossain,INV2507103102,Fashion Hub Ltd,Male,CUS00208,Online,Sanitary Napkins,HYG004,Hygiene Products,CAT004,350,37,12950,1295,11655,582.75,0,349.65,2025,July,18,11072.25,0
5/25/2025,SID006,Samira Akter,INV2505103103,Elegant Boutique,Female,CUS00229,Walk In,Body Mist,COS037,Cosmetics,CAT002,450,43,19350,0,19350,967.5,5805,580.5,2025,May,25,18382.5,5805
9/5/2026,SID004,Shakil Khan,INV2609103104,Chic Collection,Male,CUST050,Online,Kids T-Shirt,APP007,Fashion Apparel,CAT001,650,59,38350,1917.5,36432.5,728.65,10929.75,1092.97,2026,September,5,35703.85,10929.75
5/23/2025,SID003,Arif Hossain,INV2505103105,Perfect Beauty,Female,CUS00002,Distributor,Watch,ACC005,Accessories,CAT003,5000,77,385000,11550,373450,18672.5,112035,11203.5,2025,May,23,354777.5,112035
10/10/2026,SID003,Sadia Afrin,INV2610103106,Iconic Fashion,Female,CUS00295,Corporate,Toothbrush,HYG006,Hygiene Products,CAT004,150,69,10350,724.5,9625.5,481.28,0,288.76,2026,October,10,9144.22,0
9/7/2025,SID004,Sabbir Ahmed,INV2509103107,Fashion Gallery,Female,CUS00346,Online,Hair Gel,COS028,Cosmetics,CAT002,400,24,9600,672,8928,446.4,1785.6,267.84,2025,September,7,8481.6,1785.6
8/25/2026,SID001,Rafiul Karim,INV2608103108,Crystal Cosmetics,Male,CUS00215,Distributor,Shaving Cream,HYG009,Hygiene Products,CAT004,350,78,27300,1911,25389,507.78,0,761.67,2026,August,25,24881.22,0
4/1/2026,SID016,Shakil Khan,INV2604103109,Urban Beauty,Male,CUS00417,Distributor,Hair Serum,COS006,Cosmetics,CAT002,1200,9,10800,0,10800,0,3240,324,2026,April,1,10800,3240
10/19/2025,SID006,Imran Hossain,INV2510103110,Signature Fashion,Both,CUS00215,Distributor,Deodorant,COS016,Cosmetics,CAT002,450,90,40500,2025,38475,0,11542.5,1154.25,2025,October,19,38475,11542.5
11/19/2026,SID010,Mim Akter,INV2611103111,New Era Fashion,Both,CUS00497,Distributor,Men Jeans,APP003,Fashion Apparel,CAT001,2200,69,151800,7590,144210,0,28842,4326.3,2026,November,19,144210,28842
3/17/2025,SID007,Mim Akter,INV2503103112,Beauty Avenue,Female,CUST049,Distributor,Aftershave,COS019,Cosmetics,CAT002,800,82,65600,3280,62320,0,12464,1869.6,2025,March,17,62320,12464
1/9/2025,SID010,Tanvir Islam,INV2501103113,Elegant Choice,Female,CUS00116,Distributor,Underarm Whitening Cream,COS024,Cosmetics,CAT002,500,64,32000,960,31040,1552,6208,931.2,2025,January,9,29488,6208
5/19/2025,SID014,Rakib Hasan,INV2505103114,Signature Fashion,Both,CUS00232,Distributor,Kids T-Shirt,APP007,Fashion Apparel,CAT001,650,79,51350,2567.5,48782.5,2439.12,0,1463.47,2025,May,19,46343.38,0
12/3/2025,SID003,Mehedi Hasan,INV2512103115,Glamour Point,Male,CUS00346,Retail,Keychain,ACC015,Accessories,CAT003,300,26,7800,234,7566,378.3,1513.2,226.98,2025,December,3,7187.7,1513.2
6/2/2026,SID007,Arif Hossain,INV2606103116,Signature Fashion,Female,CUS00079,Distributor,Nail Polish,COS013,Cosmetics,CAT002,400,88,35200,0,35200,1760,7040,1056,2026,June,2,33440,7040
1/5/2025,SID008,Tanjina Sultana,INV2501103117,Beauty World,Male,CUST010,Distributor,Women's Kurti,APP004,Fashion Apparel,CAT001,1800,81,145800,7290,138510,2770.2,41553,4155.3,2025,January,5,135739.8,41553
12/7/2026,SID007,Rafiul Karim,INV2612103118,Glamour Point,Both,CUS00152,Walk In,Body Scrub,COS026,Cosmetics,CAT002,650,58,37700,0,37700,0,11310,1131,2026,December,7,37700,11310
9/3/2026,SID002,Siam Ahmed,INV2609103119,Grace Boutique,Male,CUS00274,Distributor,Hair Gel,COS028,Cosmetics,CAT002,400,6,2400,0,2400,48,480,72,2026,September,3,2352,480
4/3/2026,SID009,Mim Akter,INV2604103120,Royal Style,Male,CUS00067,Corporate,Face Serum,COS014,Cosmetics,CAT002,1300,58,75400,3770,71630,1432.6,0,2148.9,2026,April,3,70197.4,0
10/13/2026,SID005,Jannatul Ferdous,INV2610103121,Lily Boutique,Both,CUS00499,Retail,Backpack,ACC012,Accessories,CAT003,3000,97,291000,8730,282270,5645.4,84681,8468.1,2026,October,13,276624.6,84681
10/15/2026,SID002,Rashedul Islam,INV2610103122,Classic Apparel,Female,CUST003,Walk In,Hair Mask,COS018,Cosmetics,CAT002,1100,81,89100,4455,84645,1692.9,25393.5,2539.35,2026,October,15,82952.1,25393.5
8/24/2025,SID013,Mahmudul Hasan,INV2508103123,Trendy Shop,Female,CUS00260,Distributor,Diapers,HYG012,Hygiene Products,CAT004,800,5,4000,280,3720,74.4,744,111.6,2025,August,24,3645.6,744
11/25/2026,SID018,Rafiul Karim,INV2611103124,Fashion Gallery,Male,CUS00489,Corporate,Face Serum,COS014,Cosmetics,CAT002,1300,83,107900,0,107900,2158,32370,3237,2026,November,25,105742,32370
9/23/2026,SID009,Shuvo Das,INV2609103125,Smart Collection,Female,CUS00015,Online,Face Scrub,COS027,Cosmetics,CAT002,550,83,45650,2282.5,43367.5,867.35,8673.5,1301.02,2026,September,23,42500.15,8673.5
1/20/2026,SID014,Arif Hossain,INV2601103126,Cosmetics Central,Female,CUST058,Distributor,Men Polo Shirt,APP002,Fashion Apparel,CAT001,1100,22,24200,0,24200,1210,7260,726,2026,January,20,22990,7260
2/12/2025,SID012,Siam Ahmed,INV2502103127,Bloom Cosmetics,Female,CUST027,Distributor,Body Wash,COS030,Cosmetics,CAT002,600,63,37800,3780,34020,1701,6804,1020.6,2025,February,12,32319,6804
10/3/2026,SID003,Jannatul Ferdous,INV2610103128,Smart Collection,Both,CUS00038,Online,Condom,COS036,Cosmetics,CAT002,300,11,3300,165,3135,0,0,94.05,2026,October,3,3135,0
10/11/2026,SID013,Shuvo Das,INV2610103129,Glamour House,Female,CUS00412,Corporate,Underarm Whitening Cream,COS024,Cosmetics,CAT002,500,53,26500,2650,23850,1192.5,7155,715.5,2026,October,11,22657.5,7155
6/11/2025,SID017,Sabbir Ahmed,INV2506103130,Apex Fashion,Female,CUST061,Distributor,Hair Removal Cream,HYG013,Hygiene Products,CAT004,450,36,16200,810,15390,0,4617,461.7,2025,June,11,15390,4617
11/20/2025,SID009,Tanjina Sultana,INV2511103131,Style Corner,Female,CUS00307,Walk In,Jacket,APP010,Fashion Apparel,CAT001,3800,89,338200,16910,321290,16064.5,96387,9638.7,2025,November,20,305225.5,96387
1/17/2026,SID006,Nusrat Jahan,INV2601103132,Trendy Boutique,Female,CUS00054,Distributor,Deodorant,COS016,Cosmetics,CAT002,450,18,8100,405,7695,0,0,230.85,2026,January,17,7695,0
4/21/2026,SID017,Tanvir Islam,INV2604103133,Smart Collection,Female,CUS00270,Retail,Hair Color,COS012,Cosmetics,CAT002,1500,74,111000,0,111000,0,0,3330,2026,April,21,111000,0
8/12/2025,SID019,Rashedul Islam,INV2508103134,Perfect Beauty,Both,CUS00180,Corporate,Shaving Cream,HYG009,Hygiene Products,CAT004,350,11,3850,0,3850,0,1155,115.5,2025,August,12,3850,1155
12/8/2026,SID011,Mim Akter,INV2612103135,Modern Style,Both,CUS00139,Walk In,Belt,ACC003,Accessories,CAT003,800,90,72000,5040,66960,0,0,2008.8,2026,December,8,66960,0
1/12/2025,SID020,Jannatul Ferdous,INV2501103136,New Era Fashion,Male,CUS00465,Walk In,After Sun Lotion,COS031,Cosmetics,CAT002,700,92,64400,6440,57960,1159.2,11592,1738.8,2025,January,12,56800.8,11592
11/14/2026,SID015,Sharmin Akter,INV2611103137,Royal Cosmetics,Female,CUS00046,Retail,Women's Nightwear,APP014,Fashion Apparel,CAT001,800,27,21600,0,21600,432,6480,648,2026,November,14,21168,6480
9/22/2026,SID006,Arif Hossain,INV2609103138,Chic Collection,Male,CUST050,Online,Men Jeans,APP003,Fashion Apparel,CAT001,2200,5,11000,0,11000,550,0,330,2026,September,22,10450,0
2/12/2025,SID009,Mehedi Hasan,INV2502103139,Dream Fashion,Both,CUS00455,Retail,Body Lotion,COS004,Cosmetics,CAT002,650,7,4550,455,4095,81.9,0,122.85,2025,February,12,4013.1,0
4/25/2026,SID006,Rashedul Islam,INV2604103140,Prime Collection,Both,CUS00442,Walk In,Personal Toys,COS041,Cosmetics,CAT002,1500,96,144000,14400,129600,6480,0,3888,2026,April,25,123120,0
5/24/2026,SID009,Tanvir Islam,INV2605103141,Fashion Hub Ltd,Female,CUS00144,Walk In,Hat,ACC007,Accessories,CAT003,700,6,4200,210,3990,0,798,119.7,2026,May,24,3990,798
7/21/2025,SID011,Rafiul Karim,INV2507103142,Elegant Choice,Both,CUS00320,Retail,Personal Lubricant,COS039,Cosmetics,CAT002,350,7,2450,73.5,2376.5,0,712.95,71.3,2025,July,21,2376.5,712.95
6/2/2026,SID006,Tanvir Islam,INV2606103143,Bloom Cosmetics,Female,CUST027,Distributor,Feminine Wash,HYG010,Hygiene Products,CAT004,400,18,7200,360,6840,136.8,1368,205.2,2026,June,2,6703.2,1368
2/11/2025,SID003,Sadia Afrin,INV2502103144,Fashion Central,Female,CUS00034,Retail,Men T-Shirt,APP001,Fashion Apparel,CAT001,750,59,44250,2212.5,42037.5,0,8407.5,1261.12,2025,February,11,42037.5,8407.5
8/15/2026,SID002,Mehedi Hasan,INV2608103145,Elegant Choice,Female,CUS00386,Online,Women's Top,APP006,Fashion Apparel,CAT001,1200,46,55200,1656,53544,1070.88,10708.8,1606.32,2026,August,15,52473.12,10708.8
4/12/2025,SID013,Nayeem Hasan,INV2504103146,Royal Style,Male,CUS00206,Walk In,Body Butter,COS017,Cosmetics,CAT002,700,65,45500,4550,40950,0,12285,1228.5,2025,April,12,40950,12285
9/18/2026,SID016,Tanjina Sultana,INV2609103147,Fresh Look,Both,CUS00383,Walk In,Beard Oil,COS010,Cosmetics,CAT002,900,33,29700,2079,27621,1381.05,5524.2,828.63,2026,September,18,26239.95,5524.2
9/24/2026,SID004,Siam Ahmed,INV2609103148,Dream Fashion,Male,CUS00241,Corporate,Kids T-Shirt,APP007,Fashion Apparel,CAT001,650,78,50700,2535,48165,2408.25,0,1444.95,2026,September,24,45756.75,0
5/16/2025,SID015,Siam Ahmed,INV2505103149,Bloom Cosmetics,Female,CUST027,Distributor,Foot Care Cream,COS023,Cosmetics,CAT002,300,97,29100,0,29100,582,0,873,2025,May,16,28518,0
10/20/2025,SID002,Abdullah Al Mamun,INV2510103150,Iconic Fashion,Both,CUS00100,Distributor,Condom,COS036,Cosmetics,CAT002,300,13,3900,195,3705,0,1111.5,111.15,2025,October,20,3705,1111.5
8/8/2025,SID014,Abdullah Al Mamun,INV2508103151,Golden Fashion,Male,CUS00304,Online,Lipstick,COS002,Cosmetics,CAT002,850,92,78200,5474,72726,1454.52,0,2181.78,2025,August,8,71271.48,0
6/3/2026,SID003,Imran Hossain,INV2606103152,Blue Sky Fashion,Both,CUST014,Online,Hair Mask,COS018,Cosmetics,CAT002,1100,58,63800,6380,57420,1148.4,11484,1722.6,2026,June,3,56271.6,11484
3/27/2025,SID019,Rafiul Karim,INV2503103153,Beauty Point,Female,CUST066,Corporate,Hair Mask,COS018,Cosmetics,CAT002,1100,41,45100,1353,43747,2187.35,8749.4,1312.41,2025,March,27,41559.65,8749.4
10/14/2025,SID001,Rafiul Karim,INV2510103154,Fashion Avenue,Both,CUS00328,Online,Underarm Whitening Cream,HYG015,Hygiene Products,CAT004,500,32,16000,1600,14400,0,2880,432,2025,October,14,14400,2880
12/5/2025,SID004,Mim Akter,INV2512103155,Star Fashion,Male,CUS00089,Online,Body Oil,COS040,Cosmetics,CAT002,800,92,73600,2208,71392,3569.6,21417.6,2141.76,2025,December,5,67822.4,21417.6
4/14/2025,SID009,Nayeem Hasan,INV2504103156,Nova Cosmetics,Female,CUS00370,Corporate,Men Polo Shirt,APP002,Fashion Apparel,CAT001,1100,31,34100,3410,30690,0,9207,920.7,2025,April,14,30690,9207
10/1/2026,SID008,Tanjina Sultana,INV2610103157,Bloom Cosmetics,Female,CUST027,Distributor,Men Jeans,APP003,Fashion Apparel,CAT001,2200,79,173800,0,173800,0,52140,5214,2026,October,1,173800,52140
9/17/2026,SID008,Tanjina Sultana,INV2609103158,Glamour Point,Female,CUS00427,Online,Baby Wipes,HYG011,Hygiene Products,CAT004,250,83,20750,1037.5,19712.5,985.62,3942.5,591.38,2026,September,17,18726.88,3942.5
5/16/2026,SID015,Samira Akter,INV2605103159,Classic Apparel,Female,CUST003,Walk In,Hair Serum,COS006,Cosmetics,CAT002,1200,58,69600,2088,67512,3375.6,13502.4,2025.36,2026,May,16,64136.4,13502.4
8/12/2026,SID006,Rafiul Karim,INV2608103160,Fashion Point,Male,CUS00312,Corporate,Women's Skirt,APP011,Fashion Apparel,CAT001,1500,7,10500,315,10185,509.25,0,305.55,2026,August,12,9675.75,0
8/22/2025,SID002,Shuvo Das,INV2508103161,Urban Trends,Both,CUS00441,Online,Men T-Shirt,APP001,Fashion Apparel,CAT001,750,87,65250,3262.5,61987.5,3099.38,0,1859.62,2025,August,22,58888.12,0
6/1/2025,SID011,Sabbir Ahmed,INV2506103162,Wonder Collection,Both,CUS00045,Walk In,Men Polo Shirt,APP002,Fashion Apparel,CAT001,1100,94,103400,7238,96162,0,0,2884.86,2025,June,1,96162,0
6/20/2026,SID020,Mehedi Hasan,INV2606103163,Trendy Shop,Male,CUS00339,Online,Body Mist,COS037,Cosmetics,CAT002,450,72,32400,0,32400,1620,0,972,2026,June,20,30780,0
5/26/2026,SID020,Sharmin Akter,INV2605103164,Bloom Cosmetics,Female,CUST027,Distributor,Shampoo,COS005,Cosmetics,CAT002,700,69,48300,1449,46851,937.02,0,1405.53,2026,May,26,45913.98,0
6/3/2025,SID019,Nayeem Hasan,INV2506103165,Trendy Boutique,Female,CUS00303,Corporate,Face Toner,COS033,Cosmetics,CAT002,500,100,50000,2500,47500,2375,14250,1425,2025,June,3,45125,14250
6/5/2025,SID013,Tasnia Rahman,INV2506103166,Royal Style,Male,CUS00124,Retail,Personal Lubricant,COS039,Cosmetics,CAT002,350,39,13650,1365,12285,614.25,2457,368.55,2025,June,5,11670.75,2457
5/26/2025,SID019,Tanjina Sultana,INV2505103167,Urban Style,Male,CUS00421,Retail,Face Scrub,COS027,Cosmetics,CAT002,550,39,21450,0,21450,1072.5,4290,643.5,2025,May,26,20377.5,4290
1/16/2026,SID017,Samira Akter,INV2601103168,Beauty Avenue,Female,CUST049,Distributor,Women's Kurti,APP004,Fashion Apparel,CAT001,1800,21,37800,3780,34020,680.4,10206,1020.6,2026,January,16,33339.6,10206
10/2/2025,SID015,Shakil Khan,INV2510103169,Luxury Apparel,Female,CUS00053,Retail,Wallet,ACC002,Accessories,CAT003,1200,55,66000,3300,62700,1254,0,1881,2025,October,2,61446,0
12/26/2026,SID009,Tanjina Sultana,INV2612103170,Smart Beauty,Both,CUS00102,Distributor,Beard Oil,COS010,Cosmetics,CAT002,900,75,67500,0,67500,3375,13500,2025,2026,December,26,64125,13500
8/25/2026,SID003,Tanjina Sultana,INV2608103171,Modern Boutique,Male,CUS00500,Online,Kids T-Shirt,APP007,Fashion Apparel,CAT001,650,82,53300,3731,49569,0,14870.7,1487.07,2026,August,25,49569,14870.7
6/26/2025,SID016,Tasnia Rahman,INV2506103172,Modern Boutique,Both,CUS00142,Distributor,Foot Care Cream,COS023,Cosmetics,CAT002,300,49,14700,441,14259,0,2851.8,427.77,2025,June,26,14259,2851.8
5/14/2025,SID001,Farzana Akter,INV2505103173,Beauty Point,Female,CUST066,Corporate,Hair Removal Cream,COS025,Cosmetics,CAT002,450,15,6750,202.5,6547.5,327.38,0,196.42,2025,May,14,6220.12,0
7/17/2026,SID009,Mim Akter,INV2607103174,Beauty Point,Female,CUST066,Corporate,Women's Leggings,APP012,Fashion Apparel,CAT001,1300,72,93600,6552,87048,4352.4,0,2611.44,2026,July,17,82695.6,0
12/21/2026,SID018,Shakil Khan,INV2612103175,Modern Style,Female,CUS00259,Distributor,Hair Mask,COS018,Cosmetics,CAT002,1100,40,44000,3080,40920,0,0,1227.6,2026,December,21,40920,0
11/4/2025,SID009,Samira Akter,INV2511103176,Urban Beauty,Female,CUS00301,Distributor,Condom,COS036,Cosmetics,CAT002,300,100,30000,900,29100,0,0,873,2025,November,4,29100,0
9/7/2026,SID016,Tanjina Sultana,INV2609103177,Lily Boutique,Male,CUS00017,Retail,Women's Leggings,APP012,Fashion Apparel,CAT001,1300,15,19500,0,19500,975,0,585,2026,September,7,18525,0
8/14/2025,SID014,Sadia Afrin,INV2508103178,Glamour House,Male,CUS00268,Distributor,Hat,ACC007,Accessories,CAT003,700,49,34300,3430,30870,0,0,926.1,2025,August,14,30870,0
11/30/2025,SID008,Tanjina Sultana,INV2511103179,Glow & Shine,Both,CUS00489,Distributor,Feminine Wash,HYG010,Hygiene Products,CAT004,400,17,6800,0,6800,0,1360,204,2025,November,30,6800,1360
5/10/2026,SID010,Tanvir Islam,INV2605103180,Glow & Shine,Female,CUS00327,Walk In,Men's Innerwear,APP016,Fashion Apparel,CAT001,700,42,29400,2940,26460,1323,7938,793.8,2026,May,10,25137,7938
5/30/2025,SID017,Sadia Afrin,INV2505103181,Trendy Shop,Male,CUS00496,Distributor,Face Mask,HYG002,Hygiene Products,CAT004,150,21,3150,94.5,3055.5,0,0,91.66,2025,May,30,3055.5,0
10/23/2025,SID007,Nayeem Hasan,INV2510103182,Metro Fashion,Both,CUS00086,Online,Personal Toys,COS041,Cosmetics,CAT002,1500,93,139500,9765,129735,6486.75,25947,3892.05,2025,October,23,123248.25,25947
5/17/2026,SID005,Jannatul Ferdous,INV2605103183,Smart Beauty,Both,CUS00122,Walk In,Body Butter,COS017,Cosmetics,CAT002,700,71,49700,4970,44730,894.6,13419,1341.9,2026,May,17,43835.4,13419
7/22/2025,SID011,Arif Hossain,INV2507103184,Urban Avenue,Both,CUS00126,Corporate,Makeup Remover,COS015,Cosmetics,CAT002,550,70,38500,1155,37345,746.9,0,1120.35,2025,July,22,36598.1,0
6/22/2025,SID014,Rakib Hasan,INV2506103185,Fashion Central,Female,CUS00313,Online,Keychain,ACC015,Accessories,CAT003,300,10,3000,150,2850,142.5,570,85.5,2025,June,22,2707.5,570
6/18/2026,SID002,Mahmudul Hasan,INV2606103186,Wonder Collection,Female,CUS00499,Distributor,Hair Accessories,ACC010,Accessories,CAT003,400,41,16400,820,15580,0,0,467.4,2026,June,18,15580,0
9/13/2026,SID008,Siam Ahmed,INV2609103187,Nova Cosmetics,Both,CUS00190,Online,Jacket,APP010,Fashion Apparel,CAT001,3800,83,315400,22078,293322,14666.1,87996.6,8799.66,2026,September,13,278655.9,87996.6
12/21/2026,SID004,Shakil Khan,INV2612103188,Style World,Male,CUS00412,Distributor,Diapers,HYG012,Hygiene Products,CAT004,800,89,71200,4984,66216,3310.8,13243.2,1986.48,2026,December,21,62905.2,13243.2
8/2/2025,SID009,Farzana Akter,INV2508103189,Premium Beauty,Both,CUS00288,Corporate,Gloves,ACC008,Accessories,CAT003,600,44,26400,792,25608,512.16,5121.6,768.24,2025,August,2,25095.84,5121.6
3/29/2025,SID013,Tanjina Sultana,INV2503103190,Signature Fashion,Both,CUS00382,Walk In,Hair Gel,COS028,Cosmetics,CAT002,400,18,7200,216,6984,139.68,1396.8,209.52,2025,March,29,6844.32,1396.8
3/19/2025,SID017,Mahmudul Hasan,INV2503103191,Grace Boutique,Male,CUS00310,Corporate,Foot Care Cream,COS023,Cosmetics,CAT002,300,11,3300,330,2970,148.5,594,89.1,2025,March,19,2821.5,594
10/21/2026,SID015,Jannatul Ferdous,INV2610103192,Luxury Apparel,Male,CUS00208,Distributor,Face Serum,COS014,Cosmetics,CAT002,1300,25,32500,1625,30875,0,0,926.25,2026,October,21,30875,0
11/21/2026,SID009,Tanjina Sultana,INV2611103193,Royal Style,Both,CUS00266,Corporate,Keychain,ACC015,Accessories,CAT003,300,75,22500,1575,20925,0,6277.5,627.75,2026,November,21,20925,6277.5
9/21/2025,SID010,Imran Hossain,INV2509103194,Blue Sky Fashion,Both,CUST014,Online,Perfume,COS003,Cosmetics,CAT002,2200,20,44000,4400,39600,792,0,1188,2025,September,21,38808,0
8/24/2026,SID016,Jannatul Ferdous,INV2608103195,Nova Cosmetics,Male,CUS00183,Walk In,Diapers,HYG012,Hygiene Products,CAT004,800,91,72800,3640,69160,3458,20748,2074.8,2026,August,24,65702,20748
7/28/2025,SID010,Farzana Akter,INV2507103196,Star Fashion,Female,CUS00017,Distributor,Underarm Whitening Cream,HYG015,Hygiene Products,CAT004,500,97,48500,2425,46075,0,13822.5,1382.25,2025,July,28,46075,13822.5
4/25/2025,SID012,Sabbir Ahmed,INV2504103197,Style Corner,Female,CUS00385,Corporate,Mouthwash,HYG007,Hygiene Products,CAT004,300,24,7200,504,6696,133.92,1339.2,200.88,2025,April,25,6562.08,1339.2
3/2/2025,SID007,Tanvir Islam,INV2503103198,Metro Fashion,Female,CUS00289,Walk In,Men Polo Shirt,APP002,Fashion Apparel,CAT001,1100,49,53900,2695,51205,1024.1,0,1536.15,2025,March,2,50180.9,0
12/11/2025,SID006,Tanvir Islam,INV2512103199,Modern Boutique,Male,CUS00189,Distributor,Body Spray,COS011,Cosmetics,CAT002,500,27,13500,675,12825,0,2565,384.75,2025,December,11,12825,2565
6/21/2026,SID007,Farzana Akter,INV2606103200,Chic Collection,Male,CUST050,Online,Women's Top,APP006,Fashion Apparel,CAT001,1200,68,81600,8160,73440,0,22032,2203.2,2026,June,21,73440,22032
7/22/2025,SID016,Sabbir Ahmed,INV2507103201,Style Corner,Both,CUS00040,Online,Underarm Whitening Cream,HYG015,Hygiene Products,CAT004,500,75,37500,3750,33750,0,6750,1012.5,2025,July,22,33750,6750
6/27/2026,SID017,Rafiul Karim,INV2606103202,Fashion World,Male,CUS00150,Distributor,Foot Care Cream,HYG014,Hygiene Products,CAT004,300,52,15600,1560,14040,0,0,421.2,2026,June,27,14040,0
11/27/2026,SID017,Mahmudul Hasan,INV2611103203,Metro Fashion,Both,CUS00020,Retail,Belt,ACC003,Accessories,CAT003,800,61,48800,4880,43920,0,13176,1317.6,2026,November,27,43920,13176
5/14/2026,SID019,Shuvo Das,INV2605103204,Fashion Hub Ltd,Female,CUS00341,Online,Backpack,ACC012,Accessories,CAT003,3000,75,225000,15750,209250,0,62775,6277.5,2026,May,14,209250,62775
6/15/2026,SID004,Bonna Akter,INV2606103205,Rainbow Apparel,Male,CUS00070,Online,Hair Removal Cream,HYG013,Hygiene Products,CAT004,450,77,34650,0,34650,0,10395,1039.5,2026,June,15,34650,10395
11/10/2026,SID018,Siam Ahmed,INV2611103206,Trendy Boutique,Both,CUS00289,Distributor,Men's Nightwear,APP015,Fashion Apparel,CAT001,850,74,62900,1887,61013,1220.26,0,1830.39,2026,November,10,59792.74,0
8/16/2025,SID019,Tanvir Islam,INV2508103207,Smart Collection,Both,CUS00015,Distributor,Men Shirt,APP017,Fashion Apparel,CAT001,1600,52,83200,5824,77376,3868.8,0,2321.28,2025,August,16,73507.2,0
7/12/2026,SID006,Bonna Akter,INV2607103208,Fashion Point,Both,CUS00469,Online,Watch,ACC005,Accessories,CAT003,5000,16,80000,5600,74400,1488,22320,2232,2026,July,12,72912,22320
9/15/2025,SID020,Shuvo Das,INV2509103209,Urban Avenue,Both,CUS00356,Walk In,Makeup Kit,COS034,Cosmetics,CAT002,2500,14,35000,2450,32550,0,6510,976.5,2025,September,15,32550,6510
9/20/2025,SID002,Arif Hossain,INV2509103210,Bloom Cosmetics,Female,CUST027,Distributor,Women's Skirt,APP011,Fashion Apparel,CAT001,1500,7,10500,735,9765,0,0,292.95,2025,September,20,9765,0
7/30/2025,SID003,Nusrat Jahan,INV2507103211,Urban Trends,Both,CUS00348,Corporate,Women's Skirt,APP011,Fashion Apparel,CAT001,1500,46,69000,2070,66930,1338.6,13386,2007.9,2025,July,30,65591.4,13386
8/24/2025,SID009,Sharmin Akter,INV2508103212,Urban Trends,Female,CUS00467,Distributor,Face Wash,COS001,Cosmetics,CAT002,450,50,22500,0,22500,1125,6750,675,2025,August,24,21375,6750
3/16/2025,SID003,Bonna Akter,INV2503103213,Iconic Fashion,Both,CUS00391,Distributor,Face Toner,COS033,Cosmetics,CAT002,500,28,14000,1400,12600,0,3780,378,2025,March,16,12600,3780
2/19/2026,SID020,Bonna Akter,INV2602103214,Crystal Cosmetics,Male,CUS00104,Online,Body Spray,COS011,Cosmetics,CAT002,500,35,17500,525,16975,339.5,5092.5,509.25,2026,February,19,16635.5,5092.5
3/16/2026,SID001,Sadia Afrin,INV2603103215,Golden Fashion,Both,CUS00273,Online,Umbrella,ACC014,Accessories,CAT003,1200,82,98400,2952,95448,0,0,2863.44,2026,March,16,95448,0
5/24/2026,SID007,Abdullah Al Mamun,INV2605103216,Fashion Point,Male,CUS00179,Walk In,Kids T-Shirt,APP007,Fashion Apparel,CAT001,650,95,61750,1852.5,59897.5,0,0,1796.92,2026,May,24,59897.5,0
12/8/2025,SID007,Tanvir Islam,INV2512103217,Royal Cosmetics,Female,CUS00154,Retail,Hair Conditioner,COS032,Cosmetics,CAT002,750,60,45000,0,45000,900,9000,1350,2025,December,8,44100,9000
5/12/2025,SID002,Nusrat Jahan,INV2505103218,Fashion Plus,Female,CUS00092,Corporate,Hair Conditioner,COS032,Cosmetics,CAT002,750,16,12000,360,11640,232.8,0,349.2,2025,May,12,11407.2,0
10/13/2026,SID002,Sadia Afrin,INV2610103219,Trendy Boutique,Male,CUS00221,Walk In,Body Oil,COS040,Cosmetics,CAT002,800,25,20000,2000,18000,360,0,540,2026,October,13,17640,0
9/29/2025,SID001,Tasnia Rahman,INV2509103220,Global Apparel,Both,CUS00383,Distributor,Women's Skirt,APP011,Fashion Apparel,CAT001,1500,9,13500,405,13095,654.75,3928.5,392.85,2025,September,29,12440.25,3928.5
3/10/2025,SID015,Tanjina Sultana,INV2503103221,Golden Fashion,Both,CUS00231,Online,Deodorant,COS016,Cosmetics,CAT002,450,17,7650,765,6885,0,2065.5,206.55,2025,March,10,6885,2065.5
3/21/2026,SID015,Tanvir Islam,INV2603103222,Global Apparel,Male,CUS00400,Walk In,Feminine Wash,HYG010,Hygiene Products,CAT004,400,13,5200,520,4680,0,1404,140.4,2026,March,21,4680,1404
3/22/2026,SID004,Tanjina Sultana,INV2603103223,Fashion Plus,Both,CUS00483,Walk In,Luggage,ACC013,Accessories,CAT003,8000,91,728000,50960,677040,13540.8,0,20311.2,2026,March,22,663499.2,0
9/10/2026,SID010,Mahmudul Hasan,INV2609103224,Smart Collection,Both,CUS00141,Walk In,Face Mask,COS020,Cosmetics,CAT002,600,37,22200,0,22200,0,6660,666,2026,September,10,22200,6660
1/28/2025,SID013,Nusrat Jahan,INV2501103225,New Era Fashion,Male,CUS00380,Corporate,Body Oil,COS040,Cosmetics,CAT002,800,57,45600,1368,44232,884.64,0,1326.96,2025,January,28,43347.36,0
2/5/2025,SID015,Sadia Afrin,INV2502103226,Glamour Point,Female,CUS00374,Distributor,Men Shirt,APP017,Fashion Apparel,CAT001,1600,96,153600,7680,145920,0,43776,4377.6,2025,February,5,145920,43776
2/17/2026,SID010,Tanjina Sultana,INV2602103227,Beauty World,Male,CUST010,Distributor,Scarf,ACC006,Accessories,CAT003,900,46,41400,2898,38502,1925.1,11550.6,1155.06,2026,February,17,36576.9,11550.6
5/11/2026,SID017,Sadia Afrin,INV2605103228,Style World,Male,CUS00211,Walk In,Hand Sanitizer,HYG001,Hygiene Products,CAT004,250,44,11000,770,10230,204.6,3069,306.9,2026,May,11,10025.4,3069
3/18/2025,SID003,Nayeem Hasan,INV2503103229,NextGen Fashion,Female,CUS00220,Retail,Toothpaste,HYG005,Hygiene Products,CAT004,200,6,1200,0,1200,60,360,36,2025,March,18,1140,360
7/30/2026,SID012,Tanjina Sultana,INV2607103230,Premium Beauty,Both,CUS00116,Distributor,Luggage,ACC013,Accessories,CAT003,8000,14,112000,0,112000,2240,33600,3360,2026,July,30,109760,33600
5/29/2025,SID016,Samira Akter,INV2505103231,Crystal Cosmetics,Female,CUS00441,Online,Hair Mask,COS018,Cosmetics,CAT002,1100,65,71500,7150,64350,3217.5,19305,1930.5,2025,May,29,61132.5,19305
11/12/2026,SID020,Samira Akter,INV2611103232,Wonder Collection,Both,CUS00437,Walk In,Women's Kurti,APP004,Fashion Apparel,CAT001,1800,92,165600,0,165600,3312,49680,4968,2026,November,12,162288,49680
6/30/2026,SID003,Sharmin Akter,INV2606103233,Cosmetics Plus,Male,CUS00201,Distributor,Hair Accessories,ACC010,Accessories,CAT003,400,61,24400,732,23668,1183.4,7100.4,710.04,2026,June,30,22484.6,7100.4
4/23/2025,SID017,Samira Akter,INV2504103234,Fashion Express,Male,CUS00202,Walk In,Face Cream,COS007,Cosmetics,CAT002,950,76,72200,2166,70034,3501.7,14006.8,2101.02,2025,April,23,66532.3,14006.8
10/3/2026,SID010,Imran Hossain,INV2610103235,Fashion Central,Female,CUS00411,Retail,Backpack,ACC012,Accessories,CAT003,3000,13,39000,1170,37830,756.6,0,1134.9,2026,October,3,37073.4,0
9/13/2025,SID004,Shuvo Das,INV2509103236,Smart Beauty,Female,CUS00259,Retail,Condom,COS036,Cosmetics,CAT002,300,34,10200,714,9486,474.3,2845.8,284.58,2025,September,13,9011.7,2845.8
12/12/2026,SID018,Rashedul Islam,INV2612103237,Diamond Cosmetics,Male,CUS00120,Distributor,Scarf,ACC006,Accessories,CAT003,900,44,39600,1980,37620,1881,11286,1128.6,2026,December,12,35739,11286
5/22/2026,SID001,Mehedi Hasan,INV2605103238,Luxury Apparel,Male,CUS00334,Distributor,Face Serum,COS014,Cosmetics,CAT002,1300,76,98800,4940,93860,4693,28158,2815.8,2026,May,22,89167,28158
6/29/2025,SID009,Sabbir Ahmed,INV2506103239,Bloom Cosmetics,Female,CUST027,Distributor,Jacket,APP010,Fashion Apparel,CAT001,3800,42,159600,0,159600,0,31920,4788,2025,June,29,159600,31920
9/14/2025,SID003,Abdullah Al Mamun,INV2509103240,Global Apparel,Female,CUS00386,Corporate,Hair Accessories,ACC010,Accessories,CAT003,400,11,4400,0,4400,0,1320,132,2025,September,14,4400,1320
1/20/2025,SID018,Rakib Hasan,INV2501103241,Crystal Cosmetics,Both,CUS00216,Walk In,Personal Lubricant,COS039,Cosmetics,CAT002,350,89,31150,3115,28035,560.7,8410.5,841.05,2025,January,20,27474.3,8410.5
9/18/2025,SID010,Imran Hossain,INV2509103242,Beauty Avenue,Female,CUST049,Distributor,Hair Color,COS012,Cosmetics,CAT002,1500,78,117000,8190,108810,0,21762,3264.3,2025,September,18,108810,21762
8/8/2026,SID009,Arif Hossain,INV2608103243,Rainbow Apparel,Female,CUS00324,Distributor,Wallet,ACC002,Accessories,CAT003,1200,85,102000,3060,98940,1978.8,29682,2968.2,2026,August,8,96961.2,29682
7/14/2025,SID013,Rashedul Islam,INV2507103244,Luxury Apparel,Both,CUS00078,Online,Body Oil,COS040,Cosmetics,CAT002,800,69,55200,1656,53544,0,16063.2,1606.32,2025,July,14,53544,16063.2
1/8/2025,SID004,Mehedi Hasan,INV2501103245,Beauty Point,Female,CUST066,Corporate,After Sun Lotion,COS031,Cosmetics,CAT002,700,96,67200,6720,60480,0,12096,1814.4,2025,January,8,60480,12096
12/12/2026,SID015,Tanjina Sultana,INV2612103246,Smart Collection,Both,CUS00281,Retail,Women's Kurti,APP004,Fashion Apparel,CAT001,1800,5,9000,270,8730,0,2619,261.9,2026,December,12,8730,2619
12/26/2025,SID013,Nayeem Hasan,INV2512103247,Style World,Both,CUS00269,Distributor,Hair Serum,COS006,Cosmetics,CAT002,1200,82,98400,0,98400,4920,0,2952,2025,December,26,93480,0
8/21/2026,SID006,Sharmin Akter,INV2608103248,Moonlight Cosmetics,Male,CUS00114,Corporate,Shaving Cream,COS021,Cosmetics,CAT002,350,34,11900,595,11305,226.1,3391.5,339.15,2026,August,21,11078.9,3391.5
3/26/2025,SID001,Nayeem Hasan,INV2503103249,Chic Collection,Male,CUST050,Online,Condom,COS036,Cosmetics,CAT002,300,72,21600,0,21600,432,6480,648,2025,March,26,21168,6480
11/21/2025,SID009,Tanvir Islam,INV2511103250,Fashion Point,Female,CUS00440,Distributor,Hair Serum,COS006,Cosmetics,CAT002,1200,53,63600,4452,59148,2957.4,0,1774.44,2025,November,21,56190.6,0
4/21/2026,SID017,Farzana Akter,INV2604103251,Glamour House,Male,CUS00308,Walk In,Body Wash,COS030,Cosmetics,CAT002,600,73,43800,1314,42486,0,0,1274.58,2026,April,21,42486,0
4/21/2026,SID020,Farzana Akter,INV2604103252,Fashion Gallery,Both,CUS00436,Retail,After Sun Lotion,COS031,Cosmetics,CAT002,700,34,23800,1666,22134,0,6640.2,664.02,2026,April,21,22134,6640.2
1/31/2026,SID013,Samira Akter,INV2601103253,Fashion Hub Ltd,Both,CUS00440,Retail,Hoodie,APP009,Fashion Apparel,CAT001,2500,57,142500,0,142500,7125,28500,4275,2026,January,31,135375,28500
10/7/2025,SID005,Mim Akter,INV2510103254,Style Corner,Female,CUS00256,Corporate,Kids T-Shirt,APP007,Fashion Apparel,CAT001,650,36,23400,2340,21060,421.2,0,631.8,2025,October,7,20638.8,0
3/10/2025,SID019,Jannatul Ferdous,INV2503103255,Chic Collection,Male,CUST050,Online,Men Jeans,APP003,Fashion Apparel,CAT001,2200,29,63800,3190,60610,1212.2,18183,1818.3,2025,March,10,59397.8,18183
9/23/2025,SID015,Sharmin Akter,INV2509103256,Trendy Shop,Both,CUS00384,Retail,Deodorant,COS016,Cosmetics,CAT002,450,23,10350,0,10350,0,2070,310.5,2025,September,23,10350,2070
4/9/2025,SID016,Sadia Afrin,INV2504103257,Fashion Hub Ltd,Female,CUS00396,Online,Hat,ACC007,Accessories,CAT003,700,94,65800,4606,61194,0,0,1835.82,2025,April,9,61194,0
2/5/2026,SID017,Mim Akter,INV2602103258,Fashion Plus,Both,CUS00366,Walk In,Men Shirt,APP017,Fashion Apparel,CAT001,1600,96,153600,0,153600,3072,46080,4608,2026,February,5,150528,46080
11/18/2025,SID015,Tanvir Islam,INV2511103259,Royal Style,Both,CUS00167,Distributor,Face Serum,COS014,Cosmetics,CAT002,1300,72,93600,6552,87048,0,17409.6,2611.44,2025,November,18,87048,17409.6
7/24/2026,SID004,Mehedi Hasan,INV2607103260,Fresh Look,Both,CUS00249,Distributor,Hat,ACC007,Accessories,CAT003,700,62,43400,3038,40362,2018.1,12108.6,1210.86,2026,July,24,38343.9,12108.6
2/14/2026,SID014,Sabbir Ahmed,INV2602103261,Premium Beauty,Female,CUS00073,Online,Hair Removal Cream,COS025,Cosmetics,CAT002,450,8,3600,180,3420,68.4,1026,102.6,2026,February,14,3351.6,1026
3/17/2025,SID009,Mahmudul Hasan,INV2503103262,Classic Beauty,Both,CUST025,Corporate,Belt,ACC003,Accessories,CAT003,800,23,18400,920,17480,349.6,5244,524.4,2025,March,17,17130.4,5244
2/23/2026,SID018,Tanjina Sultana,INV2602103263,Perfect Beauty,Female,CUS00012,Walk In,Nail Polish,COS013,Cosmetics,CAT002,400,71,28400,852,27548,550.96,5509.6,826.44,2026,February,23,26997.04,5509.6
2/25/2026,SID018,Abdullah Al Mamun,INV2602103264,Signature Fashion,Female,CUS00202,Walk In,Hair Removal Cream,HYG013,Hygiene Products,CAT004,450,30,13500,945,12555,251.1,2511,376.65,2026,February,25,12303.9,2511
9/1/2025,SID017,Siam Ahmed,INV2509103265,Crystal Cosmetics,Both,CUS00070,Walk In,Disinfectant Spray,HYG003,Hygiene Products,CAT004,400,23,9200,0,9200,0,1840,276,2025,September,1,9200,1840
10/31/2026,SID011,Mahmudul Hasan,INV2610103266,Beauty Avenue,Female,CUST049,Distributor,Jewelry Set,ACC009,Accessories,CAT003,4500,53,238500,11925,226575,0,45315,6797.25,2026,October,31,226575,45315
11/24/2025,SID004,Rashedul Islam,INV2511103267,Golden Fashion,Male,CUS00487,Online,Toothpaste,HYG005,Hygiene Products,CAT004,200,45,9000,900,8100,405,0,243,2025,November,24,7695,0
7/8/2026,SID015,Bonna Akter,INV2607103268,Bloom Cosmetics,Female,CUST027,Distributor,Deodorant,HYG008,Hygiene Products,CAT004,450,8,3600,360,3240,162,648,97.2,2026,July,8,3078,648
1/11/2025,SID005,Imran Hossain,INV2501103269,Urban Style,Female,CUS00233,Retail,Body Scrub,COS026,Cosmetics,CAT002,650,6,3900,0,3900,195,0,117,2025,January,11,3705,0
8/8/2026,SID010,Rakib Hasan,INV2608103270,Moonlight Cosmetics,Both,CUS00376,Distributor,Perfume,COS003,Cosmetics,CAT002,2200,21,46200,3234,42966,859.32,8593.2,1288.98,2026,August,8,42106.68,8593.2
3/31/2026,SID018,Tanvir Islam,INV2603103271,Elite Fashion,Both,CUS00487,Retail,Kids T-Shirt,APP007,Fashion Apparel,CAT001,650,30,19500,1950,17550,0,3510,526.5,2026,March,31,17550,3510
7/15/2026,SID008,Siam Ahmed,INV2607103272,Unique Collection,Female,CUS00438,Online,Feminine Wash,COS022,Cosmetics,CAT002,400,74,29600,1480,28120,0,0,843.6,2026,July,15,28120,0
3/3/2025,SID008,Mim Akter,INV2503103273,Smart Beauty,Female,CUS00103,Online,Face Serum,COS014,Cosmetics,CAT002,1300,14,18200,546,17654,0,0,529.62,2025,March,3,17654,0
4/15/2026,SID018,Tanvir Islam,INV2604103274,Fashion Avenue,Both,CUS00372,Distributor,Umbrella,ACC014,Accessories,CAT003,1200,13,15600,468,15132,756.6,4539.6,453.96,2026,April,15,14375.4,4539.6
1/16/2025,SID011,Rafiul Karim,INV2501103275,Urban Beauty,Male,CUS00136,Walk In,Jewelry Set,ACC009,Accessories,CAT003,4500,31,139500,13950,125550,2511,0,3766.5,2025,January,16,123039,0
5/31/2025,SID003,Rafiul Karim,INV2505103276,Trendy Boutique,Both,CUS00146,Distributor,Women's Saree,APP005,Fashion Apparel,CAT001,3200,58,185600,18560,167040,8352,0,5011.2,2025,May,31,158688,0
5/12/2025,SID013,Samira Akter,INV2505103277,Global Apparel,Male,CUS00074,Online,Body Oil,COS040,Cosmetics,CAT002,800,47,37600,2632,34968,699.36,6993.6,1049.04,2025,May,12,34268.64,6993.6
12/27/2025,SID003,Nusrat Jahan,INV2512103278,Blue Sky Fashion,Both,CUST014,Online,Deodorant,COS016,Cosmetics,CAT002,450,10,4500,135,4365,218.25,0,130.95,2025,December,27,4146.75,0
12/15/2025,SID007,Sadia Afrin,INV2512103279,Grace Boutique,Both,CUS00496,Corporate,Men's Nightwear,APP015,Fashion Apparel,CAT001,850,6,5100,153,4947,0,989.4,148.41,2025,December,15,4947,989.4
10/1/2026,SID013,Tasnia Rahman,INV2610103280,Elite Fashion,Both,CUS00432,Retail,Aftershave,COS019,Cosmetics,CAT002,800,54,43200,3024,40176,803.52,12052.8,1205.28,2026,October,1,39372.48,12052.8
4/24/2026,SID007,Rafiul Karim,INV2604103281,Star Fashion,Female,CUS00083,Distributor,Lipstick,COS002,Cosmetics,CAT002,850,10,8500,850,7650,153,2295,229.5,2026,April,24,7497,2295
11/29/2026,SID006,Mahmudul Hasan,INV2611103282,Shine Collection,Both,CUS00278,Walk In,Jacket,APP010,Fashion Apparel,CAT001,3800,37,140600,0,140600,2812,0,4218,2026,November,29,137788,0
2/3/2025,SID018,Arif Hossain,INV2502103283,Beauty Point,Female,CUST066,Corporate,Mouthwash,HYG007,Hygiene Products,CAT004,300,66,19800,594,19206,384.12,0,576.18,2025,February,3,18821.88,0
12/22/2025,SID011,Shakil Khan,INV2512103284,Royal Style,Both,CUS00199,Retail,Luggage,ACC013,Accessories,CAT003,8000,54,432000,30240,401760,8035.2,0,12052.8,2025,December,22,393724.8,0
5/18/2025,SID011,Rashedul Islam,INV2505103285,Fashion Central,Male,CUS00173,Distributor,Handbag,ACC001,Accessories,CAT003,3500,74,259000,12950,246050,12302.5,73815,7381.5,2025,May,18,233747.5,73815
6/15/2025,SID002,Shakil Khan,INV2506103286,Smart Beauty,Male,CUS00303,Online,Face Scrub,COS027,Cosmetics,CAT002,550,11,6050,302.5,5747.5,0,1149.5,172.42,2025,June,15,5747.5,1149.5
5/15/2026,SID018,Farzana Akter,INV2605103287,Fashion Plus,Male,CUS00369,Walk In,Hand Sanitizer,HYG001,Hygiene Products,CAT004,250,48,12000,840,11160,558,2232,334.8,2026,May,15,10602,2232
4/30/2026,SID004,Imran Hossain,INV2604103288,Crystal Cosmetics,Female,CUS00035,Online,Toothpaste,HYG005,Hygiene Products,CAT004,200,29,5800,406,5394,269.7,0,161.82,2026,April,30,5124.3,0
10/28/2026,SID009,Tanjina Sultana,INV2610103289,Prime Collection,Male,CUS00380,Online,Body Wash,COS030,Cosmetics,CAT002,600,33,19800,990,18810,940.5,5643,564.3,2026,October,28,17869.5,5643
10/5/2026,SID020,Sharmin Akter,INV2610103290,Bloom Cosmetics,Female,CUST027,Distributor,Hoodie,APP009,Fashion Apparel,CAT001,2500,18,45000,2250,42750,2137.5,8550,1282.5,2026,October,5,40612.5,8550
7/25/2025,SID012,Rakib Hasan,INV2507103291,Beauty Avenue,Female,CUST049,Distributor,Hair Mask,COS018,Cosmetics,CAT002,1100,17,18700,1870,16830,841.5,3366,504.9,2025,July,25,15988.5,3366
9/2/2025,SID015,Sharmin Akter,INV2509103292,Beauty Express,Male,CUST002,Online,Foot Care Cream,COS023,Cosmetics,CAT002,300,21,6300,0,6300,315,1890,189,2025,September,2,5985,1890
7/10/2025,SID009,Bonna Akter,INV2507103293,Smart Collection,Female,CUS00459,Distributor,Men Polo Shirt,APP002,Fashion Apparel,CAT001,1100,88,96800,0,96800,1936,29040,2904,2025,July,10,94864,29040
12/17/2026,SID003,Nusrat Jahan,INV2612103294,New Era Fashion,Female,CUS00184,Distributor,Kids Dress,APP008,Fashion Apparel,CAT001,950,22,20900,2090,18810,376.2,5643,564.3,2026,December,17,18433.8,5643
8/11/2026,SID018,Rafiul Karim,INV2608103295,Fashion Central,Male,CUS00399,Retail,Women's Saree,APP005,Fashion Apparel,CAT001,3200,80,256000,0,256000,12800,0,7680,2026,August,11,243200,0
1/3/2025,SID017,Tanvir Islam,INV2501103296,Premium Beauty,Male,CUS00469,Corporate,Men Jeans,APP003,Fashion Apparel,CAT001,2200,83,182600,18260,164340,8217,32868,4930.2,2025,January,3,156123,32868
4/20/2026,SID012,Mehedi Hasan,INV2604103297,Metro Fashion,Female,CUS00160,Walk In,Face Cream,COS007,Cosmetics,CAT002,950,35,33250,1662.5,31587.5,1579.38,6317.5,947.62,2026,April,20,30008.12,6317.5
9/2/2025,SID016,Nusrat Jahan,INV2509103298,Beauty World,Male,CUST010,Distributor,Women's Skirt,APP011,Fashion Apparel,CAT001,1500,49,73500,3675,69825,3491.25,13965,2094.75,2025,September,2,66333.75,13965
8/3/2026,SID019,Abdullah Al Mamun,INV2608103299,Lily Boutique,Both,CUS00312,Corporate,Foot Care Cream,COS023,Cosmetics,CAT002,300,100,30000,0,30000,0,9000,900,2026,August,3,30000,9000
9/2/2025,SID003,Tanjina Sultana,INV2509103300,Iconic Fashion,Male,CUS00019,Corporate,Underarm Whitening Cream,COS024,Cosmetics,CAT002,500,90,45000,3150,41850,837,0,1255.5,2025,September,2,41013,0
11/21/2025,SID004,Farzana Akter,INV2511103301,Fresh Look,Male,CUS00494,Online,Jacket,APP010,Fashion Apparel,CAT001,3800,21,79800,7980,71820,3591,14364,2154.6,2025,November,21,68229,14364
9/8/2026,SID014,Samira Akter,INV2609103302,Fashion World,Male,CUS00319,Walk In,Shaving Cream,HYG009,Hygiene Products,CAT004,350,26,9100,637,8463,0,1692.6,253.89,2026,September,8,8463,1692.6
11/3/2026,SID010,Jannatul Ferdous,INV2611103303,Elite Collection,Female,CUS00467,Walk In,Women's Skirt,APP011,Fashion Apparel,CAT001,1500,81,121500,3645,117855,2357.1,23571,3535.65,2026,November,3,115497.9,23571
5/4/2026,SID006,Sharmin Akter,INV2605103304,Fashion Plus,Male,CUS00082,Distributor,Men's Nightwear,APP015,Fashion Apparel,CAT001,850,69,58650,2932.5,55717.5,1114.35,11143.5,1671.52,2026,May,4,54603.15,11143.5
7/3/2025,SID009,Shakil Khan,INV2507103305,Fresh Look,Both,CUS00249,Distributor,Personal Toys,COS041,Cosmetics,CAT002,1500,9,13500,405,13095,261.9,0,392.85,2025,July,3,12833.1,0
7/26/2026,SID007,Farzana Akter,INV2607103306,Glamour Point,Both,CUS00408,Walk In,Hair Dryer,COS038,Cosmetics,CAT002,4000,97,388000,11640,376360,0,0,11290.8,2026,July,26,376360,0
12/26/2026,SID004,Shuvo Das,INV2612103307,Crystal Cosmetics,Both,CUS00112,Retail,Perfume,COS003,Cosmetics,CAT002,2200,7,15400,0,15400,770,0,462,2026,December,26,14630,0
11/19/2026,SID017,Sabbir Ahmed,INV2611103308,Style Corner,Both,CUS00322,Corporate,Hair Spray,COS029,Cosmetics,CAT002,450,88,39600,2772,36828,1841.4,0,1104.84,2026,November,19,34986.6,0
6/5/2025,SID003,Siam Ahmed,INV2506103309,Cosmo House,Both,CUST055,Distributor,Belt,ACC003,Accessories,CAT003,800,55,44000,0,44000,2200,8800,1320,2025,June,5,41800,8800
11/1/2025,SID005,Sabbir Ahmed,INV2511103310,Cosmetics World,Male,CUS00064,Corporate,Toothpaste,HYG005,Hygiene Products,CAT004,200,78,15600,1560,14040,702,0,421.2,2025,November,1,13338,0
1/21/2026,SID017,Jannatul Ferdous,INV2601103311,Fashion Plus,Both,CUS00459,Online,Aftershave,COS019,Cosmetics,CAT002,800,100,80000,0,80000,1600,24000,2400,2026,January,21,78400,24000
8/29/2025,SID008,Mahmudul Hasan,INV2508103312,Glow & Shine,Both,CUS00346,Online,After Sun Lotion,COS031,Cosmetics,CAT002,700,26,18200,0,18200,364,0,546,2025,August,29,17836,0
2/15/2025,SID018,Nusrat Jahan,INV2502103313,Style Corner,Male,CUS00101,Walk In,Bra & Panty Set,APP013,Fashion Apparel,CAT001,900,32,28800,1440,27360,0,8208,820.8,2025,February,15,27360,8208
4/20/2025,SID010,Rafiul Karim,INV2504103314,Unique Collection,Male,CUS00407,Online,Beard Oil,COS010,Cosmetics,CAT002,900,93,83700,8370,75330,0,0,2259.9,2025,April,20,75330,0
6/12/2025,SID004,Rakib Hasan,INV2506103315,Grace Boutique,Both,CUS00332,Walk In,Face Mask,HYG002,Hygiene Products,CAT004,150,28,4200,0,4200,0,840,126,2025,June,12,4200,840
7/5/2025,SID005,Tasnia Rahman,INV2507103316,Elite Collection,Female,CUS00363,Walk In,Face Wash,COS001,Cosmetics,CAT002,450,32,14400,432,13968,698.4,0,419.04,2025,July,5,13269.6,0
2/16/2026,SID005,Tanvir Islam,INV2602103317,Luxury Apparel,Both,CUS00159,Retail,Foot Care Cream,COS023,Cosmetics,CAT002,300,81,24300,1215,23085,0,6925.5,692.55,2026,February,16,23085,6925.5
4/5/2025,SID011,Mahmudul Hasan,INV2504103318,Smart Collection,Male,CUS00219,Walk In,Men's Nightwear,APP015,Fashion Apparel,CAT001,850,33,28050,2805,25245,1262.25,0,757.35,2025,April,5,23982.75,0
11/26/2026,SID016,Tasnia Rahman,INV2611103319,Fashion Plus,Male,CUS00148,Walk In,Feminine Wash,HYG010,Hygiene Products,CAT004,400,90,36000,1800,34200,684,0,1026,2026,November,26,33516,0
8/4/2026,SID002,Rakib Hasan,INV2608103320,Elegant Choice,Male,CUS00094,Retail,Wallet,ACC002,Accessories,CAT003,1200,83,99600,4980,94620,1892.4,0,2838.6,2026,August,4,92727.6,0
8/10/2026,SID010,Shuvo Das,INV2608103321,Beauty Avenue,Female,CUST049,Distributor,Sunscreen,COS009,Cosmetics,CAT002,1150,59,67850,2035.5,65814.5,3290.73,19744.35,1974.43,2026,August,10,62523.77,19744.35
6/25/2025,SID007,Shakil Khan,INV2506103322,Unique Collection,Male,CUS00026,Corporate,Perfume,COS003,Cosmetics,CAT002,2200,98,215600,15092,200508,4010.16,40101.6,6015.24,2025,June,25,196497.84,40101.6
7/9/2025,SID017,Sadia Afrin,INV2507103323,Nova Cosmetics,Both,CUS00089,Retail,Backpack,ACC012,Accessories,CAT003,3000,60,180000,12600,167400,8370,33480,5022,2025,July,9,159030,33480
3/20/2026,SID006,Shakil Khan,INV2603103324,Shine Collection,Male,CUS00174,Walk In,Luggage,ACC013,Accessories,CAT003,8000,57,456000,13680,442320,8846.4,0,13269.6,2026,March,20,433473.6,0
1/26/2026,SID018,Mehedi Hasan,INV2601103325,Lily Boutique,Both,CUS00498,Distributor,Men Jeans,APP003,Fashion Apparel,CAT001,2200,77,169400,16940,152460,7623,30492,4573.8,2026,January,26,144837,30492
5/22/2026,SID001,Sharmin Akter,INV2605103326,Blue Sky Fashion,Both,CUST014,Online,Hand Sanitizer,HYG001,Hygiene Products,CAT004,250,34,8500,425,8075,161.5,0,242.25,2026,May,22,7913.5,0
6/3/2026,SID011,Arif Hossain,INV2606103327,Perfect Beauty,Female,CUS00093,Retail,Women's Top,APP006,Fashion Apparel,CAT001,1200,6,7200,360,6840,136.8,0,205.2,2026,June,3,6703.2,0
10/1/2025,SID017,Jannatul Ferdous,INV2510103328,Metro Fashion,Both,CUS00023,Distributor,Body Wash,COS030,Cosmetics,CAT002,600,8,4800,480,4320,0,1296,129.6,2025,October,1,4320,1296
1/24/2025,SID015,Farzana Akter,INV2501103329,Cosmetics World,Male,CUS00111,Online,Face Mask,COS020,Cosmetics,CAT002,600,13,7800,780,7020,0,0,210.6,2025,January,24,7020,0
12/16/2025,SID004,Mahmudul Hasan,INV2512103330,Glamour Point,Both,CUS00071,Corporate,Mouthwash,HYG007,Hygiene Products,CAT004,300,71,21300,0,21300,1065,0,639,2025,December,16,20235,0
7/26/2025,SID011,Mim Akter,INV2507103331,Urban Style,Female,CUS00493,Distributor,Men Shirt,APP017,Fashion Apparel,CAT001,1600,44,70400,3520,66880,1337.6,13376,2006.4,2025,July,26,65542.4,13376
10/11/2026,SID013,Samira Akter,INV2610103332,New Era Fashion,Both,CUS00408,Corporate,Hair Serum,COS006,Cosmetics,CAT002,1200,43,51600,2580,49020,2451,9804,1470.6,2026,October,11,46569,9804
10/20/2025,SID009,Sharmin Akter,INV2510103333,Fashion World,Female,CUS00236,Retail,Shaving Cream,HYG009,Hygiene Products,CAT004,350,69,24150,1690.5,22459.5,1122.98,6737.85,673.78,2025,October,20,21336.52,6737.85
3/1/2026,SID017,Sharmin Akter,INV2603103334,Glow & Shine,Male,CUS00240,Walk In,Personal Toys,COS041,Cosmetics,CAT002,1500,43,64500,6450,58050,0,0,1741.5,2026,March,1,58050,0
9/29/2025,SID005,Rafiul Karim,INV2509103335,Glow & Shine,Male,CUS00450,Distributor,Beard Oil,COS010,Cosmetics,CAT002,900,50,45000,2250,42750,2137.5,0,1282.5,2025,September,29,40612.5,0
3/24/2025,SID018,Shakil Khan,INV2503103336,Lily Boutique,Both,CUS00454,Distributor,Personal Lubricant,COS039,Cosmetics,CAT002,350,32,11200,336,10864,217.28,2172.8,325.92,2025,March,24,10646.72,2172.8
10/21/2026,SID007,Arif Hossain,INV2610103337,Royal Style,Both,CUS00419,Corporate,Hair Accessories,ACC010,Accessories,CAT003,400,36,14400,1008,13392,0,4017.6,401.76,2026,October,21,13392,4017.6
7/20/2025,SID015,Tanvir Islam,INV2507103338,Urban Beauty,Both,CUS00293,Corporate,Keychain,ACC015,Accessories,CAT003,300,38,11400,0,11400,228,0,342,2025,July,20,11172,0
3/16/2025,SID019,Rakib Hasan,INV2503103339,Fashion Avenue,Male,CUS00260,Distributor,Body Mist,COS037,Cosmetics,CAT002,450,57,25650,1795.5,23854.5,477.09,4770.9,715.63,2025,March,16,23377.41,4770.9
7/14/2026,SID020,Farzana Akter,INV2607103340,Style World,Male,CUS00326,Walk In,Sunscreen,COS009,Cosmetics,CAT002,1150,77,88550,4427.5,84122.5,1682.45,16824.5,2523.67,2026,July,14,82440.05,16824.5
10/15/2026,SID003,Rashedul Islam,INV2610103341,Golden Fashion,Female,CUS00426,Online,Foot Care Cream,HYG014,Hygiene Products,CAT004,300,66,19800,990,18810,940.5,3762,564.3,2026,October,15,17869.5,3762
5/23/2025,SID009,Imran Hossain,INV2505103342,Urban Trends,Female,CUS00156,Walk In,Hair Spray,COS029,Cosmetics,CAT002,450,7,3150,220.5,2929.5,58.59,878.85,87.88,2025,May,23,2870.91,878.85
6/16/2025,SID019,Mim Akter,INV2506103343,Star Fashion,Female,CUS00433,Walk In,Wallet,ACC002,Accessories,CAT003,1200,96,115200,5760,109440,2188.8,0,3283.2,2025,June,16,107251.2,0
3/23/2026,SID016,Tasnia Rahman,INV2603103344,Glow & Shine,Both,CUS00276,Retail,Hair Removal Cream,HYG013,Hygiene Products,CAT004,450,14,6300,630,5670,283.5,0,170.1,2026,March,23,5386.5,0
9/15/2025,SID012,Abdullah Al Mamun,INV2509103345,Perfect Beauty,Male,CUS00294,Retail,Body Wash,COS030,Cosmetics,CAT002,600,49,29400,0,29400,0,0,882,2025,September,15,29400,0
4/22/2026,SID009,Rashedul Islam,INV2604103346,Bloom Cosmetics,Female,CUST027,Distributor,Mouthwash,HYG007,Hygiene Products,CAT004,300,19,5700,0,5700,114,0,171,2026,April,22,5586,0
1/23/2025,SID005,Rashedul Islam,INV2501103347,Classic Apparel,Female,CUST003,Walk In,Mouthwash,HYG007,Hygiene Products,CAT004,300,32,9600,0,9600,192,2880,288,2025,January,23,9408,2880
12/8/2026,SID018,Rafiul Karim,INV2612103348,Infinity Style,Male,CUS00240,Retail,Men Shirt,APP017,Fashion Apparel,CAT001,1600,86,137600,6880,130720,2614.4,39216,3921.6,2026,December,8,128105.6,39216
8/11/2025,SID012,Tanjina Sultana,INV2508103349,Rainbow Apparel,Male,CUS00347,Retail,Hair Mask,COS018,Cosmetics,CAT002,1100,19,20900,627,20273,1013.65,6081.9,608.19,2025,August,11,19259.35,6081.9
1/10/2026,SID003,Tasnia Rahman,INV2601103350,Lily Boutique,Female,CUS00387,Corporate,Body Butter,COS017,Cosmetics,CAT002,700,46,32200,3220,28980,0,0,869.4,2026,January,10,28980,0
5/31/2025,SID007,Mehedi Hasan,INV2505103351,Luxury Apparel,Female,CUS00270,Walk In,Underarm Whitening Cream,COS024,Cosmetics,CAT002,500,86,43000,3010,39990,1999.5,7998,1199.7,2025,May,31,37990.5,7998
3/10/2026,SID016,Nayeem Hasan,INV2603103352,Fashion World,Female,CUS00007,Corporate,Underarm Whitening Cream,COS024,Cosmetics,CAT002,500,20,10000,500,9500,190,1900,285,2026,March,10,9310,1900
12/28/2025,SID007,Tanjina Sultana,INV2512103353,Style World,Male,CUS00240,Retail,Men's Nightwear,APP015,Fashion Apparel,CAT001,850,18,15300,765,14535,0,4360.5,436.05,2025,December,28,14535,4360.5
6/25/2026,SID007,Shuvo Das,INV2606103354,Fashion Central,Both,CUS00122,Online,Luggage,ACC013,Accessories,CAT003,8000,29,232000,6960,225040,4500.8,45008,6751.2,2026,June,25,220539.2,45008
4/13/2025,SID007,Siam Ahmed,INV2504103355,Rainbow Apparel,Female,CUS00388,Corporate,Women's Leggings,APP012,Fashion Apparel,CAT001,1300,49,63700,0,63700,0,0,1911,2025,April,13,63700,0
8/14/2026,SID018,Siam Ahmed,INV2608103356,Smart Beauty,Female,CUS00049,Retail,Body Spray,COS011,Cosmetics,CAT002,500,64,32000,1600,30400,608,0,912,2026,August,14,29792,0
5/6/2025,SID020,Sadia Afrin,INV2505103357,Elite Fashion,Female,CUS00323,Online,Compact Powder,COS008,Cosmetics,CAT002,800,13,10400,312,10088,201.76,3026.4,302.64,2025,May,6,9886.24,3026.4
3/14/2026,SID005,Samira Akter,INV2603103358,Star Fashion,Both,CUS00462,Online,Lipstick,COS002,Cosmetics,CAT002,850,41,34850,1045.5,33804.5,676.09,10141.35,1014.13,2026,March,14,33128.41,10141.35
2/11/2025,SID016,Rakib Hasan,INV2502103359,Modern Style,Male,CUS00414,Corporate,Makeup Kit,COS034,Cosmetics,CAT002,2500,20,50000,0,50000,0,0,1500,2025,February,11,50000,0
7/23/2025,SID010,Tanvir Islam,INV2507103360,Crystal Cosmetics,Male,CUS00265,Distributor,Scarf,ACC006,Accessories,CAT003,900,77,69300,6930,62370,1247.4,18711,1871.1,2025,July,23,61122.6,18711
1/4/2025,SID001,Shakil Khan,INV2501103361,Beauty Avenue,Female,CUST049,Distributor,Hair Dryer,COS038,Cosmetics,CAT002,4000,31,124000,12400,111600,0,22320,3348,2025,January,4,111600,22320
4/5/2025,SID013,Nusrat Jahan,INV2504103362,Moonlight Cosmetics,Female,CUS00257,Online,Men's Innerwear,APP016,Fashion Apparel,CAT001,700,18,12600,882,11718,234.36,3515.4,351.54,2025,April,5,11483.64,3515.4
11/9/2026,SID013,Sharmin Akter,INV2611103363,Fashion Point,Male,CUS00136,Walk In,After Sun Lotion,COS031,Cosmetics,CAT002,700,94,65800,4606,61194,3059.7,12238.8,1835.82,2026,November,9,58134.3,12238.8
1/30/2025,SID018,Rashedul Islam,INV2501103364,Signature Fashion,Both,CUS00346,Walk In,Underarm Whitening Cream,COS024,Cosmetics,CAT002,500,24,12000,600,11400,228,2280,342,2025,January,30,11172,2280
7/2/2026,SID009,Nusrat Jahan,INV2607103365,Elegant Boutique,Female,CUS00298,Distributor,Sunscreen,COS009,Cosmetics,CAT002,1150,75,86250,2587.5,83662.5,4183.12,16732.5,2509.88,2026,July,2,79479.38,16732.5
9/17/2025,SID001,Nayeem Hasan,INV2509103366,Grace Boutique,Both,CUS00037,Online,Women's Nightwear,APP014,Fashion Apparel,CAT001,800,45,36000,0,36000,720,0,1080,2025,September,17,35280,0
11/10/2026,SID003,Jannatul Ferdous,INV2611103367,Cosmetics Central,Female,CUST058,Distributor,Luggage,ACC013,Accessories,CAT003,8000,93,744000,74400,669600,33480,133920,20088,2026,November,10,636120,133920
6/10/2025,SID012,Samira Akter,INV2506103368,Royal Style,Male,CUS00474,Distributor,Shaving Cream,COS021,Cosmetics,CAT002,350,15,5250,157.5,5092.5,101.85,0,152.78,2025,June,10,4990.65,0
8/16/2025,SID001,Shuvo Das,INV2508103369,Glamour Point,Male,CUS00302,Walk In,Baby Wipes,HYG011,Hygiene Products,CAT004,250,11,2750,192.5,2557.5,0,511.5,76.72,2025,August,16,2557.5,511.5
5/22/2025,SID004,Rakib Hasan,INV2505103370,Cosmetics Central,Female,CUST058,Distributor,Hair Removal Cream,COS025,Cosmetics,CAT002,450,43,19350,967.5,18382.5,367.65,0,551.48,2025,May,22,18014.85,0
2/14/2026,SID008,Mahmudul Hasan,INV2602103371,Cosmetics Central,Female,CUST058,Distributor,Foot Care Cream,HYG014,Hygiene Products,CAT004,300,24,7200,720,6480,129.6,1944,194.4,2026,February,14,6350.4,1944
9/18/2026,SID018,Jannatul Ferdous,INV2609103372,Style World,Female,CUS00211,Online,Face Toner,COS033,Cosmetics,CAT002,500,50,25000,2500,22500,0,4500,675,2026,September,18,22500,4500
6/1/2026,SID004,Tanvir Islam,INV2606103373,Elegant Choice,Female,CUS00352,Walk In,Watch,ACC005,Accessories,CAT003,5000,38,190000,5700,184300,0,36860,5529,2026,June,1,184300,36860
5/21/2025,SID011,Rashedul Islam,INV2505103374,Smart Beauty,Male,CUS00434,Corporate,Bra & Panty Set,APP013,Fashion Apparel,CAT001,900,54,48600,0,48600,2430,0,1458,2025,May,21,46170,0
3/8/2025,SID004,Arif Hossain,INV2503103375,Fashion Gallery,Male,CUS00253,Corporate,Hair Mask,COS018,Cosmetics,CAT002,1100,34,37400,1122,36278,0,7255.6,1088.34,2025,March,8,36278,7255.6
4/22/2025,SID002,Shuvo Das,INV2504103376,Urban Avenue,Female,CUS00139,Distributor,Face Wash,COS001,Cosmetics,CAT002,450,37,16650,0,16650,0,0,499.5,2025,April,22,16650,0
4/19/2026,SID006,Jannatul Ferdous,INV2604103377,Modern Style,Both,CUS00144,Walk In,Men Jeans,APP003,Fashion Apparel,CAT001,2200,6,13200,1320,11880,594,3564,356.4,2026,April,19,11286,3564
10/2/2026,SID009,Bonna Akter,INV2610103378,Shine Collection,Both,CUS00112,Walk In,Hair Spray,COS029,Cosmetics,CAT002,450,79,35550,1066.5,34483.5,1724.18,6896.7,1034.5,2026,October,2,32759.32,6896.7
3/2/2026,SID003,Tanvir Islam,INV2603103379,Royal Style,Both,CUS00330,Distributor,Underarm Whitening Cream,COS024,Cosmetics,CAT002,500,74,37000,3700,33300,1665,6660,999,2026,March,2,31635,6660
9/26/2025,SID009,Shakil Khan,INV2509103380,Pink Beauty,Male,CUS00075,Walk In,Face Mask,HYG002,Hygiene Products,CAT004,150,25,3750,262.5,3487.5,174.38,1046.25,104.62,2025,September,26,3313.12,1046.25
5/29/2026,SID012,Imran Hossain,INV2605103381,Fashion Plus,Male,CUS00213,Distributor,Hat,ACC007,Accessories,CAT003,700,49,34300,2401,31899,0,9569.7,956.97,2026,May,29,31899,9569.7
3/21/2025,SID008,Rafiul Karim,INV2503103382,Wonder Collection,Male,CUS00145,Online,Bra & Panty Set,APP013,Fashion Apparel,CAT001,900,74,66600,0,66600,0,19980,1998,2025,March,21,66600,19980
9/2/2026,SID016,Mim Akter,INV2609103383,Fashion Point,Male,CUS00099,Online,Sunscreen,COS009,Cosmetics,CAT002,1150,24,27600,2760,24840,1242,7452,745.2,2026,September,2,23598,7452
2/8/2026,SID006,Sadia Afrin,INV2602103384,Cosmetics World,Male,CUS00499,Online,Lipstick,COS002,Cosmetics,CAT002,850,72,61200,1836,59364,1187.28,11872.8,1780.92,2026,February,8,58176.72,11872.8
10/8/2026,SID017,Abdullah Al Mamun,INV2610103385,Smart Beauty,Female,CUS00017,Distributor,Women's Leggings,APP012,Fashion Apparel,CAT001,1300,6,7800,546,7254,0,2176.2,217.62,2026,October,8,7254,2176.2
5/23/2026,SID009,Sabbir Ahmed,INV2605103386,Global Apparel,Both,CUS00022,Online,Umbrella,ACC014,Accessories,CAT003,1200,66,79200,5544,73656,0,22096.8,2209.68,2026,May,23,73656,22096.8
9/8/2026,SID019,Jannatul Ferdous,INV2609103387,Smart Beauty,Female,CUS00032,Walk In,Body Oil,COS040,Cosmetics,CAT002,800,38,30400,1520,28880,0,0,866.4,2026,September,8,28880,0
6/6/2026,SID010,Shakil Khan,INV2606103388,Lily Boutique,Both,CUS00384,Walk In,Umbrella,ACC014,Accessories,CAT003,1200,84,100800,0,100800,0,20160,3024,2026,June,6,100800,20160
5/13/2026,SID013,Tanjina Sultana,INV2605103389,Trendy Boutique,Both,CUS00023,Corporate,Feminine Wash,HYG010,Hygiene Products,CAT004,400,18,7200,360,6840,0,1368,205.2,2026,May,13,6840,1368
4/14/2025,SID016,Sadia Afrin,INV2504103390,Beauty Avenue,Female,CUST049,Distributor,Face Cream,COS007,Cosmetics,CAT002,950,83,78850,5519.5,73330.5,0,0,2199.91,2025,April,14,73330.5,0
10/22/2025,SID006,Mim Akter,INV2510103391,Classic Apparel,Female,CUST003,Walk In,Underarm Whitening Cream,HYG015,Hygiene Products,CAT004,500,28,14000,980,13020,651,3906,390.6,2025,October,22,12369,3906
12/25/2025,SID003,Mehedi Hasan,INV2512103392,Glow & Shine,Female,CUS00376,Walk In,Umbrella,ACC014,Accessories,CAT003,1200,45,54000,3780,50220,0,0,1506.6,2025,December,25,50220,0
8/16/2026,SID006,Nusrat Jahan,INV2608103393,Star Fashion,Female,CUS00318,Distributor,Condom,COS036,Cosmetics,CAT002,300,69,20700,621,20079,401.58,6023.7,602.37,2026,August,16,19677.42,6023.7
3/9/2025,SID003,Abdullah Al Mamun,INV2503103394,NextGen Fashion,Female,CUS00185,Walk In,Body Oil,COS040,Cosmetics,CAT002,800,74,59200,1776,57424,0,17227.2,1722.72,2025,March,9,57424,17227.2
11/21/2025,SID014,Rashedul Islam,INV2511103395,Classic Beauty,Both,CUST025,Corporate,Hair Serum,COS006,Cosmetics,CAT002,1200,81,97200,0,97200,0,29160,2916,2025,November,21,97200,29160
9/10/2025,SID010,Arif Hossain,INV2509103396,Moonlight Cosmetics,Male,CUS00200,Distributor,Disinfectant Spray,HYG003,Hygiene Products,CAT004,400,22,8800,880,7920,158.4,1584,237.6,2025,September,10,7761.6,1584
7/24/2025,SID009,Nusrat Jahan,INV2507103397,Fashion Express,Male,CUS00466,Retail,Personal Lubricant,COS039,Cosmetics,CAT002,350,55,19250,962.5,18287.5,914.38,5486.25,548.62,2025,July,24,17373.12,5486.25
7/26/2025,SID006,Nayeem Hasan,INV2507103398,Fashion Gallery,Both,CUS00408,Online,Body Lotion,COS004,Cosmetics,CAT002,650,62,40300,1209,39091,781.82,11727.3,1172.73,2025,July,26,38309.18,11727.3
12/2/2025,SID014,Siam Ahmed,INV2512103399,Fashion Central,Both,CUS00472,Retail,Men Shirt,APP017,Fashion Apparel,CAT001,1600,35,56000,1680,54320,1086.4,10864,1629.6,2025,December,2,53233.6,10864
7/4/2026,SID002,Sharmin Akter,INV2607103400,Beauty Express,Male,CUST002,Online,Body Lotion,COS004,Cosmetics,CAT002,650,27,17550,1755,15795,0,4738.5,473.85,2026,July,4,15795,4738.5
11/11/2026,SID010,Mim Akter,INV2611103401,Cosmo House,Both,CUST055,Distributor,Hair Accessories,ACC010,Accessories,CAT003,400,88,35200,0,35200,704,0,1056,2026,November,11,34496,0
7/31/2026,SID003,Sadia Afrin,INV2607103402,Fashion World,Female,CUS00092,Retail,Watch,ACC005,Accessories,CAT003,5000,15,75000,2250,72750,3637.5,0,2182.5,2026,July,31,69112.5,0
6/13/2025,SID010,Nayeem Hasan,INV2506103403,Urban Avenue,Both,CUS00051,Distributor,Makeup Remover,COS015,Cosmetics,CAT002,550,95,52250,2612.5,49637.5,2481.88,9927.5,1489.12,2025,June,13,47155.62,9927.5
1/29/2026,SID020,Rashedul Islam,INV2601103404,Royal Style,Female,CUS00481,Online,After Sun Lotion,COS031,Cosmetics,CAT002,700,54,37800,0,37800,0,11340,1134,2026,January,29,37800,11340
4/16/2026,SID017,Shakil Khan,INV2604103405,Lily Boutique,Female,CUS00179,Distributor,Jacket,APP010,Fashion Apparel,CAT001,3800,89,338200,10146,328054,16402.7,98416.2,9841.62,2026,April,16,311651.3,98416.2
6/21/2025,SID014,Rashedul Islam,INV2506103406,Beauty World,Male,CUST010,Distributor,Umbrella,ACC014,Accessories,CAT003,1200,95,114000,5700,108300,2166,21660,3249,2025,June,21,106134,21660
7/29/2025,SID019,Imran Hossain,INV2507103407,Royal Cosmetics,Female,CUS00324,Distributor,Body Spray,COS011,Cosmetics,CAT002,500,6,3000,210,2790,139.5,558,83.7,2025,July,29,2650.5,558
4/15/2025,SID015,Mahmudul Hasan,INV2504103408,Apex Fashion,Female,CUST061,Distributor,Body Scrub,COS026,Cosmetics,CAT002,650,16,10400,728,9672,0,0,290.16,2025,April,15,9672,0
5/5/2026,SID017,Tanjina Sultana,INV2605103409,Star Fashion,Both,CUS00185,Online,Lipstick,COS002,Cosmetics,CAT002,850,81,68850,4819.5,64030.5,0,0,1920.91,2026,May,5,64030.5,0
8/31/2025,SID018,Mahmudul Hasan,INV2508103410,Beauty Avenue,Female,CUST049,Distributor,Diapers,HYG012,Hygiene Products,CAT004,800,50,40000,0,40000,0,0,1200,2025,August,31,40000,0
7/18/2025,SID018,Mim Akter,INV2507103411,Crystal Cosmetics,Male,CUS00171,Online,Body Wash,COS030,Cosmetics,CAT002,600,84,50400,2520,47880,957.6,9576,1436.4,2025,July,18,46922.4,9576
5/23/2025,SID011,Bonna Akter,INV2505103412,Signature Fashion,Both,CUS00227,Corporate,Face Serum,COS014,Cosmetics,CAT002,1300,98,127400,6370,121030,0,36309,3630.9,2025,May,23,121030,36309
5/13/2026,SID016,Nayeem Hasan,INV2605103413,Signature Fashion,Both,CUS00244,Walk In,Makeup Kit,COS034,Cosmetics,CAT002,2500,76,190000,9500,180500,3610,36100,5415,2026,May,13,176890,36100
2/21/2025,SID009,Arif Hossain,INV2502103414,Elite Fashion,Female,CUS00281,Distributor,Hair Serum,COS006,Cosmetics,CAT002,1200,87,104400,7308,97092,0,19418.4,2912.76,2025,February,21,97092,19418.4
4/6/2026,SID010,Rashedul Islam,INV2604103415,Moonlight Cosmetics,Female,CUS00041,Distributor,Foot Care Cream,COS023,Cosmetics,CAT002,300,82,24600,0,24600,0,7380,738,2026,April,6,24600,7380
11/21/2026,SID020,Siam Ahmed,INV2611103416,Smart Beauty,Male,CUS00276,Walk In,Foot Care Cream,HYG014,Hygiene Products,CAT004,300,88,26400,1848,24552,0,7365.6,736.56,2026,November,21,24552,7365.6
3/17/2026,SID004,Mim Akter,INV2603103417,NextGen Fashion,Both,CUS00115,Walk In,Hand Sanitizer,HYG001,Hygiene Products,CAT004,250,12,3000,300,2700,0,540,81,2026,March,17,2700,540
12/6/2026,SID006,Mim Akter,INV2612103418,Elite Collection,Both,CUS00228,Corporate,Body Butter,COS017,Cosmetics,CAT002,700,52,36400,0,36400,0,0,1092,2026,December,6,36400,0
12/20/2026,SID015,Nayeem Hasan,INV2612103419,Style Corner,Both,CUS00302,Distributor,Footwear,ACC011,Accessories,CAT003,2500,37,92500,2775,89725,4486.25,17945,2691.75,2026,December,20,85238.75,17945
9/11/2026,SID013,Rakib Hasan,INV2609103420,Shine Collection,Male,CUS00425,Retail,Jewelry Set,ACC009,Accessories,CAT003,4500,48,216000,0,216000,4320,43200,6480,2026,September,11,211680,43200
8/24/2026,SID004,Mehedi Hasan,INV2608103421,Elite Fashion,Female,CUS00493,Online,Feminine Wash,HYG010,Hygiene Products,CAT004,400,29,11600,348,11252,0,2250.4,337.56,2026,August,24,11252,2250.4
1/24/2026,SID008,Rafiul Karim,INV2601103422,Iconic Fashion,Both,CUS00040,Corporate,Face Mask,HYG002,Hygiene Products,CAT004,150,45,6750,472.5,6277.5,125.55,0,188.32,2026,January,24,6151.95,0
3/26/2025,SID016,Farzana Akter,INV2503103423,Urban Style,Male,CUS00401,Online,After Sun Lotion,COS031,Cosmetics,CAT002,700,70,49000,4900,44100,0,8820,1323,2025,March,26,44100,8820
8/25/2026,SID001,Tanvir Islam,INV2608103424,Glamour House,Both,CUS00424,Online,Body Lotion,COS004,Cosmetics,CAT002,650,38,24700,741,23959,0,4791.8,718.77,2026,August,25,23959,4791.8
5/10/2025,SID017,Imran Hossain,INV2505103425,Rainbow Apparel,Male,CUS00289,Distributor,Women's Saree,APP005,Fashion Apparel,CAT001,3200,16,51200,5120,46080,0,13824,1382.4,2025,May,10,46080,13824
1/1/2026,SID005,Mehedi Hasan,INV2601103426,Smart Collection,Female,CUS00253,Retail,Jacket,APP010,Fashion Apparel,CAT001,3800,93,353400,24738,328662,0,98598.6,9859.86,2026,January,1,328662,98598.6
6/3/2026,SID013,Rafiul Karim,INV2606103427,Elegant Boutique,Female,CUS00019,Retail,Women's Saree,APP005,Fashion Apparel,CAT001,3200,18,57600,1728,55872,1117.44,16761.6,1676.16,2026,June,3,54754.56,16761.6
11/27/2026,SID015,Shuvo Das,INV2611103428,Elegant Boutique,Male,CUS00150,Corporate,Body Lotion,COS004,Cosmetics,CAT002,650,27,17550,1755,15795,789.75,0,473.85,2026,November,27,15005.25,0
3/3/2025,SID020,Rashedul Islam,INV2503103429,Fashion Plus,Male,CUS00326,Online,Hair Straightener,COS035,Cosmetics,CAT002,3500,54,189000,18900,170100,0,0,5103,2025,March,3,170100,0
12/4/2025,SID008,Arif Hossain,INV2512103430,Urban Avenue,Male,CUS00004,Corporate,Sunglasses,ACC004,Accessories,CAT003,1500,7,10500,0,10500,210,3150,315,2025,December,4,10290,3150
9/13/2026,SID017,Nusrat Jahan,INV2609103431,Crystal Cosmetics,Female,CUS00049,Walk In,Men's Nightwear,APP015,Fashion Apparel,CAT001,850,58,49300,2465,46835,0,0,1405.05,2026,September,13,46835,0
4/28/2026,SID012,Sabbir Ahmed,INV2604103432,Luxury Apparel,Male,CUS00427,Retail,After Sun Lotion,COS031,Cosmetics,CAT002,700,68,47600,2380,45220,2261,0,1356.6,2026,April,28,42959,0
10/25/2026,SID016,Nayeem Hasan,INV2610103433,Elegant Boutique,Both,CUS00095,Corporate,Hair Spray,COS029,Cosmetics,CAT002,450,67,30150,2110.5,28039.5,0,0,841.18,2026,October,25,28039.5,0
12/23/2025,SID017,Samira Akter,INV2512103434,Fashion Express,Male,CUS00395,Distributor,Face Serum,COS014,Cosmetics,CAT002,1300,46,59800,4186,55614,1112.28,16684.2,1668.42,2025,December,23,54501.72,16684.2
8/10/2026,SID001,Sabbir Ahmed,INV2608103435,Fashion Point,Both,CUS00440,Online,Scarf,ACC006,Accessories,CAT003,900,17,15300,1071,14229,711.45,2845.8,426.87,2026,August,10,13517.55,2845.8
1/14/2026,SID015,Farzana Akter,INV2601103436,Glamour Point,Both,CUS00242,Distributor,Foot Care Cream,COS023,Cosmetics,CAT002,300,34,10200,306,9894,494.7,1978.8,296.82,2026,January,14,9399.3,1978.8
7/19/2025,SID007,Sadia Afrin,INV2507103437,Iconic Fashion,Both,CUS00314,Distributor,Men T-Shirt,APP001,Fashion Apparel,CAT001,750,64,48000,3360,44640,2232,8928,1339.2,2025,July,19,42408,8928
2/4/2025,SID018,Mim Akter,INV2502103438,Fashion World,Both,CUS00246,Corporate,Body Butter,COS017,Cosmetics,CAT002,700,84,58800,5880,52920,0,10584,1587.6,2025,February,4,52920,10584
2/10/2026,SID013,Sabbir Ahmed,INV2602103439,Shine Collection,Female,CUS00496,Walk In,Men Polo Shirt,APP002,Fashion Apparel,CAT001,1100,45,49500,2475,47025,0,9405,1410.75,2026,February,10,47025,9405
9/21/2025,SID002,Nayeem Hasan,INV2509103440,Rainbow Apparel,Female,CUS00247,Retail,Wallet,ACC002,Accessories,CAT003,1200,23,27600,2760,24840,496.8,7452,745.2,2025,September,21,24343.2,7452
9/26/2025,SID013,Siam Ahmed,INV2509103441,Cosmetics Central,Female,CUST058,Distributor,Makeup Kit,COS034,Cosmetics,CAT002,2500,31,77500,7750,69750,3487.5,20925,2092.5,2025,September,26,66262.5,20925
12/28/2026,SID018,Rakib Hasan,INV2612103442,Dream Fashion,Male,CUS00410,Walk In,Personal Lubricant,COS039,Cosmetics,CAT002,350,20,7000,350,6650,332.5,1995,199.5,2026,December,28,6317.5,1995
9/24/2026,SID010,Nusrat Jahan,INV2609103443,Smart Beauty,Male,CUS00149,Walk In,Men's Innerwear,APP016,Fashion Apparel,CAT001,700,54,37800,0,37800,0,11340,1134,2026,September,24,37800,11340
2/21/2025,SID004,Nayeem Hasan,INV2502103444,Crystal Cosmetics,Male,CUS00326,Distributor,Men's Nightwear,APP015,Fashion Apparel,CAT001,850,24,20400,1020,19380,387.6,3876,581.4,2025,February,21,18992.4,3876
9/28/2025,SID020,Arif Hossain,INV2509103445,Rainbow Apparel,Male,CUS00170,Online,Sanitary Napkins,HYG004,Hygiene Products,CAT004,350,80,28000,1960,26040,0,5208,781.2,2025,September,28,26040,5208
7/24/2026,SID004,Samira Akter,INV2607103446,Blue Sky Fashion,Both,CUST014,Online,Bra & Panty Set,APP013,Fashion Apparel,CAT001,900,28,25200,756,24444,0,0,733.32,2026,July,24,24444,0
6/28/2025,SID018,Tanvir Islam,INV2506103447,Perfect Beauty,Female,CUS00111,Retail,Men Shirt,APP017,Fashion Apparel,CAT001,1600,51,81600,8160,73440,3672,22032,2203.2,2025,June,28,69768,22032
8/20/2025,SID020,Jannatul Ferdous,INV2508103448,Glamour House,Female,CUS00242,Corporate,Women's Kurti,APP004,Fashion Apparel,CAT001,1800,78,140400,0,140400,2808,28080,4212,2025,August,20,137592,28080
12/25/2026,SID003,Abdullah Al Mamun,INV2612103449,Urban Beauty,Both,CUS00184,Corporate,Feminine Wash,COS022,Cosmetics,CAT002,400,77,30800,0,30800,1540,0,924,2026,December,25,29260,0
6/21/2025,SID006,Samira Akter,INV2506103450,Beauty Express,Male,CUST002,Online,Baby Wipes,HYG011,Hygiene Products,CAT004,250,92,23000,1610,21390,427.8,4278,641.7,2025,June,21,20962.2,4278
2/3/2026,SID015,Arif Hossain,INV2602103451,Infinity Style,Both,CUS00407,Corporate,Body Oil,COS040,Cosmetics,CAT002,800,55,44000,0,44000,2200,8800,1320,2026,February,3,41800,8800
3/17/2026,SID011,Mahmudul Hasan,INV2603103452,Trendy Shop,Female,CUS00363,Distributor,Sunscreen,COS009,Cosmetics,CAT002,1150,53,60950,4266.5,56683.5,0,17005.05,1700.5,2026,March,17,56683.5,17005.05
11/24/2026,SID015,Bonna Akter,INV2611103453,Premium Beauty,Both,CUS00454,Corporate,Wallet,ACC002,Accessories,CAT003,1200,72,86400,6048,80352,4017.6,24105.6,2410.56,2026,November,24,76334.4,24105.6
7/1/2025,SID011,Shuvo Das,INV2507103454,Premium Beauty,Female,CUS00345,Distributor,Kids T-Shirt,APP007,Fashion Apparel,CAT001,650,12,7800,0,7800,156,0,234,2025,July,1,7644,0
2/18/2025,SID009,Sabbir Ahmed,INV2502103455,Star Fashion,Both,CUS00054,Corporate,Jacket,APP010,Fashion Apparel,CAT001,3800,54,205200,14364,190836,0,0,5725.08,2025,February,18,190836,0
7/1/2025,SID003,Tanjina Sultana,INV2507103456,Trendy Shop,Male,CUS00222,Retail,Hand Sanitizer,HYG001,Hygiene Products,CAT004,250,81,20250,2025,18225,364.5,3645,546.75,2025,July,1,17860.5,3645
9/5/2026,SID008,Mim Akter,INV2609103457,Pink Beauty,Female,CUS00452,Distributor,Feminine Wash,HYG010,Hygiene Products,CAT004,400,10,4000,0,4000,0,0,120,2026,September,5,4000,0
3/23/2025,SID020,Rafiul Karim,INV2503103458,Diamond Cosmetics,Female,CUS00448,Distributor,Shampoo,COS005,Cosmetics,CAT002,700,42,29400,2058,27342,0,0,820.26,2025,March,23,27342,0
2/24/2026,SID005,Rafiul Karim,INV2602103459,Urban Beauty,Both,CUS00315,Corporate,Body Spray,COS011,Cosmetics,CAT002,500,31,15500,465,15035,751.75,3007,451.05,2026,February,24,14283.25,3007
7/15/2025,SID015,Rashedul Islam,INV2507103460,Moonlight Cosmetics,Male,CUS00291,Retail,Umbrella,ACC014,Accessories,CAT003,1200,87,104400,3132,101268,0,0,3038.04,2025,July,15,101268,0
6/2/2026,SID020,Sharmin Akter,INV2606103461,Nova Cosmetics,Both,CUS00148,Online,Deodorant,COS016,Cosmetics,CAT002,450,33,14850,1485,13365,668.25,4009.5,400.95,2026,June,2,12696.75,4009.5
9/4/2026,SID009,Rakib Hasan,INV2609103462,Fashion Express,Male,CUS00153,Retail,Shaving Cream,COS021,Cosmetics,CAT002,350,90,31500,945,30555,0,9166.5,916.65,2026,September,4,30555,9166.5
3/17/2025,SID012,Nayeem Hasan,INV2503103463,Signature Fashion,Female,CUS00437,Corporate,Kids T-Shirt,APP007,Fashion Apparel,CAT001,650,54,35100,0,35100,0,0,1053,2025,March,17,35100,0
2/25/2026,SID010,Tanvir Islam,INV2602103464,Infinity Style,Female,CUS00490,Walk In,Personal Toys,COS041,Cosmetics,CAT002,1500,84,126000,8820,117180,5859,35154,3515.4,2026,February,25,111321,35154
11/26/2025,SID015,Jannatul Ferdous,INV2511103465,Cosmo House,Both,CUST055,Distributor,Jacket,APP010,Fashion Apparel,CAT001,3800,67,254600,0,254600,12730,0,7638,2025,November,26,241870,0
12/25/2026,SID011,Mehedi Hasan,INV2612103466,Fashion Central,Male,CUS00094,Corporate,Hair Dryer,COS038,Cosmetics,CAT002,4000,75,300000,21000,279000,5580,83700,8370,2026,December,25,273420,83700
8/7/2025,SID013,Nusrat Jahan,INV2508103467,Shine Collection,Male,CUS00099,Walk In,Watch,ACC005,Accessories,CAT003,5000,58,290000,14500,275500,0,55100,8265,2025,August,7,275500,55100
8/12/2025,SID018,Mahmudul Hasan,INV2508103468,Urban Avenue,Both,CUS00322,Walk In,Diapers,HYG012,Hygiene Products,CAT004,800,98,78400,5488,72912,1458.24,14582.4,2187.36,2025,August,12,71453.76,14582.4
9/25/2026,SID011,Shuvo Das,INV2609103469,Signature Fashion,Male,CUS00191,Distributor,Women's Top,APP006,Fashion Apparel,CAT001,1200,77,92400,4620,87780,0,17556,2633.4,2026,September,25,87780,17556
7/19/2025,SID010,Sabbir Ahmed,INV2507103470,Beauty Avenue,Female,CUST049,Distributor,Diapers,HYG012,Hygiene Products,CAT004,800,44,35200,3520,31680,0,6336,950.4,2025,July,19,31680,6336
4/14/2026,SID018,Shuvo Das,INV2604103471,Pink Beauty,Male,CUS00033,Online,Body Lotion,COS004,Cosmetics,CAT002,650,7,4550,455,4095,204.75,0,122.85,2026,April,14,3890.25,0
11/1/2025,SID001,Sharmin Akter,INV2511103472,NextGen Fashion,Both,CUS00272,Walk In,Sunscreen,COS009,Cosmetics,CAT002,1150,33,37950,2656.5,35293.5,1764.68,0,1058.81,2025,November,1,33528.82,0
1/28/2026,SID003,Mehedi Hasan,INV2601103473,Classic Beauty,Both,CUST025,Corporate,Makeup Kit,COS034,Cosmetics,CAT002,2500,96,240000,7200,232800,11640,0,6984,2026,January,28,221160,0
9/10/2026,SID017,Abdullah Al Mamun,INV2609103474,Classic Beauty,Both,CUST025,Corporate,Body Oil,COS040,Cosmetics,CAT002,800,57,45600,1368,44232,884.64,13269.6,1326.96,2026,September,10,43347.36,13269.6
9/9/2025,SID001,Sharmin Akter,INV2509103475,Star Fashion,Female,CUS00146,Retail,Gloves,ACC008,Accessories,CAT003,600,61,36600,2562,34038,0,6807.6,1021.14,2025,September,9,34038,6807.6
8/25/2025,SID020,Mahmudul Hasan,INV2508103476,Signature Fashion,Female,CUS00400,Retail,Hair Straightener,COS035,Cosmetics,CAT002,3500,72,252000,25200,226800,11340,45360,6804,2025,August,25,215460,45360
1/4/2025,SID006,Siam Ahmed,INV2501103477,Moonlight Cosmetics,Both,CUS00190,Retail,Underarm Whitening Cream,HYG015,Hygiene Products,CAT004,500,60,30000,2100,27900,0,8370,837,2025,January,4,27900,8370
9/17/2026,SID018,Nayeem Hasan,INV2609103478,Glamour Point,Female,CUS00492,Retail,Handbag,ACC001,Accessories,CAT003,3500,69,241500,16905,224595,11229.75,0,6737.85,2026,September,17,213365.25,0
1/18/2025,SID019,Arif Hossain,INV2501103479,Unique Collection,Female,CUS00364,Corporate,Jacket,APP010,Fashion Apparel,CAT001,3800,55,209000,6270,202730,4054.6,40546,6081.9,2025,January,18,198675.4,40546
9/27/2026,SID001,Shakil Khan,INV2609103480,Chic Collection,Male,CUST050,Online,Women's Leggings,APP012,Fashion Apparel,CAT001,1300,22,28600,1430,27170,1358.5,8151,815.1,2026,September,27,25811.5,8151
2/15/2025,SID012,Shuvo Das,INV2502103481,Elegant Choice,Male,CUS00114,Retail,Hair Color,COS012,Cosmetics,CAT002,1500,8,12000,0,12000,240,3600,360,2025,February,15,11760,3600
11/1/2026,SID001,Arif Hossain,INV2611103482,Smart Collection,Female,CUS00448,Corporate,Gloves,ACC008,Accessories,CAT003,600,15,9000,900,8100,162,2430,243,2026,November,1,7938,2430
11/3/2026,SID007,Mahmudul Hasan,INV2611103483,Urban Trends,Both,CUS00316,Retail,Disinfectant Spray,HYG003,Hygiene Products,CAT004,400,56,22400,1120,21280,0,0,638.4,2026,November,3,21280,0
8/24/2026,SID006,Tanjina Sultana,INV2608103484,Urban Trends,Female,CUS00087,Retail,Condom,COS036,Cosmetics,CAT002,300,62,18600,558,18042,902.1,0,541.26,2026,August,24,17139.9,0
10/23/2025,SID009,Mim Akter,INV2510103485,Cosmetics Plus,Female,CUS00440,Retail,Men's Innerwear,APP016,Fashion Apparel,CAT001,700,28,19600,0,19600,0,3920,588,2025,October,23,19600,3920
4/24/2026,SID003,Mim Akter,INV2604103486,Lily Boutique,Both,CUS00045,Online,Personal Toys,COS041,Cosmetics,CAT002,1500,93,139500,6975,132525,2650.5,0,3975.75,2026,April,24,129874.5,0
7/1/2025,SID016,Jannatul Ferdous,INV2507103487,Rainbow Apparel,Male,CUS00234,Walk In,Sunglasses,ACC004,Accessories,CAT003,1500,75,112500,7875,104625,0,31387.5,3138.75,2025,July,1,104625,31387.5
5/24/2025,SID005,Nayeem Hasan,INV2505103488,Cosmetics Central,Female,CUST058,Distributor,Face Mask,HYG002,Hygiene Products,CAT004,150,94,14100,1410,12690,253.8,2538,380.7,2025,May,24,12436.2,2538
7/13/2026,SID018,Tanvir Islam,INV2607103489,Fashion Hub Ltd,Both,CUS00481,Walk In,Body Spray,COS011,Cosmetics,CAT002,500,18,9000,900,8100,0,2430,243,2026,July,13,8100,2430
10/5/2026,SID020,Tanvir Islam,INV2610103490,Shine Collection,Male,CUS00006,Online,After Sun Lotion,COS031,Cosmetics,CAT002,700,61,42700,0,42700,0,8540,1281,2026,October,5,42700,8540
1/16/2025,SID016,Imran Hossain,INV2501103491,Fashion World,Male,CUS00357,Distributor,Personal Toys,COS041,Cosmetics,CAT002,1500,5,7500,525,6975,139.5,1395,209.25,2025,January,16,6835.5,1395
4/23/2025,SID017,Jannatul Ferdous,INV2504103492,Smart Beauty,Both,CUS00446,Online,Toothbrush,HYG006,Hygiene Products,CAT004,150,8,1200,84,1116,22.32,0,33.48,2025,April,23,1093.68,0
12/14/2026,SID016,Nayeem Hasan,INV2612103493,Elegant Choice,Both,CUS00111,Online,Jewelry Set,ACC009,Accessories,CAT003,4500,94,423000,42300,380700,7614,0,11421,2026,December,14,373086,0
8/3/2025,SID004,Jannatul Ferdous,INV2508103494,Apex Fashion,Female,CUST061,Walk In,Condom,COS036,Cosmetics,CAT002,300,84,25200,756,24444,0,7333.2,733.32,2025,August,3,24444,7333.2
11/2/2025,SID009,Shuvo Das,INV2511103495,Fashion World,Both,CUS00073,Distributor,Feminine Wash,HYG010,Hygiene Products,CAT004,400,85,34000,3400,30600,0,0,918,2025,November,2,30600,0
10/11/2026,SID013,Mim Akter,INV2610103496,Elite Fashion,Both,CUS00491,Distributor,Makeup Kit,COS034,Cosmetics,CAT002,2500,46,115000,0,115000,0,34500,3450,2026,October,11,115000,34500
8/22/2026,SID009,Mim Akter,INV2608103497,Rainbow Apparel,Female,CUS00043,Retail,Handbag,ACC001,Accessories,CAT003,3500,37,129500,0,129500,6475,25900,3885,2026,August,22,123025,25900
7/17/2025,SID018,Rafiul Karim,INV2507103498,Rainbow Apparel,Both,CUS00284,Distributor,Handbag,ACC001,Accessories,CAT003,3500,38,133000,13300,119700,5985,0,3591,2025,July,17,113715,0
12/11/2025,SID018,Sadia Afrin,INV2512103499,Star Fashion,Male,CUS00205,Retail,Body Spray,COS011,Cosmetics,CAT002,500,5,2500,125,2375,0,0,71.25,2025,December,11,2375,0
1/19/2025,SID018,Siam Ahmed,INV2501103500,Cosmo House,Both,CUST055,Distributor,Feminine Wash,COS022,Cosmetics,CAT002,400,24,9600,0,9600,192,2880,288,2025,January,19,9408,2880
1/25/2026,SID015,Mahmudul Hasan,INV2601103501,Fashion Plus,Female,CUS00273,Walk In,Sanitary Napkins,HYG004,Hygiene Products,CAT004,350,52,18200,1274,16926,846.3,3385.2,507.78,2026,January,25,16079.7,3385.2
8/25/2025,SID019,Abdullah Al Mamun,INV2508103502,Moonlight Cosmetics,Both,CUS00056,Online,Scarf,ACC006,Accessories,CAT003,900,94,84600,2538,82062,4103.1,0,2461.86,2025,August,25,77958.9,0
9/29/2025,SID006,Jannatul Ferdous,INV2509103503,Classic Apparel,Female,CUST003,Walk In,Body Oil,COS040,Cosmetics,CAT002,800,48,38400,2688,35712,1785.6,10713.6,1071.36,2025,September,29,33926.4,10713.6
2/9/2026,SID011,Tanvir Islam,INV2602103504,Cosmo House,Both,CUST055,Distributor,Men Polo Shirt,APP002,Fashion Apparel,CAT001,1100,60,66000,6600,59400,2970,11880,1782,2026,February,9,56430,11880
8/27/2025,SID006,Abdullah Al Mamun,INV2508103505,Blue Sky Fashion,Both,CUST014,Online,Makeup Remover,COS015,Cosmetics,CAT002,550,32,17600,880,16720,0,3344,501.6,2025,August,27,16720,3344
10/22/2025,SID018,Nusrat Jahan,INV2510103506,Royal Style,Both,CUS00387,Corporate,Face Scrub,COS027,Cosmetics,CAT002,550,40,22000,1540,20460,409.2,6138,613.8,2025,October,22,20050.8,6138
10/15/2026,SID017,Imran Hossain,INV2610103507,Fashion Point,Female,CUS00007,Corporate,Hoodie,APP009,Fashion Apparel,CAT001,2500,55,137500,6875,130625,0,26125,3918.75,2026,October,15,130625,26125
6/10/2026,SID005,Tanvir Islam,INV2606103508,Elegant Boutique,Female,CUS00192,Corporate,Shampoo,COS005,Cosmetics,CAT002,700,85,59500,2975,56525,2826.25,11305,1695.75,2026,June,10,53698.75,11305
12/20/2025,SID015,Nayeem Hasan,INV2512103509,Premium Beauty,Female,CUS00421,Distributor,Face Mask,HYG002,Hygiene Products,CAT004,150,99,14850,0,14850,742.5,4455,445.5,2025,December,20,14107.5,4455
10/19/2025,SID012,Imran Hossain,INV2510103510,Elegant Boutique,Male,CUS00261,Online,Personal Toys,COS041,Cosmetics,CAT002,1500,41,61500,1845,59655,2982.75,17896.5,1789.65,2025,October,19,56672.25,17896.5
3/7/2026,SID005,Samira Akter,INV2603103511,Fashion Express,Both,CUS00245,Retail,Men's Nightwear,APP015,Fashion Apparel,CAT001,850,81,68850,6885,61965,0,0,1858.95,2026,March,7,61965,0
1/29/2026,SID003,Samira Akter,INV2601103512,Fashion Avenue,Female,CUS00400,Distributor,Wallet,ACC002,Accessories,CAT003,1200,74,88800,8880,79920,1598.4,23976,2397.6,2026,January,29,78321.6,23976
4/19/2026,SID013,Tasnia Rahman,INV2604103513,Modern Style,Male,CUS00176,Walk In,Gloves,ACC008,Accessories,CAT003,600,67,40200,4020,36180,0,0,1085.4,2026,April,19,36180,0
6/3/2026,SID004,Bonna Akter,INV2606103514,Fashion Avenue,Female,CUS00004,Distributor,Men Shirt,APP017,Fashion Apparel,CAT001,1600,22,35200,1760,33440,0,10032,1003.2,2026,June,3,33440,10032
1/30/2025,SID012,Rashedul Islam,INV2501103515,Fresh Look,Male,CUS00463,Online,Foot Care Cream,HYG014,Hygiene Products,CAT004,300,28,8400,840,7560,0,1512,226.8,2025,January,30,7560,1512
5/11/2026,SID012,Bonna Akter,INV2605103516,Smart Beauty,Both,CUS00366,Distributor,Men Shirt,APP017,Fashion Apparel,CAT001,1600,99,158400,11088,147312,7365.6,0,4419.36,2026,May,11,139946.4,0
3/15/2025,SID007,Sadia Afrin,INV2503103517,Cosmetics Plus,Male,CUS00211,Distributor,Kids T-Shirt,APP007,Fashion Apparel,CAT001,650,97,63050,0,63050,0,0,1891.5,2025,March,15,63050,0
4/6/2026,SID001,Abdullah Al Mamun,INV2604103518,Cosmetics Plus,Female,CUS00275,Corporate,Underarm Whitening Cream,HYG015,Hygiene Products,CAT004,500,63,31500,1575,29925,0,8977.5,897.75,2026,April,6,29925,8977.5
12/21/2025,SID013,Nusrat Jahan,INV2512103519,Lily Boutique,Both,CUS00339,Walk In,Toothpaste,HYG005,Hygiene Products,CAT004,200,80,16000,1600,14400,0,0,432,2025,December,21,14400,0
5/20/2026,SID002,Shakil Khan,INV2605103520,Royal Style,Female,CUS00254,Online,Hair Straightener,COS035,Cosmetics,CAT002,3500,23,80500,0,80500,1610,16100,2415,2026,May,20,78890,16100
6/4/2025,SID009,Sharmin Akter,INV2506103521,Urban Trends,Both,CUS00184,Retail,Women's Nightwear,APP014,Fashion Apparel,CAT001,800,40,32000,3200,28800,1440,5760,864,2025,June,4,27360,5760
11/13/2025,SID020,Rakib Hasan,INV2511103522,Classic Beauty,Both,CUST025,Corporate,Hair Removal Cream,HYG013,Hygiene Products,CAT004,450,66,29700,0,29700,1485,5940,891,2025,November,13,28215,5940
11/26/2025,SID003,Imran Hossain,INV2511103523,Smart Collection,Female,CUS00033,Walk In,Women's Leggings,APP012,Fashion Apparel,CAT001,1300,64,83200,2496,80704,1614.08,16140.8,2421.12,2025,November,26,79089.92,16140.8
9/22/2025,SID017,Nayeem Hasan,INV2509103524,Cosmetics Plus,Both,CUS00202,Corporate,Face Mask,HYG002,Hygiene Products,CAT004,150,38,5700,0,5700,114,1140,171,2025,September,22,5586,1140
2/10/2026,SID007,Samira Akter,INV2602103525,Trendy Shop,Male,CUS00432,Retail,Hair Removal Cream,COS025,Cosmetics,CAT002,450,13,5850,175.5,5674.5,0,1134.9,170.23,2026,February,10,5674.5,1134.9
6/28/2025,SID012,Nusrat Jahan,INV2506103526,Cosmetics World,Male,CUS00222,Walk In,Body Lotion,COS004,Cosmetics,CAT002,650,95,61750,3087.5,58662.5,1173.25,17598.75,1759.88,2025,June,28,57489.25,17598.75
8/22/2025,SID015,Bonna Akter,INV2508103527,Infinity Style,Male,CUS00237,Retail,Women's Kurti,APP004,Fashion Apparel,CAT001,1800,82,147600,7380,140220,2804.4,42066,4206.6,2025,August,22,137415.6,42066
5/13/2026,SID003,Farzana Akter,INV2605103528,Fashion Gallery,Female,CUS00122,Online,Hair Removal Cream,HYG013,Hygiene Products,CAT004,450,24,10800,0,10800,540,0,324,2026,May,13,10260,0
7/8/2026,SID002,Sabbir Ahmed,INV2607103529,Lily Boutique,Both,CUS00341,Distributor,Hair Mask,COS018,Cosmetics,CAT002,1100,55,60500,3025,57475,1149.5,0,1724.25,2026,July,8,56325.5,0
5/1/2025,SID017,Sharmin Akter,INV2505103530,Pink Beauty,Female,CUS00116,Corporate,Underarm Whitening Cream,HYG015,Hygiene Products,CAT004,500,11,5500,0,5500,110,0,165,2025,May,1,5390,0
3/12/2025,SID013,Nusrat Jahan,INV2503103531,Fashion Hub Ltd,Both,CUS00485,Corporate,Belt,ACC003,Accessories,CAT003,800,10,8000,560,7440,0,2232,223.2,2025,March,12,7440,2232
7/9/2026,SID006,Arif Hossain,INV2607103532,Elite Fashion,Female,CUS00320,Corporate,Hair Serum,COS006,Cosmetics,CAT002,1200,68,81600,2448,79152,1583.04,0,2374.56,2026,July,9,77568.96,0
8/28/2026,SID016,Siam Ahmed,INV2608103533,Beauty Express,Male,CUST002,Online,Women's Saree,APP005,Fashion Apparel,CAT001,3200,29,92800,2784,90016,1800.32,18003.2,2700.48,2026,August,28,88215.68,18003.2
10/11/2025,SID007,Farzana Akter,INV2510103534,Urban Avenue,Both,CUS00467,Retail,Makeup Remover,COS015,Cosmetics,CAT002,550,24,13200,1320,11880,0,2376,356.4,2025,October,11,11880,2376
8/10/2026,SID015,Farzana Akter,INV2608103535,Diamond Cosmetics,Female,CUS00439,Retail,After Sun Lotion,COS031,Cosmetics,CAT002,700,59,41300,0,41300,0,0,1239,2026,August,10,41300,0
12/15/2025,SID017,Mehedi Hasan,INV2512103536,Diamond Cosmetics,Female,CUS00082,Online,Disinfectant Spray,HYG003,Hygiene Products,CAT004,400,29,11600,0,11600,0,3480,348,2025,December,15,11600,3480
5/19/2025,SID014,Arif Hossain,INV2505103537,Grace Boutique,Female,CUS00469,Retail,Sunscreen,COS009,Cosmetics,CAT002,1150,43,49450,3461.5,45988.5,0,0,1379.65,2025,May,19,45988.5,0
3/15/2026,SID002,Bonna Akter,INV2603103538,Infinity Style,Female,CUS00124,Online,Jacket,APP010,Fashion Apparel,CAT001,3800,13,49400,3458,45942,918.84,13782.6,1378.26,2026,March,15,45023.16,13782.6
5/8/2026,SID005,Rashedul Islam,INV2605103539,Shine Collection,Both,CUS00337,Online,Backpack,ACC012,Accessories,CAT003,3000,15,45000,3150,41850,2092.5,0,1255.5,2026,May,8,39757.5,0
4/8/2026,SID018,Tasnia Rahman,INV2604103540,Cosmo House,Both,CUST055,Distributor,Makeup Kit,COS034,Cosmetics,CAT002,2500,32,80000,8000,72000,0,0,2160,2026,April,8,72000,0
12/17/2025,SID011,Imran Hossain,INV2512103541,Royal Style,Female,CUS00035,Distributor,Face Cream,COS007,Cosmetics,CAT002,950,75,71250,0,71250,1425,14250,2137.5,2025,December,17,69825,14250
11/11/2026,SID011,Tanjina Sultana,INV2611103542,Lily Boutique,Male,CUS00267,Distributor,Hair Dryer,COS038,Cosmetics,CAT002,4000,47,188000,5640,182360,0,54708,5470.8,2026,November,11,182360,54708
12/16/2025,SID012,Nusrat Jahan,INV2512103543,Lily Boutique,Male,CUS00363,Retail,Watch,ACC005,Accessories,CAT003,5000,28,140000,9800,130200,0,0,3906,2025,December,16,130200,0
2/6/2025,SID005,Abdullah Al Mamun,INV2502103544,Fashion Gallery,Male,CUS00370,Online,Sunglasses,ACC004,Accessories,CAT003,1500,8,12000,1200,10800,540,3240,324,2025,February,6,10260,3240
5/16/2025,SID005,Mahmudul Hasan,INV2505103545,Fashion Avenue,Male,CUS00381,Walk In,Disinfectant Spray,HYG003,Hygiene Products,CAT004,400,57,22800,0,22800,456,4560,684,2025,May,16,22344,4560
7/9/2025,SID014,Mahmudul Hasan,INV2507103546,Fashion World,Female,CUS00407,Online,Hair Dryer,COS038,Cosmetics,CAT002,4000,79,316000,9480,306520,6130.4,0,9195.6,2025,July,9,300389.6,0
12/26/2026,SID017,Sadia Afrin,INV2612103547,Blue Sky Fashion,Both,CUST014,Online,Hand Sanitizer,HYG001,Hygiene Products,CAT004,250,58,14500,0,14500,0,0,435,2026,December,26,14500,0
3/7/2025,SID012,Rakib Hasan,INV2503103548,Premium Beauty,Male,CUS00274,Online,Mouthwash,HYG007,Hygiene Products,CAT004,300,79,23700,2370,21330,426.6,4266,639.9,2025,March,7,20903.4,4266
5/11/2026,SID014,Sabbir Ahmed,INV2605103549,Signature Fashion,Female,CUS00334,Walk In,Body Spray,COS011,Cosmetics,CAT002,500,26,13000,910,12090,0,2418,362.7,2026,May,11,12090,2418
5/18/2026,SID003,Bonna Akter,INV2605103550,Elite Fashion,Both,CUS00378,Distributor,Hat,ACC007,Accessories,CAT003,700,59,41300,1239,40061,0,8012.2,1201.83,2026,May,18,40061,8012.2
7/9/2026,SID002,Shakil Khan,INV2607103551,Trendy Shop,Male,CUS00216,Retail,Hair Conditioner,COS032,Cosmetics,CAT002,750,72,54000,3780,50220,2511,0,1506.6,2026,July,9,47709,0
10/2/2025,SID017,Mahmudul Hasan,INV2510103552,Lily Boutique,Both,CUS00395,Retail,Perfume,COS003,Cosmetics,CAT002,2200,34,74800,7480,67320,0,13464,2019.6,2025,October,2,67320,13464
7/31/2026,SID007,Bonna Akter,INV2607103553,Fashion Plus,Female,CUS00286,Online,Aftershave,COS019,Cosmetics,CAT002,800,6,4800,336,4464,89.28,892.8,133.92,2026,July,31,4374.72,892.8
11/28/2025,SID018,Mahmudul Hasan,INV2511103554,NextGen Fashion,Both,CUS00294,Online,Belt,ACC003,Accessories,CAT003,800,63,50400,0,50400,2520,0,1512,2025,November,28,47880,0
3/13/2025,SID014,Rakib Hasan,INV2503103555,Elegant Choice,Both,CUS00403,Retail,Jewelry Set,ACC009,Accessories,CAT003,4500,27,121500,8505,112995,5649.75,33898.5,3389.85,2025,March,13,107345.25,33898.5
4/4/2025,SID017,Nusrat Jahan,INV2504103556,Elite Collection,Both,CUS00178,Walk In,Backpack,ACC012,Accessories,CAT003,3000,42,126000,6300,119700,5985,0,3591,2025,April,4,113715,0
4/1/2026,SID011,Tanjina Sultana,INV2604103557,Modern Style,Both,CUS00124,Corporate,Feminine Wash,COS022,Cosmetics,CAT002,400,95,38000,1140,36860,737.2,11058,1105.8,2026,April,1,36122.8,11058
4/25/2026,SID001,Samira Akter,INV2604103558,Fashion Plus,Male,CUS00433,Distributor,Hair Accessories,ACC010,Accessories,CAT003,400,5,2000,60,1940,0,582,58.2,2026,April,25,1940,582
4/26/2025,SID003,Tanjina Sultana,INV2504103559,Modern Boutique,Both,CUS00105,Online,Women's Saree,APP005,Fashion Apparel,CAT001,3200,90,288000,20160,267840,13392,0,8035.2,2025,April,26,254448,0
9/17/2026,SID010,Arif Hossain,INV2609103560,Infinity Style,Both,CUS00360,Distributor,Women's Leggings,APP012,Fashion Apparel,CAT001,1300,12,15600,780,14820,0,0,444.6,2026,September,17,14820,0
1/30/2025,SID005,Tanvir Islam,INV2501103561,Style World,Both,CUS00239,Retail,Body Spray,COS011,Cosmetics,CAT002,500,87,43500,1305,42195,2109.75,0,1265.85,2025,January,30,40085.25,0
10/28/2026,SID013,Imran Hossain,INV2610103562,Dream Fashion,Male,CUS00182,Walk In,Hair Accessories,ACC010,Accessories,CAT003,400,35,14000,1400,12600,630,3780,378,2026,October,28,11970,3780
1/12/2025,SID011,Jannatul Ferdous,INV2501103563,Infinity Style,Both,CUS00191,Distributor,Watch,ACC005,Accessories,CAT003,5000,20,100000,7000,93000,4650,18600,2790,2025,January,12,88350,18600
10/5/2026,SID008,Tanjina Sultana,INV2610103564,Cosmo House,Both,CUST055,Distributor,Body Spray,COS011,Cosmetics,CAT002,500,41,20500,1435,19065,953.25,5719.5,571.95,2026,October,5,18111.75,5719.5
10/20/2026,SID013,Sharmin Akter,INV2610103565,New Era Fashion,Both,CUS00161,Walk In,After Sun Lotion,COS031,Cosmetics,CAT002,700,95,66500,6650,59850,1197,11970,1795.5,2026,October,20,58653,11970
11/20/2026,SID004,Rafiul Karim,INV2611103566,Crystal Cosmetics,Both,CUS00250,Distributor,Hair Gel,COS028,Cosmetics,CAT002,400,54,21600,2160,19440,388.8,5832,583.2,2026,November,20,19051.2,5832
12/13/2025,SID014,Siam Ahmed,INV2512103567,Star Fashion,Male,CUS00203,Distributor,Hand Sanitizer,HYG001,Hygiene Products,CAT004,250,25,6250,437.5,5812.5,0,0,174.38,2025,December,13,5812.5,0
6/13/2026,SID006,Shakil Khan,INV2606103568,Iconic Fashion,Both,CUS00044,Walk In,Keychain,ACC015,Accessories,CAT003,300,21,6300,315,5985,119.7,1795.5,179.55,2026,June,13,5865.3,1795.5
2/1/2025,SID005,Mim Akter,INV2502103569,Glow & Shine,Female,CUS00494,Online,Underarm Whitening Cream,COS024,Cosmetics,CAT002,500,56,28000,2800,25200,504,7560,756,2025,February,1,24696,7560
7/13/2026,SID016,Rafiul Karim,INV2607103570,Beauty Point,Female,CUST066,Corporate,Body Spray,COS011,Cosmetics,CAT002,500,87,43500,1305,42195,2109.75,12658.5,1265.85,2026,July,13,40085.25,12658.5
6/29/2025,SID012,Tanjina Sultana,INV2506103571,Style World,Male,CUS00446,Online,Face Scrub,COS027,Cosmetics,CAT002,550,80,44000,4400,39600,0,11880,1188,2025,June,29,39600,11880
8/12/2026,SID016,Samira Akter,INV2608103572,Royal Style,Both,CUS00400,Online,Gloves,ACC008,Accessories,CAT003,600,56,33600,3360,30240,0,6048,907.2,2026,August,12,30240,6048
3/11/2026,SID016,Sadia Afrin,INV2603103573,Fashion Central,Male,CUS00220,Distributor,Hair Straightener,COS035,Cosmetics,CAT002,3500,60,210000,21000,189000,0,37800,5670,2026,March,11,189000,37800
5/14/2025,SID013,Jannatul Ferdous,INV2505103574,Cosmo House,Both,CUST055,Distributor,Keychain,ACC015,Accessories,CAT003,300,48,14400,720,13680,0,0,410.4,2025,May,14,13680,0
11/30/2026,SID010,Jannatul Ferdous,INV2611103575,Fresh Look,Both,CUS00459,Distributor,Body Wash,COS030,Cosmetics,CAT002,600,84,50400,2520,47880,0,9576,1436.4,2026,November,30,47880,9576
8/21/2025,SID007,Mahmudul Hasan,INV2508103576,Fashion World,Male,CUS00463,Distributor,Hair Dryer,COS038,Cosmetics,CAT002,4000,26,104000,5200,98800,4940,19760,2964,2025,August,21,93860,19760
2/2/2026,SID012,Shuvo Das,INV2602103577,Diamond Cosmetics,Male,CUS00429,Retail,Face Serum,COS014,Cosmetics,CAT002,1300,18,23400,1638,21762,1088.1,4352.4,652.86,2026,February,2,20673.9,4352.4
8/18/2026,SID002,Jannatul Ferdous,INV2608103578,Cosmetics Plus,Both,CUS00314,Walk In,Hair Removal Cream,HYG013,Hygiene Products,CAT004,450,27,12150,364.5,11785.5,0,2357.1,353.56,2026,August,18,11785.5,2357.1
4/19/2026,SID017,Rashedul Islam,INV2604103579,Premium Beauty,Male,CUS00309,Walk In,After Sun Lotion,COS031,Cosmetics,CAT002,700,86,60200,6020,54180,1083.6,0,1625.4,2026,April,19,53096.4,0
6/21/2026,SID008,Rafiul Karim,INV2606103580,Prime Collection,Male,CUS00369,Corporate,Nail Polish,COS013,Cosmetics,CAT002,400,20,8000,0,8000,160,2400,240,2026,June,21,7840,2400
4/10/2025,SID019,Mim Akter,INV2504103581,Blue Sky Fashion,Both,CUST014,Online,Body Scrub,COS026,Cosmetics,CAT002,650,49,31850,2229.5,29620.5,0,5924.1,888.62,2025,April,10,29620.5,5924.1
5/17/2025,SID011,Jannatul Ferdous,INV2505103582,Signature Fashion,Female,CUS00205,Distributor,Hair Color,COS012,Cosmetics,CAT002,1500,33,49500,2475,47025,0,0,1410.75,2025,May,17,47025,0
3/25/2025,SID009,Mehedi Hasan,INV2503103583,Infinity Style,Both,CUS00463,Online,Wallet,ACC002,Accessories,CAT003,1200,99,118800,5940,112860,2257.2,22572,3385.8,2025,March,25,110602.8,22572
11/25/2025,SID019,Tanvir Islam,INV2511103584,Urban Trends,Male,CUS00166,Distributor,After Sun Lotion,COS031,Cosmetics,CAT002,700,50,35000,1750,33250,665,0,997.5,2025,November,25,32585,0
4/10/2025,SID017,Nusrat Jahan,INV2504103585,Urban Style,Female,CUS00168,Online,Body Wash,COS030,Cosmetics,CAT002,600,83,49800,3486,46314,0,9262.8,1389.42,2025,April,10,46314,9262.8
1/9/2026,SID014,Rashedul Islam,INV2601103586,Fashion Point,Both,CUS00101,Walk In,Condom,COS036,Cosmetics,CAT002,300,51,15300,459,14841,0,2968.2,445.23,2026,January,9,14841,2968.2
2/18/2026,SID015,Rakib Hasan,INV2602103587,Wonder Collection,Female,CUS00168,Retail,Men T-Shirt,APP001,Fashion Apparel,CAT001,750,69,51750,0,51750,2587.5,15525,1552.5,2026,February,18,49162.5,15525
5/7/2025,SID019,Tasnia Rahman,INV2505103588,Fashion Hub Ltd,Male,CUS00156,Retail,Belt,ACC003,Accessories,CAT003,800,52,41600,0,41600,832,12480,1248,2025,May,7,40768,12480
2/8/2026,SID014,Arif Hossain,INV2602103589,Cosmetics World,Both,CUS00184,Retail,Men Shirt,APP017,Fashion Apparel,CAT001,1600,14,22400,1568,20832,1041.6,4166.4,624.96,2026,February,8,19790.4,4166.4
7/13/2025,SID011,Nayeem Hasan,INV2507103590,Trendy Boutique,Male,CUS00314,Distributor,Perfume,COS003,Cosmetics,CAT002,2200,89,195800,5874,189926,3798.52,56977.8,5697.78,2025,July,13,186127.48,56977.8
10/17/2026,SID017,Sadia Afrin,INV2610103591,Smart Collection,Female,CUS00167,Walk In,Hair Serum,COS006,Cosmetics,CAT002,1200,49,58800,4116,54684,1093.68,0,1640.52,2026,October,17,53590.32,0
5/13/2025,SID005,Sadia Afrin,INV2505103592,Fashion Hub Ltd,Male,CUS00262,Walk In,Body Wash,COS030,Cosmetics,CAT002,600,42,25200,0,25200,504,0,756,2025,May,13,24696,0
2/3/2025,SID011,Siam Ahmed,INV2502103593,Fresh Look,Both,CUS00325,Walk In,Kids Dress,APP008,Fashion Apparel,CAT001,950,88,83600,2508,81092,0,24327.6,2432.76,2025,February,3,81092,24327.6
6/20/2026,SID002,Abdullah Al Mamun,INV2606103594,Elite Collection,Male,CUS00409,Retail,Hand Sanitizer,HYG001,Hygiene Products,CAT004,250,56,14000,1400,12600,252,2520,378,2026,June,20,12348,2520
6/18/2026,SID015,Rashedul Islam,INV2606103595,Fashion Hub Ltd,Male,CUS00109,Corporate,Diapers,HYG012,Hygiene Products,CAT004,800,7,5600,560,5040,100.8,0,151.2,2026,June,18,4939.2,0
3/5/2026,SID005,Rafiul Karim,INV2603103596,Chic Collection,Male,CUST050,Online,Personal Toys,COS041,Cosmetics,CAT002,1500,88,132000,13200,118800,0,23760,3564,2026,March,5,118800,23760
6/4/2026,SID008,Sadia Afrin,INV2606103597,Cosmetics Plus,Male,CUS00354,Corporate,Wallet,ACC002,Accessories,CAT003,1200,75,90000,0,90000,0,0,2700,2026,June,4,90000,0
12/22/2026,SID008,Samira Akter,INV2612103598,Royal Style,Female,CUS00168,Distributor,Sunglasses,ACC004,Accessories,CAT003,1500,91,136500,0,136500,2730,27300,4095,2026,December,22,133770,27300
6/22/2026,SID018,Nayeem Hasan,INV2606103599,Lily Boutique,Both,CUS00155,Online,Men Polo Shirt,APP002,Fashion Apparel,CAT001,1100,42,46200,1386,44814,896.28,0,1344.42,2026,June,22,43917.72,0
7/2/2026,SID017,Sadia Afrin,INV2607103600,Fashion Avenue,Female,CUS00147,Corporate,Hair Serum,COS006,Cosmetics,CAT002,1200,73,87600,2628,84972,0,16994.4,2549.16,2026,July,2,84972,16994.4
8/17/2026,SID003,Nusrat Jahan,INV2608103601,Blue Sky Fashion,Both,CUST014,Online,Hair Conditioner,COS032,Cosmetics,CAT002,750,41,30750,922.5,29827.5,0,8948.25,894.82,2026,August,17,29827.5,8948.25
6/26/2026,SID006,Arif Hossain,INV2606103602,Fashion Avenue,Both,CUS00301,Distributor,Lipstick,COS002,Cosmetics,CAT002,850,14,11900,833,11067,0,2213.4,332.01,2026,June,26,11067,2213.4
7/8/2026,SID002,Abdullah Al Mamun,INV2607103603,Lily Boutique,Female,CUS00005,Distributor,Beard Oil,COS010,Cosmetics,CAT002,900,36,32400,3240,29160,0,8748,874.8,2026,July,8,29160,8748
8/11/2026,SID004,Tanvir Islam,INV2608103604,Premium Beauty,Female,CUS00169,Corporate,Face Toner,COS033,Cosmetics,CAT002,500,83,41500,4150,37350,747,0,1120.5,2026,August,11,36603,0
3/26/2025,SID001,Sharmin Akter,INV2503103605,Pink Beauty,Male,CUS00403,Corporate,Gloves,ACC008,Accessories,CAT003,600,62,37200,1116,36084,1804.2,10825.2,1082.52,2025,March,26,34279.8,10825.2
4/3/2026,SID003,Tanjina Sultana,INV2604103606,Beauty World,Male,CUST010,Distributor,Body Oil,COS040,Cosmetics,CAT002,800,12,9600,480,9120,456,2736,273.6,2026,April,3,8664,2736
4/29/2026,SID004,Rafiul Karim,INV2604103607,Glamour Point,Male,CUS00092,Walk In,After Sun Lotion,COS031,Cosmetics,CAT002,700,78,54600,3822,50778,1015.56,10155.6,1523.34,2026,April,29,49762.44,10155.6
10/9/2025,SID014,Samira Akter,INV2510103608,Style Corner,Both,CUS00328,Distributor,Women's Skirt,APP011,Fashion Apparel,CAT001,1500,52,78000,2340,75660,0,15132,2269.8,2025,October,9,75660,15132
9/26/2026,SID012,Siam Ahmed,INV2609103609,Unique Collection,Male,CUS00103,Online,Face Toner,COS033,Cosmetics,CAT002,500,25,12500,625,11875,237.5,3562.5,356.25,2026,September,26,11637.5,3562.5
2/24/2026,SID007,Rashedul Islam,INV2602103610,Urban Beauty,Male,CUS00045,Retail,Face Serum,COS014,Cosmetics,CAT002,1300,70,91000,6370,84630,4231.5,25389,2538.9,2026,February,24,80398.5,25389
8/12/2025,SID001,Tanvir Islam,INV2508103611,Nova Cosmetics,Male,CUS00319,Walk In,Men T-Shirt,APP001,Fashion Apparel,CAT001,750,55,41250,2887.5,38362.5,767.25,7672.5,1150.88,2025,August,12,37595.25,7672.5
7/20/2025,SID016,Bonna Akter,INV2507103612,Smart Collection,Female,CUS00190,Walk In,Face Mask,COS020,Cosmetics,CAT002,600,17,10200,714,9486,0,1897.2,284.58,2025,July,20,9486,1897.2
6/30/2026,SID017,Imran Hossain,INV2606103613,Cosmetics Central,Female,CUST058,Distributor,Men Shirt,APP017,Fashion Apparel,CAT001,1600,21,33600,0,33600,1680,0,1008,2026,June,30,31920,0
5/9/2025,SID001,Nusrat Jahan,INV2505103614,Elegant Boutique,Female,CUS00053,Walk In,Body Oil,COS040,Cosmetics,CAT002,800,32,25600,1280,24320,1216,4864,729.6,2025,May,9,23104,4864
8/18/2026,SID007,Sabbir Ahmed,INV2608103615,Prime Collection,Male,CUS00159,Distributor,Body Mist,COS037,Cosmetics,CAT002,450,71,31950,1597.5,30352.5,0,0,910.57,2026,August,18,30352.5,0
9/21/2026,SID009,Imran Hossain,INV2609103616,Pink Beauty,Female,CUS00306,Walk In,Toothpaste,HYG005,Hygiene Products,CAT004,200,83,16600,830,15770,315.4,4731,473.1,2026,September,21,15454.6,4731
7/4/2025,SID006,Nayeem Hasan,INV2507103617,Elegant Boutique,Female,CUS00093,Walk In,Sunglasses,ACC004,Accessories,CAT003,1500,38,57000,2850,54150,2707.5,0,1624.5,2025,July,4,51442.5,0
10/4/2025,SID015,Samira Akter,INV2510103618,Beauty Avenue,Female,CUST049,Distributor,Hair Accessories,ACC010,Accessories,CAT003,400,37,14800,1480,13320,266.4,0,399.6,2025,October,4,13053.6,0
2/17/2025,SID005,Sadia Afrin,INV2502103619,Glamour House,Female,CUS00167,Retail,Sanitary Napkins,HYG004,Hygiene Products,CAT004,350,8,2800,140,2660,53.2,798,79.8,2025,February,17,2606.8,798
5/4/2026,SID004,Sharmin Akter,INV2605103620,Fashion Point,Male,CUS00465,Retail,Makeup Kit,COS034,Cosmetics,CAT002,2500,19,47500,1425,46075,0,13822.5,1382.25,2026,May,4,46075,13822.5
2/5/2025,SID005,Tanvir Islam,INV2502103621,Elegant Choice,Male,CUS00033,Walk In,After Sun Lotion,COS031,Cosmetics,CAT002,700,69,48300,2415,45885,0,9177,1376.55,2025,February,5,45885,9177
2/8/2026,SID013,Mim Akter,INV2602103622,Global Apparel,Female,CUS00189,Distributor,Toothpaste,HYG005,Hygiene Products,CAT004,200,5,1000,100,900,0,0,27,2026,February,8,900,0
5/15/2026,SID005,Rakib Hasan,INV2605103623,Signature Fashion,Both,CUS00427,Distributor,Sunscreen,COS009,Cosmetics,CAT002,1150,64,73600,3680,69920,0,20976,2097.6,2026,May,15,69920,20976
12/21/2026,SID012,Sharmin Akter,INV2612103624,Premium Beauty,Male,CUS00469,Retail,Sunglasses,ACC004,Accessories,CAT003,1500,6,9000,900,8100,162,0,243,2026,December,21,7938,0
1/18/2026,SID007,Mim Akter,INV2601103625,Modern Boutique,Male,CUS00215,Online,Hair Spray,COS029,Cosmetics,CAT002,450,41,18450,553.5,17896.5,357.93,5368.95,536.89,2026,January,18,17538.57,5368.95
12/24/2025,SID009,Tasnia Rahman,INV2512103626,Urban Trends,Male,CUS00387,Walk In,Men Shirt,APP017,Fashion Apparel,CAT001,1600,46,73600,3680,69920,0,0,2097.6,2025,December,24,69920,0
3/2/2026,SID015,Nayeem Hasan,INV2603103627,Cosmo House,Both,CUST055,Distributor,Face Toner,COS033,Cosmetics,CAT002,500,32,16000,1120,14880,744,4464,446.4,2026,March,2,14136,4464
10/27/2026,SID007,Tasnia Rahman,INV2610103628,Beauty Avenue,Female,CUST049,Distributor,Toothpaste,HYG005,Hygiene Products,CAT004,200,34,6800,204,6596,329.8,1319.2,197.88,2026,October,27,6266.2,1319.2
5/1/2025,SID008,Nusrat Jahan,INV2505103629,Cosmetics World,Female,CUS00065,Retail,Underarm Whitening Cream,COS024,Cosmetics,CAT002,500,46,23000,0,23000,1150,0,690,2025,May,1,21850,0
6/29/2026,SID008,Sharmin Akter,INV2606103630,Fashion Plus,Male,CUS00495,Corporate,After Sun Lotion,COS031,Cosmetics,CAT002,700,34,23800,0,23800,476,7140,714,2026,June,29,23324,7140
11/2/2025,SID018,Farzana Akter,INV2511103631,Royal Style,Both,CUS00106,Retail,Foot Care Cream,COS023,Cosmetics,CAT002,300,12,3600,0,3600,180,720,108,2025,November,2,3420,720
3/25/2026,SID009,Abdullah Al Mamun,INV2603103632,Perfect Beauty,Male,CUS00139,Walk In,Feminine Wash,COS022,Cosmetics,CAT002,400,60,24000,0,24000,1200,0,720,2026,March,25,22800,0
10/9/2025,SID002,Abdullah Al Mamun,INV2510103633,Golden Fashion,Female,CUS00444,Retail,Hair Mask,COS018,Cosmetics,CAT002,1100,99,108900,7623,101277,0,30383.1,3038.31,2025,October,9,101277,30383.1
12/19/2025,SID003,Jannatul Ferdous,INV2512103634,Glow & Shine,Female,CUS00021,Retail,Hair Conditioner,COS032,Cosmetics,CAT002,750,53,39750,3975,35775,715.5,0,1073.25,2025,December,19,35059.5,0
10/7/2025,SID016,Mehedi Hasan,INV2510103635,Global Apparel,Female,CUS00170,Online,Makeup Remover,COS015,Cosmetics,CAT002,550,76,41800,0,41800,836,0,1254,2025,October,7,40964,0
4/27/2025,SID008,Arif Hossain,INV2504103636,Fashion Point,Female,CUS00365,Retail,Hair Mask,COS018,Cosmetics,CAT002,1100,53,58300,4081,54219,0,0,1626.57,2025,April,27,54219,0
7/10/2026,SID015,Tanjina Sultana,INV2607103637,Pink Beauty,Female,CUS00037,Corporate,Sanitary Napkins,HYG004,Hygiene Products,CAT004,350,44,15400,1540,13860,277.2,0,415.8,2026,July,10,13582.8,0
8/15/2026,SID005,Tanvir Islam,INV2608103638,Classic Apparel,Female,CUST003,Walk In,Women's Nightwear,APP014,Fashion Apparel,CAT001,800,20,16000,800,15200,304,3040,456,2026,August,15,14896,3040
10/25/2025,SID004,Farzana Akter,INV2510103639,Iconic Fashion,Male,CUS00232,Corporate,Underarm Whitening Cream,COS024,Cosmetics,CAT002,500,31,15500,0,15500,775,4650,465,2025,October,25,14725,4650
10/21/2026,SID019,Sadia Afrin,INV2610103640,Urban Beauty,Both,CUS00391,Online,Body Spray,COS011,Cosmetics,CAT002,500,40,20000,0,20000,400,4000,600,2026,October,21,19600,4000
7/8/2025,SID020,Sabbir Ahmed,INV2507103641,Cosmetics Central,Female,CUST058,Distributor,Mouthwash,HYG007,Hygiene Products,CAT004,300,21,6300,630,5670,0,1134,170.1,2025,July,8,5670,1134
12/26/2025,SID019,Arif Hossain,INV2512103642,Fresh Look,Male,CUS00282,Walk In,Body Mist,COS037,Cosmetics,CAT002,450,86,38700,2709,35991,719.82,0,1079.73,2025,December,26,35271.18,0
10/29/2026,SID001,Mim Akter,INV2610103643,Golden Fashion,Female,CUS00013,Retail,Makeup Kit,COS034,Cosmetics,CAT002,2500,79,197500,9875,187625,9381.25,37525,5628.75,2026,October,29,178243.75,37525
3/7/2026,SID018,Sadia Afrin,INV2603103644,Modern Style,Male,CUS00030,Retail,Face Cream,COS007,Cosmetics,CAT002,950,23,21850,655.5,21194.5,1059.73,4238.9,635.83,2026,March,7,20134.77,4238.9
6/20/2026,SID014,Bonna Akter,INV2606103645,Smart Collection,Male,CUS00394,Walk In,Compact Powder,COS008,Cosmetics,CAT002,800,34,27200,1904,25296,1264.8,0,758.88,2026,June,20,24031.2,0
10/10/2026,SID019,Shuvo Das,INV2610103646,Dream Fashion,Female,CUS00324,Walk In,Men Polo Shirt,APP002,Fashion Apparel,CAT001,1100,37,40700,1221,39479,1973.95,0,1184.37,2026,October,10,37505.05,0
2/18/2025,SID012,Imran Hossain,INV2502103647,NextGen Fashion,Male,CUS00320,Distributor,Umbrella,ACC014,Accessories,CAT003,1200,75,90000,4500,85500,0,0,2565,2025,February,18,85500,0
9/24/2026,SID004,Rakib Hasan,INV2609103648,Golden Fashion,Female,CUS00378,Corporate,Face Cream,COS007,Cosmetics,CAT002,950,48,45600,1368,44232,884.64,8846.4,1326.96,2026,September,24,43347.36,8846.4
12/6/2025,SID006,Nusrat Jahan,INV2512103649,Wonder Collection,Female,CUS00184,Corporate,Underarm Whitening Cream,COS024,Cosmetics,CAT002,500,71,35500,3550,31950,639,6390,958.5,2025,December,6,31311,6390
8/13/2026,SID010,Tasnia Rahman,INV2608103650,Trendy Shop,Male,CUS00305,Retail,Women's Nightwear,APP014,Fashion Apparel,CAT001,800,16,12800,384,12416,620.8,0,372.48,2026,August,13,11795.2,0
4/22/2026,SID003,Jannatul Ferdous,INV2604103651,Cosmetics World,Both,CUS00498,Online,Men Polo Shirt,APP002,Fashion Apparel,CAT001,1100,61,67100,4697,62403,3120.15,12480.6,1872.09,2026,April,22,59282.85,12480.6
9/13/2025,SID007,Samira Akter,INV2509103652,Lily Boutique,Male,CUS00493,Corporate,Aftershave,COS019,Cosmetics,CAT002,800,56,44800,1344,43456,0,13036.8,1303.68,2025,September,13,43456,13036.8
2/12/2026,SID007,Nayeem Hasan,INV2602103653,Fashion Gallery,Male,CUS00250,Walk In,Compact Powder,COS008,Cosmetics,CAT002,800,69,55200,5520,49680,993.6,9936,1490.4,2026,February,12,48686.4,9936
8/10/2026,SID005,Tanvir Islam,INV2608103654,Moonlight Cosmetics,Male,CUS00257,Retail,Compact Powder,COS008,Cosmetics,CAT002,800,59,47200,1416,45784,2289.2,13735.2,1373.52,2026,August,10,43494.8,13735.2
3/25/2025,SID011,Mehedi Hasan,INV2503103655,Shine Collection,Male,CUS00435,Retail,Personal Lubricant,COS039,Cosmetics,CAT002,350,73,25550,1277.5,24272.5,0,0,728.17,2025,March,25,24272.5,0
11/26/2026,SID020,Rashedul Islam,INV2611103656,Fashion Point,Both,CUS00411,Corporate,Feminine Wash,HYG010,Hygiene Products,CAT004,400,59,23600,708,22892,1144.6,0,686.76,2026,November,26,21747.4,0
12/21/2025,SID009,Rashedul Islam,INV2512103657,Blue Sky Fashion,Both,CUST014,Online,Body Spray,COS011,Cosmetics,CAT002,500,51,25500,1275,24225,1211.25,4845,726.75,2025,December,21,23013.75,4845
2/22/2026,SID002,Shuvo Das,INV2602103658,Apex Fashion,Female,CUST061,Retail,Sunscreen,COS009,Cosmetics,CAT002,1150,38,43700,4370,39330,786.6,11799,1179.9,2026,February,22,38543.4,11799
10/10/2025,SID011,Mehedi Hasan,INV2510103659,Metro Fashion,Female,CUS00129,Corporate,Face Mask,COS020,Cosmetics,CAT002,600,99,59400,5940,53460,0,10692,1603.8,2025,October,10,53460,10692
11/24/2025,SID008,Rafiul Karim,INV2511103660,Beauty Avenue,Female,CUST049,Distributor,Face Toner,COS033,Cosmetics,CAT002,500,96,48000,1440,46560,2328,0,1396.8,2025,November,24,44232,0
12/12/2025,SID020,Jannatul Ferdous,INV2512103661,Style World,Female,CUS00260,Corporate,Sanitary Napkins,HYG004,Hygiene Products,CAT004,350,56,19600,0,19600,980,3920,588,2025,December,12,18620,3920
4/21/2025,SID020,Nayeem Hasan,INV2504103662,Fashion Hub Ltd,Male,CUS00374,Online,Men's Nightwear,APP015,Fashion Apparel,CAT001,850,97,82450,8245,74205,1484.1,22261.5,2226.15,2025,April,21,72720.9,22261.5
1/2/2025,SID016,Tasnia Rahman,INV2501103663,Golden Fashion,Female,CUS00183,Corporate,Face Mask,HYG002,Hygiene Products,CAT004,150,69,10350,517.5,9832.5,0,2949.75,294.97,2025,January,2,9832.5,2949.75
6/10/2026,SID016,Mehedi Hasan,INV2606103664,Urban Beauty,Both,CUS00185,Walk In,Personal Lubricant,COS039,Cosmetics,CAT002,350,73,25550,1788.5,23761.5,475.23,0,712.85,2026,June,10,23286.27,0
6/22/2025,SID004,Shakil Khan,INV2506103665,Fashion Hub Ltd,Both,CUS00234,Online,Hair Accessories,ACC010,Accessories,CAT003,400,52,20800,1456,19344,967.2,5803.2,580.32,2025,June,22,18376.8,5803.2
5/27/2026,SID008,Sharmin Akter,INV2605103666,Urban Beauty,Male,CUS00008,Walk In,Condom,COS036,Cosmetics,CAT002,300,65,19500,0,19500,0,3900,585,2026,May,27,19500,3900
12/7/2025,SID017,Siam Ahmed,INV2512103667,Urban Avenue,Both,CUS00243,Distributor,Sunscreen,COS009,Cosmetics,CAT002,1150,92,105800,0,105800,0,0,3174,2025,December,7,105800,0
3/28/2026,SID017,Shuvo Das,INV2603103668,Urban Trends,Male,CUS00203,Corporate,Sanitary Napkins,HYG004,Hygiene Products,CAT004,350,70,24500,1225,23275,0,4655,698.25,2026,March,28,23275,4655
6/9/2026,SID017,Tanjina Sultana,INV2606103669,Bloom Cosmetics,Female,CUST027,Distributor,Sunscreen,COS009,Cosmetics,CAT002,1150,96,110400,7728,102672,5133.6,0,3080.16,2026,June,9,97538.4,0
4/24/2026,SID001,Imran Hossain,INV2604103670,Fashion Hub Ltd,Male,CUS00371,Distributor,Men's Nightwear,APP015,Fashion Apparel,CAT001,850,34,28900,1445,27455,549.1,0,823.65,2026,April,24,26905.9,0
7/12/2025,SID015,Mim Akter,INV2507103671,New Era Fashion,Both,CUS00133,Corporate,Women's Skirt,APP011,Fashion Apparel,CAT001,1500,69,103500,7245,96255,1925.1,28876.5,2887.65,2025,July,12,94329.9,28876.5
8/22/2025,SID016,Bonna Akter,INV2508103672,Star Fashion,Male,CUS00429,Corporate,Women's Nightwear,APP014,Fashion Apparel,CAT001,800,76,60800,1824,58976,0,17692.8,1769.28,2025,August,22,58976,17692.8
11/8/2025,SID007,Rakib Hasan,INV2511103673,Cosmetics World,Both,CUS00224,Distributor,Hair Removal Cream,COS025,Cosmetics,CAT002,450,65,29250,2047.5,27202.5,544.05,5440.5,816.07,2025,November,8,26658.45,5440.5
2/6/2026,SID010,Samira Akter,INV2602103674,Fashion Express,Female,CUS00385,Distributor,Baby Wipes,HYG011,Hygiene Products,CAT004,250,56,14000,980,13020,0,2604,390.6,2026,February,6,13020,2604
6/27/2025,SID004,Rafiul Karim,INV2506103675,Infinity Style,Both,CUS00230,Online,Hair Spray,COS029,Cosmetics,CAT002,450,47,21150,1057.5,20092.5,0,4018.5,602.77,2025,June,27,20092.5,4018.5
5/10/2026,SID019,Shuvo Das,INV2605103676,Prime Collection,Both,CUS00186,Walk In,Deodorant,COS016,Cosmetics,CAT002,450,35,15750,787.5,14962.5,748.12,2992.5,448.88,2026,May,10,14214.38,2992.5
11/1/2025,SID010,Tanjina Sultana,INV2511103677,Dream Fashion,Female,CUS00173,Retail,Jewelry Set,ACC009,Accessories,CAT003,4500,69,310500,0,310500,6210,93150,9315,2025,November,1,304290,93150
9/5/2025,SID009,Arif Hossain,INV2509103678,Urban Style,Female,CUS00307,Corporate,Handbag,ACC001,Accessories,CAT003,3500,43,150500,10535,139965,2799.3,27993,4198.95,2025,September,5,137165.7,27993
8/7/2025,SID005,Jannatul Ferdous,INV2508103679,Global Apparel,Male,CUS00154,Corporate,Baby Wipes,HYG011,Hygiene Products,CAT004,250,26,6500,455,6045,120.9,1209,181.35,2025,August,7,5924.1,1209
2/26/2026,SID007,Mahmudul Hasan,INV2602103680,Fashion Express,Female,CUS00068,Online,Scarf,ACC006,Accessories,CAT003,900,13,11700,819,10881,0,3264.3,326.43,2026,February,26,10881,3264.3
3/24/2026,SID013,Shuvo Das,INV2603103681,Fresh Look,Male,CUS00307,Walk In,Underarm Whitening Cream,COS024,Cosmetics,CAT002,500,50,25000,1750,23250,465,6975,697.5,2026,March,24,22785,6975
1/22/2026,SID018,Mahmudul Hasan,INV2601103682,Cosmetics Plus,Both,CUS00263,Corporate,Hair Accessories,ACC010,Accessories,CAT003,400,11,4400,0,4400,220,1320,132,2026,January,22,4180,1320
11/8/2026,SID008,Arif Hossain,INV2611103683,Beauty World,Male,CUST010,Distributor,Hair Serum,COS006,Cosmetics,CAT002,1200,94,112800,7896,104904,0,31471.2,3147.12,2026,November,8,104904,31471.2
10/30/2025,SID007,Sharmin Akter,INV2510103684,Smart Beauty,Male,CUS00269,Corporate,Condom,COS036,Cosmetics,CAT002,300,92,27600,2760,24840,496.8,4968,745.2,2025,October,30,24343.2,4968
3/7/2025,SID006,Mahmudul Hasan,INV2503103685,Premium Beauty,Both,CUS00089,Online,Makeup Remover,COS015,Cosmetics,CAT002,550,89,48950,2447.5,46502.5,930.05,0,1395.08,2025,March,7,45572.45,0
5/8/2026,SID010,Nusrat Jahan,INV2605103686,Fashion World,Male,CUS00012,Walk In,Nail Polish,COS013,Cosmetics,CAT002,400,82,32800,2296,30504,610.08,0,915.12,2026,May,8,29893.92,0
1/5/2025,SID002,Mim Akter,INV2501103687,Glow & Shine,Male,CUS00228,Distributor,Kids T-Shirt,APP007,Fashion Apparel,CAT001,650,39,25350,760.5,24589.5,1229.48,0,737.68,2025,January,5,23360.02,0
10/27/2025,SID003,Shuvo Das,INV2510103688,Urban Trends,Both,CUS00190,Retail,After Sun Lotion,COS031,Cosmetics,CAT002,700,25,17500,1225,16275,0,3255,488.25,2025,October,27,16275,3255
6/24/2025,SID020,Imran Hossain,INV2506103689,Classic Apparel,Female,CUST003,Walk In,Body Spray,COS011,Cosmetics,CAT002,500,75,37500,0,37500,1875,0,1125,2025,June,24,35625,0
3/18/2025,SID003,Rakib Hasan,INV2503103690,Smart Beauty,Female,CUS00186,Distributor,Lipstick,COS002,Cosmetics,CAT002,850,19,16150,484.5,15665.5,0,3133.1,469.96,2025,March,18,15665.5,3133.1
9/15/2026,SID016,Rashedul Islam,INV2609103691,Metro Fashion,Both,CUS00117,Retail,Body Scrub,COS026,Cosmetics,CAT002,650,92,59800,4186,55614,1112.28,11122.8,1668.42,2026,September,15,54501.72,11122.8
7/21/2025,SID002,Shuvo Das,INV2507103692,Fashion Hub Ltd,Female,CUS00049,Retail,Baby Wipes,HYG011,Hygiene Products,CAT004,250,48,12000,0,12000,600,0,360,2025,July,21,11400,0
10/17/2025,SID013,Siam Ahmed,INV2510103693,Beauty Point,Female,CUST066,Corporate,Men T-Shirt,APP001,Fashion Apparel,CAT001,750,17,12750,892.5,11857.5,592.88,2371.5,355.72,2025,October,17,11264.62,2371.5
5/18/2026,SID014,Siam Ahmed,INV2605103694,Grace Boutique,Both,CUS00062,Walk In,Luggage,ACC013,Accessories,CAT003,8000,60,480000,24000,456000,22800,0,13680,2026,May,18,433200,0
9/7/2026,SID002,Imran Hossain,INV2609103695,Unique Collection,Both,CUS00309,Online,Women's Skirt,APP011,Fashion Apparel,CAT001,1500,64,96000,0,96000,4800,19200,2880,2026,September,7,91200,19200
8/24/2026,SID019,Tanvir Islam,INV2608103696,Elite Collection,Female,CUS00221,Corporate,Hair Mask,COS018,Cosmetics,CAT002,1100,51,56100,3927,52173,0,10434.6,1565.19,2026,August,24,52173,10434.6
5/2/2025,SID016,Mahmudul Hasan,INV2505103697,Urban Trends,Female,CUS00320,Corporate,Watch,ACC005,Accessories,CAT003,5000,86,430000,21500,408500,8170,81700,12255,2025,May,2,400330,81700
7/17/2025,SID012,Bonna Akter,INV2507103698,Smart Collection,Both,CUS00373,Distributor,Baby Wipes,HYG011,Hygiene Products,CAT004,250,21,5250,367.5,4882.5,244.12,1464.75,146.47,2025,July,17,4638.38,1464.75
12/13/2025,SID007,Rafiul Karim,INV2512103699,Elite Collection,Both,CUS00376,Corporate,Women's Top,APP006,Fashion Apparel,CAT001,1200,12,14400,1008,13392,0,4017.6,401.76,2025,December,13,13392,4017.6
10/28/2025,SID016,Sadia Afrin,INV2510103700,Fashion Express,Both,CUS00303,Online,Face Toner,COS033,Cosmetics,CAT002,500,69,34500,1035,33465,0,6693,1003.95,2025,October,28,33465,6693
11/1/2025,SID009,Sharmin Akter,INV2511103701,Beauty World,Male,CUST010,Distributor,Hoodie,APP009,Fashion Apparel,CAT001,2500,30,75000,3750,71250,3562.5,14250,2137.5,2025,November,1,67687.5,14250
2/21/2026,SID003,Sadia Afrin,INV2602103702,Cosmo House,Both,CUST055,Distributor,Feminine Wash,COS022,Cosmetics,CAT002,400,24,9600,480,9120,0,0,273.6,2026,February,21,9120,0
5/8/2025,SID004,Tasnia Rahman,INV2505103703,Apex Fashion,Female,CUST061,Corporate,Compact Powder,COS008,Cosmetics,CAT002,800,65,52000,0,52000,1040,15600,1560,2025,May,8,50960,15600
4/3/2025,SID009,Samira Akter,INV2504103704,Cosmo House,Both,CUST055,Distributor,Women's Top,APP006,Fashion Apparel,CAT001,1200,41,49200,1476,47724,0,9544.8,1431.72,2025,April,3,47724,9544.8
6/24/2026,SID014,Rakib Hasan,INV2606103705,Grace Boutique,Both,CUS00170,Walk In,Mouthwash,HYG007,Hygiene Products,CAT004,300,94,28200,2820,25380,507.6,0,761.4,2026,June,24,24872.4,0
8/2/2025,SID016,Shakil Khan,INV2508103706,Urban Avenue,Male,CUS00277,Retail,Men Shirt,APP017,Fashion Apparel,CAT001,1600,31,49600,4960,44640,892.8,0,1339.2,2025,August,2,43747.2,0
9/26/2025,SID019,Rashedul Islam,INV2509103707,Signature Fashion,Male,CUS00082,Walk In,Wallet,ACC002,Accessories,CAT003,1200,11,13200,396,12804,640.2,0,384.12,2025,September,26,12163.8,0
10/19/2026,SID008,Shakil Khan,INV2610103708,Modern Boutique,Male,CUS00117,Corporate,After Sun Lotion,COS031,Cosmetics,CAT002,700,23,16100,483,15617,0,4685.1,468.51,2026,October,19,15617,4685.1
4/29/2025,SID014,Rafiul Karim,INV2504103709,Fashion Avenue,Female,CUS00175,Distributor,Backpack,ACC012,Accessories,CAT003,3000,55,165000,8250,156750,3135,31350,4702.5,2025,April,29,153615,31350
2/16/2026,SID001,Samira Akter,INV2602103710,Beauty Avenue,Female,CUST049,Distributor,Backpack,ACC012,Accessories,CAT003,3000,67,201000,20100,180900,9045,54270,5427,2026,February,16,171855,54270
3/23/2025,SID011,Sadia Afrin,INV2503103711,Royal Style,Both,CUS00481,Retail,Umbrella,ACC014,Accessories,CAT003,1200,40,48000,4800,43200,2160,8640,1296,2025,March,23,41040,8640
3/16/2025,SID011,Nusrat Jahan,INV2503103712,Smart Beauty,Male,CUS00160,Distributor,Face Cream,COS007,Cosmetics,CAT002,950,34,32300,0,32300,646,9690,969,2025,March,16,31654,9690
2/16/2025,SID017,Imran Hossain,INV2502103713,Beauty Point,Female,CUST066,Corporate,Compact Powder,COS008,Cosmetics,CAT002,800,25,20000,0,20000,400,0,600,2025,February,16,19600,0
7/22/2026,SID013,Tanvir Islam,INV2607103714,Classic Beauty,Both,CUST025,Corporate,Bra & Panty Set,APP013,Fashion Apparel,CAT001,900,42,37800,1134,36666,0,10999.8,1099.98,2026,July,22,36666,10999.8
5/2/2026,SID016,Sharmin Akter,INV2605103715,Metro Fashion,Male,CUS00320,Retail,Sanitary Napkins,HYG004,Hygiene Products,CAT004,350,97,33950,2376.5,31573.5,0,0,947.2,2026,May,2,31573.5,0
11/17/2025,SID017,Samira Akter,INV2511103716,Classic Apparel,Female,CUST003,Walk In,Hair Conditioner,COS032,Cosmetics,CAT002,750,16,12000,600,11400,0,2280,342,2025,November,17,11400,2280
12/12/2026,SID019,Nusrat Jahan,INV2612103717,Grace Boutique,Both,CUS00067,Corporate,Foot Care Cream,COS023,Cosmetics,CAT002,300,90,27000,2700,24300,486,0,729,2026,December,12,23814,0
2/8/2025,SID008,Jannatul Ferdous,INV2502103718,Cosmetics Plus,Female,CUS00165,Distributor,Gloves,ACC008,Accessories,CAT003,600,81,48600,0,48600,0,9720,1458,2025,February,8,48600,9720
5/22/2026,SID010,Imran Hossain,INV2605103719,Glamour Point,Both,CUS00421,Online,Watch,ACC005,Accessories,CAT003,5000,94,470000,47000,423000,21150,84600,12690,2026,May,22,401850,84600
11/5/2025,SID018,Sadia Afrin,INV2511103720,Trendy Shop,Both,CUS00371,Retail,Hair Accessories,ACC010,Accessories,CAT003,400,10,4000,400,3600,0,720,108,2025,November,5,3600,720
1/29/2025,SID002,Sharmin Akter,INV2501103721,Style World,Both,CUS00166,Distributor,Women's Saree,APP005,Fashion Apparel,CAT001,3200,75,240000,7200,232800,0,46560,6984,2025,January,29,232800,46560
6/25/2025,SID013,Sabbir Ahmed,INV2506103722,Beauty Point,Female,CUST066,Corporate,Men Shirt,APP017,Fashion Apparel,CAT001,1600,6,9600,0,9600,192,1920,288,2025,June,25,9408,1920
10/29/2026,SID020,Mehedi Hasan,INV2610103723,Chic Collection,Male,CUST050,Online,Kids Dress,APP008,Fashion Apparel,CAT001,950,32,30400,2128,28272,0,5654.4,848.16,2026,October,29,28272,5654.4
7/26/2025,SID015,Tanjina Sultana,INV2507103724,Unique Collection,Female,CUS00489,Corporate,Toothbrush,HYG006,Hygiene Products,CAT004,150,62,9300,465,8835,441.75,2650.5,265.05,2025,July,26,8393.25,2650.5
8/17/2026,SID008,Rafiul Karim,INV2608103725,New Era Fashion,Male,CUS00402,Retail,Handbag,ACC001,Accessories,CAT003,3500,43,150500,4515,145985,0,0,4379.55,2026,August,17,145985,0
7/14/2026,SID016,Sharmin Akter,INV2607103726,Rainbow Apparel,Male,CUS00146,Online,Men T-Shirt,APP001,Fashion Apparel,CAT001,750,39,29250,2047.5,27202.5,0,5440.5,816.07,2026,July,14,27202.5,5440.5
8/17/2025,SID005,Sabbir Ahmed,INV2508103727,Fashion Point,Male,CUS00215,Corporate,Sanitary Napkins,HYG004,Hygiene Products,CAT004,350,33,11550,808.5,10741.5,537.08,2148.3,322.25,2025,August,17,10204.42,2148.3
6/2/2026,SID002,Tasnia Rahman,INV2606103728,Fashion Plus,Male,CUS00414,Online,Feminine Wash,COS022,Cosmetics,CAT002,400,49,19600,588,19012,380.24,0,570.36,2026,June,2,18631.76,0
8/12/2025,SID003,Tasnia Rahman,INV2508103729,Classic Beauty,Both,CUST025,Corporate,Perfume,COS003,Cosmetics,CAT002,2200,54,118800,5940,112860,2257.2,0,3385.8,2025,August,12,110602.8,0
4/27/2025,SID015,Bonna Akter,INV2504103730,Fashion Plus,Male,CUS00320,Distributor,Belt,ACC003,Accessories,CAT003,800,87,69600,4872,64728,1294.56,0,1941.84,2025,April,27,63433.44,0
10/25/2026,SID004,Nayeem Hasan,INV2610103731,Fashion Avenue,Both,CUS00229,Corporate,Luggage,ACC013,Accessories,CAT003,8000,64,512000,25600,486400,24320,145920,14592,2026,October,25,462080,145920
6/19/2025,SID004,Samira Akter,INV2506103732,Cosmo House,Both,CUST055,Distributor,Jewelry Set,ACC009,Accessories,CAT003,4500,95,427500,0,427500,21375,85500,12825,2025,June,19,406125,85500
8/29/2025,SID002,Shuvo Das,INV2508103733,Chic Collection,Male,CUST050,Online,Hair Conditioner,COS032,Cosmetics,CAT002,750,45,33750,0,33750,675,10125,1012.5,2025,August,29,33075,10125
12/1/2025,SID019,Tanvir Islam,INV2512103734,Elegant Choice,Female,CUS00057,Online,Hair Mask,COS018,Cosmetics,CAT002,1100,35,38500,0,38500,1925,0,1155,2025,December,1,36575,0
7/18/2026,SID020,Tanvir Islam,INV2607103735,Beauty World,Male,CUST010,Distributor,Face Mask,HYG002,Hygiene Products,CAT004,150,86,12900,903,11997,239.94,3599.1,359.91,2026,July,18,11757.06,3599.1
7/5/2026,SID001,Tanvir Islam,INV2607103736,Style World,Both,CUS00039,Distributor,Body Spray,COS011,Cosmetics,CAT002,500,68,34000,1020,32980,1649,9894,989.4,2026,July,5,31331,9894
9/14/2026,SID015,Tasnia Rahman,INV2609103737,Crystal Cosmetics,Female,CUS00306,Retail,Face Wash,COS001,Cosmetics,CAT002,450,61,27450,2745,24705,1235.25,7411.5,741.15,2026,September,14,23469.75,7411.5
3/27/2025,SID017,Abdullah Al Mamun,INV2503103738,Fashion Plus,Male,CUS00407,Retail,Toothpaste,HYG005,Hygiene Products,CAT004,200,68,13600,680,12920,258.4,0,387.6,2025,March,27,12661.6,0
5/14/2026,SID007,Mim Akter,INV2605103739,Fashion Avenue,Both,CUS00494,Online,Kids T-Shirt,APP007,Fashion Apparel,CAT001,650,36,23400,702,22698,1134.9,6809.4,680.94,2026,May,14,21563.1,6809.4
12/10/2025,SID013,Nusrat Jahan,INV2512103740,Royal Cosmetics,Both,CUS00168,Retail,Toothpaste,HYG005,Hygiene Products,CAT004,200,89,17800,0,17800,890,5340,534,2025,December,10,16910,5340
12/7/2026,SID006,Samira Akter,INV2612103741,Elegant Boutique,Female,CUS00194,Retail,Women's Nightwear,APP014,Fashion Apparel,CAT001,800,58,46400,2320,44080,881.6,0,1322.4,2026,December,7,43198.4,0
9/4/2026,SID004,Rashedul Islam,INV2609103742,Fashion Central,Male,CUS00002,Corporate,Makeup Remover,COS015,Cosmetics,CAT002,550,23,12650,632.5,12017.5,0,0,360.52,2026,September,4,12017.5,0
10/15/2026,SID019,Mahmudul Hasan,INV2610103743,Diamond Cosmetics,Both,CUS00121,Walk In,Wallet,ACC002,Accessories,CAT003,1200,54,64800,1944,62856,0,0,1885.68,2026,October,15,62856,0
9/14/2025,SID005,Rashedul Islam,INV2509103744,Premium Beauty,Both,CUS00052,Retail,Men T-Shirt,APP001,Fashion Apparel,CAT001,750,58,43500,4350,39150,0,7830,1174.5,2025,September,14,39150,7830
3/19/2025,SID019,Nayeem Hasan,INV2503103745,Cosmetics World,Female,CUS00003,Walk In,Body Wash,COS030,Cosmetics,CAT002,600,18,10800,540,10260,205.2,3078,307.8,2025,March,19,10054.8,3078
5/20/2025,SID011,Sadia Afrin,INV2505103746,Luxury Apparel,Both,CUS00120,Online,Face Serum,COS014,Cosmetics,CAT002,1300,27,35100,1053,34047,0,6809.4,1021.41,2025,May,20,34047,6809.4
2/17/2026,SID015,Samira Akter,INV2602103747,Style World,Male,CUS00497,Distributor,Women's Nightwear,APP014,Fashion Apparel,CAT001,800,86,68800,2064,66736,0,20020.8,2002.08,2026,February,17,66736,20020.8
10/7/2025,SID005,Tanjina Sultana,INV2510103748,NextGen Fashion,Female,CUS00204,Retail,Hat,ACC007,Accessories,CAT003,700,23,16100,805,15295,0,0,458.85,2025,October,7,15295,0
3/22/2026,SID012,Mahmudul Hasan,INV2603103749,Elegant Boutique,Female,CUS00495,Retail,Men Polo Shirt,APP002,Fashion Apparel,CAT001,1100,14,15400,462,14938,298.76,0,448.14,2026,March,22,14639.24,0
12/14/2025,SID011,Sabbir Ahmed,INV2512103750,Trendy Shop,Female,CUS00355,Retail,Umbrella,ACC014,Accessories,CAT003,1200,82,98400,9840,88560,4428,26568,2656.8,2025,December,14,84132,26568
6/24/2026,SID005,Sabbir Ahmed,INV2606103751,Elegant Choice,Male,CUS00250,Corporate,Personal Lubricant,COS039,Cosmetics,CAT002,350,47,16450,1151.5,15298.5,305.97,4589.55,458.95,2026,June,24,14992.53,4589.55
6/7/2026,SID019,Abdullah Al Mamun,INV2606103752,NextGen Fashion,Female,CUS00429,Online,Sunglasses,ACC004,Accessories,CAT003,1500,12,18000,540,17460,349.2,5238,523.8,2026,June,7,17110.8,5238
9/4/2026,SID005,Shuvo Das,INV2609103753,Urban Beauty,Male,CUS00427,Retail,Hair Straightener,COS035,Cosmetics,CAT002,3500,94,329000,0,329000,0,98700,9870,2026,September,4,329000,98700
2/14/2026,SID011,Jannatul Ferdous,INV2602103754,Unique Collection,Male,CUS00010,Online,Body Butter,COS017,Cosmetics,CAT002,700,63,44100,2205,41895,837.9,12568.5,1256.85,2026,February,14,41057.1,12568.5
5/8/2026,SID002,Tasnia Rahman,INV2605103755,Smart Collection,Both,CUS00224,Walk In,Body Spray,COS011,Cosmetics,CAT002,500,79,39500,2765,36735,0,11020.5,1102.05,2026,May,8,36735,11020.5
5/3/2025,SID011,Bonna Akter,INV2505103756,Fashion Plus,Male,CUS00266,Walk In,Makeup Remover,COS015,Cosmetics,CAT002,550,30,16500,1650,14850,0,4455,445.5,2025,May,3,14850,4455
9/9/2026,SID005,Shuvo Das,INV2609103757,Style World,Male,CUS00364,Distributor,Hair Spray,COS029,Cosmetics,CAT002,450,8,3600,252,3348,167.4,669.6,100.44,2026,September,9,3180.6,669.6
4/7/2025,SID012,Bonna Akter,INV2504103758,Fashion World,Both,CUS00240,Online,Jewelry Set,ACC009,Accessories,CAT003,4500,25,112500,7875,104625,2092.5,31387.5,3138.75,2025,April,7,102532.5,31387.5
7/17/2025,SID005,Mahmudul Hasan,INV2507103759,Shine Collection,Both,CUS00311,Retail,Hand Sanitizer,HYG001,Hygiene Products,CAT004,250,16,4000,120,3880,0,0,116.4,2025,July,17,3880,0
1/27/2025,SID019,Sharmin Akter,INV2501103760,Royal Style,Both,CUS00481,Retail,Face Mask,COS020,Cosmetics,CAT002,600,45,27000,810,26190,523.8,0,785.7,2025,January,27,25666.2,0
10/19/2026,SID012,Mehedi Hasan,INV2610103761,Diamond Cosmetics,Both,CUS00070,Online,Footwear,ACC011,Accessories,CAT003,2500,81,202500,10125,192375,0,57712.5,5771.25,2026,October,19,192375,57712.5
11/21/2025,SID006,Bonna Akter,INV2511103762,Wonder Collection,Female,CUS00331,Corporate,Men Polo Shirt,APP002,Fashion Apparel,CAT001,1100,64,70400,4928,65472,1309.44,13094.4,1964.16,2025,November,21,64162.56,13094.4
12/17/2025,SID013,Samira Akter,INV2512103763,Iconic Fashion,Male,CUS00090,Distributor,Women's Leggings,APP012,Fashion Apparel,CAT001,1300,46,59800,4186,55614,1112.28,0,1668.42,2025,December,17,54501.72,0
8/17/2025,SID016,Jannatul Ferdous,INV2508103764,Royal Cosmetics,Both,CUS00149,Retail,Backpack,ACC012,Accessories,CAT003,3000,57,171000,11970,159030,0,0,4770.9,2025,August,17,159030,0
5/29/2025,SID004,Imran Hossain,INV2505103765,Diamond Cosmetics,Female,CUS00471,Retail,Men Shirt,APP017,Fashion Apparel,CAT001,1600,81,129600,0,129600,0,0,3888,2025,May,29,129600,0
7/1/2026,SID008,Shakil Khan,INV2607103766,Nova Cosmetics,Female,CUS00061,Walk In,Hair Dryer,COS038,Cosmetics,CAT002,4000,28,112000,0,112000,0,22400,3360,2026,July,1,112000,22400
6/17/2026,SID018,Abdullah Al Mamun,INV2606103767,Glamour House,Male,CUS00391,Walk In,Face Mask,HYG002,Hygiene Products,CAT004,150,41,6150,307.5,5842.5,116.85,1168.5,175.28,2026,June,17,5725.65,1168.5
2/2/2026,SID002,Sabbir Ahmed,INV2602103768,Glow & Shine,Male,CUS00331,Retail,Feminine Wash,COS022,Cosmetics,CAT002,400,65,26000,1300,24700,0,4940,741,2026,February,2,24700,4940
3/22/2026,SID020,Abdullah Al Mamun,INV2603103769,Urban Beauty,Both,CUS00033,Walk In,Women's Skirt,APP011,Fashion Apparel,CAT001,1500,54,81000,4050,76950,0,23085,2308.5,2026,March,22,76950,23085
10/14/2026,SID015,Sharmin Akter,INV2610103770,Prime Collection,Both,CUS00157,Walk In,Sunscreen,COS009,Cosmetics,CAT002,1150,25,28750,862.5,27887.5,557.75,0,836.62,2026,October,14,27329.75,0
2/6/2026,SID008,Tasnia Rahman,INV2602103771,Beauty Avenue,Female,CUST049,Distributor,Gloves,ACC008,Accessories,CAT003,600,71,42600,1278,41322,2066.1,8264.4,1239.66,2026,February,6,39255.9,8264.4
4/20/2025,SID010,Arif Hossain,INV2504103772,Urban Avenue,Female,CUS00459,Retail,Body Butter,COS017,Cosmetics,CAT002,700,44,30800,0,30800,616,9240,924,2025,April,20,30184,9240
1/29/2025,SID013,Nayeem Hasan,INV2501103773,NextGen Fashion,Female,CUS00490,Corporate,Hair Dryer,COS038,Cosmetics,CAT002,4000,85,340000,23800,316200,6324,94860,9486,2025,January,29,309876,94860
9/25/2026,SID008,Shuvo Das,INV2609103774,Glamour Point,Male,CUS00491,Retail,Shaving Cream,HYG009,Hygiene Products,CAT004,350,7,2450,171.5,2278.5,45.57,683.55,68.36,2026,September,25,2232.93,683.55
11/5/2025,SID010,Tasnia Rahman,INV2511103775,Classic Beauty,Both,CUST025,Corporate,Underarm Whitening Cream,HYG015,Hygiene Products,CAT004,500,71,35500,1775,33725,674.5,6745,1011.75,2025,November,5,33050.5,6745
3/11/2026,SID003,Sadia Afrin,INV2603103776,Urban Trends,Both,CUS00054,Corporate,Personal Toys,COS041,Cosmetics,CAT002,1500,86,129000,9030,119970,2399.4,35991,3599.1,2026,March,11,117570.6,35991
2/15/2025,SID004,Mim Akter,INV2502103777,Cosmo House,Both,CUST055,Distributor,Makeup Remover,COS015,Cosmetics,CAT002,550,89,48950,1468.5,47481.5,0,9496.3,1424.44,2025,February,15,47481.5,9496.3
8/7/2026,SID018,Jannatul Ferdous,INV2608103778,Style Corner,Both,CUS00170,Distributor,Umbrella,ACC014,Accessories,CAT003,1200,51,61200,4284,56916,0,11383.2,1707.48,2026,August,7,56916,11383.2
7/31/2025,SID011,Sharmin Akter,INV2507103779,Beauty Avenue,Female,CUST049,Distributor,Toothbrush,HYG006,Hygiene Products,CAT004,150,30,4500,135,4365,0,873,130.95,2025,July,31,4365,873
12/20/2026,SID019,Tasnia Rahman,INV2612103780,Blue Sky Fashion,Both,CUST014,Online,Wallet,ACC002,Accessories,CAT003,1200,82,98400,4920,93480,4674,18696,2804.4,2026,December,20,88806,18696
11/18/2026,SID003,Sharmin Akter,INV2611103781,Urban Beauty,Female,CUS00197,Online,Deodorant,COS016,Cosmetics,CAT002,450,66,29700,2079,27621,552.42,8286.3,828.63,2026,November,18,27068.58,8286.3
11/27/2026,SID009,Nayeem Hasan,INV2611103782,Urban Avenue,Male,CUS00027,Online,Hair Color,COS012,Cosmetics,CAT002,1500,66,99000,0,99000,0,0,2970,2026,November,27,99000,0
2/4/2026,SID009,Rashedul Islam,INV2602103783,Elegant Boutique,Male,CUS00480,Walk In,Perfume,COS003,Cosmetics,CAT002,2200,17,37400,1870,35530,1776.5,10659,1065.9,2026,February,4,33753.5,10659
8/6/2026,SID008,Sadia Afrin,INV2608103784,NextGen Fashion,Male,CUS00399,Walk In,Body Spray,COS011,Cosmetics,CAT002,500,54,27000,1890,25110,1255.5,7533,753.3,2026,August,6,23854.5,7533
4/4/2025,SID008,Mahmudul Hasan,INV2504103785,Royal Style,Male,CUS00480,Distributor,Sanitary Napkins,HYG004,Hygiene Products,CAT004,350,16,5600,0,5600,0,1680,168,2025,April,4,5600,1680
10/20/2026,SID003,Shuvo Das,INV2610103786,Classic Beauty,Both,CUST025,Corporate,Hair Accessories,ACC010,Accessories,CAT003,400,69,27600,1932,25668,513.36,7700.4,770.04,2026,October,20,25154.64,7700.4
1/24/2026,SID012,Bonna Akter,INV2601103787,Smart Beauty,Male,CUS00496,Online,Lipstick,COS002,Cosmetics,CAT002,850,61,51850,5185,46665,933.3,9333,1399.95,2026,January,24,45731.7,9333
3/21/2026,SID004,Siam Ahmed,INV2603103788,Royal Cosmetics,Female,CUS00208,Walk In,Hair Serum,COS006,Cosmetics,CAT002,1200,34,40800,1224,39576,0,7915.2,1187.28,2026,March,21,39576,7915.2
7/28/2025,SID012,Rakib Hasan,INV2507103789,Beauty Avenue,Female,CUST049,Distributor,Watch,ACC005,Accessories,CAT003,5000,21,105000,10500,94500,0,0,2835,2025,July,28,94500,0
8/22/2025,SID017,Tanjina Sultana,INV2508103790,Fashion Plus,Both,CUS00317,Online,Lipstick,COS002,Cosmetics,CAT002,850,94,79900,0,79900,1598,15980,2397,2025,August,22,78302,15980
10/26/2025,SID008,Sabbir Ahmed,INV2510103791,NextGen Fashion,Female,CUS00309,Distributor,Face Scrub,COS027,Cosmetics,CAT002,550,99,54450,1633.5,52816.5,0,15844.95,1584.49,2025,October,26,52816.5,15844.95
9/18/2025,SID016,Nayeem Hasan,INV2509103792,Rainbow Apparel,Both,CUS00364,Distributor,Sanitary Napkins,HYG004,Hygiene Products,CAT004,350,18,6300,315,5985,0,1197,179.55,2025,September,18,5985,1197
2/2/2025,SID018,Abdullah Al Mamun,INV2502103793,Modern Style,Both,CUS00009,Online,Face Scrub,COS027,Cosmetics,CAT002,550,30,16500,0,16500,330,0,495,2025,February,2,16170,0
4/4/2026,SID004,Abdullah Al Mamun,INV2604103794,Fashion Hub Ltd,Male,CUS00046,Walk In,After Sun Lotion,COS031,Cosmetics,CAT002,700,40,28000,0,28000,1400,5600,840,2026,April,4,26600,5600
12/22/2026,SID014,Bonna Akter,INV2612103795,Style World,Both,CUS00275,Walk In,Feminine Wash,COS022,Cosmetics,CAT002,400,81,32400,3240,29160,0,0,874.8,2026,December,22,29160,0
2/28/2026,SID013,Rakib Hasan,INV2602103796,Beauty World,Male,CUST010,Distributor,Men's Nightwear,APP015,Fashion Apparel,CAT001,850,20,17000,0,17000,0,0,510,2026,February,28,17000,0
4/24/2026,SID008,Siam Ahmed,INV2604103797,Trendy Shop,Female,CUS00339,Corporate,Belt,ACC003,Accessories,CAT003,800,81,64800,3240,61560,3078,18468,1846.8,2026,April,24,58482,18468
7/1/2026,SID019,Samira Akter,INV2607103798,Cosmetics Plus,Female,CUS00097,Corporate,Hair Accessories,ACC010,Accessories,CAT003,400,57,22800,0,22800,456,6840,684,2026,July,1,22344,6840
11/24/2025,SID012,Nusrat Jahan,INV2511103799,Grace Boutique,Both,CUS00210,Corporate,Hair Gel,COS028,Cosmetics,CAT002,400,94,37600,1128,36472,729.44,0,1094.16,2025,November,24,35742.56,0
9/20/2026,SID001,Jannatul Ferdous,INV2609103800,Star Fashion,Both,CUS00073,Online,Umbrella,ACC014,Accessories,CAT003,1200,65,78000,7800,70200,3510,14040,2106,2026,September,20,66690,14040
2/5/2025,SID007,Rafiul Karim,INV2502103801,Moonlight Cosmetics,Male,CUS00107,Distributor,Hand Sanitizer,HYG001,Hygiene Products,CAT004,250,40,10000,500,9500,0,1900,285,2025,February,5,9500,1900
6/18/2025,SID006,Jannatul Ferdous,INV2506103802,Classic Apparel,Female,CUST003,Walk In,Bra & Panty Set,APP013,Fashion Apparel,CAT001,900,75,67500,2025,65475,3273.75,13095,1964.25,2025,June,18,62201.25,13095
6/30/2025,SID005,Rashedul Islam,INV2506103803,Modern Boutique,Female,CUS00241,Distributor,Body Lotion,COS004,Cosmetics,CAT002,650,63,40950,4095,36855,0,7371,1105.65,2025,June,30,36855,7371
3/12/2025,SID004,Farzana Akter,INV2503103804,Fresh Look,Both,CUS00373,Distributor,Diapers,HYG012,Hygiene Products,CAT004,800,34,27200,1360,25840,0,5168,775.2,2025,March,12,25840,5168
6/19/2025,SID007,Sabbir Ahmed,INV2506103805,Cosmo House,Both,CUST055,Distributor,Compact Powder,COS008,Cosmetics,CAT002,800,96,76800,0,76800,0,0,2304,2025,June,19,76800,0
3/24/2025,SID004,Sabbir Ahmed,INV2503103806,Glow & Shine,Male,CUS00272,Walk In,Handbag,ACC001,Accessories,CAT003,3500,59,206500,0,206500,0,61950,6195,2025,March,24,206500,61950
5/12/2026,SID011,Sadia Afrin,INV2605103807,Grace Boutique,Female,CUS00331,Retail,Diapers,HYG012,Hygiene Products,CAT004,800,79,63200,0,63200,3160,12640,1896,2026,May,12,60040,12640
10/17/2025,SID018,Shakil Khan,INV2510103808,Shine Collection,Female,CUS00496,Online,Body Lotion,COS004,Cosmetics,CAT002,650,45,29250,0,29250,585,5850,877.5,2025,October,17,28665,5850
9/13/2025,SID003,Mahmudul Hasan,INV2509103809,Glow & Shine,Both,CUS00190,Corporate,Men Shirt,APP017,Fashion Apparel,CAT001,1600,12,19200,576,18624,372.48,3724.8,558.72,2025,September,13,18251.52,3724.8
12/11/2026,SID001,Tanjina Sultana,INV2612103810,Lily Boutique,Female,CUS00393,Corporate,Scarf,ACC006,Accessories,CAT003,900,36,32400,972,31428,0,6285.6,942.84,2026,December,11,31428,6285.6
9/17/2025,SID001,Mim Akter,INV2509103811,Cosmetics Plus,Male,CUS00310,Distributor,Compact Powder,COS008,Cosmetics,CAT002,800,70,56000,1680,54320,2716,0,1629.6,2025,September,17,51604,0
5/9/2026,SID006,Tanvir Islam,INV2605103812,Urban Avenue,Male,CUS00161,Corporate,Makeup Remover,COS015,Cosmetics,CAT002,550,87,47850,0,47850,0,0,1435.5,2026,May,9,47850,0
11/30/2025,SID014,Shuvo Das,INV2511103813,Classic Apparel,Female,CUST003,Walk In,Gloves,ACC008,Accessories,CAT003,600,76,45600,0,45600,0,0,1368,2025,November,30,45600,0
4/30/2026,SID005,Siam Ahmed,INV2604103814,Cosmetics Central,Female,CUST058,Distributor,Umbrella,ACC014,Accessories,CAT003,1200,93,111600,5580,106020,2120.4,21204,3180.6,2026,April,30,103899.6,21204
8/20/2026,SID007,Rakib Hasan,INV2608103815,Luxury Apparel,Female,CUS00367,Retail,Body Oil,COS040,Cosmetics,CAT002,800,8,6400,0,6400,128,0,192,2026,August,20,6272,0
7/11/2026,SID012,Shuvo Das,INV2607103816,Urban Style,Both,CUS00422,Online,Hair Spray,COS029,Cosmetics,CAT002,450,37,16650,1165.5,15484.5,0,3096.9,464.53,2026,July,11,15484.5,3096.9
6/25/2026,SID013,Samira Akter,INV2606103817,Smart Collection,Male,CUS00361,Distributor,Face Mask,HYG002,Hygiene Products,CAT004,150,89,13350,934.5,12415.5,248.31,3724.65,372.46,2026,June,25,12167.19,3724.65
8/15/2026,SID017,Samira Akter,INV2608103818,Infinity Style,Female,CUS00183,Distributor,Hair Gel,COS028,Cosmetics,CAT002,400,12,4800,144,4656,0,0,139.68,2026,August,15,4656,0
12/28/2026,SID002,Rashedul Islam,INV2612103819,Cosmetics Central,Female,CUST058,Distributor,Shaving Cream,COS021,Cosmetics,CAT002,350,61,21350,1494.5,19855.5,397.11,0,595.66,2026,December,28,19458.39,0
3/7/2025,SID002,Rakib Hasan,INV2503103820,Iconic Fashion,Female,CUS00368,Corporate,Face Serum,COS014,Cosmetics,CAT002,1300,5,6500,455,6045,302.25,1813.5,181.35,2025,March,7,5742.75,1813.5
9/25/2025,SID014,Sadia Afrin,INV2509103821,Glamour House,Male,CUS00240,Online,Personal Lubricant,COS039,Cosmetics,CAT002,350,100,35000,1050,33950,0,6790,1018.5,2025,September,25,33950,6790
8/8/2025,SID015,Mahmudul Hasan,INV2508103822,Fashion Gallery,Female,CUS00177,Online,Men's Innerwear,APP016,Fashion Apparel,CAT001,700,8,5600,560,5040,100.8,1008,151.2,2025,August,8,4939.2,1008
10/18/2025,SID012,Mahmudul Hasan,INV2510103823,Fashion Plus,Both,CUS00075,Corporate,Body Wash,COS030,Cosmetics,CAT002,600,92,55200,0,55200,1104,16560,1656,2025,October,18,54096,16560
1/7/2026,SID006,Sabbir Ahmed,INV2601103824,Beauty Point,Female,CUST066,Corporate,Men Jeans,APP003,Fashion Apparel,CAT001,2200,68,149600,4488,145112,2902.24,43533.6,4353.36,2026,January,7,142209.76,43533.6
5/4/2026,SID002,Farzana Akter,INV2605103825,Beauty Point,Female,CUST066,Corporate,Underarm Whitening Cream,COS024,Cosmetics,CAT002,500,36,18000,1800,16200,324,4860,486,2026,May,4,15876,4860
12/8/2026,SID009,Sadia Afrin,INV2612103826,Elite Fashion,Both,CUS00450,Distributor,Kids Dress,APP008,Fashion Apparel,CAT001,950,6,5700,570,5130,102.6,1026,153.9,2026,December,8,5027.4,1026
10/27/2025,SID018,Jannatul Ferdous,INV2510103827,Global Apparel,Male,CUS00496,Retail,Face Toner,COS033,Cosmetics,CAT002,500,47,23500,0,23500,470,0,705,2025,October,27,23030,0
1/29/2025,SID009,Rashedul Islam,INV2501103828,New Era Fashion,Male,CUS00271,Corporate,Deodorant,HYG008,Hygiene Products,CAT004,450,45,20250,2025,18225,0,5467.5,546.75,2025,January,29,18225,5467.5
7/28/2026,SID016,Nusrat Jahan,INV2607103829,Beauty Point,Female,CUST066,Corporate,Disinfectant Spray,HYG003,Hygiene Products,CAT004,400,98,39200,3920,35280,0,0,1058.4,2026,July,28,35280,0
11/17/2026,SID003,Nusrat Jahan,INV2611103830,Wonder Collection,Male,CUS00482,Walk In,Body Butter,COS017,Cosmetics,CAT002,700,15,10500,315,10185,509.25,2037,305.55,2026,November,17,9675.75,2037
6/30/2025,SID010,Tasnia Rahman,INV2506103831,Fashion Gallery,Female,CUS00459,Walk In,Foot Care Cream,HYG014,Hygiene Products,CAT004,300,60,18000,540,17460,349.2,3492,523.8,2025,June,30,17110.8,3492
1/13/2026,SID009,Tanvir Islam,INV2601103832,Glamour Point,Male,CUS00056,Corporate,Nail Polish,COS013,Cosmetics,CAT002,400,43,17200,1720,15480,774,0,464.4,2026,January,13,14706,0
6/4/2026,SID012,Mehedi Hasan,INV2606103833,NextGen Fashion,Male,CUS00359,Distributor,Hoodie,APP009,Fashion Apparel,CAT001,2500,22,55000,0,55000,0,16500,1650,2026,June,4,55000,16500
8/19/2025,SID018,Tasnia Rahman,INV2508103834,Signature Fashion,Male,CUS00270,Corporate,Hoodie,APP009,Fashion Apparel,CAT001,2500,90,225000,22500,202500,0,0,6075,2025,August,19,202500,0
10/12/2026,SID013,Farzana Akter,INV2610103835,Trendy Shop,Male,CUS00160,Corporate,Toothpaste,HYG005,Hygiene Products,CAT004,200,70,14000,1400,12600,0,2520,378,2026,October,12,12600,2520
9/22/2026,SID020,Arif Hossain,INV2609103836,Golden Fashion,Both,CUS00257,Online,Foot Care Cream,HYG014,Hygiene Products,CAT004,300,67,20100,0,20100,0,0,603,2026,September,22,20100,0
6/30/2025,SID013,Bonna Akter,INV2506103837,Fresh Look,Male,CUS00190,Distributor,Jacket,APP010,Fashion Apparel,CAT001,3800,62,235600,16492,219108,0,65732.4,6573.24,2025,June,30,219108,65732.4
7/11/2026,SID004,Mehedi Hasan,INV2607103838,New Era Fashion,Both,CUS00289,Walk In,Shaving Cream,HYG009,Hygiene Products,CAT004,350,20,7000,350,6650,332.5,1995,199.5,2026,July,11,6317.5,1995
6/15/2026,SID009,Rafiul Karim,INV2606103839,Classic Beauty,Both,CUST025,Corporate,Hand Sanitizer,HYG001,Hygiene Products,CAT004,250,18,4500,0,4500,225,0,135,2026,June,15,4275,0
7/6/2025,SID003,Tanvir Islam,INV2507103840,Modern Boutique,Both,CUS00186,Retail,Women's Top,APP006,Fashion Apparel,CAT001,1200,59,70800,3540,67260,1345.2,13452,2017.8,2025,July,6,65914.8,13452
4/11/2025,SID008,Arif Hossain,INV2504103841,Golden Fashion,Male,CUS00220,Online,Hair Accessories,ACC010,Accessories,CAT003,400,27,10800,324,10476,523.8,0,314.28,2025,April,11,9952.2,0
3/15/2026,SID003,Nusrat Jahan,INV2603103842,Metro Fashion,Male,CUS00258,Walk In,Backpack,ACC012,Accessories,CAT003,3000,33,99000,6930,92070,1841.4,0,2762.1,2026,March,15,90228.6,0
3/20/2025,SID010,Sabbir Ahmed,INV2503103843,Lily Boutique,Female,CUS00272,Walk In,Feminine Wash,COS022,Cosmetics,CAT002,400,71,28400,852,27548,1377.4,0,826.44,2025,March,20,26170.6,0
11/10/2026,SID002,Bonna Akter,INV2611103844,Smart Beauty,Female,CUS00257,Walk In,After Sun Lotion,COS031,Cosmetics,CAT002,700,30,21000,2100,18900,945,5670,567,2026,November,10,17955,5670
9/30/2025,SID017,Mehedi Hasan,INV2509103845,Fashion Avenue,Both,CUS00344,Distributor,Deodorant,COS016,Cosmetics,CAT002,450,52,23400,1638,21762,1088.1,6528.6,652.86,2025,September,30,20673.9,6528.6
10/25/2026,SID007,Farzana Akter,INV2610103846,Trendy Boutique,Male,CUS00469,Retail,Kids Dress,APP008,Fashion Apparel,CAT001,950,72,68400,4788,63612,1272.24,12722.4,1908.36,2026,October,25,62339.76,12722.4
2/19/2025,SID003,Rafiul Karim,INV2502103847,Premium Beauty,Both,CUS00482,Corporate,Kids T-Shirt,APP007,Fashion Apparel,CAT001,650,20,13000,390,12610,630.5,0,378.3,2025,February,19,11979.5,0
2/14/2026,SID002,Sadia Afrin,INV2602103848,Classic Beauty,Both,CUST025,Corporate,Face Wash,COS001,Cosmetics,CAT002,450,81,36450,1093.5,35356.5,0,7071.3,1060.69,2026,February,14,35356.5,7071.3
6/1/2025,SID015,Rakib Hasan,INV2506103849,Elite Collection,Both,CUS00273,Distributor,Hair Accessories,ACC010,Accessories,CAT003,400,92,36800,3680,33120,1656,6624,993.6,2025,June,1,31464,6624
6/21/2025,SID018,Rakib Hasan,INV2506103850,Diamond Cosmetics,Male,CUS00076,Distributor,Toothpaste,HYG005,Hygiene Products,CAT004,200,65,13000,1300,11700,234,0,351,2025,June,21,11466,0
10/13/2025,SID016,Rakib Hasan,INV2510103851,Fashion Central,Both,CUS00262,Corporate,Hair Conditioner,COS032,Cosmetics,CAT002,750,57,42750,2137.5,40612.5,0,12183.75,1218.38,2025,October,13,40612.5,12183.75
11/22/2025,SID001,Nusrat Jahan,INV2511103852,Cosmo House,Both,CUST055,Distributor,Hair Straightener,COS035,Cosmetics,CAT002,3500,42,147000,10290,136710,6835.5,41013,4101.3,2025,November,22,129874.5,41013
3/22/2025,SID012,Farzana Akter,INV2503103853,Fashion Express,Female,CUS00090,Retail,Women's Nightwear,APP014,Fashion Apparel,CAT001,800,17,13600,952,12648,0,2529.6,379.44,2025,March,22,12648,2529.6
4/30/2026,SID017,Abdullah Al Mamun,INV2604103854,Glamour House,Female,CUS00420,Distributor,Hair Straightener,COS035,Cosmetics,CAT002,3500,61,213500,14945,198555,3971.1,39711,5956.65,2026,April,30,194583.9,39711
12/26/2026,SID017,Mim Akter,INV2612103855,Elite Collection,Female,CUS00417,Corporate,Face Serum,COS014,Cosmetics,CAT002,1300,77,100100,0,100100,0,20020,3003,2026,December,26,100100,20020
4/18/2026,SID016,Shakil Khan,INV2604103856,Fashion Plus,Both,CUS00162,Distributor,Men T-Shirt,APP001,Fashion Apparel,CAT001,750,72,54000,0,54000,1080,0,1620,2026,April,18,52920,0
12/25/2026,SID013,Tanjina Sultana,INV2612103857,Luxury Apparel,Female,CUS00326,Online,Men Jeans,APP003,Fashion Apparel,CAT001,2200,43,94600,9460,85140,1702.8,0,2554.2,2026,December,25,83437.2,0
12/4/2025,SID002,Mim Akter,INV2512103858,Signature Fashion,Both,CUS00407,Walk In,After Sun Lotion,COS031,Cosmetics,CAT002,700,99,69300,2079,67221,1344.42,20166.3,2016.63,2025,December,4,65876.58,20166.3
3/15/2026,SID014,Shuvo Das,INV2603103859,Fashion Hub Ltd,Female,CUS00236,Retail,Body Butter,COS017,Cosmetics,CAT002,700,53,37100,0,37100,0,11130,1113,2026,March,15,37100,11130
1/12/2026,SID002,Tasnia Rahman,INV2601103860,Metro Fashion,Female,CUS00470,Walk In,Hair Conditioner,COS032,Cosmetics,CAT002,750,51,38250,1912.5,36337.5,0,7267.5,1090.12,2026,January,12,36337.5,7267.5
3/24/2026,SID006,Siam Ahmed,INV2603103861,Fashion Central,Both,CUS00334,Distributor,After Sun Lotion,COS031,Cosmetics,CAT002,700,88,61600,1848,59752,2987.6,17925.6,1792.56,2026,March,24,56764.4,17925.6
5/26/2025,SID002,Rafiul Karim,INV2505103862,Golden Fashion,Both,CUS00346,Corporate,Shaving Cream,HYG009,Hygiene Products,CAT004,350,75,26250,2625,23625,472.5,4725,708.75,2025,May,26,23152.5,4725
12/30/2025,SID004,Tanjina Sultana,INV2512103863,Golden Fashion,Male,CUS00151,Distributor,Body Butter,COS017,Cosmetics,CAT002,700,30,21000,630,20370,0,6111,611.1,2025,December,30,20370,6111
9/1/2026,SID013,Nusrat Jahan,INV2609103864,Luxury Apparel,Both,CUS00338,Online,Scarf,ACC006,Accessories,CAT003,900,26,23400,2340,21060,1053,0,631.8,2026,September,1,20007,0
4/15/2025,SID018,Shakil Khan,INV2504103865,Shine Collection,Both,CUS00220,Distributor,Body Scrub,COS026,Cosmetics,CAT002,650,17,11050,773.5,10276.5,0,2055.3,308.3,2025,April,15,10276.5,2055.3
8/19/2026,SID011,Tasnia Rahman,INV2608103866,Moonlight Cosmetics,Male,CUS00098,Online,Gloves,ACC008,Accessories,CAT003,600,55,33000,3300,29700,1485,5940,891,2026,August,19,28215,5940
5/22/2025,SID008,Sabbir Ahmed,INV2505103867,Infinity Style,Male,CUS00219,Corporate,Men's Nightwear,APP015,Fashion Apparel,CAT001,850,63,53550,2677.5,50872.5,0,15261.75,1526.17,2025,May,22,50872.5,15261.75
1/5/2026,SID020,Nusrat Jahan,INV2601103868,Lily Boutique,Female,CUS00130,Walk In,Sunscreen,COS009,Cosmetics,CAT002,1150,63,72450,3622.5,68827.5,1376.55,20648.25,2064.82,2026,January,5,67450.95,20648.25
2/10/2026,SID006,Siam Ahmed,INV2602103869,Signature Fashion,Female,CUS00087,Distributor,Women's Top,APP006,Fashion Apparel,CAT001,1200,99,118800,11880,106920,0,0,3207.6,2026,February,10,106920,0
3/18/2025,SID007,Imran Hossain,INV2503103870,Fashion Gallery,Both,CUS00127,Corporate,Backpack,ACC012,Accessories,CAT003,3000,5,15000,1050,13950,697.5,0,418.5,2025,March,18,13252.5,0
3/8/2025,SID011,Shakil Khan,INV2503103871,Fashion Express,Both,CUS00325,Distributor,Mouthwash,HYG007,Hygiene Products,CAT004,300,56,16800,1680,15120,756,3024,453.6,2025,March,8,14364,3024
4/10/2025,SID017,Tasnia Rahman,INV2504103872,Style Corner,Both,CUS00303,Distributor,Shaving Cream,HYG009,Hygiene Products,CAT004,350,44,15400,0,15400,770,3080,462,2025,April,10,14630,3080
6/16/2026,SID017,Nayeem Hasan,INV2606103873,Modern Boutique,Both,CUS00415,Distributor,Body Oil,COS040,Cosmetics,CAT002,800,42,33600,2352,31248,1562.4,9374.4,937.44,2026,June,16,29685.6,9374.4
11/18/2025,SID009,Tanjina Sultana,INV2511103874,NextGen Fashion,Male,CUS00240,Distributor,Body Butter,COS017,Cosmetics,CAT002,700,92,64400,6440,57960,1159.2,17388,1738.8,2025,November,18,56800.8,17388
2/28/2025,SID015,Rashedul Islam,INV2502103875,Glamour Point,Female,CUS00393,Online,Deodorant,COS016,Cosmetics,CAT002,450,98,44100,2205,41895,2094.75,0,1256.85,2025,February,28,39800.25,0
3/4/2025,SID017,Mim Akter,INV2503103876,Fashion Plus,Male,CUS00004,Corporate,Hand Sanitizer,HYG001,Hygiene Products,CAT004,250,85,21250,637.5,20612.5,1030.62,0,618.38,2025,March,4,19581.88,0
6/12/2026,SID018,Rakib Hasan,INV2606103877,Smart Beauty,Male,CUS00235,Corporate,Hoodie,APP009,Fashion Apparel,CAT001,2500,96,240000,12000,228000,11400,0,6840,2026,June,12,216600,0
8/1/2025,SID015,Sadia Afrin,INV2508103878,Modern Boutique,Female,CUS00491,Corporate,Hair Spray,COS029,Cosmetics,CAT002,450,85,38250,3825,34425,1721.25,0,1032.75,2025,August,1,32703.75,0
12/22/2025,SID016,Samira Akter,INV2512103879,Premium Beauty,Female,CUS00116,Walk In,Aftershave,COS019,Cosmetics,CAT002,800,63,50400,5040,45360,907.2,0,1360.8,2025,December,22,44452.8,0
3/16/2025,SID001,Nayeem Hasan,INV2503103880,Fashion Express,Both,CUS00455,Online,Hat,ACC007,Accessories,CAT003,700,9,6300,0,6300,126,0,189,2025,March,16,6174,0
4/3/2025,SID009,Arif Hossain,INV2504103881,Apex Fashion,Female,CUST061,Walk In,Jewelry Set,ACC009,Accessories,CAT003,4500,25,112500,7875,104625,5231.25,20925,3138.75,2025,April,3,99393.75,20925
5/12/2026,SID015,Abdullah Al Mamun,INV2605103882,Fashion Hub Ltd,Male,CUS00385,Online,Body Mist,COS037,Cosmetics,CAT002,450,92,41400,1242,40158,2007.9,12047.4,1204.74,2026,May,12,38150.1,12047.4
8/1/2026,SID005,Bonna Akter,INV2608103883,Glamour Point,Both,CUS00004,Online,Hair Serum,COS006,Cosmetics,CAT002,1200,83,99600,0,99600,0,29880,2988,2026,August,1,99600,29880
6/6/2025,SID008,Mahmudul Hasan,INV2506103884,Perfect Beauty,Male,CUS00070,Distributor,Face Cream,COS007,Cosmetics,CAT002,950,81,76950,3847.5,73102.5,3655.12,21930.75,2193.07,2025,June,6,69447.38,21930.75
7/24/2026,SID003,Siam Ahmed,INV2607103885,Smart Beauty,Both,CUS00028,Walk In,Face Serum,COS014,Cosmetics,CAT002,1300,25,32500,975,31525,1576.25,6305,945.75,2026,July,24,29948.75,6305
6/17/2025,SID002,Nusrat Jahan,INV2506103886,Rainbow Apparel,Both,CUS00194,Distributor,Hair Removal Cream,HYG013,Hygiene Products,CAT004,450,89,40050,2002.5,38047.5,0,11414.25,1141.42,2025,June,17,38047.5,11414.25
10/7/2025,SID006,Shuvo Das,INV2510103887,Beauty Point,Female,CUST066,Corporate,Sanitary Napkins,HYG004,Hygiene Products,CAT004,350,99,34650,1732.5,32917.5,658.35,9875.25,987.52,2025,October,7,32259.15,9875.25
1/24/2025,SID013,Samira Akter,INV2501103888,Lily Boutique,Female,CUS00140,Corporate,Luggage,ACC013,Accessories,CAT003,8000,35,280000,28000,252000,0,75600,7560,2025,January,24,252000,75600
6/2/2025,SID004,Mahmudul Hasan,INV2506103889,Style Corner,Female,CUS00060,Online,Sunscreen,COS009,Cosmetics,CAT002,1150,37,42550,1276.5,41273.5,825.47,8254.7,1238.2,2025,June,2,40448.03,8254.7
9/7/2026,SID016,Tasnia Rahman,INV2609103890,Grace Boutique,Female,CUS00209,Corporate,Kids Dress,APP008,Fashion Apparel,CAT001,950,75,71250,7125,64125,1282.5,19237.5,1923.75,2026,September,7,62842.5,19237.5
8/19/2026,SID019,Mehedi Hasan,INV2608103891,Fashion Express,Male,CUS00416,Corporate,Men Shirt,APP017,Fashion Apparel,CAT001,1600,16,25600,1792,23808,0,0,714.24,2026,August,19,23808,0
10/26/2025,SID003,Farzana Akter,INV2510103892,Moonlight Cosmetics,Female,CUS00057,Corporate,Hand Sanitizer,HYG001,Hygiene Products,CAT004,250,66,16500,495,16005,800.25,4801.5,480.15,2025,October,26,15204.75,4801.5
9/27/2025,SID013,Samira Akter,INV2509103893,Fashion Express,Male,CUS00280,Distributor,Makeup Remover,COS015,Cosmetics,CAT002,550,52,28600,858,27742,554.84,0,832.26,2025,September,27,27187.16,0
2/11/2025,SID001,Rakib Hasan,INV2502103894,Modern Boutique,Female,CUS00468,Retail,Scarf,ACC006,Accessories,CAT003,900,60,54000,3780,50220,1004.4,0,1506.6,2025,February,11,49215.6,0
7/8/2025,SID016,Rashedul Islam,INV2507103895,Elegant Choice,Both,CUS00381,Walk In,Toothbrush,HYG006,Hygiene Products,CAT004,150,59,8850,619.5,8230.5,0,0,246.91,2025,July,8,8230.5,0
8/26/2026,SID011,Shuvo Das,INV2608103896,Blue Sky Fashion,Both,CUST014,Online,Women's Top,APP006,Fashion Apparel,CAT001,1200,85,102000,10200,91800,0,0,2754,2026,August,26,91800,0
7/23/2025,SID011,Rakib Hasan,INV2507103897,Premium Beauty,Both,CUS00295,Walk In,Makeup Kit,COS034,Cosmetics,CAT002,2500,29,72500,2175,70325,1406.5,0,2109.75,2025,July,23,68918.5,0
2/4/2025,SID018,Abdullah Al Mamun,INV2502103898,Cosmo House,Both,CUST055,Distributor,Sunglasses,ACC004,Accessories,CAT003,1500,31,46500,2325,44175,0,13252.5,1325.25,2025,February,4,44175,13252.5
8/9/2025,SID013,Samira Akter,INV2508103899,Fashion Avenue,Male,CUS00323,Corporate,Face Cream,COS007,Cosmetics,CAT002,950,47,44650,4465,40185,803.7,0,1205.55,2025,August,9,39381.3,0
10/3/2026,SID004,Rafiul Karim,INV2610103900,Fashion Hub Ltd,Female,CUS00407,Distributor,Body Scrub,COS026,Cosmetics,CAT002,650,28,18200,1820,16380,819,4914,491.4,2026,October,3,15561,4914
2/4/2025,SID019,Tanjina Sultana,INV2502103901,Classic Apparel,Female,CUST003,Walk In,Perfume,COS003,Cosmetics,CAT002,2200,65,143000,14300,128700,2574,0,3861,2025,February,4,126126,0
11/15/2025,SID005,Tanvir Islam,INV2511103902,New Era Fashion,Both,CUS00141,Walk In,Gloves,ACC008,Accessories,CAT003,600,82,49200,0,49200,984,14760,1476,2025,November,15,48216,14760
6/29/2026,SID006,Tasnia Rahman,INV2606103903,Fashion Point,Male,CUS00205,Distributor,Hand Sanitizer,HYG001,Hygiene Products,CAT004,250,48,12000,600,11400,228,0,342,2026,June,29,11172,0
10/20/2025,SID019,Arif Hossain,INV2510103904,Chic Collection,Male,CUST050,Online,Umbrella,ACC014,Accessories,CAT003,1200,66,79200,2376,76824,0,15364.8,2304.72,2025,October,20,76824,15364.8
8/18/2025,SID013,Samira Akter,INV2508103905,Classic Apparel,Female,CUST003,Walk In,Toothpaste,HYG005,Hygiene Products,CAT004,200,66,13200,1320,11880,237.6,2376,356.4,2025,August,18,11642.4,2376
7/10/2025,SID006,Sadia Afrin,INV2507103906,Metro Fashion,Both,CUS00418,Online,Jewelry Set,ACC009,Accessories,CAT003,4500,63,283500,0,283500,0,85050,8505,2025,July,10,283500,85050
10/26/2025,SID006,Imran Hossain,INV2510103907,Glow & Shine,Female,CUS00050,Retail,Hair Conditioner,COS032,Cosmetics,CAT002,750,43,32250,0,32250,1612.5,0,967.5,2025,October,26,30637.5,0
12/2/2025,SID014,Samira Akter,INV2512103908,Fashion Avenue,Female,CUS00153,Walk In,Jewelry Set,ACC009,Accessories,CAT003,4500,80,360000,18000,342000,6840,68400,10260,2025,December,2,335160,68400
9/5/2025,SID016,Samira Akter,INV2509103909,Style Corner,Both,CUS00127,Online,Hand Sanitizer,HYG001,Hygiene Products,CAT004,250,79,19750,0,19750,0,5925,592.5,2025,September,5,19750,5925
10/1/2026,SID018,Mehedi Hasan,INV2610103910,Cosmetics World,Male,CUS00345,Corporate,Hand Sanitizer,HYG001,Hygiene Products,CAT004,250,23,5750,172.5,5577.5,278.88,0,167.32,2026,October,1,5298.62,0
6/17/2025,SID007,Rafiul Karim,INV2506103911,New Era Fashion,Female,CUS00218,Distributor,Kids Dress,APP008,Fashion Apparel,CAT001,950,32,30400,3040,27360,0,0,820.8,2025,June,17,27360,0
11/15/2026,SID020,Shuvo Das,INV2611103912,Glamour Point,Male,CUS00015,Online,Luggage,ACC013,Accessories,CAT003,8000,27,216000,15120,200880,0,40176,6026.4,2026,November,15,200880,40176
8/20/2026,SID011,Tanjina Sultana,INV2608103913,Cosmetics Plus,Male,CUS00048,Retail,Sunscreen,COS009,Cosmetics,CAT002,1150,96,110400,0,110400,2208,33120,3312,2026,August,20,108192,33120
4/8/2025,SID010,Shuvo Das,INV2504103914,Beauty Avenue,Female,CUST049,Distributor,Men's Nightwear,APP015,Fashion Apparel,CAT001,850,69,58650,0,58650,0,11730,1759.5,2025,April,8,58650,11730
10/1/2026,SID013,Imran Hossain,INV2610103915,Luxury Apparel,Male,CUS00016,Corporate,Hair Accessories,ACC010,Accessories,CAT003,400,100,40000,0,40000,800,8000,1200,2026,October,1,39200,8000
1/25/2025,SID013,Abdullah Al Mamun,INV2501103916,Elite Collection,Both,CUS00044,Distributor,Hair Color,COS012,Cosmetics,CAT002,1500,8,12000,360,11640,232.8,2328,349.2,2025,January,25,11407.2,2328
10/5/2025,SID004,Arif Hossain,INV2510103917,Global Apparel,Male,CUS00475,Online,Disinfectant Spray,HYG003,Hygiene Products,CAT004,400,89,35600,0,35600,0,7120,1068,2025,October,5,35600,7120
4/29/2026,SID011,Bonna Akter,INV2604103918,Prime Collection,Female,CUS00230,Distributor,Body Scrub,COS026,Cosmetics,CAT002,650,23,14950,0,14950,0,2990,448.5,2026,April,29,14950,2990
1/5/2025,SID013,Samira Akter,INV2501103919,Fashion Central,Male,CUS00405,Walk In,Personal Lubricant,COS039,Cosmetics,CAT002,350,60,21000,0,21000,420,4200,630,2025,January,5,20580,4200
12/28/2025,SID011,Mahmudul Hasan,INV2512103920,Shine Collection,Both,CUS00192,Walk In,Hair Spray,COS029,Cosmetics,CAT002,450,83,37350,1867.5,35482.5,0,0,1064.47,2025,December,28,35482.5,0
11/3/2026,SID009,Nusrat Jahan,INV2611103921,Beauty Avenue,Female,CUST049,Distributor,Nail Polish,COS013,Cosmetics,CAT002,400,35,14000,700,13300,0,3990,399,2026,November,3,13300,3990
1/17/2026,SID001,Arif Hossain,INV2601103922,Bloom Cosmetics,Female,CUST027,Distributor,Hair Straightener,COS035,Cosmetics,CAT002,3500,82,287000,14350,272650,0,0,8179.5,2026,January,17,272650,0
1/6/2025,SID015,Rashedul Islam,INV2501103923,Chic Collection,Male,CUST050,Online,Makeup Kit,COS034,Cosmetics,CAT002,2500,32,80000,8000,72000,0,14400,2160,2025,January,6,72000,14400
9/15/2026,SID003,Mahmudul Hasan,INV2609103924,Smart Beauty,Both,CUS00221,Walk In,Hair Accessories,ACC010,Accessories,CAT003,400,97,38800,2716,36084,1804.2,0,1082.52,2026,September,15,34279.8,0
9/4/2026,SID020,Mehedi Hasan,INV2609103925,Apex Fashion,Female,CUST061,Distributor,Scarf,ACC006,Accessories,CAT003,900,62,55800,1674,54126,1082.52,16237.8,1623.78,2026,September,4,53043.48,16237.8
3/7/2025,SID010,Rashedul Islam,INV2503103926,Fashion World,Both,CUS00450,Retail,Compact Powder,COS008,Cosmetics,CAT002,800,33,26400,0,26400,0,7920,792,2025,March,7,26400,7920
11/9/2026,SID014,Nayeem Hasan,INV2611103927,Urban Trends,Male,CUS00418,Retail,Face Serum,COS014,Cosmetics,CAT002,1300,23,29900,1495,28405,568.1,0,852.15,2026,November,9,27836.9,0
5/3/2025,SID020,Abdullah Al Mamun,INV2505103928,Grace Boutique,Both,CUS00219,Retail,Toothbrush,HYG006,Hygiene Products,CAT004,150,60,9000,270,8730,436.5,2619,261.9,2025,May,3,8293.5,2619
11/19/2026,SID003,Bonna Akter,INV2611103929,Cosmetics Plus,Both,CUS00334,Walk In,Women's Saree,APP005,Fashion Apparel,CAT001,3200,41,131200,13120,118080,5904,23616,3542.4,2026,November,19,112176,23616
1/22/2026,SID009,Shuvo Das,INV2601103930,Glamour Point,Male,CUS00494,Corporate,Hair Serum,COS006,Cosmetics,CAT002,1200,88,105600,5280,100320,5016,30096,3009.6,2026,January,22,95304,30096
6/29/2025,SID010,Bonna Akter,INV2506103931,Cosmo House,Both,CUST055,Distributor,Women's Nightwear,APP014,Fashion Apparel,CAT001,800,24,19200,1344,17856,0,5356.8,535.68,2025,June,29,17856,5356.8
8/10/2026,SID016,Siam Ahmed,INV2608103932,Grace Boutique,Both,CUS00086,Retail,Compact Powder,COS008,Cosmetics,CAT002,800,77,61600,1848,59752,2987.6,17925.6,1792.56,2026,August,10,56764.4,17925.6
8/27/2025,SID012,Rafiul Karim,INV2508103933,Elite Collection,Female,CUS00353,Corporate,Makeup Kit,COS034,Cosmetics,CAT002,2500,58,145000,14500,130500,2610,0,3915,2025,August,27,127890,0
6/7/2025,SID012,Shuvo Das,INV2506103934,Elegant Boutique,Female,CUS00453,Walk In,Hand Sanitizer,HYG001,Hygiene Products,CAT004,250,57,14250,0,14250,285,0,427.5,2025,June,7,13965,0
3/4/2026,SID001,Rakib Hasan,INV2603103935,Prime Collection,Female,CUS00426,Walk In,Men Shirt,APP017,Fashion Apparel,CAT001,1600,80,128000,12800,115200,2304,0,3456,2026,March,4,112896,0
12/27/2025,SID005,Bonna Akter,INV2512103936,Wonder Collection,Male,CUS00366,Online,Scarf,ACC006,Accessories,CAT003,900,26,23400,2340,21060,0,0,631.8,2025,December,27,21060,0
7/9/2025,SID002,Sharmin Akter,INV2507103937,Style World,Male,CUS00432,Online,Deodorant,COS016,Cosmetics,CAT002,450,33,14850,1039.5,13810.5,690.53,4143.15,414.31,2025,July,9,13119.97,4143.15
6/27/2025,SID011,Farzana Akter,INV2506103938,Perfect Beauty,Female,CUS00048,Retail,Hair Dryer,COS038,Cosmetics,CAT002,4000,56,224000,11200,212800,10640,0,6384,2025,June,27,202160,0
1/9/2025,SID013,Rashedul Islam,INV2501103939,Golden Fashion,Female,CUS00108,Corporate,Men's Nightwear,APP015,Fashion Apparel,CAT001,850,41,34850,2439.5,32410.5,1620.53,0,972.31,2025,January,9,30789.97,0
7/26/2026,SID019,Nusrat Jahan,INV2607103940,Shine Collection,Female,CUS00424,Walk In,Men Jeans,APP003,Fashion Apparel,CAT001,2200,71,156200,10934,145266,7263.3,0,4357.98,2026,July,26,138002.7,0
12/18/2025,SID014,Rakib Hasan,INV2512103941,Diamond Cosmetics,Male,CUS00313,Retail,Women's Skirt,APP011,Fashion Apparel,CAT001,1500,5,7500,225,7275,0,1455,218.25,2025,December,18,7275,1455
10/1/2025,SID017,Samira Akter,INV2510103942,Glamour Point,Male,CUS00009,Walk In,Kids T-Shirt,APP007,Fashion Apparel,CAT001,650,57,37050,3705,33345,0,10003.5,1000.35,2025,October,1,33345,10003.5
12/6/2025,SID018,Tanvir Islam,INV2512103943,Fashion World,Both,CUS00167,Retail,Women's Saree,APP005,Fashion Apparel,CAT001,3200,67,214400,0,214400,10720,64320,6432,2025,December,6,203680,64320
7/2/2025,SID002,Rashedul Islam,INV2507103944,Urban Beauty,Male,CUS00174,Distributor,Kids Dress,APP008,Fashion Apparel,CAT001,950,69,65550,1966.5,63583.5,1271.67,12716.7,1907.5,2025,July,2,62311.83,12716.7
8/15/2025,SID010,Jannatul Ferdous,INV2508103945,Prime Collection,Female,CUS00091,Corporate,Face Serum,COS014,Cosmetics,CAT002,1300,71,92300,0,92300,1846,0,2769,2025,August,15,90454,0
4/11/2026,SID020,Mim Akter,INV2604103946,Fashion Point,Female,CUS00399,Online,Aftershave,COS019,Cosmetics,CAT002,800,62,49600,3472,46128,922.56,0,1383.84,2026,April,11,45205.44,0
2/2/2026,SID020,Mim Akter,INV2602103947,Smart Beauty,Both,CUS00289,Corporate,Shaving Cream,HYG009,Hygiene Products,CAT004,350,23,8050,805,7245,144.9,1449,217.35,2026,February,2,7100.1,1449
11/7/2026,SID003,Mim Akter,INV2611103948,Pink Beauty,Female,CUS00087,Walk In,Aftershave,COS019,Cosmetics,CAT002,800,51,40800,1224,39576,0,7915.2,1187.28,2026,November,7,39576,7915.2
8/7/2025,SID007,Tanvir Islam,INV2508103949,Perfect Beauty,Male,CUS00143,Online,Hair Mask,COS018,Cosmetics,CAT002,1100,83,91300,9130,82170,4108.5,0,2465.1,2025,August,7,78061.5,0
3/12/2026,SID008,Mahmudul Hasan,INV2603103950,Style Corner,Male,CUS00281,Distributor,Body Spray,COS011,Cosmetics,CAT002,500,66,33000,3300,29700,1485,0,891,2026,March,12,28215,0
11/30/2026,SID020,Nayeem Hasan,INV2611103951,Lily Boutique,Female,CUS00341,Online,Face Wash,COS001,Cosmetics,CAT002,450,57,25650,2565,23085,1154.25,0,692.55,2026,November,30,21930.75,0
12/31/2025,SID005,Shakil Khan,INV2512103952,New Era Fashion,Male,CUS00404,Walk In,Face Toner,COS033,Cosmetics,CAT002,500,29,14500,1450,13050,652.5,3915,391.5,2025,December,31,12397.5,3915
2/26/2026,SID019,Rafiul Karim,INV2602103953,Premium Beauty,Both,CUS00380,Retail,Deodorant,HYG008,Hygiene Products,CAT004,450,81,36450,1822.5,34627.5,692.55,0,1038.83,2026,February,26,33934.95,0
10/4/2026,SID012,Farzana Akter,INV2610103954,Fashion Central,Both,CUS00113,Retail,Gloves,ACC008,Accessories,CAT003,600,17,10200,714,9486,0,0,284.58,2026,October,4,9486,0
7/27/2025,SID004,Siam Ahmed,INV2507103955,Shine Collection,Female,CUS00494,Retail,Body Oil,COS040,Cosmetics,CAT002,800,14,11200,560,10640,0,3192,319.2,2025,July,27,10640,3192
1/23/2025,SID009,Siam Ahmed,INV2501103956,Rainbow Apparel,Both,CUS00445,Corporate,Jewelry Set,ACC009,Accessories,CAT003,4500,9,40500,0,40500,0,12150,1215,2025,January,23,40500,12150
2/18/2026,SID002,Rakib Hasan,INV2602103957,Trendy Shop,Male,CUS00396,Online,Feminine Wash,COS022,Cosmetics,CAT002,400,39,15600,780,14820,296.4,2964,444.6,2026,February,18,14523.6,2964
12/29/2025,SID008,Rakib Hasan,INV2512103958,Urban Beauty,Female,CUS00212,Walk In,Face Wash,COS001,Cosmetics,CAT002,450,52,23400,0,23400,1170,7020,702,2025,December,29,22230,7020
9/3/2026,SID003,Mahmudul Hasan,INV2609103959,Perfect Beauty,Female,CUS00244,Walk In,Bra & Panty Set,APP013,Fashion Apparel,CAT001,900,8,7200,360,6840,136.8,0,205.2,2026,September,3,6703.2,0
2/21/2025,SID001,Shuvo Das,INV2502103960,Luxury Apparel,Female,CUS00458,Distributor,Handbag,ACC001,Accessories,CAT003,3500,19,66500,3325,63175,1263.5,0,1895.25,2025,February,21,61911.5,0
10/8/2025,SID019,Farzana Akter,INV2510103961,Apex Fashion,Female,CUST061,Distributor,Hair Dryer,COS038,Cosmetics,CAT002,4000,25,100000,5000,95000,1900,28500,2850,2025,October,8,93100,28500
3/24/2025,SID006,Rafiul Karim,INV2503103962,Crystal Cosmetics,Both,CUS00069,Online,Compact Powder,COS008,Cosmetics,CAT002,800,41,32800,984,31816,636.32,6363.2,954.48,2025,March,24,31179.68,6363.2
5/16/2026,SID007,Nayeem Hasan,INV2605103963,Nova Cosmetics,Both,CUS00445,Walk In,Body Lotion,COS004,Cosmetics,CAT002,650,43,27950,838.5,27111.5,1355.58,5422.3,813.34,2026,May,16,25755.92,5422.3
12/27/2026,SID008,Tasnia Rahman,INV2612103964,Fashion World,Both,CUS00393,Online,Jewelry Set,ACC009,Accessories,CAT003,4500,72,324000,0,324000,6480,64800,9720,2026,December,27,317520,64800
9/12/2026,SID009,Bonna Akter,INV2609103965,Modern Boutique,Male,CUS00138,Online,Aftershave,COS019,Cosmetics,CAT002,800,18,14400,720,13680,0,0,410.4,2026,September,12,13680,0
9/1/2026,SID012,Sharmin Akter,INV2609103966,Dream Fashion,Male,CUS00423,Online,Hair Dryer,COS038,Cosmetics,CAT002,4000,98,392000,11760,380240,19012,76048,11407.2,2026,September,1,361228,76048
4/20/2026,SID004,Tanvir Islam,INV2604103967,Elegant Choice,Both,CUS00152,Online,Toothpaste,HYG005,Hygiene Products,CAT004,200,75,15000,1500,13500,0,0,405,2026,April,20,13500,0
4/17/2026,SID016,Samira Akter,INV2604103968,Apex Fashion,Female,CUST061,Retail,Disinfectant Spray,HYG003,Hygiene Products,CAT004,400,59,23600,1652,21948,438.96,6584.4,658.44,2026,April,17,21509.04,6584.4
3/11/2025,SID010,Tanvir Islam,INV2503103969,New Era Fashion,Both,CUS00495,Retail,Backpack,ACC012,Accessories,CAT003,3000,71,213000,0,213000,10650,0,6390,2025,March,11,202350,0
2/16/2025,SID008,Jannatul Ferdous,INV2502103970,Royal Cosmetics,Female,CUS00436,Distributor,Women's Skirt,APP011,Fashion Apparel,CAT001,1500,52,78000,3900,74100,0,14820,2223,2025,February,16,74100,14820
1/4/2025,SID003,Nusrat Jahan,INV2501103971,Cosmetics Central,Female,CUST058,Distributor,Men's Nightwear,APP015,Fashion Apparel,CAT001,850,50,42500,2125,40375,2018.75,0,1211.25,2025,January,4,38356.25,0
5/26/2025,SID005,Nayeem Hasan,INV2505103972,Beauty Express,Male,CUST002,Online,Face Wash,COS001,Cosmetics,CAT002,450,19,8550,256.5,8293.5,414.68,1658.7,248.8,2025,May,26,7878.82,1658.7
7/20/2025,SID006,Tasnia Rahman,INV2507103973,Pink Beauty,Female,CUS00271,Corporate,Body Lotion,COS004,Cosmetics,CAT002,650,99,64350,6435,57915,2895.75,0,1737.45,2025,July,20,55019.25,0
12/10/2025,SID007,Rashedul Islam,INV2512103974,Chic Collection,Male,CUST050,Online,Face Toner,COS033,Cosmetics,CAT002,500,43,21500,645,20855,0,0,625.65,2025,December,10,20855,0
11/20/2026,SID008,Mehedi Hasan,INV2611103975,Star Fashion,Male,CUS00037,Corporate,Foot Care Cream,HYG014,Hygiene Products,CAT004,300,91,27300,0,27300,0,5460,819,2026,November,20,27300,5460
7/29/2025,SID016,Jannatul Ferdous,INV2507103976,Modern Boutique,Male,CUS00499,Walk In,Hair Dryer,COS038,Cosmetics,CAT002,4000,87,348000,17400,330600,0,66120,9918,2025,July,29,330600,66120
3/14/2025,SID002,Nayeem Hasan,INV2503103977,Fashion Point,Both,CUS00404,Online,Deodorant,COS016,Cosmetics,CAT002,450,11,4950,346.5,4603.5,92.07,0,138.1,2025,March,14,4511.43,0
11/8/2025,SID019,Mim Akter,INV2511103978,Smart Beauty,Both,CUS00168,Walk In,Body Butter,COS017,Cosmetics,CAT002,700,35,24500,2450,22050,441,6615,661.5,2025,November,8,21609,6615
9/16/2026,SID009,Sadia Afrin,INV2609103979,Lily Boutique,Male,CUS00005,Distributor,Hand Sanitizer,HYG001,Hygiene Products,CAT004,250,43,10750,537.5,10212.5,204.25,0,306.38,2026,September,16,10008.25,0
4/29/2026,SID011,Imran Hossain,INV2604103980,Glamour House,Female,CUS00470,Distributor,Nail Polish,COS013,Cosmetics,CAT002,400,89,35600,3560,32040,640.8,9612,961.2,2026,April,29,31399.2,9612
12/28/2025,SID008,Shuvo Das,INV2512103981,Diamond Cosmetics,Male,CUS00106,Corporate,Sanitary Napkins,HYG004,Hygiene Products,CAT004,350,65,22750,0,22750,455,6825,682.5,2025,December,28,22295,6825
10/19/2026,SID010,Mim Akter,INV2610103982,Golden Fashion,Female,CUS00077,Corporate,Foot Care Cream,COS023,Cosmetics,CAT002,300,97,29100,2037,27063,1353.15,0,811.89,2026,October,19,25709.85,0
12/11/2025,SID005,Sabbir Ahmed,INV2512103983,Royal Cosmetics,Male,CUS00316,Distributor,Wallet,ACC002,Accessories,CAT003,1200,69,82800,0,82800,0,0,2484,2025,December,11,82800,0
10/20/2026,SID005,Nayeem Hasan,INV2610103984,Smart Beauty,Female,CUS00255,Walk In,Makeup Kit,COS034,Cosmetics,CAT002,2500,94,235000,16450,218550,4371,43710,6556.5,2026,October,20,214179,43710
4/13/2026,SID001,Bonna Akter,INV2604103985,Fashion World,Both,CUS00132,Retail,Women's Nightwear,APP014,Fashion Apparel,CAT001,800,54,43200,0,43200,2160,0,1296,2026,April,13,41040,0
7/16/2026,SID019,Sharmin Akter,INV2607103986,Iconic Fashion,Both,CUS00318,Distributor,Hair Removal Cream,COS025,Cosmetics,CAT002,450,64,28800,2016,26784,0,8035.2,803.52,2026,July,16,26784,8035.2
5/1/2026,SID007,Sabbir Ahmed,INV2605103987,Urban Style,Female,CUS00255,Corporate,Face Scrub,COS027,Cosmetics,CAT002,550,80,44000,4400,39600,0,0,1188,2026,May,1,39600,0
5/24/2026,SID001,Shuvo Das,INV2605103988,Urban Beauty,Male,CUS00380,Corporate,After Sun Lotion,COS031,Cosmetics,CAT002,700,42,29400,1470,27930,1396.5,8379,837.9,2026,May,24,26533.5,8379
2/4/2026,SID001,Mehedi Hasan,INV2602103989,Elegant Choice,Male,CUS00433,Online,Women's Skirt,APP011,Fashion Apparel,CAT001,1500,52,78000,5460,72540,1450.8,21762,2176.2,2026,February,4,71089.2,21762
8/11/2026,SID014,Rashedul Islam,INV2608103990,Rainbow Apparel,Male,CUS00067,Corporate,Face Wash,COS001,Cosmetics,CAT002,450,51,22950,1147.5,21802.5,1090.12,0,654.07,2026,August,11,20712.38,0
2/27/2026,SID018,Mahmudul Hasan,INV2602103991,Luxury Apparel,Female,CUS00351,Online,Hair Straightener,COS035,Cosmetics,CAT002,3500,35,122500,6125,116375,5818.75,0,3491.25,2026,February,27,110556.25,0
10/14/2025,SID009,Farzana Akter,INV2510103992,Fresh Look,Male,CUS00419,Distributor,Gloves,ACC008,Accessories,CAT003,600,12,7200,720,6480,0,0,194.4,2025,October,14,6480,0
1/6/2026,SID010,Mim Akter,INV2601103993,Royal Cosmetics,Both,CUS00238,Retail,Underarm Whitening Cream,HYG015,Hygiene Products,CAT004,500,97,48500,1455,47045,940.9,9409,1411.35,2026,January,6,46104.1,9409
8/7/2026,SID007,Nayeem Hasan,INV2608103994,Cosmetics World,Male,CUS00470,Corporate,Kids T-Shirt,APP007,Fashion Apparel,CAT001,650,42,27300,2730,24570,0,7371,737.1,2026,August,7,24570,7371
6/7/2025,SID019,Sadia Afrin,INV2506103995,Iconic Fashion,Female,CUS00489,Retail,Handbag,ACC001,Accessories,CAT003,3500,43,150500,10535,139965,0,41989.5,4198.95,2025,June,7,139965,41989.5
8/9/2025,SID002,Shuvo Das,INV2508103996,Urban Avenue,Female,CUS00281,Corporate,Hair Gel,COS028,Cosmetics,CAT002,400,83,33200,3320,29880,597.6,8964,896.4,2025,August,9,29282.4,8964
11/28/2026,SID009,Shuvo Das,INV2611103997,Urban Trends,Female,CUS00060,Walk In,Lipstick,COS002,Cosmetics,CAT002,850,58,49300,3451,45849,916.98,13754.7,1375.47,2026,November,28,44932.02,13754.7
5/25/2025,SID006,Tanjina Sultana,INV2505103998,Glow & Shine,Female,CUS00449,Walk In,Deodorant,HYG008,Hygiene Products,CAT004,450,24,10800,324,10476,0,3142.8,314.28,2025,May,25,10476,3142.8
1/31/2025,SID002,Shuvo Das,INV2501103999,Beauty World,Male,CUST010,Distributor,Wallet,ACC002,Accessories,CAT003,1200,14,16800,504,16296,0,0,488.88,2025,January,31,16296,0
11/2/2026,SID007,Shuvo Das,INV2611104000,Cosmetics Plus,Both,CUS00441,Corporate,Nail Polish,COS013,Cosmetics,CAT002,400,43,17200,1204,15996,799.8,0,479.88,2026,November,2,15196.2,0
12/15/2025,SID006,Mehedi Hasan,INV2512104001,Iconic Fashion,Both,CUS00100,Online,Deodorant,HYG008,Hygiene Products,CAT004,450,6,2700,270,2430,0,486,72.9,2025,December,15,2430,486
2/2/2025,SID007,Rakib Hasan,INV2502104002,Iconic Fashion,Both,CUS00015,Online,Sunglasses,ACC004,Accessories,CAT003,1500,28,42000,4200,37800,0,7560,1134,2025,February,2,37800,7560
8/28/2026,SID016,Bonna Akter,INV2608104003,Infinity Style,Both,CUS00268,Distributor,Hand Sanitizer,HYG001,Hygiene Products,CAT004,250,90,22500,675,21825,0,4365,654.75,2026,August,28,21825,4365
3/25/2026,SID004,Imran Hossain,INV2603104004,Modern Boutique,Both,CUS00340,Distributor,Hair Straightener,COS035,Cosmetics,CAT002,3500,67,234500,11725,222775,0,44555,6683.25,2026,March,25,222775,44555
11/20/2026,SID003,Abdullah Al Mamun,INV2611104005,Urban Avenue,Male,CUS00468,Retail,Body Scrub,COS026,Cosmetics,CAT002,650,11,7150,715,6435,0,0,193.05,2026,November,20,6435,0
5/15/2025,SID008,Tanvir Islam,INV2505104006,Fashion Avenue,Male,CUS00216,Online,Deodorant,HYG008,Hygiene Products,CAT004,450,20,9000,450,8550,0,1710,256.5,2025,May,15,8550,1710
3/2/2025,SID017,Nusrat Jahan,INV2503104007,Diamond Cosmetics,Female,CUS00052,Walk In,Condom,COS036,Cosmetics,CAT002,300,21,6300,630,5670,0,0,170.1,2025,March,2,5670,0
4/24/2025,SID016,Nusrat Jahan,INV2504104008,Nova Cosmetics,Both,CUS00146,Corporate,Hair Removal Cream,COS025,Cosmetics,CAT002,450,86,38700,3870,34830,1741.5,10449,1044.9,2025,April,24,33088.5,10449
8/10/2026,SID011,Mahmudul Hasan,INV2608104009,Royal Cosmetics,Female,CUS00287,Walk In,Hair Mask,COS018,Cosmetics,CAT002,1100,72,79200,3960,75240,0,15048,2257.2,2026,August,10,75240,15048
6/30/2026,SID013,Shuvo Das,INV2606104010,Urban Avenue,Both,CUS00017,Online,Toothbrush,HYG006,Hygiene Products,CAT004,150,49,7350,220.5,7129.5,0,2138.85,213.88,2026,June,30,7129.5,2138.85
12/15/2026,SID012,Mahmudul Hasan,INV2612104011,Glamour Point,Male,CUS00176,Online,Luggage,ACC013,Accessories,CAT003,8000,82,656000,65600,590400,11808,0,17712,2026,December,15,578592,0
9/26/2026,SID008,Farzana Akter,INV2609104012,Beauty Avenue,Female,CUST049,Distributor,Feminine Wash,HYG010,Hygiene Products,CAT004,400,54,21600,2160,19440,972,0,583.2,2026,September,26,18468,0
6/6/2025,SID004,Mehedi Hasan,INV2506104013,Global Apparel,Female,CUS00398,Online,Foot Care Cream,HYG014,Hygiene Products,CAT004,300,89,26700,801,25899,0,7769.7,776.97,2025,June,6,25899,7769.7
10/25/2026,SID001,Sadia Afrin,INV2610104014,Elegant Choice,Both,CUS00306,Corporate,Body Oil,COS040,Cosmetics,CAT002,800,76,60800,1824,58976,1179.52,11795.2,1769.28,2026,October,25,57796.48,11795.2
3/6/2026,SID001,Mehedi Hasan,INV2603104015,Bloom Cosmetics,Female,CUST027,Distributor,Personal Toys,COS041,Cosmetics,CAT002,1500,63,94500,2835,91665,0,18333,2749.95,2026,March,6,91665,18333
6/7/2026,SID005,Nusrat Jahan,INV2606104016,Unique Collection,Male,CUS00289,Retail,Personal Toys,COS041,Cosmetics,CAT002,1500,72,108000,10800,97200,0,29160,2916,2026,June,7,97200,29160
8/22/2025,SID011,Samira Akter,INV2508104017,Lily Boutique,Male,CUS00312,Retail,Face Toner,COS033,Cosmetics,CAT002,500,100,50000,3500,46500,2325,9300,1395,2025,August,22,44175,9300
2/3/2026,SID016,Imran Hossain,INV2602104018,Iconic Fashion,Male,CUS00060,Online,Beard Oil,COS010,Cosmetics,CAT002,900,63,56700,2835,53865,1077.3,10773,1615.95,2026,February,3,52787.7,10773
4/24/2025,SID011,Farzana Akter,INV2504104019,Cosmo House,Both,CUST055,Distributor,Toothpaste,HYG005,Hygiene Products,CAT004,200,32,6400,320,6080,121.6,0,182.4,2025,April,24,5958.4,0
6/7/2026,SID008,Shuvo Das,INV2606104020,Trendy Boutique,Both,CUS00003,Walk In,Hair Conditioner,COS032,Cosmetics,CAT002,750,41,30750,1537.5,29212.5,0,0,876.38,2026,June,7,29212.5,0
11/11/2025,SID013,Mim Akter,INV2511104021,Smart Beauty,Female,CUS00100,Walk In,Disinfectant Spray,HYG003,Hygiene Products,CAT004,400,24,9600,480,9120,0,1824,273.6,2025,November,11,9120,1824
4/4/2026,SID010,Sadia Afrin,INV2604104022,Prime Collection,Female,CUS00066,Retail,Shaving Cream,COS021,Cosmetics,CAT002,350,62,21700,2170,19530,0,3906,585.9,2026,April,4,19530,3906
6/21/2026,SID014,Tasnia Rahman,INV2606104023,New Era Fashion,Female,CUS00304,Corporate,Body Wash,COS030,Cosmetics,CAT002,600,89,53400,2670,50730,1014.6,10146,1521.9,2026,June,21,49715.4,10146
5/22/2026,SID020,Shakil Khan,INV2605104024,Cosmetics World,Female,CUS00108,Distributor,Shampoo,COS005,Cosmetics,CAT002,700,41,28700,2870,25830,0,0,774.9,2026,May,22,25830,0
3/13/2025,SID016,Sabbir Ahmed,INV2503104025,Fashion World,Female,CUS00356,Distributor,Hair Removal Cream,HYG013,Hygiene Products,CAT004,450,29,13050,1305,11745,587.25,3523.5,352.35,2025,March,13,11157.75,3523.5
12/13/2026,SID020,Shuvo Das,INV2612104026,Shine Collection,Both,CUS00094,Distributor,Face Wash,COS001,Cosmetics,CAT002,450,90,40500,4050,36450,729,0,1093.5,2026,December,13,35721,0
12/2/2026,SID018,Siam Ahmed,INV2612104027,Elegant Boutique,Male,CUS00460,Online,Toothbrush,HYG006,Hygiene Products,CAT004,150,92,13800,966,12834,256.68,3850.2,385.02,2026,December,2,12577.32,3850.2
6/28/2025,SID010,Tanvir Islam,INV2506104028,Luxury Apparel,Female,CUS00046,Online,Deodorant,HYG008,Hygiene Products,CAT004,450,94,42300,0,42300,846,12690,1269,2025,June,28,41454,12690
5/8/2026,SID013,Mahmudul Hasan,INV2605104029,Prime Collection,Male,CUS00333,Distributor,Toothbrush,HYG006,Hygiene Products,CAT004,150,75,11250,562.5,10687.5,0,2137.5,320.62,2026,May,8,10687.5,2137.5
10/23/2025,SID011,Shakil Khan,INV2510104030,Fashion Point,Male,CUS00179,Distributor,Face Serum,COS014,Cosmetics,CAT002,1300,98,127400,6370,121030,6051.5,0,3630.9,2025,October,23,114978.5,0
3/17/2025,SID010,Farzana Akter,INV2503104031,Glow & Shine,Both,CUS00214,Corporate,Toothbrush,HYG006,Hygiene Products,CAT004,150,42,6300,0,6300,315,0,189,2025,March,17,5985,0
9/10/2026,SID009,Samira Akter,INV2609104032,New Era Fashion,Female,CUS00032,Corporate,Body Scrub,COS026,Cosmetics,CAT002,650,65,42250,1267.5,40982.5,2049.12,0,1229.47,2026,September,10,38933.38,0
12/22/2025,SID011,Shuvo Das,INV2512104033,Rainbow Apparel,Female,CUS00485,Distributor,Women's Skirt,APP011,Fashion Apparel,CAT001,1500,76,114000,3420,110580,0,22116,3317.4,2025,December,22,110580,22116
1/31/2026,SID007,Rashedul Islam,INV2601104034,Fashion Avenue,Both,CUS00376,Online,Shaving Cream,HYG009,Hygiene Products,CAT004,350,18,6300,441,5859,117.18,1171.8,175.77,2026,January,31,5741.82,1171.8
7/25/2025,SID015,Sharmin Akter,INV2507104035,Unique Collection,Female,CUS00093,Online,Jewelry Set,ACC009,Accessories,CAT003,4500,81,364500,0,364500,18225,72900,10935,2025,July,25,346275,72900
6/24/2025,SID018,Mim Akter,INV2506104036,Cosmo House,Both,CUST055,Distributor,Baby Wipes,HYG011,Hygiene Products,CAT004,250,75,18750,1875,16875,843.75,3375,506.25,2025,June,24,16031.25,3375
5/19/2025,SID016,Bonna Akter,INV2505104037,Trendy Shop,Female,CUS00156,Retail,Luggage,ACC013,Accessories,CAT003,8000,69,552000,55200,496800,24840,149040,14904,2025,May,19,471960,149040
8/16/2026,SID010,Abdullah Al Mamun,INV2608104038,Infinity Style,Both,CUS00408,Online,Toothbrush,HYG006,Hygiene Products,CAT004,150,79,11850,592.5,11257.5,562.88,2251.5,337.72,2026,August,16,10694.62,2251.5
6/2/2026,SID003,Rakib Hasan,INV2606104039,Prime Collection,Both,CUS00434,Retail,Hair Conditioner,COS032,Cosmetics,CAT002,750,99,74250,5197.5,69052.5,1381.05,20715.75,2071.57,2026,June,2,67671.45,20715.75
6/18/2026,SID008,Rakib Hasan,INV2606104040,Cosmetics World,Male,CUS00220,Distributor,Gloves,ACC008,Accessories,CAT003,600,97,58200,2910,55290,1105.8,0,1658.7,2026,June,18,54184.2,0
8/13/2026,SID015,Farzana Akter,INV2608104041,Iconic Fashion,Male,CUS00355,Online,Hand Sanitizer,HYG001,Hygiene Products,CAT004,250,92,23000,1150,21850,1092.5,6555,655.5,2026,August,13,20757.5,6555
12/24/2025,SID011,Farzana Akter,INV2512104042,Rainbow Apparel,Male,CUS00445,Corporate,Handbag,ACC001,Accessories,CAT003,3500,66,231000,0,231000,0,69300,6930,2025,December,24,231000,69300
3/25/2026,SID017,Jannatul Ferdous,INV2603104043,Classic Beauty,Both,CUST025,Corporate,Handbag,ACC001,Accessories,CAT003,3500,29,101500,10150,91350,4567.5,27405,2740.5,2026,March,25,86782.5,27405
11/15/2025,SID006,Farzana Akter,INV2511104044,Premium Beauty,Female,CUS00113,Retail,Underarm Whitening Cream,COS024,Cosmetics,CAT002,500,75,37500,0,37500,750,7500,1125,2025,November,15,36750,7500
2/6/2026,SID005,Shakil Khan,INV2602104045,Fashion Express,Male,CUS00479,Walk In,Hair Dryer,COS038,Cosmetics,CAT002,4000,13,52000,5200,46800,2340,9360,1404,2026,February,6,44460,9360
9/19/2026,SID003,Sharmin Akter,INV2609104046,Trendy Shop,Both,CUS00131,Walk In,Deodorant,HYG008,Hygiene Products,CAT004,450,21,9450,283.5,9166.5,458.33,0,275,2026,September,19,8708.17,0
10/27/2025,SID004,Mahmudul Hasan,INV2510104047,Fashion Gallery,Male,CUS00153,Distributor,Men T-Shirt,APP001,Fashion Apparel,CAT001,750,72,54000,3780,50220,2511,0,1506.6,2025,October,27,47709,0
9/14/2026,SID009,Tanjina Sultana,INV2609104048,Fashion Central,Both,CUS00119,Retail,Jewelry Set,ACC009,Accessories,CAT003,4500,57,256500,0,256500,5130,51300,7695,2026,September,14,251370,51300
9/17/2025,SID008,Nayeem Hasan,INV2509104049,Fashion Gallery,Male,CUS00218,Retail,Women's Nightwear,APP014,Fashion Apparel,CAT001,800,91,72800,0,72800,0,21840,2184,2025,September,17,72800,21840
6/28/2025,SID001,Tasnia Rahman,INV2506104050,Elite Fashion,Male,CUS00013,Distributor,Women's Nightwear,APP014,Fashion Apparel,CAT001,800,47,37600,3760,33840,0,0,1015.2,2025,June,28,33840,0
2/23/2026,SID008,Sabbir Ahmed,INV2602104051,Cosmetics Central,Female,CUST058,Distributor,Feminine Wash,COS022,Cosmetics,CAT002,400,87,34800,2436,32364,0,0,970.92,2026,February,23,32364,0
4/16/2026,SID003,Tanvir Islam,INV2604104052,Infinity Style,Both,CUS00297,Online,Hair Spray,COS029,Cosmetics,CAT002,450,24,10800,756,10044,200.88,2008.8,301.32,2026,April,16,9843.12,2008.8
7/18/2025,SID019,Tanjina Sultana,INV2507104053,Classic Apparel,Female,CUST003,Walk In,Toothpaste,HYG005,Hygiene Products,CAT004,200,16,3200,160,3040,152,912,91.2,2025,July,18,2888,912
1/23/2026,SID004,Sabbir Ahmed,INV2601104054,Lily Boutique,Female,CUS00236,Walk In,Compact Powder,COS008,Cosmetics,CAT002,800,20,16000,0,16000,800,4800,480,2026,January,23,15200,4800
8/15/2026,SID015,Tasnia Rahman,INV2608104055,Nova Cosmetics,Female,CUS00156,Corporate,Face Mask,COS020,Cosmetics,CAT002,600,56,33600,1680,31920,1596,6384,957.6,2026,August,15,30324,6384
9/1/2025,SID007,Bonna Akter,INV2509104056,Chic Collection,Male,CUST050,Online,Underarm Whitening Cream,COS024,Cosmetics,CAT002,500,99,49500,0,49500,990,0,1485,2025,September,1,48510,0
2/8/2026,SID019,Tasnia Rahman,INV2602104057,Rainbow Apparel,Female,CUS00062,Walk In,Lipstick,COS002,Cosmetics,CAT002,850,30,25500,2550,22950,459,4590,688.5,2026,February,8,22491,4590
1/28/2025,SID019,Shakil Khan,INV2501104058,Beauty Avenue,Female,CUST049,Distributor,Hair Removal Cream,HYG013,Hygiene Products,CAT004,450,49,22050,1543.5,20506.5,0,6151.95,615.19,2025,January,28,20506.5,6151.95
3/16/2026,SID007,Shakil Khan,INV2603104059,Cosmetics Central,Female,CUST058,Distributor,Foot Care Cream,HYG014,Hygiene Products,CAT004,300,45,13500,675,12825,256.5,2565,384.75,2026,March,16,12568.5,2565
10/17/2026,SID010,Nayeem Hasan,INV2610104060,Smart Beauty,Male,CUS00112,Walk In,Foot Care Cream,COS023,Cosmetics,CAT002,300,39,11700,351,11349,0,2269.8,340.47,2026,October,17,11349,2269.8
8/6/2026,SID004,Sharmin Akter,INV2608104061,Shine Collection,Male,CUS00278,Retail,Lipstick,COS002,Cosmetics,CAT002,850,46,39100,0,39100,782,0,1173,2026,August,6,38318,0
4/10/2025,SID007,Abdullah Al Mamun,INV2504104062,Cosmetics World,Male,CUS00051,Distributor,Underarm Whitening Cream,COS024,Cosmetics,CAT002,500,45,22500,675,21825,436.5,4365,654.75,2025,April,10,21388.5,4365
8/29/2025,SID020,Nayeem Hasan,INV2508104063,Cosmo House,Both,CUST055,Distributor,Hair Color,COS012,Cosmetics,CAT002,1500,80,120000,6000,114000,2280,22800,3420,2025,August,29,111720,22800
2/16/2026,SID019,Mahmudul Hasan,INV2602104064,Prime Collection,Female,CUS00266,Online,Gloves,ACC008,Accessories,CAT003,600,16,9600,288,9312,0,1862.4,279.36,2026,February,16,9312,1862.4
4/14/2025,SID017,Farzana Akter,INV2504104065,Apex Fashion,Female,CUST061,Distributor,Jewelry Set,ACC009,Accessories,CAT003,4500,72,324000,0,324000,16200,0,9720,2025,April,14,307800,0
9/4/2025,SID020,Tasnia Rahman,INV2509104066,Fashion Avenue,Both,CUS00138,Online,Men's Innerwear,APP016,Fashion Apparel,CAT001,700,23,16100,0,16100,322,3220,483,2025,September,4,15778,3220
5/18/2025,SID014,Tanvir Islam,INV2505104067,Cosmo House,Both,CUST055,Distributor,Body Oil,COS040,Cosmetics,CAT002,800,9,7200,504,6696,133.92,0,200.88,2025,May,18,6562.08,0
9/15/2025,SID007,Tasnia Rahman,INV2509104068,Prime Collection,Female,CUS00362,Online,Face Scrub,COS027,Cosmetics,CAT002,550,23,12650,379.5,12270.5,0,0,368.12,2025,September,15,12270.5,0
4/25/2026,SID004,Farzana Akter,INV2604104069,Unique Collection,Female,CUS00360,Online,Backpack,ACC012,Accessories,CAT003,3000,91,273000,27300,245700,12285,49140,7371,2026,April,25,233415,49140
8/12/2025,SID013,Mim Akter,INV2508104070,Luxury Apparel,Female,CUS00093,Corporate,Men T-Shirt,APP001,Fashion Apparel,CAT001,750,63,47250,4725,42525,0,0,1275.75,2025,August,12,42525,0
2/23/2026,SID016,Rafiul Karim,INV2602104071,Beauty Point,Female,CUST066,Corporate,Body Scrub,COS026,Cosmetics,CAT002,650,18,11700,351,11349,0,2269.8,340.47,2026,February,23,11349,2269.8
9/3/2026,SID005,Mahmudul Hasan,INV2609104072,Signature Fashion,Female,CUS00492,Corporate,Women's Top,APP006,Fashion Apparel,CAT001,1200,12,14400,1440,12960,648,0,388.8,2026,September,3,12312,0
7/4/2025,SID015,Sharmin Akter,INV2507104073,Iconic Fashion,Female,CUS00262,Corporate,Women's Kurti,APP004,Fashion Apparel,CAT001,1800,100,180000,9000,171000,8550,34200,5130,2025,July,4,162450,34200
10/31/2025,SID011,Shakil Khan,INV2510104074,Global Apparel,Female,CUS00235,Retail,Kids Dress,APP008,Fashion Apparel,CAT001,950,49,46550,0,46550,931,9310,1396.5,2025,October,31,45619,9310
12/13/2026,SID015,Rafiul Karim,INV2612104075,Dream Fashion,Male,CUS00297,Distributor,Face Serum,COS014,Cosmetics,CAT002,1300,20,26000,1820,24180,0,7254,725.4,2026,December,13,24180,7254
7/15/2025,SID015,Siam Ahmed,INV2507104076,Glamour Point,Male,CUS00409,Online,Men's Nightwear,APP015,Fashion Apparel,CAT001,850,39,33150,0,33150,0,6630,994.5,2025,July,15,33150,6630
2/5/2026,SID018,Rafiul Karim,INV2602104077,Unique Collection,Male,CUS00068,Online,Disinfectant Spray,HYG003,Hygiene Products,CAT004,400,87,34800,3480,31320,0,9396,939.6,2026,February,5,31320,9396
4/30/2025,SID013,Shakil Khan,INV2504104078,Fashion Avenue,Female,CUS00301,Corporate,Body Mist,COS037,Cosmetics,CAT002,450,59,26550,1327.5,25222.5,1261.12,7566.75,756.67,2025,April,30,23961.38,7566.75
12/23/2025,SID007,Sadia Afrin,INV2512104079,Beauty Avenue,Female,CUST049,Distributor,Nail Polish,COS013,Cosmetics,CAT002,400,99,39600,0,39600,1980,0,1188,2025,December,23,37620,0
1/8/2025,SID005,Samira Akter,INV2501104080,Dream Fashion,Both,CUS00152,Distributor,Face Scrub,COS027,Cosmetics,CAT002,550,35,19250,962.5,18287.5,0,5486.25,548.62,2025,January,8,18287.5,5486.25
2/6/2026,SID020,Tanjina Sultana,INV2602104081,Beauty Point,Female,CUST066,Corporate,Women's Nightwear,APP014,Fashion Apparel,CAT001,800,83,66400,0,66400,1328,0,1992,2026,February,6,65072,0
10/18/2026,SID008,Shuvo Das,INV2610104082,Global Apparel,Both,CUS00380,Online,Makeup Kit,COS034,Cosmetics,CAT002,2500,45,112500,5625,106875,5343.75,0,3206.25,2026,October,18,101531.25,0
9/20/2025,SID019,Tasnia Rahman,INV2509104083,Infinity Style,Male,CUS00061,Corporate,Toothbrush,HYG006,Hygiene Products,CAT004,150,41,6150,184.5,5965.5,298.28,1193.1,178.97,2025,September,20,5667.22,1193.1
9/5/2026,SID010,Siam Ahmed,INV2609104084,Beauty Avenue,Female,CUST049,Distributor,Kids Dress,APP008,Fashion Apparel,CAT001,950,87,82650,2479.5,80170.5,4008.53,24051.15,2405.11,2026,September,5,76161.97,24051.15
6/11/2025,SID013,Tanjina Sultana,INV2506104085,Blue Sky Fashion,Both,CUST014,Online,Hair Mask,COS018,Cosmetics,CAT002,1100,73,80300,2409,77891,0,23367.3,2336.73,2025,June,11,77891,23367.3
7/9/2026,SID005,Tanjina Sultana,INV2607104086,Luxury Apparel,Male,CUS00167,Corporate,Bra & Panty Set,APP013,Fashion Apparel,CAT001,900,63,56700,1701,54999,0,10999.8,1649.97,2026,July,9,54999,10999.8
2/6/2026,SID016,Mim Akter,INV2602104087,Fashion Central,Both,CUS00456,Retail,Body Wash,COS030,Cosmetics,CAT002,600,90,54000,5400,48600,972,0,1458,2026,February,6,47628,0
6/29/2025,SID020,Sadia Afrin,INV2506104088,Elegant Boutique,Female,CUS00174,Walk In,Hand Sanitizer,HYG001,Hygiene Products,CAT004,250,61,15250,1067.5,14182.5,283.65,2836.5,425.47,2025,June,29,13898.85,2836.5
8/4/2025,SID018,Sharmin Akter,INV2508104089,Glamour Point,Both,CUS00323,Retail,Umbrella,ACC014,Accessories,CAT003,1200,81,97200,6804,90396,0,0,2711.88,2025,August,4,90396,0
11/7/2026,SID018,Shakil Khan,INV2611104090,Diamond Cosmetics,Female,CUS00134,Walk In,Face Wash,COS001,Cosmetics,CAT002,450,67,30150,2110.5,28039.5,0,5607.9,841.18,2026,November,7,28039.5,5607.9
4/2/2025,SID005,Abdullah Al Mamun,INV2504104091,Bloom Cosmetics,Female,CUST027,Distributor,Men Polo Shirt,APP002,Fashion Apparel,CAT001,1100,62,68200,3410,64790,3239.5,12958,1943.7,2025,April,2,61550.5,12958
8/28/2026,SID018,Mehedi Hasan,INV2608104092,Nova Cosmetics,Both,CUS00094,Distributor,Hat,ACC007,Accessories,CAT003,700,22,15400,462,14938,746.9,0,448.14,2026,August,28,14191.1,0
1/20/2026,SID010,Farzana Akter,INV2601104093,Fashion Express,Female,CUS00131,Retail,Body Lotion,COS004,Cosmetics,CAT002,650,7,4550,227.5,4322.5,216.12,864.5,129.67,2026,January,20,4106.38,864.5
12/11/2026,SID020,Sadia Afrin,INV2612104094,Cosmo House,Both,CUST055,Distributor,Deodorant,COS016,Cosmetics,CAT002,450,30,13500,405,13095,654.75,2619,392.85,2026,December,11,12440.25,2619
5/11/2025,SID008,Nusrat Jahan,INV2505104095,Dream Fashion,Female,CUS00323,Retail,Hoodie,APP009,Fashion Apparel,CAT001,2500,13,32500,1625,30875,617.5,0,926.25,2025,May,11,30257.5,0
7/28/2026,SID004,Mim Akter,INV2607104096,Apex Fashion,Female,CUST061,Walk In,Disinfectant Spray,HYG003,Hygiene Products,CAT004,400,90,36000,1800,34200,1710,6840,1026,2026,July,28,32490,6840
3/28/2025,SID009,Shuvo Das,INV2503104097,Fashion Gallery,Male,CUS00351,Corporate,Face Cream,COS007,Cosmetics,CAT002,950,22,20900,2090,18810,376.2,5643,564.3,2025,March,28,18433.8,5643
8/31/2025,SID020,Bonna Akter,INV2508104098,Fashion Point,Both,CUS00305,Distributor,Men Jeans,APP003,Fashion Apparel,CAT001,2200,30,66000,4620,61380,0,0,1841.4,2025,August,31,61380,0
9/12/2025,SID020,Shuvo Das,INV2509104099,Urban Avenue,Female,CUS00161,Walk In,Face Serum,COS014,Cosmetics,CAT002,1300,62,80600,4030,76570,3828.5,15314,2297.1,2025,September,12,72741.5,15314
10/27/2026,SID009,Shuvo Das,INV2610104100,Fashion Gallery,Male,CUS00219,Retail,Sunscreen,COS009,Cosmetics,CAT002,1150,44,50600,5060,45540,0,9108,1366.2,2026,October,27,45540,9108
5/27/2026,SID019,Sadia Afrin,INV2605104101,Premium Beauty,Male,CUS00485,Corporate,Body Lotion,COS004,Cosmetics,CAT002,650,21,13650,955.5,12694.5,0,3808.35,380.83,2026,May,27,12694.5,3808.35
6/5/2025,SID002,Samira Akter,INV2506104102,Moonlight Cosmetics,Male,CUS00047,Walk In,Men's Innerwear,APP016,Fashion Apparel,CAT001,700,14,9800,980,8820,0,0,264.6,2025,June,5,8820,0
2/23/2026,SID002,Mahmudul Hasan,INV2602104103,Perfect Beauty,Female,CUS00030,Corporate,Footwear,ACC011,Accessories,CAT003,2500,58,145000,4350,140650,2813,42195,4219.5,2026,February,23,137837,42195
12/3/2025,SID013,Arif Hossain,INV2512104104,Luxury Apparel,Both,CUS00047,Online,Feminine Wash,HYG010,Hygiene Products,CAT004,400,46,18400,1288,17112,0,5133.6,513.36,2025,December,3,17112,5133.6
12/30/2025,SID017,Nusrat Jahan,INV2512104105,Trendy Boutique,Both,CUS00467,Distributor,Diapers,HYG012,Hygiene Products,CAT004,800,68,54400,1632,52768,2638.4,0,1583.04,2025,December,30,50129.6,0
9/25/2025,SID017,Tanjina Sultana,INV2509104106,Crystal Cosmetics,Both,CUS00420,Online,Footwear,ACC011,Accessories,CAT003,2500,31,77500,2325,75175,1503.5,22552.5,2255.25,2025,September,25,73671.5,22552.5
11/7/2026,SID003,Farzana Akter,INV2611104107,Modern Boutique,Female,CUS00420,Online,Toothbrush,HYG006,Hygiene Products,CAT004,150,34,5100,0,5100,0,1020,153,2026,November,7,5100,1020
4/13/2026,SID020,Nusrat Jahan,INV2604104108,Cosmetics World,Both,CUS00182,Online,Men Jeans,APP003,Fashion Apparel,CAT001,2200,50,110000,5500,104500,0,0,3135,2026,April,13,104500,0
4/11/2025,SID015,Sharmin Akter,INV2504104109,Glamour Point,Female,CUS00319,Retail,Diapers,HYG012,Hygiene Products,CAT004,800,96,76800,0,76800,1536,0,2304,2025,April,11,75264,0
12/10/2026,SID006,Arif Hossain,INV2612104110,Beauty Express,Male,CUST002,Online,Hair Removal Cream,HYG013,Hygiene Products,CAT004,450,9,4050,283.5,3766.5,0,1129.95,112.99,2026,December,10,3766.5,1129.95
3/4/2025,SID011,Bonna Akter,INV2503104111,Classic Beauty,Both,CUST025,Corporate,Face Mask,COS020,Cosmetics,CAT002,600,64,38400,3840,34560,1728,6912,1036.8,2025,March,4,32832,6912
12/14/2025,SID002,Arif Hossain,INV2512104112,Trendy Boutique,Female,CUS00282,Distributor,Makeup Remover,COS015,Cosmetics,CAT002,550,72,39600,3960,35640,712.8,7128,1069.2,2025,December,14,34927.2,7128
6/3/2026,SID020,Sharmin Akter,INV2606104113,Fashion Central,Both,CUS00114,Retail,Belt,ACC003,Accessories,CAT003,800,81,64800,3240,61560,3078,12312,1846.8,2026,June,3,58482,12312
6/22/2025,SID013,Arif Hossain,INV2506104114,Fashion Plus,Female,CUS00420,Retail,Compact Powder,COS008,Cosmetics,CAT002,800,46,36800,3680,33120,0,9936,993.6,2025,June,22,33120,9936
5/3/2026,SID010,Nayeem Hasan,INV2605104115,Elegant Choice,Both,CUS00114,Online,Body Oil,COS040,Cosmetics,CAT002,800,17,13600,0,13600,272,4080,408,2026,May,3,13328,4080
11/9/2025,SID016,Sharmin Akter,INV2511104116,Chic Collection,Male,CUST050,Online,Women's Saree,APP005,Fashion Apparel,CAT001,3200,56,179200,5376,173824,3476.48,52147.2,5214.72,2025,November,9,170347.52,52147.2
3/8/2026,SID010,Sadia Afrin,INV2603104117,Cosmetics Plus,Female,CUS00070,Corporate,Foot Care Cream,HYG014,Hygiene Products,CAT004,300,25,7500,225,7275,0,0,218.25,2026,March,8,7275,0
8/5/2025,SID020,Rashedul Islam,INV2508104118,Infinity Style,Female,CUS00440,Walk In,Perfume,COS003,Cosmetics,CAT002,2200,89,195800,19580,176220,8811,0,5286.6,2025,August,5,167409,0
4/17/2025,SID004,Farzana Akter,INV2504104119,Rainbow Apparel,Both,CUS00416,Retail,Hair Accessories,ACC010,Accessories,CAT003,400,63,25200,2520,22680,0,4536,680.4,2025,April,17,22680,4536
1/6/2025,SID013,Arif Hossain,INV2501104120,Rainbow Apparel,Both,CUS00231,Walk In,Underarm Whitening Cream,COS024,Cosmetics,CAT002,500,59,29500,0,29500,590,0,885,2025,January,6,28910,0
11/20/2025,SID003,Rashedul Islam,INV2511104121,Urban Avenue,Male,CUS00201,Retail,Kids T-Shirt,APP007,Fashion Apparel,CAT001,650,81,52650,3685.5,48964.5,979.29,0,1468.93,2025,November,20,47985.21,0
10/25/2025,SID012,Sadia Afrin,INV2510104122,Classic Beauty,Both,CUST025,Corporate,Shaving Cream,COS021,Cosmetics,CAT002,350,36,12600,882,11718,234.36,2343.6,351.54,2025,October,25,11483.64,2343.6
11/26/2026,SID008,Tanjina Sultana,INV2611104123,Bloom Cosmetics,Female,CUST027,Distributor,Kids T-Shirt,APP007,Fashion Apparel,CAT001,650,50,32500,3250,29250,0,5850,877.5,2026,November,26,29250,5850
4/12/2025,SID017,Farzana Akter,INV2504104124,Chic Collection,Male,CUST050,Online,Wallet,ACC002,Accessories,CAT003,1200,60,72000,2160,69840,1396.8,20952,2095.2,2025,April,12,68443.2,20952
7/15/2025,SID004,Tasnia Rahman,INV2507104125,Pink Beauty,Both,CUS00274,Distributor,Toothbrush,HYG006,Hygiene Products,CAT004,150,20,3000,90,2910,58.2,0,87.3,2025,July,15,2851.8,0
12/21/2025,SID013,Mahmudul Hasan,INV2512104126,Style World,Male,CUS00213,Retail,Feminine Wash,COS022,Cosmetics,CAT002,400,84,33600,1680,31920,638.4,0,957.6,2025,December,21,31281.6,0
2/16/2026,SID013,Nayeem Hasan,INV2602104127,Fashion Gallery,Both,CUS00409,Online,Shaving Cream,HYG009,Hygiene Products,CAT004,350,40,14000,980,13020,651,3906,390.6,2026,February,16,12369,3906
9/4/2026,SID004,Shuvo Das,INV2609104128,Elite Collection,Female,CUS00043,Corporate,Feminine Wash,COS022,Cosmetics,CAT002,400,14,5600,168,5432,271.6,0,162.96,2026,September,4,5160.4,0
6/30/2026,SID018,Sadia Afrin,INV2606104129,Dream Fashion,Both,CUS00317,Online,Footwear,ACC011,Accessories,CAT003,2500,65,162500,0,162500,0,32500,4875,2026,June,30,162500,32500
2/15/2025,SID018,Rafiul Karim,INV2502104130,Golden Fashion,Male,CUS00017,Walk In,Shaving Cream,COS021,Cosmetics,CAT002,350,66,23100,1617,21483,0,6444.9,644.49,2025,February,15,21483,6444.9
11/25/2026,SID012,Shakil Khan,INV2611104131,Urban Trends,Both,CUS00231,Corporate,Hair Spray,COS029,Cosmetics,CAT002,450,36,16200,0,16200,810,3240,486,2026,November,25,15390,3240
1/27/2026,SID018,Nusrat Jahan,INV2601104132,Prime Collection,Male,CUS00105,Retail,Hat,ACC007,Accessories,CAT003,700,86,60200,0,60200,1204,18060,1806,2026,January,27,58996,18060
4/29/2025,SID014,Sharmin Akter,INV2504104133,Trendy Shop,Male,CUS00040,Distributor,Deodorant,HYG008,Hygiene Products,CAT004,450,13,5850,175.5,5674.5,283.73,1134.9,170.23,2025,April,29,5390.77,1134.9
7/29/2026,SID006,Samira Akter,INV2607104134,Grace Boutique,Male,CUS00291,Corporate,Compact Powder,COS008,Cosmetics,CAT002,800,19,15200,456,14744,294.88,2948.8,442.32,2026,July,29,14449.12,2948.8
9/27/2026,SID016,Imran Hossain,INV2609104135,Star Fashion,Male,CUS00030,Corporate,Men Polo Shirt,APP002,Fashion Apparel,CAT001,1100,66,72600,5082,67518,3375.9,0,2025.54,2026,September,27,64142.1,0
9/24/2025,SID019,Sadia Afrin,INV2509104136,Star Fashion,Female,CUS00058,Online,Women's Leggings,APP012,Fashion Apparel,CAT001,1300,80,104000,0,104000,0,20800,3120,2025,September,24,104000,20800
9/22/2025,SID015,Rashedul Islam,INV2509104137,Smart Collection,Female,CUS00424,Online,Body Oil,COS040,Cosmetics,CAT002,800,94,75200,5264,69936,1398.72,20980.8,2098.08,2025,September,22,68537.28,20980.8
8/28/2025,SID013,Siam Ahmed,INV2508104138,Shine Collection,Both,CUS00186,Corporate,Foot Care Cream,HYG014,Hygiene Products,CAT004,300,73,21900,2190,19710,394.2,3942,591.3,2025,August,28,19315.8,3942
9/20/2026,SID006,Arif Hossain,INV2609104139,Smart Beauty,Both,CUS00020,Retail,Hair Conditioner,COS032,Cosmetics,CAT002,750,41,30750,3075,27675,0,5535,830.25,2026,September,20,27675,5535
1/5/2026,SID002,Sharmin Akter,INV2601104140,Elegant Boutique,Female,CUS00034,Retail,Hair Conditioner,COS032,Cosmetics,CAT002,750,78,58500,1755,56745,0,17023.5,1702.35,2026,January,5,56745,17023.5
7/29/2026,SID016,Mim Akter,INV2607104141,Fashion Express,Both,CUS00358,Online,Hair Mask,COS018,Cosmetics,CAT002,1100,39,42900,0,42900,0,8580,1287,2026,July,29,42900,8580
2/21/2026,SID011,Sadia Afrin,INV2602104142,Pink Beauty,Female,CUS00310,Online,Hand Sanitizer,HYG001,Hygiene Products,CAT004,250,40,10000,700,9300,0,1860,279,2026,February,21,9300,1860
3/27/2026,SID009,Bonna Akter,INV2603104143,New Era Fashion,Female,CUS00383,Corporate,Beard Oil,COS010,Cosmetics,CAT002,900,64,57600,2880,54720,0,16416,1641.6,2026,March,27,54720,16416
12/16/2025,SID019,Imran Hossain,INV2512104144,Cosmo House,Both,CUST055,Distributor,Hair Removal Cream,HYG013,Hygiene Products,CAT004,450,84,37800,2646,35154,1757.7,10546.2,1054.62,2025,December,16,33396.3,10546.2
3/30/2026,SID008,Siam Ahmed,INV2603104145,Urban Beauty,Male,CUS00453,Corporate,Jewelry Set,ACC009,Accessories,CAT003,4500,18,81000,0,81000,0,16200,2430,2026,March,30,81000,16200
7/21/2026,SID004,Rafiul Karim,INV2607104146,Grace Boutique,Both,CUS00050,Walk In,Shampoo,COS005,Cosmetics,CAT002,700,94,65800,1974,63826,1276.52,0,1914.78,2026,July,21,62549.48,0
8/4/2025,SID009,Rashedul Islam,INV2508104147,Golden Fashion,Both,CUS00372,Retail,Men T-Shirt,APP001,Fashion Apparel,CAT001,750,81,60750,4252.5,56497.5,2824.88,11299.5,1694.92,2025,August,4,53672.62,11299.5
8/5/2026,SID002,Imran Hossain,INV2608104148,Fashion Hub Ltd,Female,CUS00460,Online,Scarf,ACC006,Accessories,CAT003,900,32,28800,2016,26784,1339.2,0,803.52,2026,August,5,25444.8,0
4/19/2025,SID001,Nayeem Hasan,INV2504104149,Classic Beauty,Both,CUST025,Corporate,Men's Nightwear,APP015,Fashion Apparel,CAT001,850,84,71400,3570,67830,3391.5,0,2034.9,2025,April,19,64438.5,0
2/3/2025,SID001,Rakib Hasan,INV2502104150,Modern Boutique,Female,CUS00308,Retail,Compact Powder,COS008,Cosmetics,CAT002,800,35,28000,1960,26040,520.8,0,781.2,2025,February,3,25519.2,0
4/14/2026,SID004,Arif Hossain,INV2604104151,Glow & Shine,Male,CUS00319,Corporate,Face Scrub,COS027,Cosmetics,CAT002,550,37,20350,1424.5,18925.5,946.28,3785.1,567.76,2026,April,14,17979.22,3785.1
11/25/2025,SID008,Sharmin Akter,INV2511104152,Bloom Cosmetics,Female,CUST027,Distributor,Sunscreen,COS009,Cosmetics,CAT002,1150,35,40250,2817.5,37432.5,1871.62,11229.75,1122.97,2025,November,25,35560.88,11229.75
10/4/2026,SID006,Nusrat Jahan,INV2610104153,Modern Style,Both,CUS00223,Online,Body Scrub,COS026,Cosmetics,CAT002,650,17,11050,331.5,10718.5,214.37,0,321.56,2026,October,4,10504.13,0
3/1/2026,SID010,Nayeem Hasan,INV2603104154,Diamond Cosmetics,Female,CUS00042,Walk In,Hoodie,APP009,Fashion Apparel,CAT001,2500,59,147500,4425,143075,0,42922.5,4292.25,2026,March,1,143075,42922.5
7/14/2026,SID016,Bonna Akter,INV2607104155,Classic Apparel,Female,CUST003,Walk In,Personal Toys,COS041,Cosmetics,CAT002,1500,5,7500,750,6750,0,2025,202.5,2026,July,14,6750,2025
5/12/2025,SID010,Abdullah Al Mamun,INV2505104156,Glamour Point,Both,CUS00074,Distributor,Men's Nightwear,APP015,Fashion Apparel,CAT001,850,65,55250,0,55250,2762.5,0,1657.5,2025,May,12,52487.5,0
11/10/2025,SID016,Abdullah Al Mamun,INV2511104157,Cosmetics Central,Female,CUST058,Distributor,Foot Care Cream,HYG014,Hygiene Products,CAT004,300,27,8100,810,7290,145.8,1458,218.7,2025,November,10,7144.2,1458
9/16/2025,SID019,Samira Akter,INV2509104158,Elite Fashion,Male,CUS00113,Distributor,Men T-Shirt,APP001,Fashion Apparel,CAT001,750,43,32250,967.5,31282.5,0,9384.75,938.47,2025,September,16,31282.5,9384.75
9/25/2025,SID009,Samira Akter,INV2509104159,Perfect Beauty,Female,CUS00022,Retail,Hair Removal Cream,COS025,Cosmetics,CAT002,450,44,19800,0,19800,396,3960,594,2025,September,25,19404,3960
5/2/2026,SID014,Rafiul Karim,INV2605104160,Modern Boutique,Both,CUS00144,Walk In,Toothbrush,HYG006,Hygiene Products,CAT004,150,88,13200,1320,11880,594,3564,356.4,2026,May,2,11286,3564
1/5/2026,SID012,Mim Akter,INV2601104161,Smart Collection,Male,CUS00023,Distributor,Backpack,ACC012,Accessories,CAT003,3000,10,30000,3000,27000,1350,5400,810,2026,January,5,25650,5400
7/9/2025,SID012,Tanjina Sultana,INV2507104162,Beauty Avenue,Female,CUST049,Distributor,Face Toner,COS033,Cosmetics,CAT002,500,32,16000,0,16000,0,0,480,2025,July,9,16000,0
6/15/2026,SID002,Bonna Akter,INV2606104163,Glamour House,Female,CUS00274,Retail,Luggage,ACC013,Accessories,CAT003,8000,34,272000,19040,252960,5059.2,0,7588.8,2026,June,15,247900.8,0
1/24/2025,SID019,Sadia Afrin,INV2501104164,Infinity Style,Both,CUS00383,Online,Body Spray,COS011,Cosmetics,CAT002,500,47,23500,2350,21150,1057.5,6345,634.5,2025,January,24,20092.5,6345
4/20/2025,SID015,Tasnia Rahman,INV2504104165,Beauty Point,Female,CUST066,Corporate,Toothbrush,HYG006,Hygiene Products,CAT004,150,39,5850,0,5850,117,0,175.5,2025,April,20,5733,0
9/28/2026,SID005,Farzana Akter,INV2609104166,Perfect Beauty,Male,CUS00113,Distributor,Compact Powder,COS008,Cosmetics,CAT002,800,25,20000,2000,18000,900,3600,540,2026,September,28,17100,3600
4/6/2025,SID014,Farzana Akter,INV2504104167,Cosmetics Central,Female,CUST058,Distributor,Men T-Shirt,APP001,Fashion Apparel,CAT001,750,45,33750,1687.5,32062.5,641.25,9618.75,961.88,2025,April,6,31421.25,9618.75
12/3/2025,SID018,Shakil Khan,INV2512104168,Chic Collection,Male,CUST050,Online,Keychain,ACC015,Accessories,CAT003,300,40,12000,1200,10800,0,3240,324,2025,December,3,10800,3240
7/6/2026,SID009,Sadia Afrin,INV2607104169,Metro Fashion,Male,CUS00259,Online,Personal Toys,COS041,Cosmetics,CAT002,1500,29,43500,0,43500,870,13050,1305,2026,July,6,42630,13050
5/30/2025,SID010,Rashedul Islam,INV2505104170,Shine Collection,Male,CUS00478,Corporate,Men's Innerwear,APP016,Fashion Apparel,CAT001,700,28,19600,980,18620,931,5586,558.6,2025,May,30,17689,5586
9/3/2026,SID001,Tanvir Islam,INV2609104171,Shine Collection,Female,CUS00191,Corporate,Compact Powder,COS008,Cosmetics,CAT002,800,41,32800,3280,29520,0,0,885.6,2026,September,3,29520,0
10/20/2026,SID019,Abdullah Al Mamun,INV2610104172,Rainbow Apparel,Both,CUS00208,Distributor,Hair Gel,COS028,Cosmetics,CAT002,400,74,29600,888,28712,574.24,5742.4,861.36,2026,October,20,28137.76,5742.4
1/31/2025,SID014,Rafiul Karim,INV2501104173,Global Apparel,Female,CUS00336,Corporate,Face Scrub,COS027,Cosmetics,CAT002,550,32,17600,0,17600,352,3520,528,2025,January,31,17248,3520
9/18/2025,SID004,Samira Akter,INV2509104174,Fashion Avenue,Female,CUS00129,Online,Hand Sanitizer,HYG001,Hygiene Products,CAT004,250,64,16000,1600,14400,288,4320,432,2025,September,18,14112,4320
7/13/2026,SID008,Tanvir Islam,INV2607104175,Glamour House,Both,CUS00158,Walk In,Hair Mask,COS018,Cosmetics,CAT002,1100,88,96800,6776,90024,1800.48,27007.2,2700.72,2026,July,13,88223.52,27007.2
11/6/2026,SID007,Bonna Akter,INV2611104176,Premium Beauty,Both,CUS00429,Corporate,Hair Dryer,COS038,Cosmetics,CAT002,4000,74,296000,14800,281200,0,84360,8436,2026,November,6,281200,84360
9/11/2025,SID013,Shakil Khan,INV2509104177,Urban Beauty,Male,CUS00324,Corporate,Keychain,ACC015,Accessories,CAT003,300,12,3600,108,3492,69.84,0,104.76,2025,September,11,3422.16,0
11/5/2026,SID020,Samira Akter,INV2611104178,Modern Style,Male,CUS00235,Walk In,Condom,COS036,Cosmetics,CAT002,300,36,10800,324,10476,209.52,3142.8,314.28,2026,November,5,10266.48,3142.8
1/27/2025,SID017,Farzana Akter,INV2501104179,Fashion Express,Both,CUS00287,Online,Face Serum,COS014,Cosmetics,CAT002,1300,54,70200,7020,63180,1263.6,0,1895.4,2025,January,27,61916.4,0
1/23/2026,SID001,Siam Ahmed,INV2601104180,Style World,Male,CUS00206,Walk In,Perfume,COS003,Cosmetics,CAT002,2200,21,46200,0,46200,924,13860,1386,2026,January,23,45276,13860
6/7/2025,SID001,Imran Hossain,INV2506104181,Bloom Cosmetics,Female,CUST027,Distributor,Bra & Panty Set,APP013,Fashion Apparel,CAT001,900,19,17100,1710,15390,307.8,0,461.7,2025,June,7,15082.2,0
12/4/2025,SID015,Arif Hossain,INV2512104182,NextGen Fashion,Both,CUS00495,Retail,Deodorant,HYG008,Hygiene Products,CAT004,450,33,14850,445.5,14404.5,0,2880.9,432.13,2025,December,4,14404.5,2880.9
12/5/2025,SID020,Tanjina Sultana,INV2512104183,Premium Beauty,Both,CUS00178,Retail,Footwear,ACC011,Accessories,CAT003,2500,84,210000,14700,195300,0,0,5859,2025,December,5,195300,0
6/18/2025,SID015,Rafiul Karim,INV2506104184,Moonlight Cosmetics,Both,CUS00489,Retail,Hair Removal Cream,HYG013,Hygiene Products,CAT004,450,98,44100,2205,41895,0,0,1256.85,2025,June,18,41895,0
11/9/2025,SID002,Mim Akter,INV2511104185,Premium Beauty,Female,CUS00163,Online,Face Mask,COS020,Cosmetics,CAT002,600,22,13200,924,12276,613.8,0,368.28,2025,November,9,11662.2,0
8/12/2025,SID008,Siam Ahmed,INV2508104186,Classic Beauty,Both,CUST025,Corporate,Hair Color,COS012,Cosmetics,CAT002,1500,47,70500,3525,66975,0,13395,2009.25,2025,August,12,66975,13395
1/2/2026,SID020,Nayeem Hasan,INV2601104187,Cosmetics Central,Female,CUST058,Distributor,Face Scrub,COS027,Cosmetics,CAT002,550,52,28600,2002,26598,1329.9,7979.4,797.94,2026,January,2,25268.1,7979.4
1/16/2026,SID009,Imran Hossain,INV2601104188,Style Corner,Male,CUS00498,Walk In,Face Mask,HYG002,Hygiene Products,CAT004,150,80,12000,840,11160,558,0,334.8,2026,January,16,10602,0
4/4/2025,SID018,Rashedul Islam,INV2504104189,Crystal Cosmetics,Both,CUS00138,Corporate,Body Oil,COS040,Cosmetics,CAT002,800,20,16000,480,15520,776,4656,465.6,2025,April,4,14744,4656
10/19/2025,SID006,Nayeem Hasan,INV2510104190,Prime Collection,Male,CUS00080,Online,Sunglasses,ACC004,Accessories,CAT003,1500,99,148500,0,148500,7425,29700,4455,2025,October,19,141075,29700
6/24/2026,SID001,Nusrat Jahan,INV2606104191,Golden Fashion,Both,CUS00243,Online,Body Wash,COS030,Cosmetics,CAT002,600,97,58200,4074,54126,2706.3,0,1623.78,2026,June,24,51419.7,0
3/23/2026,SID010,Rafiul Karim,INV2603104192,Smart Beauty,Both,CUS00028,Online,Hair Dryer,COS038,Cosmetics,CAT002,4000,76,304000,9120,294880,14744,88464,8846.4,2026,March,23,280136,88464
3/27/2025,SID003,Bonna Akter,INV2503104193,Apex Fashion,Female,CUST061,Corporate,Hair Mask,COS018,Cosmetics,CAT002,1100,32,35200,3520,31680,0,9504,950.4,2025,March,27,31680,9504
9/13/2026,SID004,Rashedul Islam,INV2609104194,Dream Fashion,Both,CUS00209,Online,Mouthwash,HYG007,Hygiene Products,CAT004,300,26,7800,390,7410,0,1482,222.3,2026,September,13,7410,1482
12/22/2025,SID007,Abdullah Al Mamun,INV2512104195,Fresh Look,Both,CUS00137,Walk In,Bra & Panty Set,APP013,Fashion Apparel,CAT001,900,52,46800,0,46800,0,9360,1404,2025,December,22,46800,9360
1/24/2025,SID004,Mahmudul Hasan,INV2501104196,Fashion Express,Male,CUS00036,Retail,Women's Kurti,APP004,Fashion Apparel,CAT001,1800,55,99000,2970,96030,0,0,2880.9,2025,January,24,96030,0
5/13/2025,SID014,Nusrat Jahan,INV2505104197,Cosmo House,Both,CUST055,Distributor,Hair Accessories,ACC010,Accessories,CAT003,400,30,12000,840,11160,223.2,2232,334.8,2025,May,13,10936.8,2232
7/2/2026,SID005,Jannatul Ferdous,INV2607104198,Beauty Avenue,Female,CUST049,Distributor,Hair Removal Cream,COS025,Cosmetics,CAT002,450,37,16650,1665,14985,299.7,4495.5,449.55,2026,July,2,14685.3,4495.5
9/27/2026,SID008,Rafiul Karim,INV2609104199,Fashion Gallery,Male,CUS00280,Distributor,Body Lotion,COS004,Cosmetics,CAT002,650,44,28600,1430,27170,543.4,8151,815.1,2026,September,27,26626.6,8151
2/25/2026,SID001,Jannatul Ferdous,INV2602104200,Fashion Express,Female,CUS00484,Online,Lipstick,COS002,Cosmetics,CAT002,850,66,56100,5610,50490,2524.5,0,1514.7,2026,February,25,47965.5,0
5/31/2026,SID015,Abdullah Al Mamun,INV2605104201,Royal Cosmetics,Female,CUS00002,Online,Men's Nightwear,APP015,Fashion Apparel,CAT001,850,22,18700,561,18139,0,3627.8,544.17,2026,May,31,18139,3627.8
5/19/2025,SID012,Siam Ahmed,INV2505104202,Prime Collection,Both,CUS00104,Walk In,Mouthwash,HYG007,Hygiene Products,CAT004,300,5,1500,105,1395,69.75,418.5,41.85,2025,May,19,1325.25,418.5
2/5/2026,SID016,Mehedi Hasan,INV2602104203,Unique Collection,Male,CUS00038,Online,Underarm Whitening Cream,HYG015,Hygiene Products,CAT004,500,82,41000,0,41000,2050,12300,1230,2026,February,5,38950,12300
2/14/2026,SID001,Jannatul Ferdous,INV2602104204,Moonlight Cosmetics,Male,CUS00271,Corporate,Shaving Cream,COS021,Cosmetics,CAT002,350,67,23450,2345,21105,422.1,4221,633.15,2026,February,14,20682.9,4221
4/26/2025,SID016,Imran Hossain,INV2504104205,Cosmo House,Both,CUST055,Distributor,Perfume,COS003,Cosmetics,CAT002,2200,100,220000,0,220000,11000,44000,6600,2025,April,26,209000,44000
9/23/2026,SID015,Sadia Afrin,INV2609104206,Urban Trends,Female,CUS00400,Corporate,Hair Conditioner,COS032,Cosmetics,CAT002,750,84,63000,0,63000,0,12600,1890,2026,September,23,63000,12600
2/17/2025,SID003,Imran Hossain,INV2502104207,Elite Collection,Both,CUS00446,Corporate,Foot Care Cream,COS023,Cosmetics,CAT002,300,28,8400,252,8148,407.4,2444.4,244.44,2025,February,17,7740.6,2444.4
9/13/2025,SID013,Shakil Khan,INV2509104208,Beauty Express,Male,CUST002,Online,Face Wash,COS001,Cosmetics,CAT002,450,59,26550,796.5,25753.5,0,7726.05,772.61,2025,September,13,25753.5,7726.05
4/20/2026,SID010,Imran Hossain,INV2604104209,Beauty Avenue,Female,CUST049,Distributor,Watch,ACC005,Accessories,CAT003,5000,49,245000,0,245000,4900,0,7350,2026,April,20,240100,0
11/26/2025,SID014,Nusrat Jahan,INV2511104210,Beauty Point,Female,CUST066,Corporate,Diapers,HYG012,Hygiene Products,CAT004,800,72,57600,1728,55872,2793.6,16761.6,1676.16,2025,November,26,53078.4,16761.6
12/9/2026,SID011,Rashedul Islam,INV2612104211,Royal Style,Female,CUS00145,Distributor,Shampoo,COS005,Cosmetics,CAT002,700,32,22400,2240,20160,403.2,6048,604.8,2026,December,9,19756.8,6048
4/16/2025,SID016,Rakib Hasan,INV2504104212,Grace Boutique,Male,CUS00480,Distributor,Makeup Kit,COS034,Cosmetics,CAT002,2500,83,207500,14525,192975,0,38595,5789.25,2025,April,16,192975,38595
11/25/2026,SID013,Rakib Hasan,INV2611104213,Glamour Point,Female,CUS00027,Distributor,Jewelry Set,ACC009,Accessories,CAT003,4500,16,72000,2160,69840,1396.8,0,2095.2,2026,November,25,68443.2,0
2/14/2025,SID006,Farzana Akter,INV2502104214,Nova Cosmetics,Female,CUS00388,Online,Kids T-Shirt,APP007,Fashion Apparel,CAT001,650,10,6500,0,6500,130,0,195,2025,February,14,6370,0
1/29/2025,SID016,Bonna Akter,INV2501104215,Fashion Express,Both,CUS00323,Corporate,Wallet,ACC002,Accessories,CAT003,1200,99,118800,0,118800,5940,23760,3564,2025,January,29,112860,23760
5/20/2025,SID019,Tanvir Islam,INV2505104216,Fashion Hub Ltd,Both,CUS00072,Distributor,Hair Accessories,ACC010,Accessories,CAT003,400,84,33600,1008,32592,651.84,9777.6,977.76,2025,May,20,31940.16,9777.6
4/4/2026,SID010,Mehedi Hasan,INV2604104217,Prime Collection,Both,CUS00370,Online,Aftershave,COS019,Cosmetics,CAT002,800,48,38400,1920,36480,0,7296,1094.4,2026,April,4,36480,7296
1/14/2026,SID008,Sharmin Akter,INV2601104218,Style World,Female,CUS00141,Corporate,Luggage,ACC013,Accessories,CAT003,8000,51,408000,40800,367200,7344,0,11016,2026,January,14,359856,0
12/10/2025,SID001,Tanjina Sultana,INV2512104219,Modern Style,Both,CUS00161,Walk In,Men T-Shirt,APP001,Fashion Apparel,CAT001,750,51,38250,3825,34425,688.5,0,1032.75,2025,December,10,33736.5,0
1/11/2025,SID020,Tanvir Islam,INV2501104220,Elite Fashion,Female,CUS00117,Distributor,Lipstick,COS002,Cosmetics,CAT002,850,82,69700,2091,67609,0,0,2028.27,2025,January,11,67609,0
4/30/2025,SID006,Abdullah Al Mamun,INV2504104221,Fashion Hub Ltd,Female,CUS00153,Retail,Personal Lubricant,COS039,Cosmetics,CAT002,350,74,25900,1295,24605,1230.25,4921,738.15,2025,April,30,23374.75,4921
6/17/2026,SID016,Shakil Khan,INV2606104222,Trendy Boutique,Both,CUS00414,Online,Hair Mask,COS018,Cosmetics,CAT002,1100,24,26400,2640,23760,1188,0,712.8,2026,June,17,22572,0
7/31/2026,SID017,Bonna Akter,INV2607104223,Elite Fashion,Male,CUS00010,Corporate,Hair Straightener,COS035,Cosmetics,CAT002,3500,94,329000,32900,296100,5922,88830,8883,2026,July,31,290178,88830
6/28/2026,SID008,Bonna Akter,INV2606104224,Modern Style,Male,CUS00195,Distributor,Deodorant,HYG008,Hygiene Products,CAT004,450,67,30150,3015,27135,542.7,0,814.05,2026,June,28,26592.3,0
1/4/2025,SID016,Farzana Akter,INV2501104225,Apex Fashion,Female,CUST061,Corporate,Sunscreen,COS009,Cosmetics,CAT002,1150,64,73600,2208,71392,0,14278.4,2141.76,2025,January,4,71392,14278.4
12/27/2026,SID010,Siam Ahmed,INV2612104226,Star Fashion,Both,CUS00256,Online,Body Mist,COS037,Cosmetics,CAT002,450,27,12150,364.5,11785.5,0,2357.1,353.56,2026,December,27,11785.5,2357.1
8/14/2025,SID020,Tanjina Sultana,INV2508104227,Unique Collection,Male,CUS00338,Corporate,Compact Powder,COS008,Cosmetics,CAT002,800,71,56800,1704,55096,2754.8,11019.2,1652.88,2025,August,14,52341.2,11019.2
6/11/2026,SID009,Nusrat Jahan,INV2606104228,NextGen Fashion,Female,CUS00059,Distributor,Personal Lubricant,COS039,Cosmetics,CAT002,350,7,2450,245,2205,0,0,66.15,2026,June,11,2205,0
6/6/2026,SID001,Bonna Akter,INV2606104229,Cosmetics Plus,Male,CUS00010,Corporate,Personal Toys,COS041,Cosmetics,CAT002,1500,48,72000,0,72000,3600,21600,2160,2026,June,6,68400,21600
7/30/2026,SID020,Tanjina Sultana,INV2607104230,Royal Cosmetics,Both,CUS00174,Corporate,Women's Skirt,APP011,Fashion Apparel,CAT001,1500,80,120000,12000,108000,0,21600,3240,2026,July,30,108000,21600
5/26/2026,SID014,Rashedul Islam,INV2605104231,Classic Apparel,Female,CUST003,Walk In,Underarm Whitening Cream,COS024,Cosmetics,CAT002,500,21,10500,735,9765,0,2929.5,292.95,2026,May,26,9765,2929.5
8/20/2026,SID005,Rafiul Karim,INV2608104232,Classic Beauty,Both,CUST025,Corporate,Toothbrush,HYG006,Hygiene Products,CAT004,150,58,8700,870,7830,156.6,0,234.9,2026,August,20,7673.4,0
11/14/2026,SID011,Shuvo Das,INV2611104233,Moonlight Cosmetics,Male,CUS00001,Online,Body Lotion,COS004,Cosmetics,CAT002,650,59,38350,3835,34515,0,6903,1035.45,2026,November,14,34515,6903
11/4/2025,SID003,Mahmudul Hasan,INV2511104234,Classic Beauty,Both,CUST025,Corporate,Mouthwash,HYG007,Hygiene Products,CAT004,300,80,24000,1200,22800,456,0,684,2025,November,4,22344,0
7/29/2026,SID018,Tasnia Rahman,INV2607104235,Modern Style,Male,CUS00073,Walk In,Face Serum,COS014,Cosmetics,CAT002,1300,93,120900,6045,114855,5742.75,0,3445.65,2026,July,29,109112.25,0
2/22/2026,SID001,Rashedul Islam,INV2602104236,Cosmo House,Both,CUST055,Distributor,Men's Innerwear,APP016,Fashion Apparel,CAT001,700,32,22400,1120,21280,0,6384,638.4,2026,February,22,21280,6384
1/1/2025,SID002,Bonna Akter,INV2501104237,Chic Collection,Male,CUST050,Online,Men T-Shirt,APP001,Fashion Apparel,CAT001,750,32,24000,1200,22800,456,4560,684,2025,January,1,22344,4560
3/24/2025,SID012,Tasnia Rahman,INV2503104238,Urban Style,Both,CUS00420,Online,Mouthwash,HYG007,Hygiene Products,CAT004,300,73,21900,1533,20367,0,0,611.01,2025,March,24,20367,0
7/15/2025,SID005,Shuvo Das,INV2507104239,Fashion World,Male,CUS00151,Corporate,Perfume,COS003,Cosmetics,CAT002,2200,7,15400,0,15400,770,0,462,2025,July,15,14630,0
8/8/2026,SID020,Imran Hossain,INV2608104240,Modern Style,Female,CUS00353,Online,Bra & Panty Set,APP013,Fashion Apparel,CAT001,900,69,62100,1863,60237,0,0,1807.11,2026,August,8,60237,0
12/22/2025,SID013,Nayeem Hasan,INV2512104241,Smart Beauty,Female,CUS00069,Walk In,Umbrella,ACC014,Accessories,CAT003,1200,63,75600,7560,68040,1360.8,20412,2041.2,2025,December,22,66679.2,20412
12/26/2026,SID017,Arif Hossain,INV2612104242,Elite Fashion,Both,CUS00102,Retail,Women's Nightwear,APP014,Fashion Apparel,CAT001,800,99,79200,5544,73656,0,14731.2,2209.68,2026,December,26,73656,14731.2
3/20/2026,SID019,Samira Akter,INV2603104243,Smart Collection,Male,CUS00150,Distributor,Kids Dress,APP008,Fashion Apparel,CAT001,950,45,42750,1282.5,41467.5,2073.38,8293.5,1244.02,2026,March,20,39394.12,8293.5
12/12/2026,SID014,Sharmin Akter,INV2612104244,Glamour House,Both,CUS00255,Retail,Hand Sanitizer,HYG001,Hygiene Products,CAT004,250,77,19250,0,19250,385,5775,577.5,2026,December,12,18865,5775
7/8/2026,SID010,Abdullah Al Mamun,INV2607104245,Royal Style,Male,CUS00322,Corporate,Women's Leggings,APP012,Fashion Apparel,CAT001,1300,67,87100,6097,81003,4050.15,24300.9,2430.09,2026,July,8,76952.85,24300.9
7/19/2026,SID002,Samira Akter,INV2607104246,Dream Fashion,Both,CUS00273,Walk In,Body Oil,COS040,Cosmetics,CAT002,800,37,29600,2072,27528,0,0,825.84,2026,July,19,27528,0
10/8/2025,SID015,Nayeem Hasan,INV2510104247,Beauty Avenue,Female,CUST049,Distributor,Women's Kurti,APP004,Fashion Apparel,CAT001,1800,72,129600,9072,120528,0,0,3615.84,2025,October,8,120528,0
9/30/2025,SID014,Nayeem Hasan,INV2509104248,Premium Beauty,Male,CUS00419,Walk In,Hair Straightener,COS035,Cosmetics,CAT002,3500,37,129500,0,129500,0,25900,3885,2025,September,30,129500,25900
2/24/2025,SID013,Jannatul Ferdous,INV2502104249,Premium Beauty,Male,CUS00273,Retail,Belt,ACC003,Accessories,CAT003,800,54,43200,3024,40176,0,0,1205.28,2025,February,24,40176,0
2/7/2025,SID011,Shakil Khan,INV2502104250,Unique Collection,Both,CUS00111,Corporate,Hair Conditioner,COS032,Cosmetics,CAT002,750,91,68250,0,68250,3412.5,0,2047.5,2025,February,7,64837.5,0
10/14/2025,SID008,Shakil Khan,INV2510104251,Style World,Both,CUS00302,Online,Gloves,ACC008,Accessories,CAT003,600,83,49800,0,49800,2490,14940,1494,2025,October,14,47310,14940
4/29/2025,SID016,Shuvo Das,INV2504104252,Dream Fashion,Male,CUS00099,Corporate,Perfume,COS003,Cosmetics,CAT002,2200,81,178200,0,178200,0,35640,5346,2025,April,29,178200,35640
4/20/2026,SID001,Nusrat Jahan,INV2604104253,Global Apparel,Both,CUS00273,Corporate,Nail Polish,COS013,Cosmetics,CAT002,400,90,36000,1800,34200,1710,0,1026,2026,April,20,32490,0
5/16/2025,SID017,Rakib Hasan,INV2505104254,Nova Cosmetics,Female,CUS00199,Retail,Foot Care Cream,HYG014,Hygiene Products,CAT004,300,89,26700,1335,25365,507.3,0,760.95,2025,May,16,24857.7,0
5/25/2026,SID018,Jannatul Ferdous,INV2605104255,Urban Style,Male,CUS00315,Retail,Gloves,ACC008,Accessories,CAT003,600,39,23400,0,23400,0,7020,702,2026,May,25,23400,7020
9/2/2026,SID013,Sabbir Ahmed,INV2609104256,Fashion World,Female,CUS00361,Retail,Body Spray,COS011,Cosmetics,CAT002,500,74,37000,1110,35890,0,0,1076.7,2026,September,2,35890,0
1/9/2025,SID019,Siam Ahmed,INV2501104257,Fashion Avenue,Male,CUS00289,Corporate,Belt,ACC003,Accessories,CAT003,800,10,8000,560,7440,148.8,0,223.2,2025,January,9,7291.2,0
1/26/2025,SID018,Mehedi Hasan,INV2501104258,Pink Beauty,Female,CUS00345,Corporate,Underarm Whitening Cream,COS024,Cosmetics,CAT002,500,60,30000,1500,28500,1425,8550,855,2025,January,26,27075,8550
4/7/2026,SID019,Arif Hossain,INV2604104259,Perfect Beauty,Male,CUS00168,Retail,Hair Conditioner,COS032,Cosmetics,CAT002,750,12,9000,0,9000,0,1800,270,2026,April,7,9000,1800
7/14/2026,SID002,Tasnia Rahman,INV2607104260,Modern Style,Both,CUS00115,Distributor,Toothbrush,HYG006,Hygiene Products,CAT004,150,72,10800,324,10476,0,2095.2,314.28,2026,July,14,10476,2095.2
10/21/2026,SID007,Tasnia Rahman,INV2610104261,Beauty World,Male,CUST010,Distributor,Nail Polish,COS013,Cosmetics,CAT002,400,82,32800,0,32800,0,0,984,2026,October,21,32800,0
2/15/2025,SID001,Rafiul Karim,INV2502104262,Blue Sky Fashion,Both,CUST014,Online,Jewelry Set,ACC009,Accessories,CAT003,4500,17,76500,0,76500,0,0,2295,2025,February,15,76500,0
4/5/2026,SID005,Tasnia Rahman,INV2604104263,Signature Fashion,Both,CUS00227,Online,Hair Color,COS012,Cosmetics,CAT002,1500,10,15000,1050,13950,279,0,418.5,2026,April,5,13671,0
5/25/2026,SID013,Nusrat Jahan,INV2605104264,Bloom Cosmetics,Female,CUST027,Distributor,Body Mist,COS037,Cosmetics,CAT002,450,64,28800,2016,26784,1339.2,8035.2,803.52,2026,May,25,25444.8,8035.2
6/27/2026,SID008,Shuvo Das,INV2606104265,Chic Collection,Male,CUST050,Online,Backpack,ACC012,Accessories,CAT003,3000,24,72000,7200,64800,3240,0,1944,2026,June,27,61560,0
1/30/2025,SID010,Tasnia Rahman,INV2501104266,Dream Fashion,Both,CUS00045,Online,Body Spray,COS011,Cosmetics,CAT002,500,93,46500,3255,43245,864.9,8649,1297.35,2025,January,30,42380.1,8649
7/12/2025,SID010,Sharmin Akter,INV2507104267,Beauty Point,Female,CUST066,Corporate,Hoodie,APP009,Fashion Apparel,CAT001,2500,36,90000,6300,83700,4185,16740,2511,2025,July,12,79515,16740
11/27/2026,SID013,Shakil Khan,INV2611104268,Unique Collection,Female,CUS00380,Online,Nail Polish,COS013,Cosmetics,CAT002,400,17,6800,340,6460,129.2,1938,193.8,2026,November,27,6330.8,1938
5/21/2025,SID015,Nayeem Hasan,INV2505104269,Rainbow Apparel,Female,CUS00193,Distributor,Men Jeans,APP003,Fashion Apparel,CAT001,2200,99,217800,21780,196020,9801,0,5880.6,2025,May,21,186219,0
6/29/2025,SID013,Mim Akter,INV2506104270,Crystal Cosmetics,Male,CUS00389,Online,Women's Saree,APP005,Fashion Apparel,CAT001,3200,81,259200,12960,246240,4924.8,0,7387.2,2025,June,29,241315.2,0
10/29/2025,SID009,Jannatul Ferdous,INV2510104271,Luxury Apparel,Both,CUS00393,Corporate,Makeup Kit,COS034,Cosmetics,CAT002,2500,74,185000,18500,166500,8325,49950,4995,2025,October,29,158175,49950
1/26/2026,SID001,Sharmin Akter,INV2601104272,Elegant Choice,Both,CUS00456,Distributor,Hoodie,APP009,Fashion Apparel,CAT001,2500,92,230000,23000,207000,4140,0,6210,2026,January,26,202860,0
11/29/2026,SID002,Abdullah Al Mamun,INV2611104273,Rainbow Apparel,Male,CUS00332,Online,Body Lotion,COS004,Cosmetics,CAT002,650,96,62400,6240,56160,1123.2,16848,1684.8,2026,November,29,55036.8,16848
9/13/2026,SID007,Farzana Akter,INV2609104274,Beauty Avenue,Female,CUST049,Distributor,Sanitary Napkins,HYG004,Hygiene Products,CAT004,350,69,24150,1207.5,22942.5,458.85,0,688.27,2026,September,13,22483.65,0
5/14/2025,SID004,Abdullah Al Mamun,INV2505104275,Diamond Cosmetics,Female,CUS00448,Corporate,Belt,ACC003,Accessories,CAT003,800,35,28000,1400,26600,1330,0,798,2025,May,14,25270,0
5/3/2026,SID007,Tanvir Islam,INV2605104276,Golden Fashion,Female,CUS00300,Retail,Lipstick,COS002,Cosmetics,CAT002,850,68,57800,0,57800,2890,0,1734,2026,May,3,54910,0
6/8/2025,SID006,Nayeem Hasan,INV2506104277,Smart Beauty,Both,CUS00469,Distributor,Condom,COS036,Cosmetics,CAT002,300,23,6900,0,6900,345,2070,207,2025,June,8,6555,2070
5/2/2026,SID010,Shuvo Das,INV2605104278,Classic Beauty,Both,CUST025,Corporate,Shaving Cream,HYG009,Hygiene Products,CAT004,350,73,25550,1277.5,24272.5,485.45,0,728.17,2026,May,2,23787.05,0
2/24/2026,SID007,Rakib Hasan,INV2602104279,Trendy Shop,Female,CUS00094,Online,Shaving Cream,COS021,Cosmetics,CAT002,350,76,26600,798,25802,516.04,0,774.06,2026,February,24,25285.96,0
12/28/2025,SID009,Nayeem Hasan,INV2512104280,Chic Collection,Male,CUST050,Online,Women's Top,APP006,Fashion Apparel,CAT001,1200,25,30000,1500,28500,1425,0,855,2025,December,28,27075,0
3/8/2025,SID006,Tanvir Islam,INV2503104281,Cosmetics Plus,Both,CUS00255,Distributor,Face Mask,COS020,Cosmetics,CAT002,600,20,12000,1200,10800,216,3240,324,2025,March,8,10584,3240
6/28/2025,SID020,Bonna Akter,INV2506104282,Fashion Point,Both,CUS00319,Retail,Face Wash,COS001,Cosmetics,CAT002,450,38,17100,0,17100,0,5130,513,2025,June,28,17100,5130
10/21/2025,SID018,Sharmin Akter,INV2510104283,Royal Cosmetics,Both,CUS00187,Online,Face Serum,COS014,Cosmetics,CAT002,1300,91,118300,3549,114751,5737.55,22950.2,3442.53,2025,October,21,109013.45,22950.2
9/24/2025,SID012,Mim Akter,INV2509104284,Elegant Choice,Both,CUS00053,Walk In,Sunglasses,ACC004,Accessories,CAT003,1500,51,76500,0,76500,1530,22950,2295,2025,September,24,74970,22950
8/11/2026,SID007,Tanjina Sultana,INV2608104285,Glow & Shine,Female,CUS00162,Distributor,Hair Dryer,COS038,Cosmetics,CAT002,4000,82,328000,32800,295200,5904,59040,8856,2026,August,11,289296,59040
7/28/2026,SID005,Tanjina Sultana,INV2607104286,Elite Collection,Both,CUS00139,Online,Body Oil,COS040,Cosmetics,CAT002,800,66,52800,3696,49104,982.08,9820.8,1473.12,2026,July,28,48121.92,9820.8
5/24/2025,SID010,Nayeem Hasan,INV2505104287,Fashion Hub Ltd,Both,CUS00455,Distributor,Hair Accessories,ACC010,Accessories,CAT003,400,16,6400,640,5760,288,0,172.8,2025,May,24,5472,0
9/4/2026,SID011,Sadia Afrin,INV2609104288,Urban Trends,Both,CUS00057,Online,Hair Mask,COS018,Cosmetics,CAT002,1100,86,94600,9460,85140,1702.8,17028,2554.2,2026,September,4,83437.2,17028
8/5/2026,SID010,Mim Akter,INV2608104289,Prime Collection,Male,CUS00245,Corporate,Women's Skirt,APP011,Fashion Apparel,CAT001,1500,87,130500,6525,123975,2479.5,37192.5,3719.25,2026,August,5,121495.5,37192.5
11/7/2025,SID019,Sadia Afrin,INV2511104290,Smart Beauty,Female,CUS00376,Distributor,Kids T-Shirt,APP007,Fashion Apparel,CAT001,650,15,9750,487.5,9262.5,0,0,277.88,2025,November,7,9262.5,0
9/14/2025,SID013,Siam Ahmed,INV2509104291,Smart Collection,Male,CUS00198,Walk In,Hair Conditioner,COS032,Cosmetics,CAT002,750,54,40500,0,40500,810,8100,1215,2025,September,14,39690,8100
2/28/2025,SID004,Mahmudul Hasan,INV2502104292,Fashion Hub Ltd,Both,CUS00217,Walk In,Makeup Kit,COS034,Cosmetics,CAT002,2500,60,150000,15000,135000,0,0,4050,2025,February,28,135000,0
7/12/2026,SID011,Samira Akter,INV2607104293,Urban Avenue,Male,CUS00460,Distributor,Jewelry Set,ACC009,Accessories,CAT003,4500,97,436500,30555,405945,8118.9,121783.5,12178.35,2026,July,12,397826.1,121783.5
4/17/2025,SID017,Rashedul Islam,INV2504104294,Diamond Cosmetics,Both,CUS00498,Walk In,Sunglasses,ACC004,Accessories,CAT003,1500,68,102000,0,102000,0,30600,3060,2025,April,17,102000,30600
4/24/2026,SID011,Rakib Hasan,INV2604104295,Elite Fashion,Female,CUS00116,Walk In,Scarf,ACC006,Accessories,CAT003,900,84,75600,3780,71820,0,21546,2154.6,2026,April,24,71820,21546
3/21/2026,SID014,Mahmudul Hasan,INV2603104296,Elite Fashion,Female,CUS00040,Retail,Women's Kurti,APP004,Fashion Apparel,CAT001,1800,50,90000,6300,83700,4185,25110,2511,2026,March,21,79515,25110
9/11/2025,SID003,Arif Hossain,INV2509104297,Beauty World,Male,CUST010,Distributor,Body Mist,COS037,Cosmetics,CAT002,450,96,43200,2160,41040,0,0,1231.2,2025,September,11,41040,0
6/2/2025,SID017,Mahmudul Hasan,INV2506104298,Modern Style,Male,CUS00320,Walk In,Face Serum,COS014,Cosmetics,CAT002,1300,73,94900,4745,90155,4507.75,27046.5,2704.65,2025,June,2,85647.25,27046.5
5/15/2026,SID012,Jannatul Ferdous,INV2605104299,Cosmetics World,Both,CUS00499,Walk In,Mouthwash,HYG007,Hygiene Products,CAT004,300,26,7800,0,7800,156,1560,234,2026,May,15,7644,1560
2/4/2025,SID008,Siam Ahmed,INV2502104300,Luxury Apparel,Male,CUS00274,Online,Belt,ACC003,Accessories,CAT003,800,82,65600,6560,59040,0,17712,1771.2,2025,February,4,59040,17712
12/12/2025,SID010,Tanvir Islam,INV2512104301,Fashion Avenue,Female,CUS00197,Corporate,Foot Care Cream,HYG014,Hygiene Products,CAT004,300,26,7800,0,7800,390,0,234,2025,December,12,7410,0
7/8/2026,SID014,Shakil Khan,INV2607104302,Fashion World,Female,CUS00309,Retail,Body Scrub,COS026,Cosmetics,CAT002,650,19,12350,0,12350,0,0,370.5,2026,July,8,12350,0
12/6/2026,SID012,Imran Hossain,INV2612104303,Prime Collection,Female,CUS00467,Corporate,Hair Straightener,COS035,Cosmetics,CAT002,3500,91,318500,31850,286650,14332.5,0,8599.5,2026,December,6,272317.5,0
12/1/2025,SID008,Tasnia Rahman,INV2512104304,Fashion Central,Both,CUS00395,Retail,Mouthwash,HYG007,Hygiene Products,CAT004,300,61,18300,549,17751,0,0,532.53,2025,December,1,17751,0
2/18/2026,SID008,Arif Hossain,INV2602104305,Elegant Boutique,Male,CUS00480,Online,Hand Sanitizer,HYG001,Hygiene Products,CAT004,250,10,2500,250,2250,45,0,67.5,2026,February,18,2205,0
6/3/2025,SID004,Tanvir Islam,INV2506104306,Apex Fashion,Female,CUST061,Corporate,Jewelry Set,ACC009,Accessories,CAT003,4500,12,54000,2700,51300,1026,0,1539,2025,June,3,50274,0
7/23/2025,SID011,Sabbir Ahmed,INV2507104307,Elite Collection,Male,CUS00351,Online,Hand Sanitizer,HYG001,Hygiene Products,CAT004,250,88,22000,1100,20900,0,6270,627,2025,July,23,20900,6270
7/28/2026,SID008,Rafiul Karim,INV2607104308,Style Corner,Male,CUS00010,Corporate,Hair Mask,COS018,Cosmetics,CAT002,1100,27,29700,0,29700,594,8910,891,2026,July,28,29106,8910
8/24/2025,SID019,Bonna Akter,INV2508104309,Smart Collection,Both,CUS00387,Corporate,Shampoo,COS005,Cosmetics,CAT002,700,88,61600,4312,57288,1145.76,0,1718.64,2025,August,24,56142.24,0
12/9/2025,SID003,Farzana Akter,INV2512104310,Trendy Shop,Female,CUS00188,Corporate,Face Mask,HYG002,Hygiene Products,CAT004,150,26,3900,195,3705,74.1,0,111.15,2025,December,9,3630.9,0
12/28/2026,SID006,Sabbir Ahmed,INV2612104311,Shine Collection,Female,CUS00120,Walk In,Deodorant,HYG008,Hygiene Products,CAT004,450,10,4500,450,4050,0,1215,121.5,2026,December,28,4050,1215
6/4/2025,SID003,Arif Hossain,INV2506104312,Elegant Choice,Male,CUS00326,Corporate,Scarf,ACC006,Accessories,CAT003,900,8,7200,216,6984,349.2,0,209.52,2025,June,4,6634.8,0
7/10/2026,SID008,Rakib Hasan,INV2607104313,Chic Collection,Male,CUST050,Online,Toothbrush,HYG006,Hygiene Products,CAT004,150,23,3450,103.5,3346.5,167.33,1003.95,100.39,2026,July,10,3179.17,1003.95
7/12/2026,SID002,Rafiul Karim,INV2607104314,Dream Fashion,Both,CUS00468,Walk In,Women's Skirt,APP011,Fashion Apparel,CAT001,1500,63,94500,0,94500,0,28350,2835,2026,July,12,94500,28350
10/5/2026,SID002,Shakil Khan,INV2610104315,Crystal Cosmetics,Female,CUS00085,Retail,Face Mask,COS020,Cosmetics,CAT002,600,75,45000,1350,43650,873,13095,1309.5,2026,October,5,42777,13095
6/17/2026,SID018,Sadia Afrin,INV2606104316,Wonder Collection,Male,CUS00305,Distributor,Umbrella,ACC014,Accessories,CAT003,1200,61,73200,5124,68076,3403.8,13615.2,2042.28,2026,June,17,64672.2,13615.2
8/21/2026,SID019,Mahmudul Hasan,INV2608104317,Fashion Express,Both,CUS00432,Corporate,Foot Care Cream,HYG014,Hygiene Products,CAT004,300,21,6300,630,5670,283.5,1701,170.1,2026,August,21,5386.5,1701
6/2/2025,SID004,Tanjina Sultana,INV2506104318,Cosmetics Central,Female,CUST058,Distributor,Luggage,ACC013,Accessories,CAT003,8000,15,120000,6000,114000,2280,0,3420,2025,June,2,111720,0
1/22/2025,SID013,Imran Hossain,INV2501104319,Blue Sky Fashion,Both,CUST014,Online,Scarf,ACC006,Accessories,CAT003,900,100,90000,9000,81000,4050,16200,2430,2025,January,22,76950,16200
4/3/2025,SID009,Sadia Afrin,INV2504104320,New Era Fashion,Female,CUS00106,Corporate,Body Mist,COS037,Cosmetics,CAT002,450,95,42750,2137.5,40612.5,2030.62,12183.75,1218.38,2025,April,3,38581.88,12183.75
5/26/2025,SID005,Sadia Afrin,INV2505104321,Bloom Cosmetics,Female,CUST027,Distributor,Personal Toys,COS041,Cosmetics,CAT002,1500,61,91500,9150,82350,4117.5,24705,2470.5,2025,May,26,78232.5,24705
12/27/2026,SID017,Nayeem Hasan,INV2612104322,Dream Fashion,Female,CUS00373,Retail,Men T-Shirt,APP001,Fashion Apparel,CAT001,750,63,47250,1417.5,45832.5,0,13749.75,1374.97,2026,December,27,45832.5,13749.75
6/3/2025,SID017,Samira Akter,INV2506104323,Beauty Express,Male,CUST002,Online,Women's Saree,APP005,Fashion Apparel,CAT001,3200,25,80000,8000,72000,1440,0,2160,2025,June,3,70560,0
4/2/2026,SID015,Tanjina Sultana,INV2604104324,Golden Fashion,Both,CUS00201,Distributor,Body Oil,COS040,Cosmetics,CAT002,800,51,40800,0,40800,2040,8160,1224,2026,April,2,38760,8160
3/2/2025,SID005,Farzana Akter,INV2503104325,Style Corner,Female,CUS00183,Retail,Baby Wipes,HYG011,Hygiene Products,CAT004,250,26,6500,650,5850,0,1755,175.5,2025,March,2,5850,1755
9/16/2026,SID007,Imran Hossain,INV2609104326,Cosmetics Plus,Both,CUS00468,Corporate,Compact Powder,COS008,Cosmetics,CAT002,800,85,68000,3400,64600,3230,0,1938,2026,September,16,61370,0
4/23/2026,SID019,Tanjina Sultana,INV2604104327,Fashion Gallery,Female,CUS00079,Corporate,Body Lotion,COS004,Cosmetics,CAT002,650,23,14950,448.5,14501.5,725.08,0,435.04,2026,April,23,13776.42,0
8/3/2026,SID019,Nayeem Hasan,INV2608104328,Moonlight Cosmetics,Both,CUS00283,Corporate,Hair Spray,COS029,Cosmetics,CAT002,450,33,14850,742.5,14107.5,705.38,0,423.22,2026,August,3,13402.12,0
5/11/2025,SID016,Nayeem Hasan,INV2505104329,Elite Collection,Both,CUS00001,Distributor,Men Jeans,APP003,Fashion Apparel,CAT001,2200,49,107800,0,107800,2156,21560,3234,2025,May,11,105644,21560
6/8/2025,SID004,Arif Hossain,INV2506104330,Cosmetics Central,Female,CUST058,Distributor,Hair Gel,COS028,Cosmetics,CAT002,400,74,29600,2072,27528,1376.4,5505.6,825.84,2025,June,8,26151.6,5505.6
8/3/2026,SID018,Farzana Akter,INV2608104331,Apex Fashion,Female,CUST061,Retail,Body Wash,COS030,Cosmetics,CAT002,600,83,49800,3486,46314,0,9262.8,1389.42,2026,August,3,46314,9262.8
3/22/2025,SID006,Tasnia Rahman,INV2503104332,Moonlight Cosmetics,Both,CUS00246,Walk In,Face Wash,COS001,Cosmetics,CAT002,450,85,38250,1147.5,37102.5,0,11130.75,1113.08,2025,March,22,37102.5,11130.75
5/18/2025,SID002,Jannatul Ferdous,INV2505104333,Star Fashion,Male,CUS00499,Walk In,Women's Saree,APP005,Fashion Apparel,CAT001,3200,75,240000,7200,232800,4656,0,6984,2025,May,18,228144,0
2/15/2025,SID008,Arif Hossain,INV2502104334,Glow & Shine,Female,CUS00274,Walk In,Feminine Wash,COS022,Cosmetics,CAT002,400,72,28800,2880,25920,518.4,7776,777.6,2025,February,15,25401.6,7776
4/10/2026,SID018,Sharmin Akter,INV2604104335,Golden Fashion,Female,CUS00430,Distributor,Body Oil,COS040,Cosmetics,CAT002,800,98,78400,0,78400,1568,15680,2352,2026,April,10,76832,15680
5/21/2025,SID018,Arif Hossain,INV2505104336,Fresh Look,Male,CUS00475,Walk In,Perfume,COS003,Cosmetics,CAT002,2200,83,182600,5478,177122,0,53136.6,5313.66,2025,May,21,177122,53136.6
7/18/2026,SID010,Farzana Akter,INV2607104337,Infinity Style,Female,CUS00322,Distributor,Deodorant,COS016,Cosmetics,CAT002,450,80,36000,1800,34200,1710,6840,1026,2026,July,18,32490,6840
8/4/2026,SID014,Tanjina Sultana,INV2608104338,Apex Fashion,Female,CUST061,Retail,Hair Spray,COS029,Cosmetics,CAT002,450,67,30150,904.5,29245.5,1462.28,5849.1,877.37,2026,August,4,27783.22,5849.1
4/16/2025,SID002,Rashedul Islam,INV2504104339,Glamour House,Both,CUS00142,Retail,Feminine Wash,COS022,Cosmetics,CAT002,400,20,8000,400,7600,0,2280,228,2025,April,16,7600,2280
8/5/2026,SID003,Shuvo Das,INV2608104340,Infinity Style,Both,CUS00249,Walk In,Hair Serum,COS006,Cosmetics,CAT002,1200,80,96000,4800,91200,4560,0,2736,2026,August,5,86640,0
8/12/2025,SID006,Sharmin Akter,INV2508104341,Signature Fashion,Female,CUS00356,Corporate,Scarf,ACC006,Accessories,CAT003,900,41,36900,1845,35055,0,0,1051.65,2025,August,12,35055,0
6/20/2026,SID006,Tanvir Islam,INV2606104342,Urban Style,Female,CUS00044,Retail,Toothbrush,HYG006,Hygiene Products,CAT004,150,11,1650,165,1485,29.7,0,44.55,2026,June,20,1455.3,0
7/24/2026,SID011,Shakil Khan,INV2607104343,Glow & Shine,Male,CUS00025,Retail,Mouthwash,HYG007,Hygiene Products,CAT004,300,89,26700,801,25899,517.98,0,776.97,2026,July,24,25381.02,0
3/29/2026,SID012,Samira Akter,INV2603104344,Lily Boutique,Male,CUS00296,Distributor,Foot Care Cream,COS023,Cosmetics,CAT002,300,99,29700,891,28809,576.18,0,864.27,2026,March,29,28232.82,0
10/18/2025,SID015,Rafiul Karim,INV2510104345,Classic Apparel,Female,CUST003,Walk In,Women's Skirt,APP011,Fashion Apparel,CAT001,1500,22,33000,1650,31350,627,9405,940.5,2025,October,18,30723,9405
2/2/2026,SID011,Sabbir Ahmed,INV2602104346,Glamour House,Male,CUS00372,Distributor,Lipstick,COS002,Cosmetics,CAT002,850,65,55250,2762.5,52487.5,0,0,1574.62,2026,February,2,52487.5,0
10/19/2025,SID005,Sadia Afrin,INV2510104347,Elite Collection,Both,CUS00356,Retail,Underarm Whitening Cream,COS024,Cosmetics,CAT002,500,34,17000,510,16490,329.8,3298,494.7,2025,October,19,16160.2,3298
1/20/2026,SID017,Imran Hossain,INV2601104348,Fresh Look,Male,CUS00232,Retail,Hair Straightener,COS035,Cosmetics,CAT002,3500,41,143500,7175,136325,6816.25,0,4089.75,2026,January,20,129508.75,0
3/6/2026,SID006,Arif Hossain,INV2603104349,Smart Beauty,Both,CUS00181,Retail,Personal Lubricant,COS039,Cosmetics,CAT002,350,93,32550,3255,29295,0,5859,878.85,2026,March,6,29295,5859
4/9/2026,SID013,Abdullah Al Mamun,INV2604104350,Urban Style,Male,CUS00343,Distributor,Face Cream,COS007,Cosmetics,CAT002,950,73,69350,0,69350,1387,0,2080.5,2026,April,9,67963,0
5/29/2025,SID009,Arif Hossain,INV2505104351,Glamour Point,Both,CUS00330,Online,Hair Straightener,COS035,Cosmetics,CAT002,3500,40,140000,7000,133000,6650,39900,3990,2025,May,29,126350,39900
12/23/2025,SID019,Rafiul Karim,INV2512104352,Cosmetics World,Female,CUS00356,Online,Foot Care Cream,HYG014,Hygiene Products,CAT004,300,71,21300,1491,19809,396.18,3961.8,594.27,2025,December,23,19412.82,3961.8
10/9/2025,SID015,Farzana Akter,INV2510104353,Modern Style,Both,CUS00152,Retail,Makeup Remover,COS015,Cosmetics,CAT002,550,87,47850,0,47850,0,9570,1435.5,2025,October,9,47850,9570
3/27/2026,SID002,Jannatul Ferdous,INV2603104354,Premium Beauty,Male,CUS00342,Walk In,Feminine Wash,HYG010,Hygiene Products,CAT004,400,37,14800,740,14060,0,4218,421.8,2026,March,27,14060,4218
5/6/2026,SID007,Shuvo Das,INV2605104355,Apex Fashion,Female,CUST061,Retail,Women's Nightwear,APP014,Fashion Apparel,CAT001,800,61,48800,3416,45384,0,9076.8,1361.52,2026,May,6,45384,9076.8
4/20/2026,SID017,Imran Hossain,INV2604104356,Urban Style,Male,CUS00451,Walk In,Men T-Shirt,APP001,Fashion Apparel,CAT001,750,22,16500,0,16500,330,4950,495,2026,April,20,16170,4950
10/22/2025,SID008,Samira Akter,INV2510104357,NextGen Fashion,Male,CUS00252,Distributor,Jewelry Set,ACC009,Accessories,CAT003,4500,63,283500,14175,269325,0,53865,8079.75,2025,October,22,269325,53865
9/7/2025,SID004,Arif Hossain,INV2509104358,Prime Collection,Male,CUS00066,Walk In,Women's Nightwear,APP014,Fashion Apparel,CAT001,800,56,44800,0,44800,2240,13440,1344,2025,September,7,42560,13440
8/27/2026,SID011,Bonna Akter,INV2608104359,Urban Style,Male,CUS00144,Corporate,Umbrella,ACC014,Accessories,CAT003,1200,5,6000,600,5400,108,1620,162,2026,August,27,5292,1620
7/27/2026,SID013,Siam Ahmed,INV2607104360,Beauty Point,Female,CUST066,Corporate,Feminine Wash,HYG010,Hygiene Products,CAT004,400,13,5200,364,4836,241.8,0,145.08,2026,July,27,4594.2,0
5/4/2025,SID014,Bonna Akter,INV2505104361,Trendy Shop,Both,CUS00241,Corporate,Face Serum,COS014,Cosmetics,CAT002,1300,20,26000,2600,23400,1170,0,702,2025,May,4,22230,0
1/16/2026,SID004,Mim Akter,INV2601104362,Wonder Collection,Male,CUS00036,Walk In,Baby Wipes,HYG011,Hygiene Products,CAT004,250,41,10250,717.5,9532.5,476.62,0,285.97,2026,January,16,9055.88,0
7/21/2025,SID003,Tanvir Islam,INV2507104363,Smart Collection,Female,CUS00295,Online,Jacket,APP010,Fashion Apparel,CAT001,3800,7,26600,1862,24738,494.76,7421.4,742.14,2025,July,21,24243.24,7421.4
3/24/2026,SID011,Shakil Khan,INV2603104364,Iconic Fashion,Both,CUS00198,Online,Face Serum,COS014,Cosmetics,CAT002,1300,73,94900,4745,90155,0,27046.5,2704.65,2026,March,24,90155,27046.5
5/16/2026,SID005,Mehedi Hasan,INV2605104365,Wonder Collection,Both,CUS00006,Distributor,Diapers,HYG012,Hygiene Products,CAT004,800,52,41600,4160,37440,1872,0,1123.2,2026,May,16,35568,0
5/15/2026,SID011,Tanvir Islam,INV2605104366,Perfect Beauty,Male,CUS00377,Retail,Gloves,ACC008,Accessories,CAT003,600,52,31200,0,31200,624,0,936,2026,May,15,30576,0
3/2/2025,SID016,Rafiul Karim,INV2503104367,Trendy Boutique,Both,CUS00331,Corporate,Personal Lubricant,COS039,Cosmetics,CAT002,350,97,33950,3395,30555,0,6111,916.65,2025,March,2,30555,6111
12/8/2026,SID013,Tanjina Sultana,INV2612104368,Glow & Shine,Male,CUS00432,Online,Footwear,ACC011,Accessories,CAT003,2500,51,127500,0,127500,0,38250,3825,2026,December,8,127500,38250
8/31/2026,SID003,Abdullah Al Mamun,INV2608104369,Fashion Hub Ltd,Male,CUS00463,Online,Bra & Panty Set,APP013,Fashion Apparel,CAT001,900,75,67500,0,67500,1350,20250,2025,2026,August,31,66150,20250
9/28/2026,SID007,Nusrat Jahan,INV2609104370,Apex Fashion,Female,CUST061,Walk In,Women's Saree,APP005,Fashion Apparel,CAT001,3200,8,25600,1792,23808,0,7142.4,714.24,2026,September,28,23808,7142.4
4/21/2025,SID009,Tasnia Rahman,INV2504104371,Urban Avenue,Female,CUS00263,Online,Hair Color,COS012,Cosmetics,CAT002,1500,50,75000,0,75000,1500,0,2250,2025,April,21,73500,0
2/25/2025,SID009,Sadia Afrin,INV2502104372,Cosmetics Central,Female,CUST058,Distributor,Perfume,COS003,Cosmetics,CAT002,2200,89,195800,13706,182094,0,36418.8,5462.82,2025,February,25,182094,36418.8
6/21/2025,SID008,Rakib Hasan,INV2506104373,Elegant Choice,Male,CUS00122,Retail,Keychain,ACC015,Accessories,CAT003,300,65,19500,1365,18135,0,5440.5,544.05,2025,June,21,18135,5440.5
4/14/2025,SID003,Tanvir Islam,INV2504104374,Royal Style,Male,CUS00233,Corporate,Women's Nightwear,APP014,Fashion Apparel,CAT001,800,100,80000,4000,76000,0,15200,2280,2025,April,14,76000,15200
7/23/2026,SID007,Mim Akter,INV2607104375,Urban Style,Male,CUS00274,Online,Underarm Whitening Cream,HYG015,Hygiene Products,CAT004,500,10,5000,500,4500,0,900,135,2026,July,23,4500,900
8/29/2025,SID008,Mehedi Hasan,INV2508104376,Diamond Cosmetics,Both,CUS00418,Corporate,Men Shirt,APP017,Fashion Apparel,CAT001,1600,31,49600,3472,46128,0,0,1383.84,2025,August,29,46128,0
6/17/2025,SID003,Imran Hossain,INV2506104377,Blue Sky Fashion,Both,CUST014,Online,Face Cream,COS007,Cosmetics,CAT002,950,99,94050,6583.5,87466.5,1749.33,0,2623.99,2025,June,17,85717.17,0
11/18/2025,SID009,Tanvir Islam,INV2511104378,Classic Apparel,Female,CUST003,Walk In,Shampoo,COS005,Cosmetics,CAT002,700,27,18900,1323,17577,878.85,5273.1,527.31,2025,November,18,16698.15,5273.1
1/30/2025,SID001,Abdullah Al Mamun,INV2501104379,Blue Sky Fashion,Both,CUST014,Online,Women's Kurti,APP004,Fashion Apparel,CAT001,1800,20,36000,1080,34920,0,0,1047.6,2025,January,30,34920,0
12/23/2025,SID019,Sadia Afrin,INV2512104380,Fresh Look,Both,CUS00027,Corporate,Makeup Kit,COS034,Cosmetics,CAT002,2500,68,170000,5100,164900,0,49470,4947,2025,December,23,164900,49470
9/30/2026,SID016,Arif Hossain,INV2609104381,Shine Collection,Both,CUS00157,Retail,Feminine Wash,HYG010,Hygiene Products,CAT004,400,78,31200,1560,29640,0,0,889.2,2026,September,30,29640,0
12/6/2026,SID004,Rafiul Karim,INV2612104382,Trendy Boutique,Both,CUS00431,Walk In,Watch,ACC005,Accessories,CAT003,5000,26,130000,13000,117000,2340,23400,3510,2026,December,6,114660,23400
6/22/2025,SID016,Nusrat Jahan,INV2506104383,Moonlight Cosmetics,Female,CUS00307,Retail,Men's Innerwear,APP016,Fashion Apparel,CAT001,700,53,37100,2597,34503,1725.15,10350.9,1035.09,2025,June,22,32777.85,10350.9
3/10/2026,SID014,Mim Akter,INV2603104384,Cosmetics World,Both,CUS00239,Corporate,Belt,ACC003,Accessories,CAT003,800,95,76000,5320,70680,1413.6,21204,2120.4,2026,March,10,69266.4,21204
10/22/2026,SID018,Mim Akter,INV2610104385,Beauty Point,Female,CUST066,Corporate,Jewelry Set,ACC009,Accessories,CAT003,4500,55,247500,17325,230175,4603.5,0,6905.25,2026,October,22,225571.5,0
9/29/2025,SID018,Abdullah Al Mamun,INV2509104386,Wonder Collection,Male,CUS00110,Online,Men's Nightwear,APP015,Fashion Apparel,CAT001,850,16,13600,1360,12240,0,3672,367.2,2025,September,29,12240,3672
2/23/2025,SID014,Imran Hossain,INV2502104387,Royal Cosmetics,Both,CUS00360,Corporate,Face Toner,COS033,Cosmetics,CAT002,500,29,14500,1450,13050,652.5,0,391.5,2025,February,23,12397.5,0
2/24/2025,SID009,Nusrat Jahan,INV2502104388,Fashion Hub Ltd,Both,CUS00465,Distributor,Women's Saree,APP005,Fashion Apparel,CAT001,3200,23,73600,2208,71392,0,0,2141.76,2025,February,24,71392,0
5/10/2025,SID008,Rafiul Karim,INV2505104389,Golden Fashion,Male,CUS00013,Distributor,Feminine Wash,COS022,Cosmetics,CAT002,400,37,14800,1480,13320,0,2664,399.6,2025,May,10,13320,2664
12/10/2025,SID020,Imran Hossain,INV2512104390,Style Corner,Male,CUS00327,Retail,Hair Gel,COS028,Cosmetics,CAT002,400,100,40000,0,40000,2000,8000,1200,2025,December,10,38000,8000
10/22/2026,SID020,Tanvir Islam,INV2610104391,Fashion Hub Ltd,Female,CUS00371,Online,Toothpaste,HYG005,Hygiene Products,CAT004,200,48,9600,672,8928,0,1785.6,267.84,2026,October,22,8928,1785.6
5/15/2025,SID010,Jannatul Ferdous,INV2505104392,Pink Beauty,Male,CUS00119,Walk In,Men T-Shirt,APP001,Fashion Apparel,CAT001,750,31,23250,0,23250,1162.5,6975,697.5,2025,May,15,22087.5,6975
8/10/2026,SID020,Tanjina Sultana,INV2608104393,Smart Beauty,Male,CUS00119,Walk In,Body Butter,COS017,Cosmetics,CAT002,700,98,68600,3430,65170,0,19551,1955.1,2026,August,10,65170,19551
9/8/2026,SID007,Shuvo Das,INV2609104394,Premium Beauty,Both,CUS00486,Walk In,Deodorant,HYG008,Hygiene Products,CAT004,450,39,17550,526.5,17023.5,851.18,5107.05,510.7,2026,September,8,16172.32,5107.05
11/10/2026,SID007,Imran Hossain,INV2611104395,New Era Fashion,Female,CUS00100,Corporate,Face Cream,COS007,Cosmetics,CAT002,950,59,56050,3923.5,52126.5,2606.33,0,1563.79,2026,November,10,49520.17,0
10/17/2026,SID005,Samira Akter,INV2610104396,Global Apparel,Both,CUS00466,Online,Body Lotion,COS004,Cosmetics,CAT002,650,41,26650,0,26650,1332.5,7995,799.5,2026,October,17,25317.5,7995
4/19/2026,SID006,Mahmudul Hasan,INV2604104397,Cosmetics Central,Female,CUST058,Distributor,Body Oil,COS040,Cosmetics,CAT002,800,26,20800,2080,18720,936,0,561.6,2026,April,19,17784,0
1/12/2026,SID009,Tanjina Sultana,INV2601104398,Pink Beauty,Male,CUS00402,Corporate,Hair Mask,COS018,Cosmetics,CAT002,1100,71,78100,7810,70290,1405.8,21087,2108.7,2026,January,12,68884.2,21087
5/4/2026,SID008,Arif Hossain,INV2605104399,Wonder Collection,Female,CUS00218,Corporate,Sanitary Napkins,HYG004,Hygiene Products,CAT004,350,34,11900,1190,10710,0,2142,321.3,2026,May,4,10710,2142
9/10/2026,SID009,Mim Akter,INV2609104400,Beauty World,Male,CUST010,Distributor,Perfume,COS003,Cosmetics,CAT002,2200,9,19800,1980,17820,356.4,0,534.6,2026,September,10,17463.6,0
9/29/2025,SID012,Bonna Akter,INV2509104401,Moonlight Cosmetics,Female,CUS00091,Retail,Hat,ACC007,Accessories,CAT003,700,87,60900,1827,59073,0,11814.6,1772.19,2025,September,29,59073,11814.6
2/22/2026,SID005,Tasnia Rahman,INV2602104402,Lily Boutique,Male,CUS00112,Walk In,Lipstick,COS002,Cosmetics,CAT002,850,37,31450,0,31450,1572.5,9435,943.5,2026,February,22,29877.5,9435
8/10/2026,SID016,Sadia Afrin,INV2608104403,Smart Collection,Male,CUS00341,Online,Hand Sanitizer,HYG001,Hygiene Products,CAT004,250,19,4750,142.5,4607.5,92.15,1382.25,138.22,2026,August,10,4515.35,1382.25
11/13/2025,SID019,Nayeem Hasan,INV2511104404,Prime Collection,Male,CUS00128,Retail,Disinfectant Spray,HYG003,Hygiene Products,CAT004,400,94,37600,3760,33840,1692,10152,1015.2,2025,November,13,32148,10152
7/29/2025,SID011,Nayeem Hasan,INV2507104405,Apex Fashion,Female,CUST061,Distributor,Body Lotion,COS004,Cosmetics,CAT002,650,70,45500,3185,42315,2115.75,8463,1269.45,2025,July,29,40199.25,8463
6/19/2026,SID013,Arif Hossain,INV2606104406,Luxury Apparel,Both,CUS00178,Corporate,Shaving Cream,HYG009,Hygiene Products,CAT004,350,35,12250,367.5,11882.5,237.65,3564.75,356.47,2026,June,19,11644.85,3564.75
1/1/2025,SID004,Rafiul Karim,INV2501104407,Chic Collection,Male,CUST050,Online,Men's Nightwear,APP015,Fashion Apparel,CAT001,850,68,57800,2890,54910,0,0,1647.3,2025,January,1,54910,0
11/5/2026,SID012,Tanjina Sultana,INV2611104408,Glow & Shine,Female,CUS00453,Distributor,Personal Toys,COS041,Cosmetics,CAT002,1500,54,81000,5670,75330,3766.5,15066,2259.9,2026,November,5,71563.5,15066
7/10/2025,SID015,Nayeem Hasan,INV2507104409,Lily Boutique,Female,CUS00473,Walk In,Hair Removal Cream,COS025,Cosmetics,CAT002,450,95,42750,2137.5,40612.5,0,0,1218.38,2025,July,10,40612.5,0
1/24/2025,SID020,Tanjina Sultana,INV2501104410,Global Apparel,Male,CUS00035,Walk In,Hair Spray,COS029,Cosmetics,CAT002,450,26,11700,585,11115,0,0,333.45,2025,January,24,11115,0
11/17/2026,SID018,Rakib Hasan,INV2611104411,Elite Fashion,Both,CUS00081,Corporate,Face Mask,HYG002,Hygiene Products,CAT004,150,39,5850,175.5,5674.5,283.73,0,170.23,2026,November,17,5390.77,0
10/3/2025,SID007,Sharmin Akter,INV2510104412,Beauty World,Male,CUST010,Distributor,Scarf,ACC006,Accessories,CAT003,900,50,45000,2250,42750,2137.5,12825,1282.5,2025,October,3,40612.5,12825
3/24/2026,SID011,Mim Akter,INV2603104413,Grace Boutique,Female,CUS00301,Corporate,Women's Skirt,APP011,Fashion Apparel,CAT001,1500,27,40500,0,40500,810,12150,1215,2026,March,24,39690,12150
12/11/2025,SID019,Jannatul Ferdous,INV2512104414,Iconic Fashion,Both,CUS00326,Corporate,Face Scrub,COS027,Cosmetics,CAT002,550,47,25850,775.5,25074.5,0,7522.35,752.24,2025,December,11,25074.5,7522.35
8/10/2025,SID020,Nusrat Jahan,INV2508104415,Rainbow Apparel,Male,CUS00019,Online,Feminine Wash,HYG010,Hygiene Products,CAT004,400,83,33200,0,33200,0,9960,996,2025,August,10,33200,9960
11/7/2026,SID014,Mahmudul Hasan,INV2611104416,Golden Fashion,Both,CUS00280,Walk In,Backpack,ACC012,Accessories,CAT003,3000,94,282000,0,282000,14100,84600,8460,2026,November,7,267900,84600
3/17/2025,SID004,Nayeem Hasan,INV2503104417,Blue Sky Fashion,Both,CUST014,Online,Men Shirt,APP017,Fashion Apparel,CAT001,1600,47,75200,0,75200,0,22560,2256,2025,March,17,75200,22560
2/6/2026,SID002,Sabbir Ahmed,INV2602104418,Smart Beauty,Both,CUS00130,Walk In,Watch,ACC005,Accessories,CAT003,5000,62,310000,0,310000,0,0,9300,2026,February,6,310000,0
4/3/2026,SID010,Mim Akter,INV2604104419,Crystal Cosmetics,Both,CUS00197,Retail,Perfume,COS003,Cosmetics,CAT002,2200,53,116600,11660,104940,0,31482,3148.2,2026,April,3,104940,31482
4/26/2026,SID019,Tanjina Sultana,INV2604104420,Global Apparel,Both,CUS00039,Online,Mouthwash,HYG007,Hygiene Products,CAT004,300,54,16200,810,15390,0,0,461.7,2026,April,26,15390,0
3/28/2026,SID008,Sharmin Akter,INV2603104421,Fashion Point,Both,CUS00044,Online,Jacket,APP010,Fashion Apparel,CAT001,3800,29,110200,5510,104690,5234.5,31407,3140.7,2026,March,28,99455.5,31407
2/13/2025,SID010,Siam Ahmed,INV2502104422,Nova Cosmetics,Both,CUS00234,Corporate,Body Mist,COS037,Cosmetics,CAT002,450,23,10350,517.5,9832.5,0,2949.75,294.97,2025,February,13,9832.5,2949.75
12/30/2026,SID002,Nusrat Jahan,INV2612104423,Classic Apparel,Female,CUST003,Walk In,Gloves,ACC008,Accessories,CAT003,600,93,55800,5580,50220,0,10044,1506.6,2026,December,30,50220,10044
3/9/2026,SID004,Sharmin Akter,INV2603104424,Royal Cosmetics,Both,CUS00442,Corporate,Women's Saree,APP005,Fashion Apparel,CAT001,3200,69,220800,11040,209760,4195.2,0,6292.8,2026,March,9,205564.8,0
4/2/2026,SID019,Bonna Akter,INV2604104425,Lily Boutique,Female,CUS00079,Online,Hair Serum,COS006,Cosmetics,CAT002,1200,54,64800,3240,61560,0,12312,1846.8,2026,April,2,61560,12312
7/11/2025,SID016,Tanvir Islam,INV2507104426,Fashion World,Male,CUS00042,Walk In,Body Scrub,COS026,Cosmetics,CAT002,650,37,24050,0,24050,481,7215,721.5,2025,July,11,23569,7215
1/27/2026,SID012,Nayeem Hasan,INV2601104427,Fashion Gallery,Both,CUS00092,Online,Underarm Whitening Cream,HYG015,Hygiene Products,CAT004,500,81,40500,4050,36450,0,0,1093.5,2026,January,27,36450,0
7/30/2026,SID018,Arif Hossain,INV2607104428,Fashion Plus,Female,CUS00001,Walk In,Gloves,ACC008,Accessories,CAT003,600,56,33600,3360,30240,0,0,907.2,2026,July,30,30240,0
6/22/2025,SID009,Shuvo Das,INV2506104429,NextGen Fashion,Both,CUS00195,Distributor,Perfume,COS003,Cosmetics,CAT002,2200,7,15400,462,14938,298.76,0,448.14,2025,June,22,14639.24,0
8/28/2025,SID017,Rafiul Karim,INV2508104430,Bloom Cosmetics,Female,CUST027,Distributor,Face Scrub,COS027,Cosmetics,CAT002,550,93,51150,3580.5,47569.5,2378.47,0,1427.09,2025,August,28,45191.03,0
7/12/2026,SID002,Samira Akter,INV2607104431,Fashion World,Both,CUS00350,Walk In,Men Polo Shirt,APP002,Fashion Apparel,CAT001,1100,93,102300,10230,92070,4603.5,18414,2762.1,2026,July,12,87466.5,18414
5/11/2025,SID017,Rafiul Karim,INV2505104432,Urban Beauty,Male,CUS00415,Retail,Handbag,ACC001,Accessories,CAT003,3500,60,210000,10500,199500,3990,39900,5985,2025,May,11,195510,39900
4/9/2026,SID001,Imran Hossain,INV2604104433,Lily Boutique,Male,CUS00091,Retail,Diapers,HYG012,Hygiene Products,CAT004,800,15,12000,840,11160,0,2232,334.8,2026,April,9,11160,2232
4/11/2025,SID016,Mahmudul Hasan,INV2504104434,Cosmetics Central,Female,CUST058,Distributor,Personal Toys,COS041,Cosmetics,CAT002,1500,43,64500,0,64500,3225,12900,1935,2025,April,11,61275,12900
2/27/2026,SID019,Jannatul Ferdous,INV2602104435,Metro Fashion,Female,CUS00462,Distributor,Women's Top,APP006,Fashion Apparel,CAT001,1200,37,44400,2220,42180,843.6,12654,1265.4,2026,February,27,41336.4,12654
4/6/2025,SID014,Sharmin Akter,INV2504104436,Fashion Plus,Both,CUS00391,Online,Men Shirt,APP017,Fashion Apparel,CAT001,1600,33,52800,1584,51216,2560.8,15364.8,1536.48,2025,April,6,48655.2,15364.8
3/1/2025,SID001,Nayeem Hasan,INV2503104437,Elegant Boutique,Female,CUS00377,Distributor,Men's Innerwear,APP016,Fashion Apparel,CAT001,700,64,44800,2240,42560,0,12768,1276.8,2025,March,1,42560,12768
4/7/2025,SID014,Tanjina Sultana,INV2504104438,Classic Apparel,Female,CUST003,Walk In,Face Toner,COS033,Cosmetics,CAT002,500,84,42000,0,42000,0,12600,1260,2025,April,7,42000,12600
3/3/2026,SID009,Nayeem Hasan,INV2603104439,Nova Cosmetics,Male,CUS00291,Corporate,Feminine Wash,HYG010,Hygiene Products,CAT004,400,10,4000,400,3600,0,0,108,2026,March,3,3600,0
12/17/2026,SID011,Nusrat Jahan,INV2612104440,Prime Collection,Female,CUS00204,Retail,Hair Mask,COS018,Cosmetics,CAT002,1100,26,28600,1430,27170,543.4,5434,815.1,2026,December,17,26626.6,5434
3/11/2025,SID010,Imran Hossain,INV2503104441,Global Apparel,Both,CUS00192,Walk In,Men Jeans,APP003,Fashion Apparel,CAT001,2200,92,202400,14168,188232,9411.6,37646.4,5646.96,2025,March,11,178820.4,37646.4
12/2/2025,SID015,Mim Akter,INV2512104442,Modern Boutique,Both,CUS00109,Distributor,Baby Wipes,HYG011,Hygiene Products,CAT004,250,54,13500,1350,12150,243,2430,364.5,2025,December,2,11907,2430
6/28/2026,SID001,Tanvir Islam,INV2606104443,Style Corner,Female,CUS00262,Corporate,Body Scrub,COS026,Cosmetics,CAT002,650,46,29900,2990,26910,538.2,0,807.3,2026,June,28,26371.8,0
9/23/2025,SID020,Rakib Hasan,INV2509104444,NextGen Fashion,Female,CUS00144,Corporate,Face Mask,HYG002,Hygiene Products,CAT004,150,54,8100,243,7857,157.14,1571.4,235.71,2025,September,23,7699.86,1571.4
3/29/2026,SID010,Jannatul Ferdous,INV2603104445,Wonder Collection,Female,CUS00200,Walk In,Watch,ACC005,Accessories,CAT003,5000,100,500000,35000,465000,0,0,13950,2026,March,29,465000,0
2/8/2026,SID010,Nusrat Jahan,INV2602104446,Glow & Shine,Female,CUS00124,Retail,Umbrella,ACC014,Accessories,CAT003,1200,15,18000,900,17100,0,0,513,2026,February,8,17100,0
11/8/2026,SID010,Rafiul Karim,INV2611104447,Urban Trends,Both,CUS00311,Retail,Jacket,APP010,Fashion Apparel,CAT001,3800,87,330600,33060,297540,0,59508,8926.2,2026,November,8,297540,59508
6/14/2025,SID011,Tasnia Rahman,INV2506104448,Global Apparel,Both,CUS00053,Corporate,Face Mask,COS020,Cosmetics,CAT002,600,34,20400,1020,19380,969,5814,581.4,2025,June,14,18411,5814
3/30/2026,SID003,Jannatul Ferdous,INV2603104449,Fashion Express,Male,CUS00323,Retail,Mouthwash,HYG007,Hygiene Products,CAT004,300,56,16800,504,16296,814.8,3259.2,488.88,2026,March,30,15481.2,3259.2
12/14/2026,SID018,Tanvir Islam,INV2612104450,Blue Sky Fashion,Both,CUST014,Online,Face Wash,COS001,Cosmetics,CAT002,450,32,14400,1440,12960,648,2592,388.8,2026,December,14,12312,2592
3/28/2025,SID002,Arif Hossain,INV2503104451,Elite Fashion,Male,CUS00017,Corporate,Feminine Wash,HYG010,Hygiene Products,CAT004,400,20,8000,560,7440,0,2232,223.2,2025,March,28,7440,2232
1/21/2026,SID005,Shakil Khan,INV2601104452,Style Corner,Male,CUS00264,Retail,Handbag,ACC001,Accessories,CAT003,3500,69,241500,0,241500,4830,0,7245,2026,January,21,236670,0
1/4/2026,SID014,Sharmin Akter,INV2601104453,Crystal Cosmetics,Female,CUS00124,Corporate,Jewelry Set,ACC009,Accessories,CAT003,4500,13,58500,2925,55575,0,11115,1667.25,2026,January,4,55575,11115
8/1/2026,SID015,Bonna Akter,INV2608104454,Elegant Boutique,Male,CUS00211,Retail,Face Toner,COS033,Cosmetics,CAT002,500,76,38000,2660,35340,0,10602,1060.2,2026,August,1,35340,10602
10/31/2025,SID009,Arif Hossain,INV2510104455,Classic Beauty,Both,CUST025,Corporate,Women's Skirt,APP011,Fashion Apparel,CAT001,1500,45,67500,2025,65475,3273.75,0,1964.25,2025,October,31,62201.25,0
10/13/2025,SID007,Abdullah Al Mamun,INV2510104456,Lily Boutique,Both,CUS00403,Online,Baby Wipes,HYG011,Hygiene Products,CAT004,250,76,19000,0,19000,950,3800,570,2025,October,13,18050,3800
7/31/2025,SID015,Jannatul Ferdous,INV2507104457,Urban Style,Female,CUS00373,Distributor,Hair Serum,COS006,Cosmetics,CAT002,1200,95,114000,7980,106020,2120.4,0,3180.6,2025,July,31,103899.6,0
12/23/2026,SID017,Siam Ahmed,INV2612104458,Unique Collection,Male,CUS00208,Corporate,Belt,ACC003,Accessories,CAT003,800,35,28000,0,28000,0,0,840,2026,December,23,28000,0
12/14/2026,SID012,Sharmin Akter,INV2612104459,Modern Style,Female,CUS00255,Distributor,Hoodie,APP009,Fashion Apparel,CAT001,2500,75,187500,18750,168750,0,33750,5062.5,2026,December,14,168750,33750
11/6/2025,SID015,Rafiul Karim,INV2511104460,Wonder Collection,Both,CUS00256,Walk In,Diapers,HYG012,Hygiene Products,CAT004,800,90,72000,7200,64800,3240,19440,1944,2025,November,6,61560,19440
6/4/2026,SID017,Shakil Khan,INV2606104461,Premium Beauty,Both,CUS00427,Distributor,Women's Leggings,APP012,Fashion Apparel,CAT001,1300,31,40300,2015,38285,0,11485.5,1148.55,2026,June,4,38285,11485.5
5/16/2025,SID013,Sharmin Akter,INV2505104462,Beauty Point,Female,CUST066,Corporate,Face Toner,COS033,Cosmetics,CAT002,500,34,17000,1700,15300,0,3060,459,2025,May,16,15300,3060
6/8/2025,SID008,Mim Akter,INV2506104463,Bloom Cosmetics,Female,CUST027,Distributor,Wallet,ACC002,Accessories,CAT003,1200,71,85200,2556,82644,0,16528.8,2479.32,2025,June,8,82644,16528.8
7/10/2025,SID012,Jannatul Ferdous,INV2507104464,Luxury Apparel,Female,CUS00370,Retail,Foot Care Cream,COS023,Cosmetics,CAT002,300,74,22200,1110,21090,1054.5,4218,632.7,2025,July,10,20035.5,4218
7/29/2025,SID010,Sharmin Akter,INV2507104465,NextGen Fashion,Both,CUS00405,Walk In,Face Toner,COS033,Cosmetics,CAT002,500,5,2500,250,2250,45,0,67.5,2025,July,29,2205,0
5/31/2025,SID003,Siam Ahmed,INV2505104466,Dream Fashion,Male,CUS00399,Online,Kids T-Shirt,APP007,Fashion Apparel,CAT001,650,91,59150,1774.5,57375.5,0,11475.1,1721.26,2025,May,31,57375.5,11475.1
9/19/2025,SID011,Jannatul Ferdous,INV2509104467,Iconic Fashion,Male,CUS00143,Distributor,Face Scrub,COS027,Cosmetics,CAT002,550,99,54450,1633.5,52816.5,2640.83,10563.3,1584.49,2025,September,19,50175.67,10563.3
3/23/2026,SID019,Shuvo Das,INV2603104468,Smart Collection,Female,CUS00407,Retail,Shaving Cream,HYG009,Hygiene Products,CAT004,350,41,14350,1435,12915,0,2583,387.45,2026,March,23,12915,2583
11/16/2025,SID017,Bonna Akter,INV2511104469,Shine Collection,Female,CUS00343,Retail,Sunscreen,COS009,Cosmetics,CAT002,1150,41,47150,3300.5,43849.5,2192.47,13154.85,1315.48,2025,November,16,41657.03,13154.85
6/17/2026,SID010,Sharmin Akter,INV2606104470,Elegant Choice,Female,CUS00409,Corporate,Deodorant,HYG008,Hygiene Products,CAT004,450,17,7650,382.5,7267.5,145.35,2180.25,218.03,2026,June,17,7122.15,2180.25
8/2/2026,SID020,Mahmudul Hasan,INV2608104471,Style World,Male,CUS00074,Corporate,Sunglasses,ACC004,Accessories,CAT003,1500,99,148500,10395,138105,6905.25,27621,4143.15,2026,August,2,131199.75,27621
8/11/2025,SID006,Sabbir Ahmed,INV2508104472,Urban Trends,Both,CUS00430,Corporate,Men's Innerwear,APP016,Fashion Apparel,CAT001,700,60,42000,1260,40740,0,8148,1222.2,2025,August,11,40740,8148
9/20/2026,SID017,Bonna Akter,INV2609104473,Signature Fashion,Female,CUS00029,Online,Footwear,ACC011,Accessories,CAT003,2500,46,115000,0,115000,0,0,3450,2026,September,20,115000,0
12/21/2025,SID019,Sabbir Ahmed,INV2512104474,Fashion Avenue,Female,CUS00080,Online,Men's Innerwear,APP016,Fashion Apparel,CAT001,700,12,8400,588,7812,156.24,1562.4,234.36,2025,December,21,7655.76,1562.4
3/30/2026,SID010,Imran Hossain,INV2603104475,Beauty Avenue,Female,CUST049,Distributor,Hair Mask,COS018,Cosmetics,CAT002,1100,79,86900,8690,78210,1564.2,15642,2346.3,2026,March,30,76645.8,15642
12/3/2025,SID020,Jannatul Ferdous,INV2512104476,Moonlight Cosmetics,Male,CUS00153,Retail,Hair Removal Cream,HYG013,Hygiene Products,CAT004,450,26,11700,0,11700,234,3510,351,2025,December,3,11466,3510
4/23/2025,SID002,Rakib Hasan,INV2504104477,Pink Beauty,Female,CUS00467,Online,Hair Spray,COS029,Cosmetics,CAT002,450,79,35550,2488.5,33061.5,661.23,0,991.84,2025,April,23,32400.27,0
1/29/2026,SID010,Farzana Akter,INV2601104478,Beauty Point,Female,CUST066,Corporate,Body Lotion,COS004,Cosmetics,CAT002,650,28,18200,1820,16380,327.6,0,491.4,2026,January,29,16052.4,0
10/16/2025,SID007,Shakil Khan,INV2510104479,Beauty Point,Female,CUST066,Corporate,Body Scrub,COS026,Cosmetics,CAT002,650,59,38350,2684.5,35665.5,0,7133.1,1069.96,2025,October,16,35665.5,7133.1
1/8/2025,SID009,Abdullah Al Mamun,INV2501104480,Grace Boutique,Female,CUS00029,Retail,Luggage,ACC013,Accessories,CAT003,8000,85,680000,68000,612000,0,183600,18360,2025,January,8,612000,183600
11/25/2026,SID004,Siam Ahmed,INV2611104481,Global Apparel,Male,CUS00450,Retail,Scarf,ACC006,Accessories,CAT003,900,39,35100,3510,31590,0,6318,947.7,2026,November,25,31590,6318
7/3/2025,SID014,Sadia Afrin,INV2507104482,Bloom Cosmetics,Female,CUST027,Distributor,Jewelry Set,ACC009,Accessories,CAT003,4500,22,99000,2970,96030,0,0,2880.9,2025,July,3,96030,0
9/19/2025,SID014,Arif Hossain,INV2509104483,Apex Fashion,Female,CUST061,Retail,Body Lotion,COS004,Cosmetics,CAT002,650,89,57850,2892.5,54957.5,2747.88,0,1648.72,2025,September,19,52209.62,0
2/11/2025,SID011,Farzana Akter,INV2502104484,Trendy Boutique,Female,CUS00416,Online,Compact Powder,COS008,Cosmetics,CAT002,800,49,39200,1176,38024,760.48,0,1140.72,2025,February,11,37263.52,0
6/4/2026,SID018,Sadia Afrin,INV2606104485,Blue Sky Fashion,Both,CUST014,Online,Makeup Kit,COS034,Cosmetics,CAT002,2500,48,120000,6000,114000,0,0,3420,2026,June,4,114000,0
8/24/2025,SID011,Mim Akter,INV2508104486,New Era Fashion,Female,CUS00463,Corporate,Sunscreen,COS009,Cosmetics,CAT002,1150,12,13800,1380,12420,248.4,3726,372.6,2025,August,24,12171.6,3726
6/5/2026,SID016,Sabbir Ahmed,INV2606104487,Prime Collection,Male,CUS00184,Walk In,Face Cream,COS007,Cosmetics,CAT002,950,86,81700,2451,79249,0,23774.7,2377.47,2026,June,5,79249,23774.7
6/26/2025,SID001,Rashedul Islam,INV2506104488,Star Fashion,Female,CUS00090,Online,Diapers,HYG012,Hygiene Products,CAT004,800,74,59200,4144,55056,0,11011.2,1651.68,2025,June,26,55056,11011.2
5/2/2026,SID018,Mahmudul Hasan,INV2605104489,Fashion Hub Ltd,Male,CUS00331,Corporate,Men Polo Shirt,APP002,Fashion Apparel,CAT001,1100,83,91300,2739,88561,4428.05,0,2656.83,2026,May,2,84132.95,0
1/27/2026,SID020,Arif Hossain,INV2601104490,Crystal Cosmetics,Male,CUS00200,Retail,Body Butter,COS017,Cosmetics,CAT002,700,30,21000,1470,19530,0,5859,585.9,2026,January,27,19530,5859
2/7/2026,SID008,Rakib Hasan,INV2602104491,Urban Beauty,Male,CUS00155,Distributor,Beard Oil,COS010,Cosmetics,CAT002,900,47,42300,2961,39339,786.78,0,1180.17,2026,February,7,38552.22,0
11/24/2025,SID003,Samira Akter,INV2511104492,Beauty Point,Female,CUST066,Corporate,Bra & Panty Set,APP013,Fashion Apparel,CAT001,900,63,56700,0,56700,2835,11340,1701,2025,November,24,53865,11340
3/25/2025,SID004,Tanjina Sultana,INV2503104493,Beauty Avenue,Female,CUST049,Distributor,Body Butter,COS017,Cosmetics,CAT002,700,80,56000,1680,54320,0,16296,1629.6,2025,March,25,54320,16296
11/11/2026,SID011,Rafiul Karim,INV2611104494,Beauty Avenue,Female,CUST049,Distributor,Body Scrub,COS026,Cosmetics,CAT002,650,39,25350,760.5,24589.5,491.79,7376.85,737.68,2026,November,11,24097.71,7376.85
1/2/2026,SID010,Shakil Khan,INV2601104495,Signature Fashion,Female,CUS00205,Corporate,Wallet,ACC002,Accessories,CAT003,1200,88,105600,0,105600,2112,31680,3168,2026,January,2,103488,31680
9/20/2025,SID020,Tanjina Sultana,INV2509104496,Modern Style,Male,CUS00039,Walk In,Body Spray,COS011,Cosmetics,CAT002,500,7,3500,175,3325,66.5,997.5,99.75,2025,September,20,3258.5,997.5
12/7/2025,SID008,Arif Hossain,INV2512104497,Beauty Express,Male,CUST002,Online,Condom,COS036,Cosmetics,CAT002,300,14,4200,294,3906,78.12,0,117.18,2025,December,7,3827.88,0
6/1/2026,SID009,Farzana Akter,INV2606104498,Beauty World,Male,CUST010,Distributor,Jacket,APP010,Fashion Apparel,CAT001,3800,54,205200,14364,190836,0,0,5725.08,2026,June,1,190836,0
5/8/2025,SID012,Mehedi Hasan,INV2505104499,Metro Fashion,Male,CUS00478,Online,Hair Gel,COS028,Cosmetics,CAT002,400,80,32000,960,31040,1552,9312,931.2,2025,May,8,29488,9312
12/25/2025,SID011,Bonna Akter,INV2512104500,Urban Trends,Male,CUS00202,Distributor,Hair Spray,COS029,Cosmetics,CAT002,450,29,13050,391.5,12658.5,253.17,2531.7,379.75,2025,December,25,12405.33,2531.7
2/6/2025,SID004,Abdullah Al Mamun,INV2502104501,Fresh Look,Female,CUS00379,Retail,Men's Nightwear,APP015,Fashion Apparel,CAT001,850,91,77350,5414.5,71935.5,1438.71,21580.65,2158.07,2025,February,6,70496.79,21580.65
4/3/2026,SID008,Tanjina Sultana,INV2604104502,Glow & Shine,Male,CUS00487,Walk In,Women's Saree,APP005,Fashion Apparel,CAT001,3200,14,44800,3136,41664,833.28,0,1249.92,2026,April,3,40830.72,0
5/26/2026,SID002,Shakil Khan,INV2605104503,Style World,Male,CUS00334,Distributor,Disinfectant Spray,HYG003,Hygiene Products,CAT004,400,96,38400,2688,35712,714.24,10713.6,1071.36,2026,May,26,34997.76,10713.6
2/3/2026,SID004,Shakil Khan,INV2602104504,Global Apparel,Female,CUS00297,Corporate,Condom,COS036,Cosmetics,CAT002,300,38,11400,798,10602,212.04,2120.4,318.06,2026,February,3,10389.96,2120.4
5/8/2026,SID007,Abdullah Al Mamun,INV2605104505,Glamour House,Female,CUS00108,Walk In,Women's Saree,APP005,Fashion Apparel,CAT001,3200,9,28800,864,27936,0,0,838.08,2026,May,8,27936,0
2/28/2026,SID016,Tanjina Sultana,INV2602104506,Diamond Cosmetics,Female,CUS00395,Corporate,Deodorant,COS016,Cosmetics,CAT002,450,40,18000,900,17100,0,3420,513,2026,February,28,17100,3420
5/20/2026,SID017,Sadia Afrin,INV2605104507,Global Apparel,Both,CUS00263,Corporate,Hat,ACC007,Accessories,CAT003,700,53,37100,1113,35987,1799.35,0,1079.61,2026,May,20,34187.65,0
7/1/2025,SID007,Nayeem Hasan,INV2507104508,Smart Beauty,Female,CUS00470,Online,Men Jeans,APP003,Fashion Apparel,CAT001,2200,75,165000,16500,148500,0,29700,4455,2025,July,1,148500,29700
6/14/2026,SID010,Tanjina Sultana,INV2606104509,Style Corner,Both,CUS00396,Distributor,Foot Care Cream,COS023,Cosmetics,CAT002,300,87,26100,1827,24273,0,0,728.19,2026,June,14,24273,0
10/31/2026,SID013,Imran Hossain,INV2610104510,Fashion Express,Female,CUS00262,Online,Feminine Wash,HYG010,Hygiene Products,CAT004,400,66,26400,1320,25080,0,0,752.4,2026,October,31,25080,0
8/20/2026,SID011,Tanvir Islam,INV2608104511,Fashion Point,Female,CUS00171,Online,Luggage,ACC013,Accessories,CAT003,8000,75,600000,42000,558000,11160,167400,16740,2026,August,20,546840,167400
2/9/2025,SID017,Imran Hossain,INV2502104512,Trendy Shop,Both,CUS00155,Corporate,Personal Toys,COS041,Cosmetics,CAT002,1500,35,52500,1575,50925,2546.25,0,1527.75,2025,February,9,48378.75,0
12/25/2025,SID019,Tanvir Islam,INV2512104513,Blue Sky Fashion,Both,CUST014,Online,Watch,ACC005,Accessories,CAT003,5000,83,415000,41500,373500,18675,0,11205,2025,December,25,354825,0
8/8/2025,SID020,Mim Akter,INV2508104514,Elite Fashion,Both,CUS00171,Corporate,Mouthwash,HYG007,Hygiene Products,CAT004,300,58,17400,1740,15660,783,0,469.8,2025,August,8,14877,0
4/8/2026,SID004,Farzana Akter,INV2604104515,Grace Boutique,Male,CUS00314,Distributor,Scarf,ACC006,Accessories,CAT003,900,19,17100,855,16245,812.25,4873.5,487.35,2026,April,8,15432.75,4873.5
4/12/2026,SID018,Abdullah Al Mamun,INV2604104516,Royal Style,Both,CUS00091,Distributor,Women's Saree,APP005,Fashion Apparel,CAT001,3200,62,198400,19840,178560,8928,0,5356.8,2026,April,12,169632,0
4/3/2025,SID001,Rakib Hasan,INV2504104517,Elite Fashion,Both,CUS00086,Walk In,Jacket,APP010,Fashion Apparel,CAT001,3800,98,372400,26068,346332,6926.64,0,10389.96,2025,April,3,339405.36,0
7/6/2025,SID008,Rakib Hasan,INV2507104518,Urban Beauty,Both,CUS00438,Corporate,Face Serum,COS014,Cosmetics,CAT002,1300,36,46800,0,46800,2340,14040,1404,2025,July,6,44460,14040
7/3/2025,SID017,Siam Ahmed,INV2507104519,Shine Collection,Both,CUS00239,Corporate,Sunglasses,ACC004,Accessories,CAT003,1500,85,127500,8925,118575,0,35572.5,3557.25,2025,July,3,118575,35572.5
6/17/2025,SID014,Sabbir Ahmed,INV2506104520,Chic Collection,Male,CUST050,Online,Face Serum,COS014,Cosmetics,CAT002,1300,87,113100,0,113100,2262,33930,3393,2025,June,17,110838,33930
3/4/2026,SID009,Shakil Khan,INV2603104521,Pink Beauty,Both,CUS00143,Walk In,Wallet,ACC002,Accessories,CAT003,1200,23,27600,1932,25668,1283.4,0,770.04,2026,March,4,24384.6,0
7/21/2026,SID012,Abdullah Al Mamun,INV2607104522,Fashion Avenue,Male,CUS00240,Corporate,Men's Innerwear,APP016,Fashion Apparel,CAT001,700,42,29400,882,28518,570.36,0,855.54,2026,July,21,27947.64,0
10/10/2026,SID012,Tasnia Rahman,INV2610104523,Iconic Fashion,Both,CUS00375,Retail,Handbag,ACC001,Accessories,CAT003,3500,20,70000,0,70000,0,14000,2100,2026,October,10,70000,14000
6/10/2025,SID003,Shuvo Das,INV2506104524,Modern Boutique,Both,CUS00188,Walk In,Women's Saree,APP005,Fashion Apparel,CAT001,3200,52,166400,8320,158080,0,31616,4742.4,2025,June,10,158080,31616
11/27/2026,SID014,Mim Akter,INV2611104525,Elegant Boutique,Female,CUS00077,Walk In,Wallet,ACC002,Accessories,CAT003,1200,18,21600,0,21600,1080,6480,648,2026,November,27,20520,6480
6/21/2025,SID015,Tanvir Islam,INV2506104526,Cosmetics Plus,Both,CUS00143,Distributor,Footwear,ACC011,Accessories,CAT003,2500,64,160000,16000,144000,7200,0,4320,2025,June,21,136800,0
3/22/2026,SID009,Mahmudul Hasan,INV2603104527,Wonder Collection,Female,CUS00003,Walk In,Underarm Whitening Cream,HYG015,Hygiene Products,CAT004,500,74,37000,1850,35150,0,10545,1054.5,2026,March,22,35150,10545
9/28/2026,SID004,Rafiul Karim,INV2609104528,Metro Fashion,Male,CUS00357,Online,Toothpaste,HYG005,Hygiene Products,CAT004,200,62,12400,372,12028,601.4,3608.4,360.84,2026,September,28,11426.6,3608.4
2/3/2026,SID015,Mim Akter,INV2602104529,Fashion Hub Ltd,Female,CUS00188,Online,Aftershave,COS019,Cosmetics,CAT002,800,6,4800,240,4560,228,0,136.8,2026,February,3,4332,0
10/21/2026,SID009,Sharmin Akter,INV2610104530,Glamour Point,Female,CUS00232,Walk In,Condom,COS036,Cosmetics,CAT002,300,15,4500,225,4275,85.5,1282.5,128.25,2026,October,21,4189.5,1282.5
11/10/2025,SID012,Nayeem Hasan,INV2511104531,Shine Collection,Male,CUS00043,Online,Deodorant,COS016,Cosmetics,CAT002,450,95,42750,2137.5,40612.5,812.25,8122.5,1218.38,2025,November,10,39800.25,8122.5
7/13/2026,SID011,Samira Akter,INV2607104532,Trendy Shop,Both,CUS00222,Walk In,Lipstick,COS002,Cosmetics,CAT002,850,22,18700,561,18139,362.78,5441.7,544.17,2026,July,13,17776.22,5441.7
7/19/2025,SID002,Arif Hossain,INV2507104533,Fashion Hub Ltd,Female,CUS00341,Retail,Deodorant,HYG008,Hygiene Products,CAT004,450,63,28350,1417.5,26932.5,1346.62,5386.5,807.98,2025,July,19,25585.88,5386.5
4/29/2026,SID001,Bonna Akter,INV2604104534,Fashion Central,Both,CUS00482,Retail,After Sun Lotion,COS031,Cosmetics,CAT002,700,17,11900,0,11900,0,0,357,2026,April,29,11900,0
5/19/2026,SID016,Farzana Akter,INV2605104535,Bloom Cosmetics,Female,CUST027,Distributor,Body Lotion,COS004,Cosmetics,CAT002,650,46,29900,0,29900,598,0,897,2026,May,19,29302,0
10/30/2025,SID009,Tanjina Sultana,INV2510104536,Urban Style,Female,CUS00207,Retail,Nail Polish,COS013,Cosmetics,CAT002,400,86,34400,1032,33368,1668.4,6673.6,1001.04,2025,October,30,31699.6,6673.6
8/29/2025,SID017,Tasnia Rahman,INV2508104537,Wonder Collection,Female,CUS00292,Corporate,Scarf,ACC006,Accessories,CAT003,900,71,63900,1917,61983,3099.15,18594.9,1859.49,2025,August,29,58883.85,18594.9
9/25/2026,SID020,Nusrat Jahan,INV2609104538,Urban Trends,Male,CUS00455,Retail,Shaving Cream,COS021,Cosmetics,CAT002,350,59,20650,2065,18585,371.7,0,557.55,2026,September,25,18213.3,0
8/14/2025,SID001,Sharmin Akter,INV2508104539,Luxury Apparel,Male,CUS00372,Online,Hair Accessories,ACC010,Accessories,CAT003,400,17,6800,204,6596,329.8,1319.2,197.88,2025,August,14,6266.2,1319.2
12/18/2026,SID001,Rashedul Islam,INV2612104540,Elite Collection,Male,CUS00148,Distributor,Scarf,ACC006,Accessories,CAT003,900,27,24300,1215,23085,461.7,0,692.55,2026,December,18,22623.3,0
12/21/2026,SID010,Tanvir Islam,INV2612104541,Nova Cosmetics,Male,CUS00218,Retail,Face Cream,COS007,Cosmetics,CAT002,950,81,76950,7695,69255,3462.75,0,2077.65,2026,December,21,65792.25,0
7/18/2026,SID014,Mim Akter,INV2607104542,Modern Boutique,Female,CUS00095,Walk In,Women's Kurti,APP004,Fashion Apparel,CAT001,1800,14,25200,756,24444,0,0,733.32,2026,July,18,24444,0
1/4/2026,SID018,Imran Hossain,INV2601104543,Smart Beauty,Female,CUS00343,Online,Makeup Kit,COS034,Cosmetics,CAT002,2500,87,217500,10875,206625,4132.5,41325,6198.75,2026,January,4,202492.5,41325
2/17/2026,SID014,Siam Ahmed,INV2602104544,Pink Beauty,Male,CUS00448,Retail,Wallet,ACC002,Accessories,CAT003,1200,79,94800,9480,85320,1706.4,0,2559.6,2026,February,17,83613.6,0
2/7/2025,SID013,Imran Hossain,INV2502104545,Fashion Avenue,Male,CUS00492,Distributor,Women's Kurti,APP004,Fashion Apparel,CAT001,1800,87,156600,7830,148770,0,0,4463.1,2025,February,7,148770,0
10/20/2025,SID003,Tanjina Sultana,INV2510104546,Smart Collection,Male,CUS00220,Corporate,Wallet,ACC002,Accessories,CAT003,1200,82,98400,2952,95448,0,0,2863.44,2025,October,20,95448,0
3/17/2025,SID012,Rashedul Islam,INV2503104547,Modern Boutique,Male,CUS00446,Corporate,Watch,ACC005,Accessories,CAT003,5000,39,195000,5850,189150,3783,56745,5674.5,2025,March,17,185367,56745
11/17/2026,SID014,Jannatul Ferdous,INV2611104548,Infinity Style,Male,CUS00221,Distributor,Jacket,APP010,Fashion Apparel,CAT001,3800,87,330600,0,330600,6612,0,9918,2026,November,17,323988,0
6/12/2025,SID002,Sadia Afrin,INV2506104549,Style World,Male,CUS00016,Distributor,Makeup Remover,COS015,Cosmetics,CAT002,550,99,54450,3811.5,50638.5,2531.93,15191.55,1519.15,2025,June,12,48106.57,15191.55
12/29/2025,SID010,Samira Akter,INV2512104550,Global Apparel,Female,CUS00105,Online,Hair Gel,COS028,Cosmetics,CAT002,400,79,31600,0,31600,1580,0,948,2025,December,29,30020,0
1/2/2025,SID018,Rashedul Islam,INV2501104551,Prime Collection,Male,CUS00339,Online,Mouthwash,HYG007,Hygiene Products,CAT004,300,45,13500,1350,12150,607.5,3645,364.5,2025,January,2,11542.5,3645
12/5/2026,SID019,Sharmin Akter,INV2612104552,Fashion World,Both,CUS00277,Distributor,Hoodie,APP009,Fashion Apparel,CAT001,2500,58,145000,10150,134850,2697,26970,4045.5,2026,December,5,132153,26970
2/6/2026,SID015,Samira Akter,INV2602104553,Elite Fashion,Both,CUS00358,Walk In,Men's Innerwear,APP016,Fashion Apparel,CAT001,700,45,31500,2205,29295,0,0,878.85,2026,February,6,29295,0
7/20/2025,SID015,Tasnia Rahman,INV2507104554,Modern Boutique,Male,CUS00142,Online,Hair Serum,COS006,Cosmetics,CAT002,1200,7,8400,420,7980,0,1596,239.4,2025,July,20,7980,1596
7/26/2026,SID002,Bonna Akter,INV2607104555,New Era Fashion,Female,CUS00197,Retail,Hair Gel,COS028,Cosmetics,CAT002,400,99,39600,0,39600,0,0,1188,2026,July,26,39600,0
4/11/2026,SID006,Sabbir Ahmed,INV2604104556,New Era Fashion,Both,CUS00144,Online,Umbrella,ACC014,Accessories,CAT003,1200,88,105600,0,105600,5280,0,3168,2026,April,11,100320,0
6/13/2025,SID004,Tasnia Rahman,INV2506104557,Rainbow Apparel,Male,CUS00328,Corporate,Hair Removal Cream,COS025,Cosmetics,CAT002,450,18,8100,0,8100,162,0,243,2025,June,13,7938,0
5/26/2025,SID003,Mahmudul Hasan,INV2505104558,Urban Style,Both,CUS00466,Corporate,Disinfectant Spray,HYG003,Hygiene Products,CAT004,400,6,2400,168,2232,0,446.4,66.96,2025,May,26,2232,446.4
11/27/2025,SID010,Mim Akter,INV2511104559,Cosmetics World,Both,CUS00361,Retail,Underarm Whitening Cream,COS024,Cosmetics,CAT002,500,82,41000,2050,38950,779,0,1168.5,2025,November,27,38171,0
5/1/2026,SID014,Tasnia Rahman,INV2605104560,Cosmetics Plus,Female,CUS00032,Walk In,Hair Conditioner,COS032,Cosmetics,CAT002,750,64,48000,1440,46560,931.2,13968,1396.8,2026,May,1,45628.8,13968
6/23/2025,SID007,Rakib Hasan,INV2506104561,Fashion Point,Female,CUS00319,Corporate,Toothbrush,HYG006,Hygiene Products,CAT004,150,53,7950,238.5,7711.5,385.58,1542.3,231.34,2025,June,23,7325.92,1542.3
9/20/2025,SID007,Mahmudul Hasan,INV2509104562,Diamond Cosmetics,Both,CUS00216,Retail,Hair Removal Cream,HYG013,Hygiene Products,CAT004,450,55,24750,742.5,24007.5,480.15,7202.25,720.23,2025,September,20,23527.35,7202.25
6/30/2025,SID015,Shakil Khan,INV2506104563,Cosmo House,Both,CUST055,Distributor,Shaving Cream,HYG009,Hygiene Products,CAT004,350,95,33250,2327.5,30922.5,618.45,0,927.67,2025,June,30,30304.05,0
11/29/2025,SID003,Nusrat Jahan,INV2511104564,New Era Fashion,Male,CUS00268,Distributor,Perfume,COS003,Cosmetics,CAT002,2200,61,134200,0,134200,2684,0,4026,2025,November,29,131516,0
1/24/2025,SID012,Sabbir Ahmed,INV2501104565,Fashion Central,Female,CUS00065,Walk In,Gloves,ACC008,Accessories,CAT003,600,69,41400,2898,38502,0,11550.6,1155.06,2025,January,24,38502,11550.6
1/17/2026,SID002,Siam Ahmed,INV2601104566,Lily Boutique,Female,CUS00287,Retail,Watch,ACC005,Accessories,CAT003,5000,43,215000,10750,204250,4085,61275,6127.5,2026,January,17,200165,61275
5/5/2025,SID002,Sabbir Ahmed,INV2505104567,Premium Beauty,Female,CUS00391,Walk In,Perfume,COS003,Cosmetics,CAT002,2200,100,220000,0,220000,4400,0,6600,2025,May,5,215600,0
2/27/2026,SID008,Siam Ahmed,INV2602104568,Cosmetics Plus,Male,CUS00218,Distributor,Luggage,ACC013,Accessories,CAT003,8000,54,432000,43200,388800,0,0,11664,2026,February,27,388800,0
11/8/2026,SID013,Samira Akter,INV2611104569,Fashion Gallery,Male,CUS00235,Corporate,Face Cream,COS007,Cosmetics,CAT002,950,35,33250,3325,29925,598.5,8977.5,897.75,2026,November,8,29326.5,8977.5
3/28/2025,SID015,Farzana Akter,INV2503104570,Fashion Plus,Male,CUS00274,Walk In,Men's Innerwear,APP016,Fashion Apparel,CAT001,700,30,21000,1470,19530,0,3906,585.9,2025,March,28,19530,3906
6/16/2025,SID015,Rashedul Islam,INV2506104571,Urban Avenue,Female,CUS00172,Walk In,Makeup Remover,COS015,Cosmetics,CAT002,550,67,36850,3685,33165,663.3,9949.5,994.95,2025,June,16,32501.7,9949.5
2/18/2025,SID002,Rakib Hasan,INV2502104572,Urban Trends,Male,CUS00288,Online,Lipstick,COS002,Cosmetics,CAT002,850,35,29750,892.5,28857.5,1442.88,8657.25,865.73,2025,February,18,27414.62,8657.25
3/5/2025,SID006,Tasnia Rahman,INV2503104573,Urban Trends,Both,CUS00001,Corporate,Sanitary Napkins,HYG004,Hygiene Products,CAT004,350,41,14350,717.5,13632.5,0,4089.75,408.97,2025,March,5,13632.5,4089.75
12/5/2025,SID015,Bonna Akter,INV2512104574,Elite Collection,Male,CUS00094,Walk In,Lipstick,COS002,Cosmetics,CAT002,850,47,39950,3995,35955,0,0,1078.65,2025,December,5,35955,0
12/11/2026,SID016,Sabbir Ahmed,INV2612104575,Fashion World,Both,CUS00378,Corporate,Women's Saree,APP005,Fashion Apparel,CAT001,3200,68,217600,21760,195840,3916.8,0,5875.2,2026,December,11,191923.2,0
1/9/2026,SID019,Tanvir Islam,INV2601104576,Urban Style,Male,CUS00012,Online,Watch,ACC005,Accessories,CAT003,5000,11,55000,3850,51150,1023,10230,1534.5,2026,January,9,50127,10230
7/30/2025,SID012,Sabbir Ahmed,INV2507104577,Wonder Collection,Both,CUS00083,Corporate,Hat,ACC007,Accessories,CAT003,700,71,49700,3479,46221,2311.05,13866.3,1386.63,2025,July,30,43909.95,13866.3
6/1/2026,SID007,Bonna Akter,INV2606104578,Shine Collection,Male,CUS00300,Corporate,Women's Leggings,APP012,Fashion Apparel,CAT001,1300,70,91000,2730,88270,1765.4,26481,2648.1,2026,June,1,86504.6,26481
2/19/2026,SID002,Rafiul Karim,INV2602104579,Beauty Point,Female,CUST066,Corporate,Women's Nightwear,APP014,Fashion Apparel,CAT001,800,79,63200,0,63200,0,0,1896,2026,February,19,63200,0
8/15/2025,SID004,Bonna Akter,INV2508104580,Urban Beauty,Female,CUS00027,Corporate,Shaving Cream,COS021,Cosmetics,CAT002,350,31,10850,0,10850,0,3255,325.5,2025,August,15,10850,3255
8/18/2026,SID016,Bonna Akter,INV2608104581,Shine Collection,Both,CUS00102,Distributor,Women's Kurti,APP004,Fashion Apparel,CAT001,1800,71,127800,8946,118854,5942.7,0,3565.62,2026,August,18,112911.3,0
9/21/2026,SID001,Tanjina Sultana,INV2609104582,Style Corner,Female,CUS00009,Online,Underarm Whitening Cream,HYG015,Hygiene Products,CAT004,500,48,24000,720,23280,0,0,698.4,2026,September,21,23280,0
7/9/2026,SID007,Mahmudul Hasan,INV2607104583,Beauty Avenue,Female,CUST049,Distributor,Hair Gel,COS028,Cosmetics,CAT002,400,73,29200,2044,27156,1357.8,8146.8,814.68,2026,July,9,25798.2,8146.8
7/6/2026,SID020,Tanvir Islam,INV2607104584,Iconic Fashion,Both,CUS00394,Corporate,Body Lotion,COS004,Cosmetics,CAT002,650,6,3900,0,3900,78,780,117,2026,July,6,3822,780
7/16/2026,SID002,Jannatul Ferdous,INV2607104585,Urban Beauty,Female,CUS00017,Online,Hair Spray,COS029,Cosmetics,CAT002,450,46,20700,1449,19251,385.02,5775.3,577.53,2026,July,16,18865.98,5775.3
5/31/2025,SID007,Sharmin Akter,INV2505104586,Classic Apparel,Female,CUST003,Walk In,Beard Oil,COS010,Cosmetics,CAT002,900,71,63900,0,63900,3195,12780,1917,2025,May,31,60705,12780
11/7/2025,SID008,Arif Hossain,INV2511104587,Chic Collection,Male,CUST050,Online,Personal Toys,COS041,Cosmetics,CAT002,1500,12,18000,1800,16200,810,3240,486,2025,November,7,15390,3240
12/20/2025,SID008,Abdullah Al Mamun,INV2512104588,Premium Beauty,Both,CUS00122,Distributor,Kids Dress,APP008,Fashion Apparel,CAT001,950,69,65550,1966.5,63583.5,0,0,1907.5,2025,December,20,63583.5,0
9/25/2025,SID004,Nusrat Jahan,INV2509104589,Fashion Gallery,Female,CUS00244,Distributor,Hair Removal Cream,HYG013,Hygiene Products,CAT004,450,61,27450,823.5,26626.5,1331.33,7987.95,798.79,2025,September,25,25295.17,7987.95
4/14/2025,SID014,Rakib Hasan,INV2504104590,Modern Style,Both,CUS00227,Corporate,Nail Polish,COS013,Cosmetics,CAT002,400,18,7200,360,6840,136.8,0,205.2,2025,April,14,6703.2,0
4/5/2026,SID002,Shakil Khan,INV2604104591,Royal Cosmetics,Female,CUS00027,Walk In,Hair Serum,COS006,Cosmetics,CAT002,1200,52,62400,6240,56160,1123.2,16848,1684.8,2026,April,5,55036.8,16848
6/16/2025,SID014,Shuvo Das,INV2506104592,Modern Boutique,Female,CUS00018,Walk In,Hair Straightener,COS035,Cosmetics,CAT002,3500,59,206500,6195,200305,10015.25,40061,6009.15,2025,June,16,190289.75,40061
9/20/2026,SID007,Tasnia Rahman,INV2609104593,Grace Boutique,Female,CUS00266,Corporate,Aftershave,COS019,Cosmetics,CAT002,800,12,9600,480,9120,456,2736,273.6,2026,September,20,8664,2736
6/14/2025,SID012,Shuvo Das,INV2506104594,Smart Collection,Female,CUS00206,Online,Hair Conditioner,COS032,Cosmetics,CAT002,750,46,34500,1725,32775,0,0,983.25,2025,June,14,32775,0
7/12/2025,SID020,Rakib Hasan,INV2507104595,Elite Collection,Male,CUS00391,Walk In,Body Mist,COS037,Cosmetics,CAT002,450,80,36000,2520,33480,1674,0,1004.4,2025,July,12,31806,0
8/10/2026,SID014,Rakib Hasan,INV2608104596,Iconic Fashion,Female,CUS00363,Walk In,Underarm Whitening Cream,HYG015,Hygiene Products,CAT004,500,46,23000,0,23000,460,6900,690,2026,August,10,22540,6900
10/23/2026,SID003,Sabbir Ahmed,INV2610104597,Urban Trends,Female,CUS00049,Distributor,Jewelry Set,ACC009,Accessories,CAT003,4500,69,310500,31050,279450,0,83835,8383.5,2026,October,23,279450,83835
10/29/2025,SID009,Samira Akter,INV2510104598,Crystal Cosmetics,Both,CUS00369,Corporate,Men Polo Shirt,APP002,Fashion Apparel,CAT001,1100,59,64900,6490,58410,1168.2,0,1752.3,2025,October,29,57241.8,0
5/5/2026,SID001,Imran Hossain,INV2605104599,Infinity Style,Male,CUS00348,Online,Men's Nightwear,APP015,Fashion Apparel,CAT001,850,85,72250,7225,65025,1300.5,0,1950.75,2026,May,5,63724.5,0
7/2/2026,SID007,Sabbir Ahmed,INV2607104600,Crystal Cosmetics,Both,CUS00027,Corporate,Face Mask,COS020,Cosmetics,CAT002,600,34,20400,612,19788,0,0,593.64,2026,July,2,19788,0
3/23/2025,SID020,Siam Ahmed,INV2503104601,Signature Fashion,Male,CUS00119,Walk In,Beard Oil,COS010,Cosmetics,CAT002,900,21,18900,1323,17577,0,3515.4,527.31,2025,March,23,17577,3515.4
11/29/2025,SID020,Imran Hossain,INV2511104602,Infinity Style,Female,CUS00070,Online,Watch,ACC005,Accessories,CAT003,5000,42,210000,6300,203700,10185,61110,6111,2025,November,29,193515,61110
11/30/2026,SID016,Bonna Akter,INV2611104603,Fashion Avenue,Female,CUS00179,Walk In,Nail Polish,COS013,Cosmetics,CAT002,400,35,14000,420,13580,679,0,407.4,2026,November,30,12901,0
2/5/2026,SID011,Bonna Akter,INV2602104604,Modern Boutique,Female,CUS00101,Distributor,Face Mask,HYG002,Hygiene Products,CAT004,150,100,15000,0,15000,300,0,450,2026,February,5,14700,0
6/24/2026,SID013,Nayeem Hasan,INV2606104605,Glamour House,Male,CUS00025,Walk In,Men's Nightwear,APP015,Fashion Apparel,CAT001,850,91,77350,3867.5,73482.5,0,0,2204.47,2026,June,24,73482.5,0
12/3/2026,SID004,Tanvir Islam,INV2612104606,Style Corner,Both,CUS00014,Online,Face Scrub,COS027,Cosmetics,CAT002,550,21,11550,346.5,11203.5,224.07,2240.7,336.1,2026,December,3,10979.43,2240.7
1/24/2026,SID006,Imran Hossain,INV2601104607,Fashion Hub Ltd,Male,CUS00035,Distributor,Hair Dryer,COS038,Cosmetics,CAT002,4000,61,244000,7320,236680,11834,71004,7100.4,2026,January,24,224846,71004
12/21/2025,SID010,Mehedi Hasan,INV2512104608,Luxury Apparel,Female,CUS00181,Walk In,Sunscreen,COS009,Cosmetics,CAT002,1150,64,73600,0,73600,3680,0,2208,2025,December,21,69920,0
8/21/2025,SID018,Samira Akter,INV2508104609,Cosmo House,Both,CUST055,Distributor,Kids Dress,APP008,Fashion Apparel,CAT001,950,59,56050,1681.5,54368.5,2718.43,10873.7,1631.05,2025,August,21,51650.07,10873.7
2/26/2026,SID015,Sharmin Akter,INV2602104610,Classic Beauty,Both,CUST025,Corporate,Kids Dress,APP008,Fashion Apparel,CAT001,950,64,60800,4256,56544,2827.2,16963.2,1696.32,2026,February,26,53716.8,16963.2
2/18/2025,SID004,Siam Ahmed,INV2502104611,Signature Fashion,Both,CUS00056,Retail,Toothbrush,HYG006,Hygiene Products,CAT004,150,26,3900,390,3510,70.2,1053,105.3,2025,February,18,3439.8,1053
1/28/2025,SID011,Sharmin Akter,INV2501104612,Modern Style,Male,CUS00409,Walk In,Body Scrub,COS026,Cosmetics,CAT002,650,29,18850,1885,16965,848.25,0,508.95,2025,January,28,16116.75,0
4/22/2025,SID020,Nusrat Jahan,INV2504104613,Golden Fashion,Male,CUS00028,Walk In,Hair Color,COS012,Cosmetics,CAT002,1500,81,121500,8505,112995,2259.9,0,3389.85,2025,April,22,110735.1,0
1/16/2026,SID002,Bonna Akter,INV2601104614,Bloom Cosmetics,Female,CUST027,Distributor,Feminine Wash,COS022,Cosmetics,CAT002,400,93,37200,3720,33480,669.6,6696,1004.4,2026,January,16,32810.4,6696
3/17/2026,SID003,Bonna Akter,INV2603104615,Iconic Fashion,Both,CUS00231,Corporate,Toothbrush,HYG006,Hygiene Products,CAT004,150,75,11250,787.5,10462.5,523.12,2092.5,313.88,2026,March,17,9939.38,2092.5
11/24/2025,SID012,Imran Hossain,INV2511104616,Perfect Beauty,Both,CUS00005,Distributor,Women's Nightwear,APP014,Fashion Apparel,CAT001,800,14,11200,0,11200,0,3360,336,2025,November,24,11200,3360
10/21/2026,SID018,Sabbir Ahmed,INV2610104617,Glow & Shine,Both,CUS00492,Retail,Diapers,HYG012,Hygiene Products,CAT004,800,68,54400,1632,52768,0,15830.4,1583.04,2026,October,21,52768,15830.4
2/9/2025,SID020,Nusrat Jahan,INV2502104618,Perfect Beauty,Both,CUS00273,Corporate,Scarf,ACC006,Accessories,CAT003,900,73,65700,3285,62415,0,0,1872.45,2025,February,9,62415,0
5/16/2026,SID003,Sabbir Ahmed,INV2605104619,Elegant Boutique,Female,CUS00093,Online,Face Scrub,COS027,Cosmetics,CAT002,550,29,15950,797.5,15152.5,0,0,454.57,2026,May,16,15152.5,0
10/29/2026,SID009,Arif Hossain,INV2610104620,Glamour House,Female,CUS00232,Corporate,Women's Top,APP006,Fashion Apparel,CAT001,1200,36,43200,0,43200,864,0,1296,2026,October,29,42336,0
10/1/2025,SID017,Shakil Khan,INV2510104621,Rainbow Apparel,Both,CUS00076,Retail,Shaving Cream,COS021,Cosmetics,CAT002,350,66,23100,0,23100,1155,0,693,2025,October,1,21945,0
5/16/2025,SID003,Nusrat Jahan,INV2505104622,Urban Trends,Female,CUS00237,Retail,Feminine Wash,HYG010,Hygiene Products,CAT004,400,83,33200,0,33200,0,6640,996,2025,May,16,33200,6640
5/31/2025,SID014,Arif Hossain,INV2505104623,Urban Trends,Male,CUS00319,Distributor,Watch,ACC005,Accessories,CAT003,5000,25,125000,12500,112500,5625,22500,3375,2025,May,31,106875,22500
8/28/2025,SID009,Tasnia Rahman,INV2508104624,Crystal Cosmetics,Female,CUS00298,Corporate,Face Scrub,COS027,Cosmetics,CAT002,550,89,48950,2447.5,46502.5,0,0,1395.08,2025,August,28,46502.5,0
5/26/2025,SID001,Mim Akter,INV2505104625,Dream Fashion,Male,CUS00302,Distributor,Hair Mask,COS018,Cosmetics,CAT002,1100,15,16500,1155,15345,306.9,4603.5,460.35,2025,May,26,15038.1,4603.5
5/8/2025,SID002,Shakil Khan,INV2505104626,Fashion Plus,Female,CUS00302,Distributor,Body Spray,COS011,Cosmetics,CAT002,500,86,43000,0,43000,860,12900,1290,2025,May,8,42140,12900
9/6/2025,SID007,Imran Hossain,INV2509104627,Smart Beauty,Female,CUS00276,Walk In,Women's Saree,APP005,Fashion Apparel,CAT001,3200,75,240000,0,240000,0,0,7200,2025,September,6,240000,0
1/23/2026,SID002,Mahmudul Hasan,INV2601104628,Cosmo House,Both,CUST055,Distributor,Beard Oil,COS010,Cosmetics,CAT002,900,75,67500,4725,62775,0,0,1883.25,2026,January,23,62775,0
11/11/2025,SID002,Tanvir Islam,INV2511104629,Signature Fashion,Both,CUS00063,Walk In,Hoodie,APP009,Fashion Apparel,CAT001,2500,53,132500,9275,123225,0,36967.5,3696.75,2025,November,11,123225,36967.5
1/29/2026,SID016,Tanjina Sultana,INV2601104630,Fashion Express,Both,CUS00385,Online,Scarf,ACC006,Accessories,CAT003,900,8,7200,216,6984,349.2,1396.8,209.52,2026,January,29,6634.8,1396.8
3/27/2026,SID008,Mim Akter,INV2603104631,Star Fashion,Male,CUS00276,Online,Makeup Kit,COS034,Cosmetics,CAT002,2500,22,55000,3850,51150,2557.5,10230,1534.5,2026,March,27,48592.5,10230
12/21/2025,SID001,Rashedul Islam,INV2512104632,Urban Trends,Female,CUS00133,Distributor,Foot Care Cream,HYG014,Hygiene Products,CAT004,300,81,24300,1215,23085,461.7,4617,692.55,2025,December,21,22623.3,4617
7/8/2026,SID007,Imran Hossain,INV2607104633,Fashion Central,Both,CUS00242,Online,Hair Gel,COS028,Cosmetics,CAT002,400,56,22400,672,21728,0,4345.6,651.84,2026,July,8,21728,4345.6
5/24/2025,SID001,Tanjina Sultana,INV2505104634,Fashion Gallery,Female,CUS00272,Distributor,Umbrella,ACC014,Accessories,CAT003,1200,86,103200,3096,100104,0,0,3003.12,2025,May,24,100104,0
2/16/2026,SID019,Nayeem Hasan,INV2602104635,Elegant Boutique,Female,CUS00413,Walk In,Hand Sanitizer,HYG001,Hygiene Products,CAT004,250,66,16500,0,16500,825,0,495,2026,February,16,15675,0
8/26/2026,SID012,Jannatul Ferdous,INV2608104636,Smart Collection,Female,CUS00423,Online,Shaving Cream,HYG009,Hygiene Products,CAT004,350,6,2100,147,1953,39.06,0,58.59,2026,August,26,1913.94,0
7/23/2026,SID006,Tasnia Rahman,INV2607104637,Fashion Central,Female,CUS00181,Distributor,Face Toner,COS033,Cosmetics,CAT002,500,99,49500,3465,46035,2301.75,9207,1381.05,2026,July,23,43733.25,9207
1/6/2025,SID020,Mehedi Hasan,INV2501104638,Star Fashion,Male,CUS00353,Walk In,Body Oil,COS040,Cosmetics,CAT002,800,58,46400,1392,45008,2250.4,13502.4,1350.24,2025,January,6,42757.6,13502.4
5/24/2025,SID020,Mahmudul Hasan,INV2505104639,Metro Fashion,Female,CUS00446,Retail,Footwear,ACC011,Accessories,CAT003,2500,95,237500,11875,225625,11281.25,45125,6768.75,2025,May,24,214343.75,45125
8/29/2025,SID015,Shuvo Das,INV2508104640,Modern Boutique,Male,CUS00021,Corporate,Face Scrub,COS027,Cosmetics,CAT002,550,80,44000,4400,39600,792,0,1188,2025,August,29,38808,0
4/4/2026,SID005,Shuvo Das,INV2604104641,Royal Cosmetics,Both,CUS00295,Retail,Wallet,ACC002,Accessories,CAT003,1200,10,12000,840,11160,558,2232,334.8,2026,April,4,10602,2232
12/30/2026,SID017,Rakib Hasan,INV2612104642,Fashion World,Male,CUS00169,Corporate,Hand Sanitizer,HYG001,Hygiene Products,CAT004,250,8,2000,200,1800,90,540,54,2026,December,30,1710,540
10/22/2025,SID002,Tasnia Rahman,INV2510104643,Crystal Cosmetics,Both,CUS00338,Corporate,Hoodie,APP009,Fashion Apparel,CAT001,2500,83,207500,14525,192975,3859.5,57892.5,5789.25,2025,October,22,189115.5,57892.5
6/6/2026,SID007,Abdullah Al Mamun,INV2606104644,Shine Collection,Both,CUS00283,Online,Shaving Cream,HYG009,Hygiene Products,CAT004,350,31,10850,325.5,10524.5,526.23,3157.35,315.74,2026,June,6,9998.27,3157.35
6/28/2025,SID003,Mehedi Hasan,INV2506104645,Style World,Male,CUS00368,Corporate,Body Lotion,COS004,Cosmetics,CAT002,650,11,7150,0,7150,357.5,2145,214.5,2025,June,28,6792.5,2145
1/1/2026,SID020,Sharmin Akter,INV2601104646,Perfect Beauty,Female,CUS00269,Online,Handbag,ACC001,Accessories,CAT003,3500,6,21000,630,20370,1018.5,0,611.1,2026,January,1,19351.5,0
12/19/2026,SID019,Mim Akter,INV2612104647,Style Corner,Female,CUS00257,Walk In,Bra & Panty Set,APP013,Fashion Apparel,CAT001,900,5,4500,315,4185,209.25,837,125.55,2026,December,19,3975.75,837
2/25/2026,SID005,Nayeem Hasan,INV2602104648,Modern Style,Male,CUS00175,Distributor,Men Polo Shirt,APP002,Fashion Apparel,CAT001,1100,46,50600,5060,45540,2277,9108,1366.2,2026,February,25,43263,9108
12/13/2025,SID001,Imran Hossain,INV2512104649,Crystal Cosmetics,Female,CUS00257,Walk In,Women's Leggings,APP012,Fashion Apparel,CAT001,1300,86,111800,0,111800,2236,33540,3354,2025,December,13,109564,33540
8/2/2025,SID002,Shakil Khan,INV2508104650,Beauty Point,Female,CUST066,Corporate,Mouthwash,HYG007,Hygiene Products,CAT004,300,35,10500,1050,9450,472.5,0,283.5,2025,August,2,8977.5,0
1/18/2025,SID015,Imran Hossain,INV2501104651,Prime Collection,Male,CUS00045,Corporate,Foot Care Cream,HYG014,Hygiene Products,CAT004,300,28,8400,420,7980,159.6,0,239.4,2025,January,18,7820.4,0
8/26/2026,SID008,Mehedi Hasan,INV2608104652,Iconic Fashion,Female,CUS00210,Walk In,Deodorant,COS016,Cosmetics,CAT002,450,7,3150,0,3150,63,630,94.5,2026,August,26,3087,630
7/16/2026,SID003,Tanjina Sultana,INV2607104653,Signature Fashion,Female,CUS00133,Retail,Men's Innerwear,APP016,Fashion Apparel,CAT001,700,79,55300,1659,53641,2682.05,0,1609.23,2026,July,16,50958.95,0
12/21/2026,SID007,Siam Ahmed,INV2612104654,Fashion World,Male,CUS00436,Walk In,Hair Accessories,ACC010,Accessories,CAT003,400,94,37600,2632,34968,699.36,6993.6,1049.04,2026,December,21,34268.64,6993.6
6/5/2026,SID016,Nayeem Hasan,INV2606104655,Prime Collection,Female,CUS00057,Distributor,Women's Top,APP006,Fashion Apparel,CAT001,1200,78,93600,9360,84240,0,0,2527.2,2026,June,5,84240,0
8/10/2025,SID018,Nayeem Hasan,INV2508104656,Fashion Plus,Male,CUS00213,Retail,Gloves,ACC008,Accessories,CAT003,600,75,45000,2250,42750,855,0,1282.5,2025,August,10,41895,0
3/1/2026,SID014,Abdullah Al Mamun,INV2603104657,Style Corner,Both,CUS00399,Online,Hair Serum,COS006,Cosmetics,CAT002,1200,62,74400,2232,72168,1443.36,0,2165.04,2026,March,1,70724.64,0
2/27/2026,SID007,Siam Ahmed,INV2602104658,Rainbow Apparel,Female,CUS00371,Retail,Jacket,APP010,Fashion Apparel,CAT001,3800,51,193800,13566,180234,0,0,5407.02,2026,February,27,180234,0
6/23/2026,SID015,Nayeem Hasan,INV2606104659,Glamour Point,Male,CUS00169,Corporate,Lipstick,COS002,Cosmetics,CAT002,850,10,8500,595,7905,158.1,2371.5,237.15,2026,June,23,7746.9,2371.5
9/12/2025,SID020,Jannatul Ferdous,INV2509104660,Dream Fashion,Male,CUS00483,Walk In,Shaving Cream,COS021,Cosmetics,CAT002,350,78,27300,819,26481,0,7944.3,794.43,2025,September,12,26481,7944.3
5/21/2025,SID013,Jannatul Ferdous,INV2505104661,Royal Style,Male,CUS00152,Walk In,Face Scrub,COS027,Cosmetics,CAT002,550,61,33550,0,33550,671,6710,1006.5,2025,May,21,32879,6710
4/2/2025,SID020,Mim Akter,INV2504104662,Nova Cosmetics,Both,CUS00090,Walk In,Gloves,ACC008,Accessories,CAT003,600,10,6000,0,6000,300,1800,180,2025,April,2,5700,1800
10/30/2026,SID013,Siam Ahmed,INV2610104663,Royal Style,Female,CUS00478,Distributor,Footwear,ACC011,Accessories,CAT003,2500,50,125000,12500,112500,0,33750,3375,2026,October,30,112500,33750
4/7/2025,SID013,Sadia Afrin,INV2504104664,Fashion Point,Male,CUS00320,Online,Hair Serum,COS006,Cosmetics,CAT002,1200,54,64800,4536,60264,0,0,1807.92,2025,April,7,60264,0
8/18/2026,SID005,Mahmudul Hasan,INV2608104665,Elite Fashion,Female,CUS00253,Retail,Shaving Cream,HYG009,Hygiene Products,CAT004,350,53,18550,1855,16695,0,3339,500.85,2026,August,18,16695,3339
3/6/2025,SID018,Jannatul Ferdous,INV2503104666,Blue Sky Fashion,Both,CUST014,Online,Sunglasses,ACC004,Accessories,CAT003,1500,5,7500,750,6750,0,0,202.5,2025,March,6,6750,0
10/3/2026,SID015,Abdullah Al Mamun,INV2610104667,Beauty Avenue,Female,CUST049,Distributor,Makeup Kit,COS034,Cosmetics,CAT002,2500,36,90000,2700,87300,1746,0,2619,2026,October,3,85554,0
7/3/2026,SID020,Samira Akter,INV2607104668,Glamour Point,Male,CUS00217,Online,Sunscreen,COS009,Cosmetics,CAT002,1150,44,50600,0,50600,2530,10120,1518,2026,July,3,48070,10120
2/25/2026,SID004,Sharmin Akter,INV2602104669,Bloom Cosmetics,Female,CUST027,Distributor,Toothpaste,HYG005,Hygiene Products,CAT004,200,78,15600,0,15600,312,3120,468,2026,February,25,15288,3120
6/13/2026,SID005,Mim Akter,INV2606104670,Metro Fashion,Male,CUS00278,Online,Umbrella,ACC014,Accessories,CAT003,1200,23,27600,1932,25668,513.36,7700.4,770.04,2026,June,13,25154.64,7700.4
1/20/2025,SID006,Siam Ahmed,INV2501104671,Style Corner,Female,CUS00365,Retail,Feminine Wash,COS022,Cosmetics,CAT002,400,65,26000,2600,23400,1170,0,702,2025,January,20,22230,0
9/14/2025,SID016,Mim Akter,INV2509104672,Cosmetics Central,Female,CUST058,Distributor,Shaving Cream,HYG009,Hygiene Products,CAT004,350,32,11200,0,11200,224,2240,336,2025,September,14,10976,2240
11/19/2025,SID006,Imran Hossain,INV2511104673,Premium Beauty,Both,CUS00159,Walk In,Deodorant,HYG008,Hygiene Products,CAT004,450,79,35550,2488.5,33061.5,0,9918.45,991.84,2025,November,19,33061.5,9918.45
7/27/2025,SID010,Siam Ahmed,INV2507104674,Smart Beauty,Male,CUS00106,Corporate,Body Spray,COS011,Cosmetics,CAT002,500,20,10000,1000,9000,450,0,270,2025,July,27,8550,0
12/8/2026,SID001,Abdullah Al Mamun,INV2612104675,Trendy Boutique,Both,CUS00471,Retail,Hair Conditioner,COS032,Cosmetics,CAT002,750,83,62250,3112.5,59137.5,1182.75,11827.5,1774.12,2026,December,8,57954.75,11827.5
12/6/2025,SID006,Siam Ahmed,INV2512104676,Rainbow Apparel,Both,CUS00146,Walk In,Hoodie,APP009,Fashion Apparel,CAT001,2500,7,17500,0,17500,875,0,525,2025,December,6,16625,0
2/2/2026,SID014,Nusrat Jahan,INV2602104677,Cosmetics Central,Female,CUST058,Distributor,Men Jeans,APP003,Fashion Apparel,CAT001,2200,70,154000,0,154000,7700,46200,4620,2026,February,2,146300,46200
10/13/2025,SID005,Sharmin Akter,INV2510104678,Beauty World,Male,CUST010,Distributor,Baby Wipes,HYG011,Hygiene Products,CAT004,250,29,7250,507.5,6742.5,0,1348.5,202.28,2025,October,13,6742.5,1348.5
7/21/2025,SID004,Rakib Hasan,INV2507104679,Royal Cosmetics,Male,CUS00401,Corporate,Women's Saree,APP005,Fashion Apparel,CAT001,3200,38,121600,0,121600,2432,24320,3648,2025,July,21,119168,24320
12/9/2025,SID003,Tanvir Islam,INV2512104680,Shine Collection,Female,CUS00072,Online,Diapers,HYG012,Hygiene Products,CAT004,800,51,40800,2856,37944,758.88,11383.2,1138.32,2025,December,9,37185.12,11383.2
9/24/2026,SID017,Nayeem Hasan,INV2609104681,Grace Boutique,Male,CUS00347,Retail,Women's Kurti,APP004,Fashion Apparel,CAT001,1800,33,59400,5940,53460,2673,0,1603.8,2026,September,24,50787,0
1/16/2026,SID018,Shakil Khan,INV2601104682,Glamour House,Both,CUS00082,Distributor,Personal Lubricant,COS039,Cosmetics,CAT002,350,47,16450,822.5,15627.5,312.55,4688.25,468.82,2026,January,16,15314.95,4688.25
11/12/2026,SID020,Mehedi Hasan,INV2611104683,Beauty Point,Female,CUST066,Corporate,Body Wash,COS030,Cosmetics,CAT002,600,77,46200,0,46200,2310,13860,1386,2026,November,12,43890,13860
4/8/2025,SID010,Tasnia Rahman,INV2504104684,Smart Beauty,Female,CUS00052,Distributor,Body Scrub,COS026,Cosmetics,CAT002,650,71,46150,4615,41535,830.7,0,1246.05,2025,April,8,40704.3,0
8/26/2025,SID008,Rakib Hasan,INV2508104685,Fashion Hub Ltd,Male,CUS00086,Retail,Underarm Whitening Cream,HYG015,Hygiene Products,CAT004,500,76,38000,0,38000,760,7600,1140,2025,August,26,37240,7600
10/29/2025,SID015,Mim Akter,INV2510104686,Nova Cosmetics,Both,CUS00006,Retail,Jacket,APP010,Fashion Apparel,CAT001,3800,7,26600,0,26600,532,5320,798,2025,October,29,26068,5320
7/2/2025,SID001,Arif Hossain,INV2507104687,Bloom Cosmetics,Female,CUST027,Distributor,Hand Sanitizer,HYG001,Hygiene Products,CAT004,250,88,22000,2200,19800,990,3960,594,2025,July,2,18810,3960
6/6/2026,SID002,Tanvir Islam,INV2606104688,Modern Style,Female,CUS00452,Corporate,Kids Dress,APP008,Fashion Apparel,CAT001,950,99,94050,9405,84645,4232.25,16929,2539.35,2026,June,6,80412.75,16929
8/18/2026,SID016,Bonna Akter,INV2608104689,Glamour Point,Male,CUS00088,Corporate,Foot Care Cream,HYG014,Hygiene Products,CAT004,300,83,24900,0,24900,498,4980,747,2026,August,18,24402,4980
2/2/2025,SID007,Siam Ahmed,INV2502104690,Luxury Apparel,Female,CUS00193,Retail,Hoodie,APP009,Fashion Apparel,CAT001,2500,62,155000,0,155000,7750,31000,4650,2025,February,2,147250,31000
8/10/2026,SID018,Mehedi Hasan,INV2608104691,Beauty Point,Female,CUST066,Corporate,Scarf,ACC006,Accessories,CAT003,900,74,66600,1998,64602,0,0,1938.06,2026,August,10,64602,0
2/26/2025,SID001,Samira Akter,INV2502104692,Trendy Shop,Female,CUS00203,Walk In,Men T-Shirt,APP001,Fashion Apparel,CAT001,750,52,39000,0,39000,780,11700,1170,2025,February,26,38220,11700
6/14/2026,SID012,Farzana Akter,INV2606104693,Metro Fashion,Both,CUS00185,Walk In,Men's Innerwear,APP016,Fashion Apparel,CAT001,700,81,56700,0,56700,0,0,1701,2026,June,14,56700,0
11/15/2026,SID001,Tasnia Rahman,INV2611104694,Cosmetics World,Female,CUS00150,Retail,Hair Removal Cream,HYG013,Hygiene Products,CAT004,450,39,17550,877.5,16672.5,0,5001.75,500.17,2026,November,15,16672.5,5001.75
4/5/2025,SID002,Samira Akter,INV2504104695,Fashion Express,Female,CUS00345,Distributor,Deodorant,HYG008,Hygiene Products,CAT004,450,55,24750,0,24750,0,0,742.5,2025,April,5,24750,0
12/25/2025,SID011,Samira Akter,INV2512104696,Wonder Collection,Male,CUS00225,Distributor,Beard Oil,COS010,Cosmetics,CAT002,900,15,13500,0,13500,675,2700,405,2025,December,25,12825,2700
4/21/2025,SID014,Tanvir Islam,INV2504104697,Modern Boutique,Female,CUS00247,Online,Personal Lubricant,COS039,Cosmetics,CAT002,350,57,19950,0,19950,0,3990,598.5,2025,April,21,19950,3990
11/9/2025,SID016,Tanvir Islam,INV2511104698,Trendy Boutique,Both,CUS00241,Online,Baby Wipes,HYG011,Hygiene Products,CAT004,250,41,10250,0,10250,0,3075,307.5,2025,November,9,10250,3075
9/18/2025,SID006,Jannatul Ferdous,INV2509104699,Cosmetics Central,Female,CUST058,Distributor,Women's Top,APP006,Fashion Apparel,CAT001,1200,51,61200,4284,56916,2845.8,0,1707.48,2025,September,18,54070.2,0
2/9/2026,SID010,Imran Hossain,INV2602104700,Beauty Express,Male,CUST002,Online,Body Wash,COS030,Cosmetics,CAT002,600,53,31800,2226,29574,1478.7,5914.8,887.22,2026,February,9,28095.3,5914.8
7/7/2026,SID001,Imran Hossain,INV2607104701,Cosmetics Plus,Female,CUS00436,Corporate,Underarm Whitening Cream,HYG015,Hygiene Products,CAT004,500,43,21500,0,21500,0,0,645,2026,July,7,21500,0
10/2/2025,SID012,Tanjina Sultana,INV2510104702,Prime Collection,Female,CUS00059,Distributor,Shaving Cream,COS021,Cosmetics,CAT002,350,88,30800,1540,29260,585.2,5852,877.8,2025,October,2,28674.8,5852
4/13/2025,SID011,Rafiul Karim,INV2504104703,Iconic Fashion,Both,CUS00014,Corporate,Hair Straightener,COS035,Cosmetics,CAT002,3500,83,290500,20335,270165,5403.3,81049.5,8104.95,2025,April,13,264761.7,81049.5
7/7/2025,SID007,Tasnia Rahman,INV2507104704,Elegant Boutique,Female,CUS00238,Online,Men's Innerwear,APP016,Fashion Apparel,CAT001,700,18,12600,1260,11340,0,2268,340.2,2025,July,7,11340,2268
5/13/2025,SID017,Shakil Khan,INV2505104705,Style World,Both,CUS00002,Online,Feminine Wash,HYG010,Hygiene Products,CAT004,400,35,14000,1400,12600,0,0,378,2025,May,13,12600,0
8/23/2026,SID020,Abdullah Al Mamun,INV2608104706,Rainbow Apparel,Female,CUS00205,Distributor,Hoodie,APP009,Fashion Apparel,CAT001,2500,76,190000,19000,171000,8550,51300,5130,2026,August,23,162450,51300
6/9/2026,SID001,Mehedi Hasan,INV2606104707,Crystal Cosmetics,Both,CUS00452,Distributor,Underarm Whitening Cream,COS024,Cosmetics,CAT002,500,84,42000,0,42000,2100,0,1260,2026,June,9,39900,0
12/11/2026,SID011,Tanjina Sultana,INV2612104708,Signature Fashion,Female,CUS00193,Corporate,Footwear,ACC011,Accessories,CAT003,2500,48,120000,8400,111600,0,33480,3348,2026,December,11,111600,33480
12/2/2026,SID020,Jannatul Ferdous,INV2612104709,Perfect Beauty,Male,CUS00021,Online,Hand Sanitizer,HYG001,Hygiene Products,CAT004,250,21,5250,157.5,5092.5,101.85,1527.75,152.78,2026,December,2,4990.65,1527.75
12/6/2026,SID017,Tanvir Islam,INV2612104710,Glamour Point,Both,CUS00236,Distributor,Perfume,COS003,Cosmetics,CAT002,2200,8,17600,0,17600,0,0,528,2026,December,6,17600,0
3/10/2026,SID007,Sadia Afrin,INV2603104711,Cosmetics Plus,Male,CUS00389,Retail,Men's Innerwear,APP016,Fashion Apparel,CAT001,700,8,5600,0,5600,0,1120,168,2026,March,10,5600,1120
9/16/2026,SID013,Mehedi Hasan,INV2609104712,Golden Fashion,Female,CUS00468,Online,Men's Innerwear,APP016,Fashion Apparel,CAT001,700,89,62300,6230,56070,2803.5,0,1682.1,2026,September,16,53266.5,0
7/31/2025,SID003,Rakib Hasan,INV2507104713,Glamour Point,Male,CUS00377,Retail,Kids T-Shirt,APP007,Fashion Apparel,CAT001,650,24,15600,1092,14508,725.4,4352.4,435.24,2025,July,31,13782.6,4352.4
8/19/2025,SID020,Nayeem Hasan,INV2508104714,Blue Sky Fashion,Both,CUST014,Online,Makeup Kit,COS034,Cosmetics,CAT002,2500,86,215000,6450,208550,4171,62565,6256.5,2025,August,19,204379,62565
11/30/2026,SID009,Mehedi Hasan,INV2611104715,Glamour House,Both,CUS00283,Distributor,Deodorant,HYG008,Hygiene Products,CAT004,450,5,2250,0,2250,112.5,450,67.5,2026,November,30,2137.5,450
7/7/2025,SID013,Rafiul Karim,INV2507104716,Wonder Collection,Male,CUS00157,Corporate,Nail Polish,COS013,Cosmetics,CAT002,400,58,23200,696,22504,450.08,0,675.12,2025,July,7,22053.92,0
3/17/2025,SID016,Tanvir Islam,INV2503104717,Modern Boutique,Both,CUS00339,Corporate,Disinfectant Spray,HYG003,Hygiene Products,CAT004,400,12,4800,240,4560,91.2,0,136.8,2025,March,17,4468.8,0
11/12/2026,SID020,Mim Akter,INV2611104718,Beauty Point,Female,CUST066,Corporate,Hair Spray,COS029,Cosmetics,CAT002,450,8,3600,108,3492,174.6,0,104.76,2026,November,12,3317.4,0
1/20/2026,SID017,Rakib Hasan,INV2601104719,Pink Beauty,Male,CUS00137,Distributor,Sunglasses,ACC004,Accessories,CAT003,1500,21,31500,2205,29295,0,0,878.85,2026,January,20,29295,0
11/27/2026,SID020,Tanjina Sultana,INV2611104720,Fashion Plus,Male,CUS00138,Online,Compact Powder,COS008,Cosmetics,CAT002,800,40,32000,1600,30400,0,0,912,2026,November,27,30400,0
6/9/2026,SID014,Abdullah Al Mamun,INV2606104721,Urban Beauty,Female,CUS00245,Online,Jacket,APP010,Fashion Apparel,CAT001,3800,40,152000,4560,147440,2948.8,44232,4423.2,2026,June,9,144491.2,44232
1/28/2025,SID016,Mim Akter,INV2501104722,Lily Boutique,Female,CUS00461,Walk In,Feminine Wash,HYG010,Hygiene Products,CAT004,400,73,29200,0,29200,0,0,876,2025,January,28,29200,0
1/13/2026,SID018,Tanvir Islam,INV2601104723,Beauty Avenue,Female,CUST049,Distributor,Body Wash,COS030,Cosmetics,CAT002,600,80,48000,0,48000,960,9600,1440,2026,January,13,47040,9600
11/21/2025,SID018,Nusrat Jahan,INV2511104724,Cosmo House,Both,CUST055,Distributor,Women's Leggings,APP012,Fashion Apparel,CAT001,1300,55,71500,7150,64350,3217.5,19305,1930.5,2025,November,21,61132.5,19305
1/8/2025,SID010,Rashedul Islam,INV2501104725,Diamond Cosmetics,Both,CUS00218,Online,Compact Powder,COS008,Cosmetics,CAT002,800,30,24000,720,23280,465.6,4656,698.4,2025,January,8,22814.4,4656
6/21/2025,SID008,Mahmudul Hasan,INV2506104726,Blue Sky Fashion,Both,CUST014,Online,Face Scrub,COS027,Cosmetics,CAT002,550,92,50600,5060,45540,2277,13662,1366.2,2025,June,21,43263,13662
11/8/2026,SID004,Imran Hossain,INV2611104727,Nova Cosmetics,Both,CUS00324,Walk In,Disinfectant Spray,HYG003,Hygiene Products,CAT004,400,82,32800,3280,29520,1476,0,885.6,2026,November,8,28044,0
8/13/2026,SID006,Tanjina Sultana,INV2608104728,Fresh Look,Female,CUS00156,Retail,Men Shirt,APP017,Fashion Apparel,CAT001,1600,82,131200,13120,118080,2361.6,35424,3542.4,2026,August,13,115718.4,35424
2/6/2025,SID004,Sharmin Akter,INV2502104729,Modern Style,Female,CUS00301,Corporate,Hair Serum,COS006,Cosmetics,CAT002,1200,12,14400,720,13680,0,2736,410.4,2025,February,6,13680,2736
5/19/2025,SID017,Sabbir Ahmed,INV2505104730,Shine Collection,Both,CUS00061,Corporate,Hat,ACC007,Accessories,CAT003,700,59,41300,2065,39235,1961.75,11770.5,1177.05,2025,May,19,37273.25,11770.5
8/13/2026,SID008,Bonna Akter,INV2608104731,Beauty Express,Male,CUST002,Online,Lipstick,COS002,Cosmetics,CAT002,850,80,68000,4760,63240,3162,18972,1897.2,2026,August,13,60078,18972
4/26/2026,SID003,Sabbir Ahmed,INV2604104732,Shine Collection,Female,CUS00243,Corporate,Women's Leggings,APP012,Fashion Apparel,CAT001,1300,87,113100,0,113100,0,33930,3393,2026,April,26,113100,33930
1/19/2026,SID013,Bonna Akter,INV2601104733,Smart Beauty,Both,CUS00278,Retail,Jewelry Set,ACC009,Accessories,CAT003,4500,40,180000,9000,171000,3420,0,5130,2026,January,19,167580,0
8/5/2025,SID010,Tasnia Rahman,INV2508104734,Cosmetics World,Both,CUS00328,Distributor,Baby Wipes,HYG011,Hygiene Products,CAT004,250,52,13000,1300,11700,585,0,351,2025,August,5,11115,0
8/13/2025,SID011,Imran Hossain,INV2508104735,Elegant Boutique,Female,CUS00324,Walk In,Men's Innerwear,APP016,Fashion Apparel,CAT001,700,74,51800,5180,46620,932.4,9324,1398.6,2025,August,13,45687.6,9324
5/25/2025,SID001,Farzana Akter,INV2505104736,Golden Fashion,Female,CUS00426,Online,Hair Conditioner,COS032,Cosmetics,CAT002,750,98,73500,5145,68355,1367.1,0,2050.65,2025,May,25,66987.9,0
12/29/2025,SID016,Nayeem Hasan,INV2512104737,Fashion Point,Male,CUS00157,Online,Makeup Remover,COS015,Cosmetics,CAT002,550,97,53350,1600.5,51749.5,1034.99,0,1552.48,2025,December,29,50714.51,0
6/6/2026,SID018,Sharmin Akter,INV2606104738,Classic Beauty,Both,CUST025,Corporate,Compact Powder,COS008,Cosmetics,CAT002,800,37,29600,888,28712,1435.6,8613.6,861.36,2026,June,6,27276.4,8613.6
8/3/2025,SID004,Rakib Hasan,INV2508104739,Metro Fashion,Female,CUS00379,Retail,Face Scrub,COS027,Cosmetics,CAT002,550,54,29700,0,29700,594,8910,891,2025,August,3,29106,8910
6/14/2026,SID018,Nusrat Jahan,INV2606104740,Glamour Point,Male,CUS00195,Walk In,Bra & Panty Set,APP013,Fashion Apparel,CAT001,900,38,34200,1026,33174,1658.7,6634.8,995.22,2026,June,14,31515.3,6634.8
5/13/2026,SID011,Arif Hossain,INV2605104741,Fashion World,Male,CUS00298,Retail,Aftershave,COS019,Cosmetics,CAT002,800,47,37600,0,37600,0,11280,1128,2026,May,13,37600,11280
10/19/2025,SID017,Shakil Khan,INV2510104742,Urban Beauty,Male,CUS00003,Online,Scarf,ACC006,Accessories,CAT003,900,61,54900,5490,49410,988.2,0,1482.3,2025,October,19,48421.8,0
9/28/2025,SID002,Rashedul Islam,INV2509104743,Chic Collection,Male,CUST050,Online,Hair Removal Cream,HYG013,Hygiene Products,CAT004,450,72,32400,3240,29160,1458,0,874.8,2025,September,28,27702,0
6/19/2025,SID011,Samira Akter,INV2506104744,Classic Apparel,Female,CUST003,Walk In,Shaving Cream,COS021,Cosmetics,CAT002,350,92,32200,2254,29946,1497.3,5989.2,898.38,2025,June,19,28448.7,5989.2
1/19/2026,SID001,Rafiul Karim,INV2601104745,Unique Collection,Male,CUS00135,Corporate,Handbag,ACC001,Accessories,CAT003,3500,52,182000,0,182000,0,36400,5460,2026,January,19,182000,36400
6/13/2026,SID008,Sabbir Ahmed,INV2606104746,Star Fashion,Both,CUS00449,Walk In,Beard Oil,COS010,Cosmetics,CAT002,900,71,63900,0,63900,3195,12780,1917,2026,June,13,60705,12780
1/12/2025,SID009,Sharmin Akter,INV2501104747,Grace Boutique,Both,CUS00489,Distributor,Makeup Kit,COS034,Cosmetics,CAT002,2500,20,50000,5000,45000,0,13500,1350,2025,January,12,45000,13500
3/8/2025,SID014,Siam Ahmed,INV2503104748,Iconic Fashion,Both,CUS00397,Distributor,Keychain,ACC015,Accessories,CAT003,300,47,14100,423,13677,0,4103.1,410.31,2025,March,8,13677,4103.1
1/15/2025,SID005,Sharmin Akter,INV2501104749,Grace Boutique,Both,CUS00287,Online,Feminine Wash,HYG010,Hygiene Products,CAT004,400,30,12000,0,12000,600,2400,360,2025,January,15,11400,2400
7/17/2026,SID002,Samira Akter,INV2607104750,Elegant Boutique,Female,CUS00495,Distributor,Feminine Wash,COS022,Cosmetics,CAT002,400,53,21200,636,20564,0,6169.2,616.92,2026,July,17,20564,6169.2
10/25/2025,SID008,Mehedi Hasan,INV2510104751,Fashion Gallery,Female,CUS00269,Distributor,Hand Sanitizer,HYG001,Hygiene Products,CAT004,250,74,18500,555,17945,897.25,3589,538.35,2025,October,25,17047.75,3589
12/23/2026,SID009,Nusrat Jahan,INV2612104752,Prime Collection,Female,CUS00363,Distributor,Women's Skirt,APP011,Fashion Apparel,CAT001,1500,45,67500,3375,64125,1282.5,19237.5,1923.75,2026,December,23,62842.5,19237.5
12/16/2025,SID008,Sadia Afrin,INV2512104753,Urban Avenue,Female,CUS00059,Online,Hoodie,APP009,Fashion Apparel,CAT001,2500,99,247500,0,247500,12375,49500,7425,2025,December,16,235125,49500
4/22/2025,SID006,Mahmudul Hasan,INV2504104754,Elegant Choice,Male,CUS00209,Corporate,Feminine Wash,COS022,Cosmetics,CAT002,400,32,12800,896,11904,238.08,0,357.12,2025,April,22,11665.92,0
11/29/2026,SID011,Farzana Akter,INV2611104755,New Era Fashion,Female,CUS00198,Corporate,Nail Polish,COS013,Cosmetics,CAT002,400,12,4800,336,4464,89.28,1339.2,133.92,2026,November,29,4374.72,1339.2
12/10/2026,SID007,Siam Ahmed,INV2612104756,Wonder Collection,Female,CUS00074,Corporate,Feminine Wash,COS022,Cosmetics,CAT002,400,90,36000,1080,34920,1746,0,1047.6,2026,December,10,33174,0
2/23/2026,SID010,Mim Akter,INV2602104757,Fashion Gallery,Both,CUS00054,Walk In,Condom,COS036,Cosmetics,CAT002,300,52,15600,1092,14508,290.16,2901.6,435.24,2026,February,23,14217.84,2901.6
4/20/2025,SID008,Rashedul Islam,INV2504104758,Unique Collection,Male,CUS00100,Online,Luggage,ACC013,Accessories,CAT003,8000,25,200000,20000,180000,3600,54000,5400,2025,April,20,176400,54000
7/27/2025,SID013,Sadia Afrin,INV2507104759,Beauty Point,Female,CUST066,Corporate,After Sun Lotion,COS031,Cosmetics,CAT002,700,33,23100,693,22407,0,6722.1,672.21,2025,July,27,22407,6722.1
8/24/2026,SID012,Mim Akter,INV2608104760,Glamour House,Female,CUS00064,Corporate,Face Scrub,COS027,Cosmetics,CAT002,550,37,20350,2035,18315,915.75,0,549.45,2026,August,24,17399.25,0
1/10/2025,SID016,Nayeem Hasan,INV2501104761,Classic Apparel,Female,CUST003,Walk In,Face Toner,COS033,Cosmetics,CAT002,500,74,37000,2590,34410,688.2,10323,1032.3,2025,January,10,33721.8,10323
10/26/2025,SID015,Sabbir Ahmed,INV2510104762,Beauty Express,Male,CUST002,Online,Deodorant,HYG008,Hygiene Products,CAT004,450,57,25650,1795.5,23854.5,0,7156.35,715.63,2025,October,26,23854.5,7156.35
4/26/2026,SID019,Abdullah Al Mamun,INV2604104763,Modern Style,Both,CUS00152,Online,Toothbrush,HYG006,Hygiene Products,CAT004,150,42,6300,189,6111,0,1222.2,183.33,2026,April,26,6111,1222.2
10/13/2026,SID005,Farzana Akter,INV2610104764,NextGen Fashion,Female,CUS00228,Online,Mouthwash,HYG007,Hygiene Products,CAT004,300,44,13200,924,12276,245.52,3682.8,368.28,2026,October,13,12030.48,3682.8
1/12/2025,SID010,Sabbir Ahmed,INV2501104765,Cosmo House,Both,CUST055,Distributor,Foot Care Cream,HYG014,Hygiene Products,CAT004,300,18,5400,0,5400,0,1080,162,2025,January,12,5400,1080
5/25/2025,SID011,Sabbir Ahmed,INV2505104766,Perfect Beauty,Male,CUS00336,Walk In,Handbag,ACC001,Accessories,CAT003,3500,8,28000,0,28000,1400,8400,840,2025,May,25,26600,8400
9/16/2026,SID013,Sabbir Ahmed,INV2609104767,Crystal Cosmetics,Female,CUS00358,Corporate,Sanitary Napkins,HYG004,Hygiene Products,CAT004,350,45,15750,1575,14175,283.5,2835,425.25,2026,September,16,13891.5,2835
11/30/2026,SID015,Shakil Khan,INV2611104768,Nova Cosmetics,Male,CUS00306,Retail,Body Wash,COS030,Cosmetics,CAT002,600,24,14400,0,14400,0,4320,432,2026,November,30,14400,4320
10/11/2026,SID020,Mahmudul Hasan,INV2610104769,Pink Beauty,Female,CUS00275,Corporate,Bra & Panty Set,APP013,Fashion Apparel,CAT001,900,74,66600,3330,63270,1265.4,0,1898.1,2026,October,11,62004.6,0
9/7/2025,SID015,Rashedul Islam,INV2509104770,Luxury Apparel,Male,CUS00409,Retail,Hair Spray,COS029,Cosmetics,CAT002,450,49,22050,1543.5,20506.5,0,4101.3,615.19,2025,September,7,20506.5,4101.3
3/16/2025,SID011,Bonna Akter,INV2503104771,Style Corner,Female,CUS00078,Walk In,Men T-Shirt,APP001,Fashion Apparel,CAT001,750,39,29250,2047.5,27202.5,1360.12,8160.75,816.07,2025,March,16,25842.38,8160.75
12/19/2025,SID007,Nayeem Hasan,INV2512104772,Fashion Plus,Both,CUS00216,Corporate,Men's Nightwear,APP015,Fashion Apparel,CAT001,850,42,35700,1071,34629,692.58,6925.8,1038.87,2025,December,19,33936.42,6925.8
7/20/2025,SID009,Sabbir Ahmed,INV2507104773,Smart Collection,Female,CUS00179,Retail,Foot Care Cream,COS023,Cosmetics,CAT002,300,12,3600,252,3348,0,669.6,100.44,2025,July,20,3348,669.6
3/19/2026,SID020,Nusrat Jahan,INV2603104774,Blue Sky Fashion,Both,CUST014,Online,Face Cream,COS007,Cosmetics,CAT002,950,92,87400,8740,78660,3933,15732,2359.8,2026,March,19,74727,15732
3/3/2026,SID018,Nayeem Hasan,INV2603104775,Fashion Avenue,Male,CUS00227,Retail,Feminine Wash,COS022,Cosmetics,CAT002,400,54,21600,648,20952,1047.6,0,628.56,2026,March,3,19904.4,0
4/9/2025,SID013,Tasnia Rahman,INV2504104776,Golden Fashion,Male,CUS00179,Corporate,Jacket,APP010,Fashion Apparel,CAT001,3800,5,19000,570,18430,921.5,5529,552.9,2025,April,9,17508.5,5529
6/19/2026,SID008,Rafiul Karim,INV2606104777,Shine Collection,Male,CUS00195,Distributor,Feminine Wash,COS022,Cosmetics,CAT002,400,6,2400,0,2400,48,480,72,2026,June,19,2352,480
1/31/2025,SID004,Tasnia Rahman,INV2501104778,Rainbow Apparel,Female,CUS00410,Retail,Men T-Shirt,APP001,Fashion Apparel,CAT001,750,71,53250,5325,47925,958.5,0,1437.75,2025,January,31,46966.5,0
1/7/2026,SID007,Shuvo Das,INV2601104779,Glamour House,Female,CUS00192,Corporate,Watch,ACC005,Accessories,CAT003,5000,15,75000,2250,72750,0,0,2182.5,2026,January,7,72750,0
2/5/2025,SID004,Arif Hossain,INV2502104780,Golden Fashion,Male,CUS00274,Retail,Makeup Remover,COS015,Cosmetics,CAT002,550,65,35750,2502.5,33247.5,1662.38,9974.25,997.42,2025,February,5,31585.12,9974.25
5/27/2026,SID001,Tanjina Sultana,INV2605104781,Fashion Point,Male,CUS00046,Online,Hair Accessories,ACC010,Accessories,CAT003,400,19,7600,532,7068,0,0,212.04,2026,May,27,7068,0
10/6/2026,SID002,Nusrat Jahan,INV2610104782,Urban Beauty,Male,CUS00379,Online,Jewelry Set,ACC009,Accessories,CAT003,4500,25,112500,7875,104625,0,31387.5,3138.75,2026,October,6,104625,31387.5
8/11/2025,SID001,Rakib Hasan,INV2508104783,NextGen Fashion,Both,CUS00252,Distributor,Body Oil,COS040,Cosmetics,CAT002,800,90,72000,2160,69840,0,13968,2095.2,2025,August,11,69840,13968
1/16/2025,SID008,Tasnia Rahman,INV2501104784,Beauty World,Male,CUST010,Distributor,Men's Innerwear,APP016,Fashion Apparel,CAT001,700,47,32900,3290,29610,1480.5,5922,888.3,2025,January,16,28129.5,5922
1/18/2025,SID012,Rakib Hasan,INV2501104785,Elite Collection,Both,CUS00004,Online,Hair Mask,COS018,Cosmetics,CAT002,1100,100,110000,5500,104500,5225,20900,3135,2025,January,18,99275,20900
9/15/2025,SID007,Rakib Hasan,INV2509104786,Blue Sky Fashion,Both,CUST014,Online,Feminine Wash,COS022,Cosmetics,CAT002,400,74,29600,0,29600,1480,5920,888,2025,September,15,28120,5920
5/18/2025,SID012,Tasnia Rahman,INV2505104787,Blue Sky Fashion,Both,CUST014,Online,Personal Lubricant,COS039,Cosmetics,CAT002,350,94,32900,987,31913,1595.65,9573.9,957.39,2025,May,18,30317.35,9573.9
12/2/2025,SID016,Bonna Akter,INV2512104788,Royal Style,Female,CUS00381,Corporate,Hoodie,APP009,Fashion Apparel,CAT001,2500,26,65000,6500,58500,1170,17550,1755,2025,December,2,57330,17550
1/15/2026,SID011,Sharmin Akter,INV2601104789,Blue Sky Fashion,Both,CUST014,Online,Women's Skirt,APP011,Fashion Apparel,CAT001,1500,82,123000,6150,116850,0,23370,3505.5,2026,January,15,116850,23370
12/17/2026,SID007,Tasnia Rahman,INV2612104790,Beauty Avenue,Female,CUST049,Distributor,Watch,ACC005,Accessories,CAT003,5000,100,500000,25000,475000,0,142500,14250,2026,December,17,475000,142500
5/13/2026,SID020,Rakib Hasan,INV2605104791,Fashion Point,Female,CUS00374,Corporate,Kids T-Shirt,APP007,Fashion Apparel,CAT001,650,88,57200,0,57200,1144,0,1716,2026,May,13,56056,0
3/25/2025,SID009,Mahmudul Hasan,INV2503104792,Nova Cosmetics,Male,CUS00188,Walk In,Scarf,ACC006,Accessories,CAT003,900,54,48600,4860,43740,0,13122,1312.2,2025,March,25,43740,13122
3/22/2026,SID002,Shuvo Das,INV2603104793,Smart Beauty,Both,CUS00289,Retail,Disinfectant Spray,HYG003,Hygiene Products,CAT004,400,61,24400,732,23668,1183.4,7100.4,710.04,2026,March,22,22484.6,7100.4
8/13/2026,SID010,Tasnia Rahman,INV2608104794,Apex Fashion,Female,CUST061,Walk In,Kids T-Shirt,APP007,Fashion Apparel,CAT001,650,66,42900,2145,40755,0,0,1222.65,2026,August,13,40755,0
2/19/2026,SID017,Mahmudul Hasan,INV2602104795,Classic Beauty,Both,CUST025,Corporate,Deodorant,COS016,Cosmetics,CAT002,450,8,3600,0,3600,180,1080,108,2026,February,19,3420,1080
4/8/2026,SID010,Jannatul Ferdous,INV2604104796,Royal Cosmetics,Both,CUS00385,Corporate,Disinfectant Spray,HYG003,Hygiene Products,CAT004,400,55,22000,1540,20460,409.2,0,613.8,2026,April,8,20050.8,0
4/30/2025,SID009,Shakil Khan,INV2504104797,Glamour Point,Male,CUS00119,Distributor,Diapers,HYG012,Hygiene Products,CAT004,800,55,44000,3080,40920,0,0,1227.6,2025,April,30,40920,0
4/19/2026,SID011,Tanjina Sultana,INV2604104798,Royal Cosmetics,Male,CUS00335,Distributor,Shampoo,COS005,Cosmetics,CAT002,700,40,28000,1960,26040,1302,0,781.2,2026,April,19,24738,0
12/11/2026,SID013,Sadia Afrin,INV2612104799,Urban Trends,Female,CUS00417,Walk In,Hoodie,APP009,Fashion Apparel,CAT001,2500,41,102500,10250,92250,4612.5,0,2767.5,2026,December,11,87637.5,0
4/8/2026,SID019,Mehedi Hasan,INV2604104800,Star Fashion,Female,CUS00233,Retail,Sanitary Napkins,HYG004,Hygiene Products,CAT004,350,17,5950,178.5,5771.5,288.57,0,173.14,2026,April,8,5482.93,0
9/15/2026,SID020,Sabbir Ahmed,INV2609104801,Apex Fashion,Female,CUST061,Online,Body Mist,COS037,Cosmetics,CAT002,450,46,20700,1035,19665,983.25,5899.5,589.95,2026,September,15,18681.75,5899.5
9/27/2025,SID015,Sabbir Ahmed,INV2509104802,Golden Fashion,Male,CUS00488,Walk In,Women's Skirt,APP011,Fashion Apparel,CAT001,1500,82,123000,6150,116850,2337,0,3505.5,2025,September,27,114513,0
1/31/2025,SID014,Samira Akter,INV2501104803,Beauty World,Male,CUST010,Distributor,Men Jeans,APP003,Fashion Apparel,CAT001,2200,52,114400,3432,110968,2219.36,22193.6,3329.04,2025,January,31,108748.64,22193.6
2/1/2026,SID016,Rashedul Islam,INV2602104804,Wonder Collection,Male,CUS00227,Online,Sanitary Napkins,HYG004,Hygiene Products,CAT004,350,47,16450,822.5,15627.5,0,3125.5,468.82,2026,February,1,15627.5,3125.5
7/1/2026,SID011,Shuvo Das,INV2607104805,Pink Beauty,Both,CUS00013,Retail,After Sun Lotion,COS031,Cosmetics,CAT002,700,65,45500,1365,44135,2206.75,13240.5,1324.05,2026,July,1,41928.25,13240.5
5/18/2026,SID015,Mehedi Hasan,INV2605104806,Prime Collection,Male,CUS00269,Corporate,Underarm Whitening Cream,HYG015,Hygiene Products,CAT004,500,85,42500,4250,38250,765,0,1147.5,2026,May,18,37485,0
10/19/2026,SID014,Siam Ahmed,INV2610104807,Luxury Apparel,Both,CUS00202,Corporate,Hand Sanitizer,HYG001,Hygiene Products,CAT004,250,42,10500,315,10185,203.7,3055.5,305.55,2026,October,19,9981.3,3055.5
1/20/2026,SID012,Shuvo Das,INV2601104808,Fashion Express,Female,CUS00199,Distributor,After Sun Lotion,COS031,Cosmetics,CAT002,700,61,42700,2135,40565,0,12169.5,1216.95,2026,January,20,40565,12169.5
2/11/2026,SID008,Rafiul Karim,INV2602104809,Trendy Shop,Male,CUS00060,Distributor,Hair Color,COS012,Cosmetics,CAT002,1500,35,52500,2625,49875,0,14962.5,1496.25,2026,February,11,49875,14962.5
9/13/2025,SID011,Samira Akter,INV2509104810,Classic Beauty,Both,CUST025,Corporate,Women's Kurti,APP004,Fashion Apparel,CAT001,1800,60,108000,10800,97200,1944,19440,2916,2025,September,13,95256,19440
12/12/2025,SID014,Mim Akter,INV2512104811,Fashion Avenue,Male,CUS00105,Walk In,Handbag,ACC001,Accessories,CAT003,3500,90,315000,9450,305550,6111,61110,9166.5,2025,December,12,299439,61110
2/28/2025,SID009,Sabbir Ahmed,INV2502104812,Fashion Point,Male,CUS00105,Online,Men Jeans,APP003,Fashion Apparel,CAT001,2200,83,182600,5478,177122,3542.44,35424.4,5313.66,2025,February,28,173579.56,35424.4
8/7/2026,SID010,Tasnia Rahman,INV2608104813,Bloom Cosmetics,Female,CUST027,Distributor,Wallet,ACC002,Accessories,CAT003,1200,46,55200,5520,49680,0,14904,1490.4,2026,August,7,49680,14904
8/29/2026,SID010,Shakil Khan,INV2608104814,Beauty Express,Male,CUST002,Online,Face Toner,COS033,Cosmetics,CAT002,500,79,39500,3950,35550,1777.5,10665,1066.5,2026,August,29,33772.5,10665
4/4/2025,SID017,Bonna Akter,INV2504104815,Fashion Gallery,Female,CUS00432,Corporate,Body Wash,COS030,Cosmetics,CAT002,600,52,31200,0,31200,624,6240,936,2025,April,4,30576,6240
6/1/2025,SID015,Farzana Akter,INV2506104816,Moonlight Cosmetics,Male,CUS00231,Distributor,Face Mask,HYG002,Hygiene Products,CAT004,150,81,12150,0,12150,243,3645,364.5,2025,June,1,11907,3645
7/10/2026,SID002,Shuvo Das,INV2607104817,Iconic Fashion,Female,CUS00239,Walk In,Footwear,ACC011,Accessories,CAT003,2500,49,122500,12250,110250,2205,0,3307.5,2026,July,10,108045,0
10/6/2026,SID016,Rakib Hasan,INV2610104818,Elegant Choice,Female,CUS00469,Walk In,Body Scrub,COS026,Cosmetics,CAT002,650,53,34450,3445,31005,0,0,930.15,2026,October,6,31005,0
2/23/2025,SID018,Rakib Hasan,INV2502104819,Cosmo House,Both,CUST055,Distributor,Mouthwash,HYG007,Hygiene Products,CAT004,300,67,20100,603,19497,974.85,5849.1,584.91,2025,February,23,18522.15,5849.1
10/31/2025,SID011,Sabbir Ahmed,INV2510104820,Pink Beauty,Female,CUS00314,Corporate,Body Mist,COS037,Cosmetics,CAT002,450,22,9900,693,9207,184.14,1841.4,276.21,2025,October,31,9022.86,1841.4
5/31/2025,SID004,Rakib Hasan,INV2505104821,Prime Collection,Both,CUS00248,Corporate,Sanitary Napkins,HYG004,Hygiene Products,CAT004,350,85,29750,2975,26775,1338.75,8032.5,803.25,2025,May,31,25436.25,8032.5
8/14/2026,SID018,Arif Hossain,INV2608104822,Urban Beauty,Female,CUS00416,Corporate,Men Polo Shirt,APP002,Fashion Apparel,CAT001,1100,7,7700,385,7315,0,2194.5,219.45,2026,August,14,7315,2194.5
6/23/2026,SID002,Siam Ahmed,INV2606104823,Fashion Hub Ltd,Female,CUS00112,Online,Underarm Whitening Cream,HYG015,Hygiene Products,CAT004,500,23,11500,0,11500,575,0,345,2026,June,23,10925,0
2/6/2026,SID013,Tanvir Islam,INV2602104824,Apex Fashion,Female,CUST061,Corporate,Baby Wipes,HYG011,Hygiene Products,CAT004,250,54,13500,0,13500,675,4050,405,2026,February,6,12825,4050
8/3/2025,SID008,Arif Hossain,INV2508104825,Beauty Point,Female,CUST066,Corporate,Diapers,HYG012,Hygiene Products,CAT004,800,65,52000,5200,46800,936,0,1404,2025,August,3,45864,0
2/12/2025,SID001,Nusrat Jahan,INV2502104826,Fresh Look,Both,CUS00449,Distributor,Hair Dryer,COS038,Cosmetics,CAT002,4000,92,368000,0,368000,7360,0,11040,2025,February,12,360640,0
4/27/2025,SID003,Sabbir Ahmed,INV2504104827,Grace Boutique,Both,CUS00270,Retail,Men's Nightwear,APP015,Fashion Apparel,CAT001,850,51,43350,1300.5,42049.5,840.99,0,1261.48,2025,April,27,41208.51,0
11/14/2026,SID001,Arif Hossain,INV2611104828,Elite Collection,Male,CUS00395,Corporate,Jacket,APP010,Fashion Apparel,CAT001,3800,95,361000,18050,342950,6859,102885,10288.5,2026,November,14,336091,102885
1/9/2026,SID009,Nusrat Jahan,INV2601104829,NextGen Fashion,Male,CUS00243,Corporate,Mouthwash,HYG007,Hygiene Products,CAT004,300,31,9300,651,8649,172.98,0,259.47,2026,January,9,8476.02,0
3/15/2025,SID012,Mehedi Hasan,INV2503104830,Metro Fashion,Male,CUS00108,Retail,Feminine Wash,HYG010,Hygiene Products,CAT004,400,10,4000,120,3880,0,1164,116.4,2025,March,15,3880,1164
5/2/2026,SID011,Tasnia Rahman,INV2605104831,Pink Beauty,Both,CUS00228,Walk In,Deodorant,HYG008,Hygiene Products,CAT004,450,50,22500,0,22500,0,4500,675,2026,May,2,22500,4500
7/16/2025,SID003,Rashedul Islam,INV2507104832,Dream Fashion,Female,CUS00099,Retail,Face Serum,COS014,Cosmetics,CAT002,1300,95,123500,12350,111150,2223,0,3334.5,2025,July,16,108927,0
2/20/2026,SID020,Tasnia Rahman,INV2602104833,Glow & Shine,Male,CUS00071,Distributor,Women's Skirt,APP011,Fashion Apparel,CAT001,1500,81,121500,12150,109350,2187,0,3280.5,2026,February,20,107163,0
7/29/2026,SID020,Nusrat Jahan,INV2607104834,Apex Fashion,Female,CUST061,Online,Disinfectant Spray,HYG003,Hygiene Products,CAT004,400,55,22000,1100,20900,1045,0,627,2026,July,29,19855,0
3/6/2026,SID005,Farzana Akter,INV2603104835,Fashion Hub Ltd,Female,CUS00078,Distributor,Sanitary Napkins,HYG004,Hygiene Products,CAT004,350,89,31150,1557.5,29592.5,1479.62,0,887.77,2026,March,6,28112.88,0
11/21/2025,SID019,Sadia Afrin,INV2511104836,Urban Trends,Both,CUS00066,Online,Feminine Wash,HYG010,Hygiene Products,CAT004,400,65,26000,780,25220,1261,0,756.6,2025,November,21,23959,0
10/5/2026,SID003,Jannatul Ferdous,INV2610104837,Smart Collection,Both,CUS00168,Retail,Beard Oil,COS010,Cosmetics,CAT002,900,70,63000,1890,61110,1222.2,0,1833.3,2026,October,5,59887.8,0
8/16/2025,SID018,Imran Hossain,INV2508104838,Modern Boutique,Female,CUS00270,Retail,Jacket,APP010,Fashion Apparel,CAT001,3800,23,87400,8740,78660,1573.2,23598,2359.8,2025,August,16,77086.8,23598
1/8/2026,SID011,Samira Akter,INV2601104839,Elite Collection,Male,CUS00113,Distributor,Toothpaste,HYG005,Hygiene Products,CAT004,200,8,1600,80,1520,0,456,45.6,2026,January,8,1520,456
12/11/2026,SID001,Sadia Afrin,INV2612104840,Beauty World,Male,CUST010,Distributor,Kids T-Shirt,APP007,Fashion Apparel,CAT001,650,88,57200,0,57200,1144,11440,1716,2026,December,11,56056,11440
1/15/2026,SID015,Farzana Akter,INV2601104841,Diamond Cosmetics,Female,CUS00419,Walk In,Bra & Panty Set,APP013,Fashion Apparel,CAT001,900,85,76500,7650,68850,1377,13770,2065.5,2026,January,15,67473,13770
9/10/2025,SID020,Abdullah Al Mamun,INV2509104842,Classic Beauty,Both,CUST025,Corporate,Beard Oil,COS010,Cosmetics,CAT002,900,92,82800,4140,78660,0,15732,2359.8,2025,September,10,78660,15732
1/10/2025,SID011,Rakib Hasan,INV2501104843,Fashion Express,Male,CUS00301,Online,Face Mask,HYG002,Hygiene Products,CAT004,150,75,11250,787.5,10462.5,209.25,0,313.88,2025,January,10,10253.25,0
5/11/2025,SID017,Shuvo Das,INV2505104844,Style Corner,Female,CUS00455,Distributor,Face Scrub,COS027,Cosmetics,CAT002,550,60,33000,0,33000,1650,0,990,2025,May,11,31350,0
12/8/2026,SID003,Nusrat Jahan,INV2612104845,Perfect Beauty,Both,CUS00253,Corporate,Shaving Cream,COS021,Cosmetics,CAT002,350,29,10150,0,10150,0,3045,304.5,2026,December,8,10150,3045
11/12/2026,SID019,Samira Akter,INV2611104846,Lily Boutique,Both,CUS00305,Retail,Diapers,HYG012,Hygiene Products,CAT004,800,61,48800,2440,46360,927.2,9272,1390.8,2026,November,12,45432.8,9272
9/30/2025,SID003,Mahmudul Hasan,INV2509104847,Shine Collection,Male,CUS00322,Corporate,Wallet,ACC002,Accessories,CAT003,1200,60,72000,2160,69840,1396.8,20952,2095.2,2025,September,30,68443.2,20952
9/27/2026,SID010,Mim Akter,INV2609104848,Fashion Gallery,Both,CUS00086,Distributor,Aftershave,COS019,Cosmetics,CAT002,800,81,64800,3240,61560,1231.2,18468,1846.8,2026,September,27,60328.8,18468
1/29/2026,SID019,Abdullah Al Mamun,INV2601104849,Fashion World,Male,CUS00287,Walk In,Bra & Panty Set,APP013,Fashion Apparel,CAT001,900,5,4500,450,4050,202.5,810,121.5,2026,January,29,3847.5,810
3/19/2025,SID004,Shakil Khan,INV2503104850,Fashion World,Both,CUS00073,Corporate,Face Toner,COS033,Cosmetics,CAT002,500,40,20000,600,19400,388,3880,582,2025,March,19,19012,3880
9/29/2025,SID012,Tanvir Islam,INV2509104851,Urban Trends,Female,CUS00497,Retail,Deodorant,COS016,Cosmetics,CAT002,450,81,36450,1093.5,35356.5,707.13,10606.95,1060.69,2025,September,29,34649.37,10606.95
4/3/2026,SID006,Arif Hossain,INV2604104852,Beauty Point,Female,CUST066,Corporate,Shaving Cream,COS021,Cosmetics,CAT002,350,52,18200,546,17654,353.08,3530.8,529.62,2026,April,3,17300.92,3530.8
1/21/2025,SID015,Jannatul Ferdous,INV2501104853,Beauty World,Male,CUST010,Distributor,Men Shirt,APP017,Fashion Apparel,CAT001,1600,50,80000,0,80000,0,24000,2400,2025,January,21,80000,24000
7/29/2025,SID006,Tanvir Islam,INV2507104854,Premium Beauty,Both,CUS00066,Corporate,Men's Innerwear,APP016,Fashion Apparel,CAT001,700,49,34300,1029,33271,0,6654.2,998.13,2025,July,29,33271,6654.2
2/23/2026,SID019,Shuvo Das,INV2602104855,Glamour Point,Both,CUS00324,Online,Face Toner,COS033,Cosmetics,CAT002,500,75,37500,1125,36375,1818.75,10912.5,1091.25,2026,February,23,34556.25,10912.5
1/23/2025,SID017,Siam Ahmed,INV2501104856,Dream Fashion,Both,CUS00422,Retail,Body Mist,COS037,Cosmetics,CAT002,450,82,36900,1845,35055,1752.75,7011,1051.65,2025,January,23,33302.25,7011
12/17/2026,SID015,Nusrat Jahan,INV2612104857,Glamour House,Male,CUS00374,Distributor,Hair Straightener,COS035,Cosmetics,CAT002,3500,73,255500,12775,242725,0,48545,7281.75,2026,December,17,242725,48545
2/7/2026,SID012,Jannatul Ferdous,INV2602104858,Cosmetics World,Both,CUS00444,Corporate,Face Mask,COS020,Cosmetics,CAT002,600,76,45600,3192,42408,0,8481.6,1272.24,2026,February,7,42408,8481.6
6/7/2025,SID003,Mim Akter,INV2506104859,New Era Fashion,Both,CUS00339,Corporate,Hair Removal Cream,COS025,Cosmetics,CAT002,450,45,20250,2025,18225,364.5,5467.5,546.75,2025,June,7,17860.5,5467.5
11/25/2026,SID020,Nayeem Hasan,INV2611104860,Moonlight Cosmetics,Both,CUS00274,Retail,Beard Oil,COS010,Cosmetics,CAT002,900,13,11700,585,11115,222.3,2223,333.45,2026,November,25,10892.7,2223
11/23/2025,SID003,Tasnia Rahman,INV2511104861,Trendy Shop,Male,CUS00451,Corporate,Face Mask,COS020,Cosmetics,CAT002,600,93,55800,5580,50220,0,10044,1506.6,2025,November,23,50220,10044
5/7/2025,SID010,Farzana Akter,INV2505104862,Beauty Avenue,Female,CUST049,Distributor,Deodorant,COS016,Cosmetics,CAT002,450,90,40500,0,40500,2025,8100,1215,2025,May,7,38475,8100
9/10/2026,SID001,Tanjina Sultana,INV2609104863,Cosmetics World,Female,CUS00079,Retail,Hair Color,COS012,Cosmetics,CAT002,1500,49,73500,3675,69825,0,13965,2094.75,2026,September,10,69825,13965
5/2/2025,SID010,Sadia Afrin,INV2505104864,Shine Collection,Male,CUS00091,Retail,Toothbrush,HYG006,Hygiene Products,CAT004,150,24,3600,180,3420,68.4,1026,102.6,2025,May,2,3351.6,1026
10/25/2026,SID018,Nayeem Hasan,INV2610104865,Glamour House,Female,CUS00194,Corporate,Nail Polish,COS013,Cosmetics,CAT002,400,48,19200,1344,17856,357.12,3571.2,535.68,2026,October,25,17498.88,3571.2
2/9/2025,SID001,Jannatul Ferdous,INV2502104866,Fashion Point,Both,CUS00495,Corporate,Footwear,ACC011,Accessories,CAT003,2500,17,42500,4250,38250,1912.5,7650,1147.5,2025,February,9,36337.5,7650
8/26/2026,SID001,Arif Hossain,INV2608104867,Dream Fashion,Both,CUS00365,Online,Hair Removal Cream,HYG013,Hygiene Products,CAT004,450,94,42300,2961,39339,786.78,0,1180.17,2026,August,26,38552.22,0
2/1/2026,SID007,Rafiul Karim,INV2602104868,Luxury Apparel,Both,CUS00302,Walk In,Belt,ACC003,Accessories,CAT003,800,90,72000,0,72000,1440,14400,2160,2026,February,1,70560,14400
4/2/2025,SID009,Tanvir Islam,INV2504104869,Beauty Point,Female,CUST066,Corporate,Aftershave,COS019,Cosmetics,CAT002,800,92,73600,0,73600,3680,0,2208,2025,April,2,69920,0
8/4/2025,SID020,Samira Akter,INV2508104870,Glow & Shine,Male,CUS00449,Retail,Body Wash,COS030,Cosmetics,CAT002,600,50,30000,3000,27000,1350,0,810,2025,August,4,25650,0
2/8/2026,SID015,Nayeem Hasan,INV2602104871,Diamond Cosmetics,Both,CUS00273,Walk In,Hair Spray,COS029,Cosmetics,CAT002,450,22,9900,693,9207,184.14,1841.4,276.21,2026,February,8,9022.86,1841.4
8/26/2025,SID019,Mahmudul Hasan,INV2508104872,Shine Collection,Female,CUS00060,Walk In,Body Mist,COS037,Cosmetics,CAT002,450,23,10350,0,10350,207,0,310.5,2025,August,26,10143,0
1/3/2026,SID012,Shakil Khan,INV2601104873,Fresh Look,Female,CUS00471,Online,Watch,ACC005,Accessories,CAT003,5000,89,445000,44500,400500,0,0,12015,2026,January,3,400500,0
7/7/2025,SID002,Abdullah Al Mamun,INV2507104874,Crystal Cosmetics,Female,CUS00363,Retail,Makeup Remover,COS015,Cosmetics,CAT002,550,83,45650,4565,41085,2054.25,8217,1232.55,2025,July,7,39030.75,8217
12/1/2025,SID004,Sadia Afrin,INV2512104875,Shine Collection,Male,CUS00075,Walk In,Sunscreen,COS009,Cosmetics,CAT002,1150,65,74750,5232.5,69517.5,0,0,2085.53,2025,December,1,69517.5,0
8/31/2025,SID010,Tanjina Sultana,INV2508104876,Elegant Choice,Male,CUS00459,Distributor,Belt,ACC003,Accessories,CAT003,800,90,72000,2160,69840,1396.8,20952,2095.2,2025,August,31,68443.2,20952
3/20/2025,SID014,Shuvo Das,INV2503104877,Smart Beauty,Both,CUS00472,Corporate,Umbrella,ACC014,Accessories,CAT003,1200,55,66000,6600,59400,1188,0,1782,2025,March,20,58212,0
7/20/2025,SID003,Mehedi Hasan,INV2507104878,Modern Style,Male,CUS00078,Distributor,Women's Kurti,APP004,Fashion Apparel,CAT001,1800,6,10800,324,10476,209.52,2095.2,314.28,2025,July,20,10266.48,2095.2
8/13/2025,SID016,Tanjina Sultana,INV2508104879,Crystal Cosmetics,Female,CUS00253,Online,Hair Accessories,ACC010,Accessories,CAT003,400,91,36400,2548,33852,1692.6,10155.6,1015.56,2025,August,13,32159.4,10155.6
1/14/2025,SID005,Shakil Khan,INV2501104880,Beauty World,Male,CUST010,Distributor,Jewelry Set,ACC009,Accessories,CAT003,4500,78,351000,0,351000,17550,105300,10530,2025,January,14,333450,105300
9/1/2026,SID011,Imran Hossain,INV2609104881,Royal Cosmetics,Male,CUS00447,Walk In,Face Mask,COS020,Cosmetics,CAT002,600,100,60000,1800,58200,1164,17460,1746,2026,September,1,57036,17460
11/2/2025,SID007,Bonna Akter,INV2511104882,Perfect Beauty,Female,CUS00014,Walk In,Compact Powder,COS008,Cosmetics,CAT002,800,84,67200,0,67200,1344,13440,2016,2025,November,2,65856,13440
5/26/2025,SID016,Jannatul Ferdous,INV2505104883,Global Apparel,Male,CUS00309,Walk In,Women's Leggings,APP012,Fashion Apparel,CAT001,1300,85,110500,5525,104975,5248.75,20995,3149.25,2025,May,26,99726.25,20995
8/26/2025,SID009,Tanvir Islam,INV2508104884,Glamour Point,Both,CUS00038,Corporate,Sunscreen,COS009,Cosmetics,CAT002,1150,50,57500,1725,55775,0,0,1673.25,2025,August,26,55775,0
6/12/2025,SID018,Tanjina Sultana,INV2506104885,Crystal Cosmetics,Both,CUS00475,Distributor,Men's Innerwear,APP016,Fashion Apparel,CAT001,700,41,28700,0,28700,1435,8610,861,2025,June,12,27265,8610
12/4/2026,SID006,Nusrat Jahan,INV2612104886,Moonlight Cosmetics,Female,CUS00048,Retail,Body Butter,COS017,Cosmetics,CAT002,700,91,63700,1911,61789,3089.45,12357.8,1853.67,2026,December,4,58699.55,12357.8
10/6/2026,SID009,Abdullah Al Mamun,INV2610104887,Blue Sky Fashion,Both,CUST014,Online,Hoodie,APP009,Fashion Apparel,CAT001,2500,49,122500,3675,118825,0,23765,3564.75,2026,October,6,118825,23765
6/15/2025,SID001,Bonna Akter,INV2506104888,Glamour Point,Male,CUS00045,Corporate,Backpack,ACC012,Accessories,CAT003,3000,38,114000,0,114000,0,34200,3420,2025,June,15,114000,34200
12/15/2025,SID015,Tasnia Rahman,INV2512104889,Fashion World,Male,CUS00275,Online,Jacket,APP010,Fashion Apparel,CAT001,3800,11,41800,2926,38874,0,11662.2,1166.22,2025,December,15,38874,11662.2
9/17/2025,SID003,Shuvo Das,INV2509104890,Chic Collection,Male,CUST050,Online,Hair Removal Cream,COS025,Cosmetics,CAT002,450,32,14400,720,13680,273.6,4104,410.4,2025,September,17,13406.4,4104
4/2/2026,SID014,Tanvir Islam,INV2604104891,Royal Style,Female,CUS00065,Corporate,Face Mask,HYG002,Hygiene Products,CAT004,150,90,13500,405,13095,261.9,0,392.85,2026,April,2,12833.1,0
7/26/2025,SID003,Imran Hossain,INV2507104892,Classic Beauty,Both,CUST025,Corporate,Women's Top,APP006,Fashion Apparel,CAT001,1200,92,110400,0,110400,5520,0,3312,2025,July,26,104880,0
3/28/2026,SID013,Shakil Khan,INV2603104893,Unique Collection,Both,CUS00026,Corporate,Luggage,ACC013,Accessories,CAT003,8000,38,304000,15200,288800,5776,86640,8664,2026,March,28,283024,86640
5/15/2025,SID007,Arif Hossain,INV2505104894,Iconic Fashion,Female,CUS00074,Corporate,Body Butter,COS017,Cosmetics,CAT002,700,71,49700,2485,47215,2360.75,9443,1416.45,2025,May,15,44854.25,9443
4/20/2026,SID018,Sharmin Akter,INV2604104895,Beauty Point,Female,CUST066,Corporate,Belt,ACC003,Accessories,CAT003,800,16,12800,384,12416,620.8,3724.8,372.48,2026,April,20,11795.2,3724.8
9/20/2026,SID012,Nusrat Jahan,INV2609104896,Fashion Point,Both,CUS00016,Retail,Face Scrub,COS027,Cosmetics,CAT002,550,63,34650,1732.5,32917.5,1645.88,6583.5,987.52,2026,September,20,31271.62,6583.5
6/22/2026,SID006,Rakib Hasan,INV2606104897,Prime Collection,Female,CUS00334,Corporate,Women's Leggings,APP012,Fashion Apparel,CAT001,1300,24,31200,3120,28080,561.6,0,842.4,2026,June,22,27518.4,0
9/23/2026,SID005,Sadia Afrin,INV2609104898,Grace Boutique,Both,CUS00124,Walk In,Sanitary Napkins,HYG004,Hygiene Products,CAT004,350,50,17500,875,16625,332.5,3325,498.75,2026,September,23,16292.5,3325
10/12/2025,SID020,Mahmudul Hasan,INV2510104899,Modern Boutique,Male,CUS00442,Retail,Gloves,ACC008,Accessories,CAT003,600,63,37800,0,37800,756,0,1134,2025,October,12,37044,0
1/25/2026,SID007,Tanjina Sultana,INV2601104900,New Era Fashion,Male,CUS00400,Walk In,Men Polo Shirt,APP002,Fashion Apparel,CAT001,1100,52,57200,0,57200,0,0,1716,2026,January,25,57200,0
9/26/2025,SID010,Shuvo Das,INV2509104901,Nova Cosmetics,Female,CUS00287,Corporate,After Sun Lotion,COS031,Cosmetics,CAT002,700,21,14700,1029,13671,273.42,0,410.13,2025,September,26,13397.58,0
12/3/2026,SID020,Shakil Khan,INV2612104902,Fashion Gallery,Male,CUS00301,Retail,Baby Wipes,HYG011,Hygiene Products,CAT004,250,50,12500,0,12500,250,0,375,2026,December,3,12250,0
7/7/2026,SID020,Mim Akter,INV2607104903,Lily Boutique,Male,CUS00434,Retail,Toothpaste,HYG005,Hygiene Products,CAT004,200,29,5800,580,5220,0,0,156.6,2026,July,7,5220,0
10/16/2026,SID016,Bonna Akter,INV2610104904,NextGen Fashion,Male,CUS00298,Walk In,Personal Lubricant,COS039,Cosmetics,CAT002,350,93,32550,3255,29295,1464.75,0,878.85,2026,October,16,27830.25,0
10/19/2026,SID002,Sharmin Akter,INV2610104905,Urban Style,Male,CUS00290,Online,Baby Wipes,HYG011,Hygiene Products,CAT004,250,53,13250,662.5,12587.5,251.75,3776.25,377.62,2026,October,19,12335.75,3776.25
8/5/2025,SID017,Rashedul Islam,INV2508104906,Cosmetics Plus,Female,CUS00103,Retail,Sunscreen,COS009,Cosmetics,CAT002,1150,62,71300,3565,67735,1354.7,13547,2032.05,2025,August,5,66380.3,13547
2/24/2025,SID002,Shakil Khan,INV2502104907,Glamour House,Both,CUS00429,Corporate,Jacket,APP010,Fashion Apparel,CAT001,3800,55,209000,0,209000,10450,41800,6270,2025,February,24,198550,41800
6/9/2025,SID004,Mehedi Hasan,INV2506104908,Diamond Cosmetics,Male,CUS00346,Corporate,Handbag,ACC001,Accessories,CAT003,3500,39,136500,13650,122850,2457,36855,3685.5,2025,June,9,120393,36855
11/30/2025,SID020,Arif Hossain,INV2511104909,Blue Sky Fashion,Both,CUST014,Online,Backpack,ACC012,Accessories,CAT003,3000,35,105000,0,105000,2100,31500,3150,2025,November,30,102900,31500
12/18/2026,SID006,Bonna Akter,INV2612104910,Cosmetics Central,Female,CUST058,Distributor,Hair Color,COS012,Cosmetics,CAT002,1500,66,99000,6930,92070,4603.5,0,2762.1,2026,December,18,87466.5,0
3/3/2026,SID013,Shakil Khan,INV2603104911,Beauty Point,Female,CUST066,Corporate,Deodorant,COS016,Cosmetics,CAT002,450,19,8550,427.5,8122.5,0,0,243.67,2026,March,3,8122.5,0
2/12/2026,SID001,Tanjina Sultana,INV2602104912,Wonder Collection,Male,CUS00291,Online,Face Cream,COS007,Cosmetics,CAT002,950,81,76950,5386.5,71563.5,0,21469.05,2146.9,2026,February,12,71563.5,21469.05
3/5/2025,SID014,Rafiul Karim,INV2503104913,Global Apparel,Female,CUS00469,Corporate,Hair Straightener,COS035,Cosmetics,CAT002,3500,70,245000,0,245000,12250,49000,7350,2025,March,5,232750,49000
9/13/2025,SID013,Mim Akter,INV2509104914,Premium Beauty,Male,CUS00481,Online,Diapers,HYG012,Hygiene Products,CAT004,800,46,36800,3680,33120,662.4,6624,993.6,2025,September,13,32457.6,6624
3/31/2025,SID011,Shakil Khan,INV2503104915,Fashion Central,Both,CUS00324,Corporate,Hair Gel,COS028,Cosmetics,CAT002,400,70,28000,0,28000,0,5600,840,2025,March,31,28000,5600
11/27/2026,SID007,Imran Hossain,INV2611104916,Cosmetics World,Both,CUS00465,Online,Hair Gel,COS028,Cosmetics,CAT002,400,76,30400,2128,28272,565.44,0,848.16,2026,November,27,27706.56,0
4/4/2026,SID017,Arif Hossain,INV2604104917,Smart Beauty,Both,CUS00481,Online,Feminine Wash,HYG010,Hygiene Products,CAT004,400,90,36000,1080,34920,1746,6984,1047.6,2026,April,4,33174,6984
5/31/2026,SID006,Tasnia Rahman,INV2605104918,Pink Beauty,Both,CUS00439,Online,Body Mist,COS037,Cosmetics,CAT002,450,92,41400,2898,38502,0,0,1155.06,2026,May,31,38502,0
11/28/2026,SID001,Abdullah Al Mamun,INV2611104919,Prime Collection,Both,CUS00018,Retail,Men Shirt,APP017,Fashion Apparel,CAT001,1600,60,96000,2880,93120,0,0,2793.6,2026,November,28,93120,0
10/21/2025,SID012,Farzana Akter,INV2510104920,Wonder Collection,Male,CUS00043,Online,Women's Nightwear,APP014,Fashion Apparel,CAT001,800,67,53600,2680,50920,0,0,1527.6,2025,October,21,50920,0
1/2/2025,SID008,Nayeem Hasan,INV2501104921,Luxury Apparel,Male,CUS00126,Online,Gloves,ACC008,Accessories,CAT003,600,56,33600,2352,31248,0,9374.4,937.44,2025,January,2,31248,9374.4
4/21/2025,SID006,Sabbir Ahmed,INV2504104922,Rainbow Apparel,Male,CUS00217,Distributor,Hair Spray,COS029,Cosmetics,CAT002,450,42,18900,945,17955,897.75,3591,538.65,2025,April,21,17057.25,3591
1/31/2025,SID006,Sadia Afrin,INV2501104923,Cosmetics Plus,Male,CUS00477,Distributor,Jewelry Set,ACC009,Accessories,CAT003,4500,5,22500,2250,20250,1012.5,4050,607.5,2025,January,31,19237.5,4050
5/18/2025,SID012,Sadia Afrin,INV2505104924,Style World,Male,CUS00172,Retail,Women's Saree,APP005,Fashion Apparel,CAT001,3200,98,313600,31360,282240,5644.8,84672,8467.2,2025,May,18,276595.2,84672
1/14/2026,SID018,Jannatul Ferdous,INV2601104925,Modern Style,Both,CUS00032,Corporate,Body Butter,COS017,Cosmetics,CAT002,700,47,32900,2303,30597,1529.85,0,917.91,2026,January,14,29067.15,0
2/15/2026,SID017,Imran Hossain,INV2602104926,Elite Collection,Female,CUS00424,Online,Belt,ACC003,Accessories,CAT003,800,66,52800,1584,51216,1024.32,0,1536.48,2026,February,15,50191.68,0
1/17/2026,SID020,Sadia Afrin,INV2601104927,Glamour Point,Both,CUS00093,Distributor,Face Wash,COS001,Cosmetics,CAT002,450,81,36450,0,36450,729,7290,1093.5,2026,January,17,35721,7290
4/3/2025,SID013,Nayeem Hasan,INV2504104928,Iconic Fashion,Female,CUS00293,Distributor,Deodorant,COS016,Cosmetics,CAT002,450,34,15300,1530,13770,275.4,0,413.1,2025,April,3,13494.6,0
2/3/2026,SID006,Jannatul Ferdous,INV2602104929,NextGen Fashion,Female,CUS00193,Distributor,Body Wash,COS030,Cosmetics,CAT002,600,66,39600,3960,35640,1782,7128,1069.2,2026,February,3,33858,7128
5/29/2025,SID018,Bonna Akter,INV2505104930,Iconic Fashion,Male,CUS00484,Walk In,Baby Wipes,HYG011,Hygiene Products,CAT004,250,31,7750,0,7750,155,0,232.5,2025,May,29,7595,0
6/4/2026,SID001,Farzana Akter,INV2606104931,Prime Collection,Male,CUS00233,Retail,Body Mist,COS037,Cosmetics,CAT002,450,32,14400,1008,13392,267.84,2678.4,401.76,2026,June,4,13124.16,2678.4
5/20/2026,SID015,Arif Hossain,INV2605104932,Dream Fashion,Female,CUS00059,Retail,Sanitary Napkins,HYG004,Hygiene Products,CAT004,350,59,20650,619.5,20030.5,0,6009.15,600.91,2026,May,20,20030.5,6009.15
4/5/2025,SID003,Jannatul Ferdous,INV2504104933,Diamond Cosmetics,Both,CUS00048,Corporate,Jacket,APP010,Fashion Apparel,CAT001,3800,18,68400,4788,63612,1272.24,0,1908.36,2025,April,5,62339.76,0
3/1/2025,SID014,Bonna Akter,INV2503104934,Fashion Central,Male,CUS00398,Online,Face Mask,COS020,Cosmetics,CAT002,600,65,39000,1170,37830,0,7566,1134.9,2025,March,1,37830,7566
1/12/2025,SID015,Rafiul Karim,INV2501104935,Fashion Hub Ltd,Both,CUS00010,Corporate,Face Wash,COS001,Cosmetics,CAT002,450,33,14850,1485,13365,0,2673,400.95,2025,January,12,13365,2673
10/18/2025,SID018,Jannatul Ferdous,INV2510104936,Modern Style,Both,CUS00471,Walk In,Mouthwash,HYG007,Hygiene Products,CAT004,300,58,17400,870,16530,0,0,495.9,2025,October,18,16530,0
2/21/2026,SID003,Rakib Hasan,INV2602104937,Metro Fashion,Female,CUS00362,Online,Shampoo,COS005,Cosmetics,CAT002,700,97,67900,2037,65863,3293.15,19758.9,1975.89,2026,February,21,62569.85,19758.9
5/5/2025,SID008,Tanjina Sultana,INV2505104938,Beauty Point,Female,CUST066,Corporate,Hand Sanitizer,HYG001,Hygiene Products,CAT004,250,53,13250,397.5,12852.5,257.05,0,385.57,2025,May,5,12595.45,0
2/25/2026,SID008,Mahmudul Hasan,INV2602104939,Style Corner,Male,CUS00402,Online,Aftershave,COS019,Cosmetics,CAT002,800,31,24800,2480,22320,0,0,669.6,2026,February,25,22320,0
12/1/2025,SID013,Mehedi Hasan,INV2512104940,Elite Fashion,Female,CUS00335,Online,Men T-Shirt,APP001,Fashion Apparel,CAT001,750,80,60000,3000,57000,2850,0,1710,2025,December,1,54150,0
10/27/2026,SID005,Tanvir Islam,INV2610104941,Modern Style,Male,CUS00111,Retail,Bra & Panty Set,APP013,Fashion Apparel,CAT001,900,87,78300,7830,70470,1409.4,14094,2114.1,2026,October,27,69060.6,14094
6/25/2025,SID014,Shuvo Das,INV2506104942,Glamour Point,Male,CUS00323,Online,Personal Toys,COS041,Cosmetics,CAT002,1500,24,36000,0,36000,0,7200,1080,2025,June,25,36000,7200
6/1/2025,SID011,Sadia Afrin,INV2506104943,Apex Fashion,Female,CUST061,Distributor,Women's Saree,APP005,Fashion Apparel,CAT001,3200,62,198400,13888,184512,9225.6,0,5535.36,2025,June,1,175286.4,0
6/27/2026,SID019,Bonna Akter,INV2606104944,Fashion Plus,Both,CUS00377,Retail,Baby Wipes,HYG011,Hygiene Products,CAT004,250,99,24750,1732.5,23017.5,1150.88,6905.25,690.52,2026,June,27,21866.62,6905.25
2/12/2025,SID016,Jannatul Ferdous,INV2502104945,Infinity Style,Male,CUS00280,Retail,Body Lotion,COS004,Cosmetics,CAT002,650,92,59800,2990,56810,0,0,1704.3,2025,February,12,56810,0
9/23/2026,SID015,Abdullah Al Mamun,INV2609104946,New Era Fashion,Female,CUS00067,Walk In,Hoodie,APP009,Fashion Apparel,CAT001,2500,89,222500,22250,200250,10012.5,40050,6007.5,2026,September,23,190237.5,40050
4/10/2025,SID001,Imran Hossain,INV2504104947,Golden Fashion,Male,CUS00080,Online,Women's Saree,APP005,Fashion Apparel,CAT001,3200,12,38400,0,38400,768,0,1152,2025,April,10,37632,0
5/23/2025,SID011,Mim Akter,INV2505104948,Nova Cosmetics,Male,CUS00006,Online,Toothpaste,HYG005,Hygiene Products,CAT004,200,24,4800,144,4656,93.12,931.2,139.68,2025,May,23,4562.88,931.2
12/22/2025,SID009,Rafiul Karim,INV2512104949,Fashion Avenue,Female,CUS00091,Online,Hair Gel,COS028,Cosmetics,CAT002,400,76,30400,1520,28880,1444,5776,866.4,2025,December,22,27436,5776
6/20/2025,SID003,Imran Hossain,INV2506104950,Cosmetics Central,Female,CUST058,Distributor,Face Mask,COS020,Cosmetics,CAT002,600,19,11400,1140,10260,513,0,307.8,2025,June,20,9747,0
12/1/2025,SID010,Tasnia Rahman,INV2512104951,Modern Style,Female,CUS00058,Distributor,Men Shirt,APP017,Fashion Apparel,CAT001,1600,69,110400,11040,99360,1987.2,19872,2980.8,2025,December,1,97372.8,19872
9/1/2025,SID010,Sabbir Ahmed,INV2509104952,Luxury Apparel,Both,CUS00405,Corporate,Hair Mask,COS018,Cosmetics,CAT002,1100,76,83600,2508,81092,4054.6,24327.6,2432.76,2025,September,1,77037.4,24327.6
9/18/2026,SID001,Mehedi Hasan,INV2609104953,Smart Beauty,Both,CUS00241,Retail,Body Mist,COS037,Cosmetics,CAT002,450,30,13500,1350,12150,607.5,3645,364.5,2026,September,18,11542.5,3645
7/16/2026,SID011,Siam Ahmed,INV2607104954,Global Apparel,Female,CUS00318,Walk In,Foot Care Cream,HYG014,Hygiene Products,CAT004,300,55,16500,495,16005,800.25,3201,480.15,2026,July,16,15204.75,3201
10/18/2026,SID012,Shakil Khan,INV2610104955,Fashion Central,Male,CUS00414,Retail,Men Jeans,APP003,Fashion Apparel,CAT001,2200,58,127600,12760,114840,2296.8,0,3445.2,2026,October,18,112543.2,0
2/11/2026,SID012,Rashedul Islam,INV2602104956,Nova Cosmetics,Female,CUS00313,Online,Women's Saree,APP005,Fashion Apparel,CAT001,3200,34,108800,3264,105536,2110.72,0,3166.08,2026,February,11,103425.28,0
2/23/2026,SID001,Siam Ahmed,INV2602104957,Modern Boutique,Male,CUS00002,Retail,Umbrella,ACC014,Accessories,CAT003,1200,58,69600,3480,66120,3306,0,1983.6,2026,February,23,62814,0
4/16/2025,SID010,Bonna Akter,INV2504104958,Iconic Fashion,Both,CUS00211,Retail,Kids Dress,APP008,Fashion Apparel,CAT001,950,53,50350,3524.5,46825.5,2341.28,0,1404.76,2025,April,16,44484.22,0
7/19/2026,SID009,Samira Akter,INV2607104959,Cosmetics Central,Female,CUST058,Distributor,Beard Oil,COS010,Cosmetics,CAT002,900,22,19800,1980,17820,356.4,0,534.6,2026,July,19,17463.6,0
1/6/2025,SID016,Mahmudul Hasan,INV2501104960,Royal Style,Female,CUS00277,Retail,Women's Kurti,APP004,Fashion Apparel,CAT001,1800,54,97200,2916,94284,1885.68,28285.2,2828.52,2025,January,6,92398.32,28285.2
8/30/2025,SID009,Rashedul Islam,INV2508104961,Modern Style,Female,CUS00499,Walk In,Bra & Panty Set,APP013,Fashion Apparel,CAT001,900,48,43200,4320,38880,0,11664,1166.4,2025,August,30,38880,11664
7/11/2025,SID002,Samira Akter,INV2507104962,Lily Boutique,Female,CUS00099,Online,Women's Saree,APP005,Fashion Apparel,CAT001,3200,55,176000,5280,170720,8536,51216,5121.6,2025,July,11,162184,51216
11/29/2026,SID007,Nusrat Jahan,INV2611104963,Shine Collection,Female,CUS00158,Corporate,Body Lotion,COS004,Cosmetics,CAT002,650,93,60450,3022.5,57427.5,1148.55,17228.25,1722.83,2026,November,29,56278.95,17228.25
9/9/2026,SID003,Imran Hossain,INV2609104964,Glamour House,Both,CUS00395,Corporate,Face Serum,COS014,Cosmetics,CAT002,1300,47,61100,0,61100,3055,12220,1833,2026,September,9,58045,12220
1/28/2025,SID017,Tasnia Rahman,INV2501104965,Chic Collection,Male,CUST050,Online,Men Jeans,APP003,Fashion Apparel,CAT001,2200,26,57200,4004,53196,0,15958.8,1595.88,2025,January,28,53196,15958.8
12/5/2026,SID014,Sabbir Ahmed,INV2612104966,Lily Boutique,Male,CUS00093,Online,Watch,ACC005,Accessories,CAT003,5000,100,500000,15000,485000,0,0,14550,2026,December,5,485000,0
4/16/2026,SID009,Tanjina Sultana,INV2604104967,Fashion Plus,Male,CUS00144,Walk In,Umbrella,ACC014,Accessories,CAT003,1200,16,19200,576,18624,931.2,5587.2,558.72,2026,April,16,17692.8,5587.2
6/26/2025,SID012,Imran Hossain,INV2506104968,Iconic Fashion,Both,CUS00140,Online,Foot Care Cream,COS023,Cosmetics,CAT002,300,61,18300,1830,16470,823.5,0,494.1,2025,June,26,15646.5,0
3/22/2026,SID014,Mehedi Hasan,INV2603104969,Elegant Choice,Female,CUS00250,Corporate,Footwear,ACC011,Accessories,CAT003,2500,12,30000,0,30000,600,9000,900,2026,March,22,29400,9000
4/13/2025,SID002,Arif Hossain,INV2504104970,Fashion Central,Male,CUS00023,Retail,Hat,ACC007,Accessories,CAT003,700,80,56000,3920,52080,1041.6,10416,1562.4,2025,April,13,51038.4,10416
9/21/2026,SID008,Siam Ahmed,INV2609104971,Wonder Collection,Female,CUS00149,Corporate,Face Mask,COS020,Cosmetics,CAT002,600,82,49200,3444,45756,915.12,0,1372.68,2026,September,21,44840.88,0
10/10/2025,SID014,Bonna Akter,INV2510104972,Urban Beauty,Female,CUS00430,Online,Body Lotion,COS004,Cosmetics,CAT002,650,72,46800,1404,45396,907.92,9079.2,1361.88,2025,October,10,44488.08,9079.2
10/12/2025,SID015,Tanvir Islam,INV2510104973,Style World,Female,CUS00300,Walk In,Women's Top,APP006,Fashion Apparel,CAT001,1200,34,40800,2040,38760,775.2,7752,1162.8,2025,October,12,37984.8,7752
8/22/2026,SID020,Mim Akter,INV2608104974,Urban Style,Both,CUS00091,Retail,Feminine Wash,COS022,Cosmetics,CAT002,400,15,6000,180,5820,291,1746,174.6,2026,August,22,5529,1746
1/25/2025,SID020,Samira Akter,INV2501104975,Fashion Plus,Both,CUS00008,Walk In,Feminine Wash,COS022,Cosmetics,CAT002,400,15,6000,600,5400,108,1620,162,2025,January,25,5292,1620
3/12/2026,SID006,Abdullah Al Mamun,INV2603104976,Glamour Point,Female,CUS00235,Distributor,Watch,ACC005,Accessories,CAT003,5000,38,190000,9500,180500,3610,36100,5415,2026,March,12,176890,36100
12/17/2025,SID019,Jannatul Ferdous,INV2512104977,Prime Collection,Both,CUS00015,Distributor,Hair Spray,COS029,Cosmetics,CAT002,450,95,42750,2992.5,39757.5,795.15,11927.25,1192.72,2025,December,17,38962.35,11927.25
2/21/2025,SID014,Mahmudul Hasan,INV2502104978,Fashion Hub Ltd,Male,CUS00164,Corporate,Diapers,HYG012,Hygiene Products,CAT004,800,32,25600,2560,23040,1152,0,691.2,2025,February,21,21888,0
11/9/2025,SID018,Mim Akter,INV2511104979,Elite Collection,Female,CUS00432,Online,Hair Serum,COS006,Cosmetics,CAT002,1200,56,67200,3360,63840,0,0,1915.2,2025,November,9,63840,0
4/7/2025,SID002,Tasnia Rahman,INV2504104980,Perfect Beauty,Female,CUS00367,Retail,Jacket,APP010,Fashion Apparel,CAT001,3800,95,361000,10830,350170,0,105051,10505.1,2025,April,7,350170,105051
5/13/2025,SID008,Shuvo Das,INV2505104981,Iconic Fashion,Male,CUS00461,Corporate,After Sun Lotion,COS031,Cosmetics,CAT002,700,69,48300,4830,43470,0,8694,1304.1,2025,May,13,43470,8694
7/6/2026,SID006,Jannatul Ferdous,INV2607104982,Smart Collection,Female,CUS00353,Retail,Umbrella,ACC014,Accessories,CAT003,1200,41,49200,2460,46740,2337,14022,1402.2,2026,July,6,44403,14022
10/5/2026,SID015,Tanvir Islam,INV2610104983,Fashion Gallery,Both,CUS00302,Retail,Men Jeans,APP003,Fashion Apparel,CAT001,2200,87,191400,19140,172260,0,34452,5167.8,2026,October,5,172260,34452
11/28/2025,SID010,Samira Akter,INV2511104984,Crystal Cosmetics,Female,CUS00255,Retail,Underarm Whitening Cream,HYG015,Hygiene Products,CAT004,500,87,43500,4350,39150,1957.5,0,1174.5,2025,November,28,37192.5,0
11/23/2025,SID017,Rakib Hasan,INV2511104985,Golden Fashion,Female,CUS00185,Corporate,Toothbrush,HYG006,Hygiene Products,CAT004,150,62,9300,465,8835,0,0,265.05,2025,November,23,8835,0
12/10/2025,SID001,Sabbir Ahmed,INV2512104986,Trendy Shop,Female,CUS00065,Online,Feminine Wash,COS022,Cosmetics,CAT002,400,39,15600,780,14820,741,2964,444.6,2025,December,10,14079,2964
5/4/2025,SID013,Rafiul Karim,INV2505104987,Apex Fashion,Female,CUST061,Walk In,Umbrella,ACC014,Accessories,CAT003,1200,85,102000,0,102000,5100,0,3060,2025,May,4,96900,0
9/9/2025,SID005,Nusrat Jahan,INV2509104988,New Era Fashion,Male,CUS00433,Retail,Hair Gel,COS028,Cosmetics,CAT002,400,43,17200,860,16340,0,3268,490.2,2025,September,9,16340,3268
11/5/2026,SID016,Farzana Akter,INV2611104989,Urban Style,Both,CUS00051,Online,Mouthwash,HYG007,Hygiene Products,CAT004,300,6,1800,90,1710,0,342,51.3,2026,November,5,1710,342
9/7/2026,SID016,Farzana Akter,INV2609104990,Apex Fashion,Female,CUST061,Corporate,Hair Serum,COS006,Cosmetics,CAT002,1200,5,6000,420,5580,279,0,167.4,2026,September,7,5301,0
6/4/2025,SID019,Farzana Akter,INV2506104991,Modern Boutique,Both,CUS00227,Distributor,Toothpaste,HYG005,Hygiene Products,CAT004,200,62,12400,372,12028,0,3608.4,360.84,2025,June,4,12028,3608.4
11/4/2026,SID008,Sabbir Ahmed,INV2611104992,Urban Beauty,Both,CUS00237,Walk In,Perfume,COS003,Cosmetics,CAT002,2200,25,55000,1650,53350,2667.5,10670,1600.5,2026,November,4,50682.5,10670
9/10/2026,SID004,Tasnia Rahman,INV2609104993,Beauty Point,Female,CUST066,Corporate,Watch,ACC005,Accessories,CAT003,5000,72,360000,0,360000,7200,0,10800,2026,September,10,352800,0
4/23/2025,SID006,Arif Hossain,INV2504104994,Elite Collection,Both,CUS00459,Walk In,Hair Accessories,ACC010,Accessories,CAT003,400,26,10400,312,10088,504.4,2017.6,302.64,2025,April,23,9583.6,2017.6
1/8/2025,SID008,Nayeem Hasan,INV2501104995,Rainbow Apparel,Both,CUS00245,Distributor,Baby Wipes,HYG011,Hygiene Products,CAT004,250,52,13000,390,12610,630.5,2522,378.3,2025,January,8,11979.5,2522
2/22/2025,SID016,Tanvir Islam,INV2502104996,Apex Fashion,Female,CUST061,Online,Keychain,ACC015,Accessories,CAT003,300,83,24900,747,24153,483.06,4830.6,724.59,2025,February,22,23669.94,4830.6
4/12/2026,SID003,Rafiul Karim,INV2604104997,Beauty Point,Female,CUST066,Corporate,Backpack,ACC012,Accessories,CAT003,3000,36,108000,7560,100440,5022,20088,3013.2,2026,April,12,95418,20088
3/30/2025,SID019,Samira Akter,INV2503104998,Fashion World,Both,CUS00086,Distributor,Body Scrub,COS026,Cosmetics,CAT002,650,65,42250,4225,38025,1901.25,11407.5,1140.75,2025,March,30,36123.75,11407.5
4/5/2025,SID017,Mahmudul Hasan,INV2504104999,Star Fashion,Female,CUS00256,Retail,Hand Sanitizer,HYG001,Hygiene Products,CAT004,250,20,5000,350,4650,93,1395,139.5,2025,April,5,4557,1395
8/5/2025,SID003,Siam Ahmed,INV2508105000,Global Apparel,Female,CUS00268,Online,Personal Toys,COS041,Cosmetics,CAT002,1500,50,75000,7500,67500,3375,20250,2025,2025,August,5,64125,20250