PoNumber,PostedDate,VendorID,VendorName,InvoiceNo,ProductName,ProductCode,ProductCategory,CategoryCode,UnitPrice,Quantity,OrderValue,DiscountValue,SalesValue,SalesReturn,DebitedAmount,Commission,Year,Month,Day,NetSales,DueAmount,PaymentMethods,BankName,PostedNo
PO-202412-0161,2024-12-29,VND004,Organic Solutions,INV-20241229-8966,Body Mist,PRD0035,Cosmetics,CAT002,4903.42,66,323625.72,65402.55,258223.17,2406.0,255817.17,906.34,2024,12,29,254910.83,27686.85,Bkash,,ENT-20241229-00161
PO-202412-1877,2024-12-29,VND007,Style Mart Brand,INV-20241229-9544,Personal Lubricant,PRD0070,Hygiene Products,CAT004,2875.07,99,284631.93,77693.51,206938.42,884.48,206053.94,21203.55,2024,12,29,184850.39,31731.31,Nagad,,ENT-20241229-01877
PO-202412-0448,2024-12-29,VND001,Creative Corporation,INV-20241229-3599,Face Serum,PRD0053,Cosmetics,CAT002,3455.83,51,176247.33,10128.91,166118.42,12770.28,153348.14,589.11,2024,12,29,152759.03,14311.69,Cheque,Rupali Bank,ENT-20241229-00448
PO-202412-1696,2024-12-29,VND004,Organic Solutions,INV-20241229-4360,Keychain,PRD0012,Accessories,CAT003,4680.72,61,285523.92,78449.01,207074.91,2373.55,204701.36,27051.42,2024,12,29,177649.94,62507.86,Nagad,,ENT-20241229-01696
PO-202412-1600,2024-12-28,VND001,Creative Corporation,INV-20241228-8332,Men Jeans,PRD0078,Fashion Apparel,CAT001,3996.55,75,299741.25,51454.08,248287.17,20534.88,227752.29,23848.75,2024,12,28,203903.54,5812.17,Nagad,,ENT-20241228-01600
PO-202412-0145,2024-12-28,VND001,Creative Corporation,INV-20241228-7355,Aftershave,PRD0057,Hygiene Products,CAT004,423.53,34,14400.02,86.08,14313.94,191.85,14122.09,1905.28,2024,12,28,12216.81,3689.76,Nagad,,ENT-20241228-00145
PO-202412-0613,2024-12-28,VND005,Yello Energy Co.,INV-20241228-1420,Personal Toys,PRD0040,Hygiene Products,CAT004,1507.24,49,73854.76,4953.36,68901.4,6857.57,62043.83,4241.5,2024,12,28,57802.33,29522.85,Bkash,,ENT-20241228-00613
PO-202412-0125,2024-12-27,VND003,Shanti Enterprises,INV-20241227-3252,Body Spray,PRD0001,Cosmetics,CAT002,3492.03,42,146665.26,18687.08,127978.18,10948.8,117029.38,11555.59,2024,12,27,105473.79,89175.43,Cheque,Rupali Bank,ENT-20241227-00125
PO-202412-1444,2024-12-27,VND007,Style Mart Brand,INV-20241227-9875,Hair Straightener,PRD0073,Hygiene Products,CAT004,4563.84,16,73021.44,17987.01,55034.43,3813.8,51220.63,2242.59,2024,12,27,48978.04,41704.42,Cheque,BRAC Bank,ENT-20241227-01444
PO-202412-1808,2024-12-27,VND002,Kazi Tea IND Ltd.,INV-20241227-2270,Disinfectant Spray,PRD0037,Cosmetics,CAT002,3897.96,97,378102.12,22907.05,355195.07,4107.87,351087.2,26388.31,2024,12,27,324698.89,137951.37,Bkash,,ENT-20241227-01808
PO-202412-0451,2024-12-26,VND004,Organic Solutions,INV-20241226-5840,Hair Accessories,PRD0029,Hygiene Products,CAT004,2284.74,29,66257.46,10524.78,55732.68,430.29,55302.39,6320.16,2024,12,26,48982.23,25927.72,Bkash,,ENT-20241226-00451
PO-202412-0113,2024-12-25,VND005,Yello Energy Co.,INV-20241225-7576,Face Wash,PRD0022,Hygiene Products,CAT004,475.45,74,35183.3,3924.29,31259.01,1191.21,30067.8,427.08,2024,12,25,29640.72,11553.9,Bank Transfer,Janata Bank,ENT-20241225-00113
PO-202412-1639,2024-12-25,VND003,Shanti Enterprises,INV-20241225-7056,Face Serum,PRD0053,Cosmetics,CAT002,842.59,61,51397.99,6154.63,45243.36,2829.6,42413.76,1456.95,2024,12,25,40956.81,26304.5,Bkash,,ENT-20241225-01639
PO-202412-0978,2024-12-25,VND002,Kazi Tea IND Ltd.,INV-20241225-4757,Men Polo Shirt,PRD0080,Fashion Apparel,CAT001,3753.05,73,273972.65,38033.42,235939.23,6128.26,229810.97,24965.36,2024,12,25,204845.61,52148.94,Cash,,ENT-20241225-00978
PO-202412-0835,2024-12-25,VND004,Organic Solutions,INV-20241225-9174,Jewelry Set,PRD0044,Accessories,CAT003,4571.28,15,68569.2,5304.63,63264.57,3414.32,59850.25,2137.99,2024,12,25,57712.26,49627.24,Cash,,ENT-20241225-00835
PO-202412-1701,2024-12-24,VND006,Sun Corporation Ltd.,INV-20241224-5569,Sunscreen,PRD0068,Hygiene Products,CAT004,885.93,29,25691.97,4127.14,21564.83,28.41,21536.42,1519.09,2024,12,24,20017.33,19385.1,Cheque,Janata Bank,ENT-20241224-01701
PO-202412-0093,2024-12-24,VND006,Sun Corporation Ltd.,INV-20241224-5572,Condom,PRD0009,Hygiene Products,CAT004,1767.02,3,5301.06,1196.47,4104.59,110.8,3993.79,550.75,2024,12,24,3443.04,1799.19,Bank Transfer,Bkash,ENT-20241224-00093
PO-202412-1359,2024-12-23,VND004,Organic Solutions,INV-20241223-2968,Hair Serum,PRD0011,Cosmetics,CAT002,3093.53,29,89712.37,23789.54,65922.83,1551.36,64371.47,9528.15,2024,12,23,54843.32,10901.12,Bank Transfer,Nagad,ENT-20241223-01359
PO-202412-1405,2024-12-23,VND005,Yello Energy Co.,INV-20241223-7901,Jewelry Set,PRD0044,Accessories,CAT003,2604.06,94,244781.64,27351.46,217430.18,9843.3,207586.88,8437.44,2024,12,23,199149.44,81907.72,Cash,,ENT-20241223-01405
PO-202412-0791,2024-12-23,VND001,Creative Corporation,INV-20241223-6814,Scarf,PRD0076,Accessories,CAT003,3428.49,74,253708.26,22812.24,230896.02,8074.77,222821.25,8303.03,2024,12,23,214518.22,173003.21,Nagad,,ENT-20241223-00791
PO-202412-1932,2024-12-23,VND007,Style Mart Brand,INV-20241223-7109,Keychain,PRD0012,Accessories,CAT003,4564.25,8,36514.0,8770.8,27743.2,85.64,27657.56,2699.51,2024,12,23,24958.05,24338.39,Cash,,ENT-20241223-01932
PO-202412-0225,2024-12-22,VND002,Kazi Tea IND Ltd.,INV-20241222-7775,Mouthwash,PRD0025,Hygiene Products,CAT004,4214.77,34,143302.18,15496.42,127805.76,1580.3,126225.46,598.79,2024,12,22,125626.67,106481.93,Cheque,Nagad,ENT-20241222-00225
PO-202412-0004,2024-12-21,VND003,Shanti Enterprises,INV-20241221-2488,Luggage,PRD0045,Hygiene Products,CAT004,1354.22,89,120525.58,18605.13,101920.45,1821.09,100099.36,928.38,2024,12,21,99170.98,8529.09,Cheque,Nagad,ENT-20241221-00004
PO-202412-0166,2024-12-21,VND007,Style Mart Brand,INV-20241221-9376,Sanitary Napkins,PRD0030,Hygiene Products,CAT004,3175.99,67,212791.33,59329.42,153461.91,4900.26,148561.65,18233.5,2024,12,21,130328.15,36719.72,Cash,,ENT-20241221-00166
PO-202412-0306,2024-12-21,VND007,Style Mart Brand,INV-20241221-5357,Women's Nightwear,PRD0003,Fashion Apparel,CAT001,1998.18,79,157856.22,18154.12,139702.1,10201.78,129500.32,8702.13,2024,12,21,120798.19,58484.21,Cash,,ENT-20241221-00306
PO-202412-1242,2024-12-20,VND006,Sun Corporation Ltd.,INV-20241220-9525,Jacket,PRD0008,Fashion Apparel,CAT001,1241.85,27,33529.95,613.15,32916.8,1674.39,31242.41,1707.42,2024,12,20,29534.99,12530.84,Bkash,,ENT-20241220-01242
PO-202412-1624,2024-12-20,VND005,Yello Energy Co.,INV-20241220-5705,Sunglasses,PRD0027,Accessories,CAT003,1252.88,6,7517.28,938.43,6578.85,76.09,6502.76,27.45,2024,12,20,6475.31,901.63,Cheque,Sonali Bank,ENT-20241220-01624
PO-202412-1836,2024-12-20,VND002,Kazi Tea IND Ltd.,INV-20241220-2035,Condom,PRD0009,Hygiene Products,CAT004,4014.01,97,389358.97,87399.32,301959.65,5664.04,296295.61,21772.52,2024,12,20,274523.09,124544.12,Nagad,,ENT-20241220-01836
PO-202412-0648,2024-12-20,VND006,Sun Corporation Ltd.,INV-20241220-7430,Aftershave,PRD0057,Hygiene Products,CAT004,4015.19,95,381443.05,36721.65,344721.4,8839.4,335882.0,31039.42,2024,12,20,304842.58,276763.07,Cash,,ENT-20241220-00648
PO-202412-1377,2024-12-20,VND007,Style Mart Brand,INV-20241220-1853,Condom,PRD0009,Hygiene Products,CAT004,3955.14,39,154250.46,34821.17,119429.29,5522.34,113906.95,15280.01,2024,12,20,98626.94,71123.79,Cheque,Bkash,ENT-20241220-01377
PO-202412-1115,2024-12-20,VND003,Shanti Enterprises,INV-20241220-5309,Aftershave,PRD0057,Hygiene Products,CAT004,4948.88,58,287035.04,71387.54,215647.5,15340.29,200307.21,1320.37,2024,12,20,198986.84,71284.23,Cash,,ENT-20241220-01115
PO-202412-1530,2024-12-19,VND002,Kazi Tea IND Ltd.,INV-20241219-1589,Watch,PRD0043,Accessories,CAT003,1211.59,32,38770.88,7110.29,31660.59,1855.29,29805.3,3244.49,2024,12,19,26560.81,15018.17,Cheque,Nagad,ENT-20241219-01530
PO-202412-1868,2024-12-19,VND007,Style Mart Brand,INV-20241219-9041,Deodorant,PRD0036,Cosmetics,CAT002,179.3,9,1613.7,53.95,1559.75,54.99,1504.76,206.41,2024,12,19,1298.35,580.88,Bank Transfer,Dutch Bangla Bank,ENT-20241219-01868
PO-202412-0509,2024-12-19,VND005,Yello Energy Co.,INV-20241219-3549,Face Mask,PRD0054,Cosmetics,CAT002,3012.86,32,96411.52,3207.05,93204.47,4268.82,88935.65,4926.62,2024,12,19,84009.03,77063.07,Nagad,,ENT-20241219-00509
PO-202412-1375,2024-12-19,VND003,Shanti Enterprises,INV-20241219-8253,Women's Saree,PRD0072,Fashion Apparel,CAT001,2848.99,31,88318.69,18980.32,69338.37,2864.1,66474.27,8312.54,2024,12,19,58161.73,44298.83,Cash,,ENT-20241219-01375
PO-202412-1310,2024-12-19,VND007,Style Mart Brand,INV-20241219-4528,Jewelry Set,PRD0044,Accessories,CAT003,1976.62,96,189755.52,51496.39,138259.13,8406.09,129853.04,12424.09,2024,12,19,117428.95,8022.31,Bank Transfer,City Bank,ENT-20241219-01310
PO-202412-0743,2024-12-19,VND003,Shanti Enterprises,INV-20241219-6283,Shaving Cream,PRD0066,Cosmetics,CAT002,3059.99,62,189719.38,53484.25,136235.13,5446.86,130788.27,4657.8,2024,12,19,126130.47,92077.2,Cheque,Nagad,ENT-20241219-00743
PO-202412-0850,2024-12-17,VND006,Sun Corporation Ltd.,INV-20241217-4603,Women's Nightwear,PRD0003,Fashion Apparel,CAT001,4043.89,16,64702.24,18237.27,46464.97,3237.87,43227.1,2101.33,2024,12,17,41125.77,15094.17,Cheque,Nagad,ENT-20241217-00850
PO-202412-1292,2024-12-17,VND002,Kazi Tea IND Ltd.,INV-20241217-3023,Sunscreen,PRD0068,Hygiene Products,CAT004,2653.0,89,236117.0,12948.14,223168.86,11547.73,211621.13,3886.4,2024,12,17,207734.73,207629.27,Bkash,,ENT-20241217-01292
PO-202412-1522,2024-12-16,VND007,Style Mart Brand,INV-20241216-4668,Body Wash,PRD0058,Hygiene Products,CAT004,3464.99,43,148994.57,2214.07,146780.5,5247.37,141533.13,6396.64,2024,12,16,135136.49,48483.36,Bkash,,ENT-20241216-01522
PO-202412-0530,2024-12-16,VND001,Creative Corporation,INV-20241216-4572,Makeup Remover,PRD0032,Cosmetics,CAT002,3201.09,65,208070.85,24264.46,183806.39,1566.02,182240.37,19923.18,2024,12,16,162317.19,22282.09,Bkash,,ENT-20241216-00530
PO-202412-1475,2024-12-15,VND001,Creative Corporation,INV-20241215-5027,Body Butter,PRD0016,Hygiene Products,CAT004,1753.07,71,124467.97,33515.54,90952.43,2168.66,88783.77,7420.86,2024,12,15,81362.91,48973.01,Cheque,Dutch Bangla Bank,ENT-20241215-01475
PO-202412-0370,2024-12-15,VND005,Yello Energy Co.,INV-20241215-8209,Hand Sanitizer,PRD0004,Hygiene Products,CAT004,4889.54,25,122238.5,30074.55,92163.95,6578.52,85585.43,7926.87,2024,12,15,77658.56,71465.82,Cheque,Rupali Bank,ENT-20241215-00370
PO-202412-1029,2024-12-15,VND001,Creative Corporation,INV-20241215-2390,Face Serum,PRD0053,Cosmetics,CAT002,4661.8,32,149177.6,40951.39,108226.21,6828.16,101398.05,5198.12,2024,12,15,96199.93,24683.05,Cheque,Nagad,ENT-20241215-01029
PO-202412-1448,2024-12-15,VND004,Organic Solutions,INV-20241215-7496,Watch,PRD0043,Accessories,CAT003,4841.54,86,416372.44,35018.44,381354.0,18191.1,363162.9,30690.3,2024,12,15,332472.6,192173.14,Cash,,ENT-20241215-01448
PO-202412-0175,2024-12-14,VND005,Yello Energy Co.,INV-20241214-8536,Watch,PRD0043,Accessories,CAT003,102.06,24,2449.44,22.19,2427.25,182.29,2244.96,326.0,2024,12,14,1918.96,473.5,Bank Transfer,BRAC Bank,ENT-20241214-00175
PO-202412-0586,2024-12-14,VND006,Sun Corporation Ltd.,INV-20241214-3541,Sunglasses,PRD0027,Accessories,CAT003,558.5,31,17313.5,2466.44,14847.06,310.51,14536.55,1356.72,2024,12,14,13179.83,11578.74,Bank Transfer,Nagad,ENT-20241214-00586
PO-202412-1255,2024-12-14,VND007,Style Mart Brand,INV-20241214-7078,Condom,PRD0009,Hygiene Products,CAT004,4596.88,14,64356.32,14530.71,49825.61,3334.63,46490.98,6085.86,2024,12,14,40405.12,12088.6,Nagad,,ENT-20241214-01255
PO-202412-1831,2024-12-14,VND006,Sun Corporation Ltd.,INV-20241214-7065,Body Butter,PRD0016,Hygiene Products,CAT004,265.01,11,2915.11,83.74,2831.37,62.27,2769.1,130.09,2024,12,14,2639.01,2062.4,Cash,,ENT-20241214-01831
PO-202412-0409,2024-12-14,VND006,Sun Corporation Ltd.,INV-20241214-5018,Deodorant,PRD0036,Cosmetics,CAT002,4548.06,33,150085.98,42988.9,107097.08,4502.93,102594.15,3596.11,2024,12,14,98998.04,64601.53,Cheque,Bkash,ENT-20241214-00409
PO-202412-1977,2024-12-13,VND003,Shanti Enterprises,INV-20241213-1050,Body Butter,PRD0016,Hygiene Products,CAT004,71.11,97,6897.67,630.7,6266.97,598.14,5668.83,724.37,2024,12,13,4944.46,2221.83,Cash,,ENT-20241213-01977
PO-202412-0568,2024-12-12,VND006,Sun Corporation Ltd.,INV-20241212-9330,Handbag,PRD0020,Accessories,CAT003,1110.88,97,107755.36,26576.61,81178.75,3707.44,77471.31,1143.91,2024,12,12,76327.4,54118.29,Nagad,,ENT-20241212-00568
PO-202412-0152,2024-12-12,VND001,Creative Corporation,INV-20241212-2302,Body Spray,PRD0001,Cosmetics,CAT002,3365.28,63,212012.64,60756.54,151256.1,14790.98,136465.12,14561.23,2024,12,12,121903.89,30554.93,Bkash,,ENT-20241212-00152
PO-202412-1549,2024-12-12,VND005,Yello Energy Co.,INV-20241212-4886,Condom,PRD0009,Hygiene Products,CAT004,3529.68,90,317671.2,86623.28,231047.92,16752.44,214295.48,24110.72,2024,12,12,190184.76,139266.32,Nagad,,ENT-20241212-01549
PO-202412-0928,2024-12-11,VND006,Sun Corporation Ltd.,INV-20241211-8868,Men Jeans,PRD0078,Fashion Apparel,CAT001,158.99,80,12719.2,2442.11,10277.09,809.35,9467.74,930.63,2024,12,11,8537.11,8180.45,Bank Transfer,Dutch Bangla Bank,ENT-20241211-00928
PO-202412-1594,2024-12-11,VND006,Sun Corporation Ltd.,INV-20241211-3352,Body Mist,PRD0035,Cosmetics,CAT002,189.06,74,13990.44,2331.27,11659.17,82.42,11576.75,441.59,2024,12,11,11135.16,5273.33,Nagad,,ENT-20241211-01594
PO-202412-1229,2024-12-10,VND001,Creative Corporation,INV-20241210-2841,Aftershave,PRD0057,Hygiene Products,CAT004,334.32,43,14375.76,2237.44,12138.32,862.25,11276.07,1587.4,2024,12,10,9688.67,8570.33,Bkash,,ENT-20241210-01229
PO-202412-0340,2024-12-10,VND005,Yello Energy Co.,INV-20241210-4484,Hair Mask,PRD0021,Cosmetics,CAT002,4852.11,78,378464.58,91515.75,286948.83,1219.72,285729.11,25551.44,2024,12,10,260177.67,232861.03,Bkash,,ENT-20241210-00340
PO-202412-0697,2024-12-10,VND003,Shanti Enterprises,INV-20241210-8545,Underarm Whitening Cream,PRD0050,Cosmetics,CAT002,406.64,66,26838.24,77.52,26760.72,1365.68,25395.04,3643.34,2024,12,10,21751.7,12376.04,Nagad,,ENT-20241210-00697
PO-202412-1268,2024-12-10,VND007,Style Mart Brand,INV-20241210-8388,Backpack,PRD0038,Hygiene Products,CAT004,247.69,89,22044.41,3827.39,18217.02,1061.6,17155.42,698.45,2024,12,10,16456.97,11061.96,Bkash,,ENT-20241210-01268
PO-202412-1385,2024-12-10,VND006,Sun Corporation Ltd.,INV-20241210-4413,Personal Lubricant,PRD0070,Hygiene Products,CAT004,2587.76,3,7763.28,498.61,7264.67,261.53,7003.14,776.15,2024,12,10,6226.99,6148.07,Cash,,ENT-20241210-01385
PO-202412-0162,2024-12-09,VND006,Sun Corporation Ltd.,INV-20241209-3083,Sunglasses,PRD0027,Accessories,CAT003,4827.92,27,130353.84,18643.44,111710.4,8068.98,103641.42,2320.42,2024,12,9,101321.0,13436.52,Nagad,,ENT-20241209-00162
PO-202412-1720,2024-12-09,VND005,Yello Energy Co.,INV-20241209-3202,Personal Lubricant,PRD0070,Hygiene Products,CAT004,2262.33,45,101804.85,27544.93,74259.92,2131.11,72128.81,5072.3,2024,12,9,67056.51,40207.73,Bkash,,ENT-20241209-01720
PO-202412-0170,2024-12-09,VND002,Kazi Tea IND Ltd.,INV-20241209-8035,Deodorant,PRD0036,Cosmetics,CAT002,2407.89,78,187815.42,6849.01,180966.41,7612.11,173354.3,6701.9,2024,12,9,166652.4,90289.48,Bank Transfer,BRAC Bank,ENT-20241209-00170
PO-202412-0080,2024-12-08,VND006,Sun Corporation Ltd.,INV-20241208-1469,Toothpaste,PRD0063,Hygiene Products,CAT004,4223.2,58,244945.6,64249.19,180696.41,14807.12,165889.29,23135.0,2024,12,8,142754.29,21592.8,Nagad,,ENT-20241208-00080
PO-202412-0991,2024-12-08,VND005,Yello Energy Co.,INV-20241208-1128,Kids Dress,PRD0067,Fashion Apparel,CAT001,1724.25,66,113800.5,29067.11,84733.39,2489.44,82243.95,11813.43,2024,12,8,70430.52,52437.05,Cheque,Nagad,ENT-20241208-00991
PO-202412-0798,2024-12-08,VND006,Sun Corporation Ltd.,INV-20241208-5228,Beard Oil,PRD0049,Cosmetics,CAT002,1202.54,44,52911.76,6869.11,46042.65,1083.2,44959.45,2605.59,2024,12,8,42353.86,6621.93,Cheque,Janata Bank,ENT-20241208-00798
PO-202412-1295,2024-12-08,VND004,Organic Solutions,INV-20241208-1273,Underarm Whitening Cream,PRD0050,Cosmetics,CAT002,2290.45,85,194688.25,19961.58,174726.67,3089.92,171636.75,18043.37,2024,12,8,153593.38,47355.91,Cheque,Dutch Bangla Bank,ENT-20241208-01295
PO-202412-0083,2024-12-07,VND006,Sun Corporation Ltd.,INV-20241207-6786,Face Mask,PRD0054,Cosmetics,CAT002,4026.79,76,306036.04,30603.6,275432.44,13771.62,261660.82,13083.04,2024,12,7,248577.78,21194.37,Bank Transfer,City Bank,ENT-20241207-00083
PO-202412-0902,2024-12-07,VND005,Yello Energy Co.,INV-20241207-2006,Hand Sanitizer,PRD0004,Hygiene Products,CAT004,4697.87,79,371131.73,93067.04,278064.69,7752.56,270312.13,10341.71,2024,12,7,259970.42,123602.14,Bkash,,ENT-20241207-00902
PO-202412-0526,2024-12-07,VND005,Yello Energy Co.,INV-20241207-1694,Hand Sanitizer,PRD0004,Hygiene Products,CAT004,2854.08,44,125579.52,36549.04,89030.48,8237.23,80793.25,5332.64,2024,12,7,75460.61,28263.49,Cheque,Bkash,ENT-20241207-00526
PO-202412-0077,2024-12-07,VND004,Organic Solutions,INV-20241207-6529,Face Serum,PRD0053,Cosmetics,CAT002,4445.14,43,191141.02,30135.41,161005.61,3210.15,157795.46,20442.57,2024,12,7,137352.89,892.0,Cash,,ENT-20241207-00077
PO-202412-0083,2024-12-07,VND006,Sun Corporation Ltd.,INV-20241207-6786,Face Mask,PRD0054,Cosmetics,CAT002,3928.5,66,259281.0,70187.18,189093.82,15586.73,173507.09,25231.25,2024,12,7,148275.84,68311.43,Bank Transfer,City Bank,ENT-20241207-00083
PO-202412-0875,2024-12-06,VND001,Creative Corporation,INV-20241206-8406,Hair Removal Cream,PRD0018,Cosmetics,CAT002,941.01,43,40463.43,4221.63,36241.8,1482.34,34759.46,2132.7,2024,12,6,32626.76,17342.89,Bank Transfer,Janata Bank,ENT-20241206-00875
PO-202412-0753,2024-12-05,VND001,Creative Corporation,INV-20241205-1146,Body Oil,PRD0059,Cosmetics,CAT002,442.14,55,24317.7,2840.78,21476.92,1376.27,20100.65,265.87,2024,12,5,19834.78,9954.47,Bkash,,ENT-20241205-00753
PO-202412-0008,2024-12-05,VND006,Sun Corporation Ltd.,INV-20241205-6742,Kids T-Shirt,PRD0006,Fashion Apparel,CAT001,4083.5,9,36751.5,4672.18,32079.32,2663.15,29416.17,2041.12,2024,12,5,27375.05,4364.14,Bank Transfer,Dutch Bangla Bank,ENT-20241205-00008
PO-202412-1889,2024-12-05,VND006,Sun Corporation Ltd.,INV-20241205-8317,Sanitary Napkins,PRD0030,Hygiene Products,CAT004,719.0,48,34512.0,6575.02,27936.98,527.12,27409.86,1616.5,2024,12,5,25793.36,15007.89,Cash,,ENT-20241205-01889
PO-202412-1020,2024-12-03,VND005,Yello Energy Co.,INV-20241203-2858,Face Serum,PRD0053,Cosmetics,CAT002,2488.29,78,194086.62,1432.53,192654.09,12754.18,179899.91,7392.94,2024,12,3,172506.97,15206.16,Cash,,ENT-20241203-01020
PO-202412-1982,2024-12-03,VND006,Sun Corporation Ltd.,INV-20241203-7277,Women's Nightwear,PRD0003,Fashion Apparel,CAT001,1617.09,19,30724.71,6657.19,24067.52,2269.7,21797.82,2787.6,2024,12,3,19010.22,7278.26,Cheque,Janata Bank,ENT-20241203-01982
PO-202412-1782,2024-12-03,VND003,Shanti Enterprises,INV-20241203-8408,Underarm Whitening Cream,PRD0050,Cosmetics,CAT002,350.57,71,24890.47,279.68,24610.79,842.51,23768.28,1487.47,2024,12,3,22280.81,239.62,Bkash,,ENT-20241203-01782
PO-202412-0492,2024-12-03,VND005,Yello Energy Co.,INV-20241203-1377,Keychain,PRD0012,Accessories,CAT003,3308.09,69,228258.21,68477.42,159780.79,7484.92,152295.87,19612.16,2024,12,3,132683.71,100929.97,Cash,,ENT-20241203-00492
PO-202412-1493,2024-12-02,VND005,Yello Energy Co.,INV-20241202-9635,Handbag,PRD0020,Accessories,CAT003,1226.46,46,56417.16,12708.7,43708.46,2074.76,41633.7,2265.93,2024,12,2,39367.77,10240.06,Cheque,Nagad,ENT-20241202-01493
PO-202412-1581,2024-12-01,VND007,Style Mart Brand,INV-20241201-5400,Personal Lubricant,PRD0070,Hygiene Products,CAT004,4690.14,10,46901.4,4049.81,42851.59,3303.59,39548.0,1418.61,2024,12,1,38129.39,868.71,Cash,,ENT-20241201-01581
PO-202412-0696,2024-12-01,VND002,Kazi Tea IND Ltd.,INV-20241201-6398,Mouthwash,PRD0025,Hygiene Products,CAT004,1599.95,37,59198.15,7109.95,52088.2,377.7,51710.5,1412.66,2024,12,1,50297.84,21420.61,Bank Transfer,Janata Bank,ENT-20241201-00696
PO-202412-1148,2024-12-01,VND001,Creative Corporation,INV-20241201-3876,Sanitary Napkins,PRD0030,Hygiene Products,CAT004,188.82,49,9252.18,1023.07,8229.11,731.16,7497.95,705.14,2024,12,1,6792.81,556.32,Bank Transfer,Sonali Bank,ENT-20241201-01148
PO-202412-1615,2024-12-01,VND006,Sun Corporation Ltd.,INV-20241201-3150,Umbrella,PRD0060,Accessories,CAT003,2083.57,68,141682.76,35490.44,106192.32,2820.19,103372.13,1481.96,2024,12,1,101890.17,71358.81,Bank Transfer,Bkash,ENT-20241201-01615
PO-202411-0773,2024-11-29,VND007,Style Mart Brand,INV-20241129-2005,Hat,PRD0019,Accessories,CAT003,640.13,33,21124.29,4489.73,16634.56,115.05,16519.51,115.74,2024,11,29,16403.77,6057.35,Cash,,ENT-20241129-00773
PO-202411-1125,2024-11-29,VND004,Organic Solutions,INV-20241129-2473,Handbag,PRD0020,Accessories,CAT003,1854.97,12,22259.64,3555.15,18704.49,1385.43,17319.06,1394.12,2024,11,29,15924.94,1421.2,Bank Transfer,City Bank,ENT-20241129-01125
PO-202411-1637,2024-11-29,VND003,Shanti Enterprises,INV-20241129-4779,Body Spray,PRD0001,Cosmetics,CAT002,221.77,42,9314.34,759.24,8555.1,198.2,8356.9,85.79,2024,11,29,8271.11,1800.2,Bkash,,ENT-20241129-01637
PO-202411-0773,2024-11-29,VND007,Style Mart Brand,INV-20241129-2005,Hat,PRD0019,Accessories,CAT003,3244.9,164,532163.6,53216.36,478947.24,23947.36,454999.88,22749.99,2024,11,29,432249.89,48479.89,Cash,,ENT-20241129-00773
PO-202411-1455,2024-11-29,VND006,Sun Corporation Ltd.,INV-20241129-5813,Women's Kurti,PRD0081,Fashion Apparel,CAT001,121.34,64,7765.76,238.26,7527.5,493.29,7034.21,641.92,2024,11,29,6392.29,2344.94,Bank Transfer,Janata Bank,ENT-20241129-01455
PO-202411-1101,2024-11-28,VND003,Shanti Enterprises,INV-20241128-5308,Women's Kurti,PRD0081,Fashion Apparel,CAT001,1568.94,73,114532.62,11600.33,102932.29,184.39,102747.9,11899.27,2024,11,28,90848.63,48645.73,Nagad,,ENT-20241128-01101
PO-202411-0638,2024-11-28,VND002,Kazi Tea IND Ltd.,INV-20241128-3117,Jewelry Set,PRD0044,Accessories,CAT003,4511.11,17,76688.87,4335.7,72353.17,5690.35,66662.82,731.74,2024,11,28,65931.08,7246.79,Cheque,Janata Bank,ENT-20241128-00638
PO-202411-0302,2024-11-28,VND004,Organic Solutions,INV-20241128-1135,Hair Spray,PRD0071,Cosmetics,CAT002,1640.03,38,62321.14,10583.9,51737.24,5046.67,46690.57,4731.9,2024,11,28,41958.67,39964.44,Bkash,,ENT-20241128-00302
PO-202411-0295,2024-11-28,VND003,Shanti Enterprises,INV-20241128-7344,Face Mask,PRD0054,Cosmetics,CAT002,708.56,60,42513.6,9019.44,33494.16,1440.37,32053.79,176.59,2024,11,28,31877.2,27376.91,Nagad,,ENT-20241128-00295
PO-202411-1282,2024-11-28,VND007,Style Mart Brand,INV-20241128-6060,Hair Serum,PRD0011,Cosmetics,CAT002,4264.76,1,4264.76,1240.67,3024.09,94.38,2929.71,411.42,2024,11,28,2518.29,197.81,Bkash,,ENT-20241128-01282
PO-202411-1582,2024-11-27,VND001,Creative Corporation,INV-20241127-2081,Gloves,PRD0023,Hygiene Products,CAT004,4475.11,27,120827.97,7851.53,112976.44,7559.25,105417.19,14539.75,2024,11,27,90877.44,78572.52,Bank Transfer,BRAC Bank,ENT-20241127-01582
PO-202411-1315,2024-11-27,VND002,Kazi Tea IND Ltd.,INV-20241127-7548,Sunglasses,PRD0027,Accessories,CAT003,681.86,61,41593.46,945.94,40647.52,750.59,39896.93,4630.88,2024,11,27,35266.05,4510.65,Bkash,,ENT-20241127-01315
PO-202411-1513,2024-11-26,VND007,Style Mart Brand,INV-20241126-3433,Makeup Kit,PRD0056,Cosmetics,CAT002,4726.78,43,203251.54,20744.01,182507.53,17273.01,165234.52,13554.78,2024,11,26,151679.74,23039.62,Nagad,,ENT-20241126-01513
PO-202411-1876,2024-11-26,VND003,Shanti Enterprises,INV-20241126-8814,Shampoo,PRD0007,Hygiene Products,CAT004,2622.14,37,97019.18,3741.07,93278.11,4901.0,88377.11,496.66,2024,11,26,87880.45,69533.56,Bank Transfer,Dutch Bangla Bank,ENT-20241126-01876
PO-202411-0470,2024-11-26,VND004,Organic Solutions,INV-20241126-3422,Belt,PRD0002,Accessories,CAT003,1973.6,28,55260.8,12545.71,42715.09,2354.82,40360.27,272.57,2024,11,26,40087.7,24822.68,Bkash,,ENT-20241126-00470
PO-202411-0227,2024-11-26,VND004,Organic Solutions,INV-20241126-4312,Kids T-Shirt,PRD0006,Fashion Apparel,CAT001,4904.77,13,63762.01,6739.23,57022.78,3240.5,53782.28,2617.2,2024,11,26,51165.08,39213.78,Cash,,ENT-20241126-00227
PO-202411-1280,2024-11-26,VND002,Kazi Tea IND Ltd.,INV-20241126-7166,Handbag,PRD0020,Accessories,CAT003,1346.77,99,133330.23,13504.42,119825.81,1477.31,118348.5,14156.57,2024,11,26,104191.93,54271.37,Bkash,,ENT-20241126-01280
PO-202411-1933,2024-11-25,VND001,Creative Corporation,INV-20241125-9571,Umbrella,PRD0060,Accessories,CAT003,450.83,67,30205.61,4333.5,25872.11,1119.37,24752.74,1725.48,2024,11,25,23027.26,6988.52,Cash,,ENT-20241125-01933
PO-202411-1916,2024-11-25,VND001,Creative Corporation,INV-20241125-2978,Face Scrub,PRD0062,Hygiene Products,CAT004,1097.51,48,52680.48,699.19,51981.29,3989.83,47991.46,5417.71,2024,11,25,42573.75,23752.39,Cheque,Janata Bank,ENT-20241125-01916
PO-202411-0346,2024-11-25,VND007,Style Mart Brand,INV-20241125-9483,Sunscreen,PRD0068,Hygiene Products,CAT004,1267.24,96,121655.04,6109.92,115545.12,2433.79,113111.33,9535.34,2024,11,25,103575.99,94742.96,Nagad,,ENT-20241125-00346
PO-202411-1337,2024-11-25,VND006,Sun Corporation Ltd.,INV-20241125-8110,Disinfectant Spray,PRD0037,Cosmetics,CAT002,4035.18,73,294568.14,55905.17,238662.97,13079.78,225583.19,21716.91,2024,11,25,203866.28,80428.99,Bank Transfer,Dutch Bangla Bank,ENT-20241125-01337
PO-202411-0089,2024-11-25,VND003,Shanti Enterprises,INV-20241125-2852,Keychain,PRD0012,Accessories,CAT003,4673.93,69,322501.17,20148.58,302352.59,6559.35,295793.24,20598.4,2024,11,25,275194.84,107704.1,Cheque,Rupali Bank,ENT-20241125-00089
PO-202411-0423,2024-11-24,VND002,Kazi Tea IND Ltd.,INV-20241124-2778,Personal Lubricant,PRD0070,Hygiene Products,CAT004,871.26,88,76670.88,123.0,76547.88,974.46,75573.42,7462.87,2024,11,24,68110.55,49858.5,Nagad,,ENT-20241124-00423
PO-202411-1735,2024-11-24,VND001,Creative Corporation,INV-20241124-1742,Wallet,PRD0051,Accessories,CAT003,1996.75,24,47922.0,12710.18,35211.82,289.54,34922.28,2741.21,2024,11,24,32181.07,24933.88,Nagad,,ENT-20241124-01735
PO-202411-0287,2024-11-23,VND003,Shanti Enterprises,INV-20241123-6885,Face Toner,PRD0033,Hygiene Products,CAT004,676.39,65,43965.35,1354.62,42610.73,1519.25,41091.48,5319.35,2024,11,23,35772.13,5856.05,Nagad,,ENT-20241123-00287
PO-202411-0296,2024-11-23,VND003,Shanti Enterprises,INV-20241123-8233,Kids Dress,PRD0067,Fashion Apparel,CAT001,2310.93,10,23109.3,1445.63,21663.67,1112.71,20550.96,3050.92,2024,11,23,17500.04,9439.52,Bkash,,ENT-20241123-00296
PO-202411-0624,2024-11-23,VND003,Shanti Enterprises,INV-20241123-3188,Disinfectant Spray,PRD0037,Cosmetics,CAT002,2562.94,1,2562.94,139.39,2423.55,147.63,2275.92,140.65,2024,11,23,2135.27,1458.23,Nagad,,ENT-20241123-00624
PO-202411-1849,2024-11-23,VND005,Yello Energy Co.,INV-20241123-3896,Hat,PRD0019,Accessories,CAT003,2689.37,25,67234.25,14447.47,52786.78,4556.48,48230.3,6561.07,2024,11,23,41669.23,18335.59,Cash,,ENT-20241123-01849
PO-202411-0273,2024-11-22,VND002,Kazi Tea IND Ltd.,INV-20241122-5582,Women's Top,PRD0005,Fashion Apparel,CAT001,1158.71,49,56776.79,1502.54,55274.25,285.59,54988.66,1652.07,2024,11,22,53336.59,6207.34,Nagad,,ENT-20241122-00273
PO-202411-1551,2024-11-22,VND006,Sun Corporation Ltd.,INV-20241122-6508,Shampoo,PRD0007,Hygiene Products,CAT004,3068.26,40,122730.4,7753.37,114977.03,1434.72,113542.31,9849.27,2024,11,22,103693.04,20111.7,Bkash,,ENT-20241122-01551
PO-202411-0178,2024-11-21,VND001,Creative Corporation,INV-20241121-9886,Men T-Shirt,PRD0026,Fashion Apparel,CAT001,4089.1,72,294415.2,34691.72,259723.48,11482.61,248240.87,14759.7,2024,11,21,233481.17,62401.5,Bank Transfer,Dutch Bangla Bank,ENT-20241121-00178
PO-202411-0981,2024-11-21,VND004,Organic Solutions,INV-20241121-8138,Body Wash,PRD0058,Hygiene Products,CAT004,4362.68,80,349014.4,50179.68,298834.72,12803.93,286030.79,20952.83,2024,11,21,265077.96,157413.35,Nagad,,ENT-20241121-00981
PO-202411-0960,2024-11-21,VND003,Shanti Enterprises,INV-20241121-3842,Face Scrub,PRD0062,Hygiene Products,CAT004,3635.61,70,254492.7,52133.52,202359.18,12545.68,189813.5,27660.22,2024,11,21,162153.28,68213.86,Bank Transfer,Bkash,ENT-20241121-00960
PO-202411-0957,2024-11-21,VND004,Organic Solutions,INV-20241121-2944,Kids Dress,PRD0067,Fashion Apparel,CAT001,4729.05,25,118226.25,4297.87,113928.38,4367.39,109560.99,9951.43,2024,11,21,99609.56,59209.83,Bkash,,ENT-20241121-00957
PO-202411-0578,2024-11-20,VND004,Organic Solutions,INV-20241120-5771,Condom,PRD0009,Hygiene Products,CAT004,1959.58,51,99938.58,7272.0,92666.58,3803.95,88862.63,1103.1,2024,11,20,87759.53,44502.27,Nagad,,ENT-20241120-00578
PO-202411-1688,2024-11-20,VND006,Sun Corporation Ltd.,INV-20241120-4504,Hair Gel,PRD0077,Hygiene Products,CAT004,65.99,57,3761.43,359.5,3401.93,195.42,3206.51,347.07,2024,11,20,2859.44,1345.77,Nagad,,ENT-20241120-01688
PO-202411-0873,2024-11-20,VND006,Sun Corporation Ltd.,INV-20241120-5702,Wallet,PRD0051,Accessories,CAT003,1482.06,3,4446.18,425.18,4021.0,313.61,3707.39,137.19,2024,11,20,3570.2,82.95,Cheque,Bkash,ENT-20241120-00873
PO-202411-0431,2024-11-20,VND002,Kazi Tea IND Ltd.,INV-20241120-1694,Jewelry Set,PRD0044,Accessories,CAT003,3420.09,17,58141.53,15136.02,43005.51,1754.17,41251.34,1058.75,2024,11,20,40192.59,8823.63,Nagad,,ENT-20241120-00431
PO-202411-0010,2024-11-20,VND004,Organic Solutions,INV-20241120-5883,Men Jeans,PRD0078,Fashion Apparel,CAT001,752.65,36,27095.4,3057.71,24037.69,197.72,23839.97,1876.09,2024,11,20,21963.88,17536.88,Cheque,BRAC Bank,ENT-20241120-00010
PO-202411-0200,2024-11-20,VND005,Yello Energy Co.,INV-20241120-9877,Men Shirt,PRD0010,Fashion Apparel,CAT001,4000.97,69,276066.93,80258.65,195808.28,17704.93,178103.35,11914.24,2024,11,20,166189.11,129689.16,Cheque,City Bank,ENT-20241120-00200
PO-202411-1309,2024-11-18,VND001,Creative Corporation,INV-20241118-7671,Makeup Kit,PRD0056,Cosmetics,CAT002,3976.23,48,190859.04,25513.33,165345.71,5873.91,159471.8,10285.03,2024,11,18,149186.77,12977.21,Cheque,Sonali Bank,ENT-20241118-01309
PO-202411-0039,2024-11-18,VND003,Shanti Enterprises,INV-20241118-3292,Shampoo,PRD0007,Hygiene Products,CAT004,392.67,23,9031.41,2400.45,6630.96,239.34,6391.62,665.41,2024,11,18,5726.21,564.32,Nagad,,ENT-20241118-00039
PO-202411-1958,2024-11-18,VND006,Sun Corporation Ltd.,INV-20241118-8340,Makeup Remover,PRD0032,Cosmetics,CAT002,1256.46,1,1256.46,184.99,1071.47,42.8,1028.67,117.31,2024,11,18,911.36,860.51,Cash,,ENT-20241118-01958
PO-202411-1825,2024-11-18,VND007,Style Mart Brand,INV-20241118-4711,Perfume,PRD0014,Cosmetics,CAT002,1395.73,78,108866.94,12805.1,96061.84,6847.01,89214.83,611.68,2024,11,18,88603.15,34392.47,Nagad,,ENT-20241118-01825
PO-202411-0794,2024-11-16,VND007,Style Mart Brand,INV-20241116-9688,Diapers,PRD0024,Hygiene Products,CAT004,1460.46,93,135822.78,5971.7,129851.08,10731.0,119120.08,13711.44,2024,11,16,105408.64,46.41,Cash,,ENT-20241116-00794
PO-202411-0744,2024-11-15,VND005,Yello Energy Co.,INV-20241115-2491,Beard Oil,PRD0049,Cosmetics,CAT002,1135.76,96,109032.96,3210.72,105822.24,9106.3,96715.94,5659.6,2024,11,15,91056.34,79568.87,Bkash,,ENT-20241115-00744
PO-202411-1528,2024-11-15,VND002,Kazi Tea IND Ltd.,INV-20241115-8224,Body Scrub,PRD0047,Hygiene Products,CAT004,2141.6,40,85664.0,2640.43,83023.57,4736.39,78287.18,8502.8,2024,11,15,69784.38,11376.19,Cash,,ENT-20241115-01528
PO-202411-1880,2024-11-14,VND005,Yello Energy Co.,INV-20241114-3096,Toothbrush,PRD0017,Hygiene Products,CAT004,1475.87,51,75269.37,2778.69,72490.68,5654.37,66836.31,3293.62,2024,11,14,63542.69,53004.22,Bkash,,ENT-20241114-01880
PO-202411-1096,2024-11-14,VND005,Yello Energy Co.,INV-20241114-8747,Footwear,PRD0065,Hygiene Products,CAT004,2995.68,35,104848.8,15016.39,89832.41,115.13,89717.28,11897.36,2024,11,14,77819.92,51268.61,Cheque,Rupali Bank,ENT-20241114-01096
PO-202411-0626,2024-11-14,VND006,Sun Corporation Ltd.,INV-20241114-3877,Men's Innerwear,PRD0015,Fashion Apparel,CAT001,2535.23,96,243382.08,11507.98,231874.1,6447.33,225426.77,18947.13,2024,11,14,206479.64,164722.2,Bkash,,ENT-20241114-00626
PO-202411-0619,2024-11-13,VND004,Organic Solutions,INV-20241113-8967,Perfume,PRD0014,Cosmetics,CAT002,3230.77,21,67846.17,935.39,66910.78,2817.74,64093.04,5157.58,2024,11,13,58935.46,35441.45,Cash,,ENT-20241113-00619
PO-202411-0619,2024-11-13,VND004,Organic Solutions,INV-20241113-8967,Perfume,PRD0014,Cosmetics,CAT002,2933.25,65,190661.25,19066.12,171595.13,8579.76,163015.37,8150.77,2024,11,13,154864.6,27150.34,Cash,,ENT-20241113-00619
PO-202411-1636,2024-11-12,VND005,Yello Energy Co.,INV-20241112-9496,Hair Gel,PRD0077,Hygiene Products,CAT004,920.92,3,2762.76,387.92,2374.84,117.41,2257.43,154.72,2024,11,12,2102.71,1034.65,Cash,,ENT-20241112-01636
PO-202411-1903,2024-11-11,VND002,Kazi Tea IND Ltd.,INV-20241111-7897,Women's Skirt,PRD0046,Fashion Apparel,CAT001,4370.14,63,275318.82,22195.96,253122.86,3380.14,249742.72,2287.21,2024,11,11,247455.51,9176.92,Cheque,BRAC Bank,ENT-20241111-01903
PO-202411-1396,2024-11-11,VND005,Yello Energy Co.,INV-20241111-9587,Makeup Remover,PRD0032,Cosmetics,CAT002,1291.32,45,58109.4,16916.88,41192.52,968.36,40224.16,360.41,2024,11,11,39863.75,32682.31,Bank Transfer,Nagad,ENT-20241111-01396
PO-202411-0469,2024-11-11,VND006,Sun Corporation Ltd.,INV-20241111-4993,Disinfectant Spray,PRD0037,Cosmetics,CAT002,1485.38,84,124771.92,14903.91,109868.01,8917.05,100950.96,14550.44,2024,11,11,86400.52,16789.64,Cheque,Sonali Bank,ENT-20241111-00469
PO-202411-0585,2024-11-11,VND007,Style Mart Brand,INV-20241111-1181,Makeup Kit,PRD0056,Cosmetics,CAT002,2075.32,52,107916.64,25487.2,82429.44,2404.87,80024.57,146.44,2024,11,11,79878.13,6656.88,Cash,,ENT-20241111-00585
PO-202411-1881,2024-11-11,VND007,Style Mart Brand,INV-20241111-3231,Hair Spray,PRD0071,Cosmetics,CAT002,2110.56,18,37990.08,3332.11,34657.97,687.96,33970.01,4216.36,2024,11,11,29753.65,514.09,Bkash,,ENT-20241111-01881
PO-202411-0344,2024-11-09,VND001,Creative Corporation,INV-20241109-3322,Gloves,PRD0023,Hygiene Products,CAT004,4194.8,79,331389.2,18718.8,312670.4,17974.55,294695.85,11397.72,2024,11,9,283298.13,93192.76,Cash,,ENT-20241109-00344
PO-202411-0534,2024-11-09,VND004,Organic Solutions,INV-20241109-7014,Men Jeans,PRD0078,Fashion Apparel,CAT001,2274.47,4,9097.88,2362.1,6735.78,53.27,6682.51,428.2,2024,11,9,6254.31,4413.21,Bank Transfer,BRAC Bank,ENT-20241109-00534
PO-202411-0333,2024-11-09,VND001,Creative Corporation,INV-20241109-4164,Sunscreen,PRD0068,Hygiene Products,CAT004,2788.97,6,16733.82,3232.47,13501.35,492.66,13008.69,171.3,2024,11,9,12837.39,10921.26,Nagad,,ENT-20241109-00333
PO-202411-0640,2024-11-09,VND001,Creative Corporation,INV-20241109-1785,Nail Polish,PRD0055,Cosmetics,CAT002,2470.53,98,242111.94,23992.61,218119.33,9507.28,208612.05,21490.91,2024,11,9,187121.14,28023.58,Bank Transfer,Nagad,ENT-20241109-00640
PO-202411-1909,2024-11-08,VND003,Shanti Enterprises,INV-20241108-4998,Men Shirt,PRD0010,Fashion Apparel,CAT001,273.3,10,2733.0,147.79,2585.21,90.87,2494.34,33.79,2024,11,8,2460.55,948.89,Cash,,ENT-20241108-01909
PO-202411-0151,2024-11-08,VND004,Organic Solutions,INV-20241108-7366,Watch,PRD0043,Accessories,CAT003,1213.79,14,16993.06,1461.8,15531.26,880.0,14651.26,801.57,2024,11,8,13849.69,6834.08,Bank Transfer,Nagad,ENT-20241108-00151
PO-202411-1025,2024-11-08,VND005,Yello Energy Co.,INV-20241108-1805,Wallet,PRD0051,Accessories,CAT003,1644.28,61,100301.08,20759.95,79541.13,6506.82,73034.31,9022.22,2024,11,8,64012.09,31891.26,Nagad,,ENT-20241108-01025
PO-202411-0040,2024-11-07,VND002,Kazi Tea IND Ltd.,INV-20241107-5704,Personal Toys,PRD0040,Hygiene Products,CAT004,3384.91,84,284332.44,27893.49,256438.95,17306.74,239132.21,11343.83,2024,11,7,227788.38,2137.43,Bank Transfer,Janata Bank,ENT-20241107-00040
PO-202411-0945,2024-11-07,VND001,Creative Corporation,INV-20241107-4042,Hat,PRD0019,Accessories,CAT003,477.81,29,13856.49,3067.9,10788.59,276.57,10512.02,1483.85,2024,11,7,9028.17,3713.04,Cheque,City Bank,ENT-20241107-00945
PO-202411-0760,2024-11-07,VND003,Shanti Enterprises,INV-20241107-6826,Watch,PRD0043,Accessories,CAT003,2210.83,9,19897.47,3947.42,15950.05,706.7,15243.35,1699.37,2024,11,7,13543.98,11529.64,Nagad,,ENT-20241107-00760
PO-202411-0361,2024-11-07,VND003,Shanti Enterprises,INV-20241107-3266,Disinfectant Spray,PRD0037,Cosmetics,CAT002,3615.18,78,281984.04,30475.61,251508.43,21122.57,230385.86,21376.95,2024,11,7,209008.91,111681.83,Bkash,,ENT-20241107-00361
PO-202411-1087,2024-11-07,VND002,Kazi Tea IND Ltd.,INV-20241107-9362,Sunglasses,PRD0027,Accessories,CAT003,4939.65,67,330956.55,3758.66,327197.89,12312.72,314885.17,18334.86,2024,11,7,296550.31,178250.79,Bkash,,ENT-20241107-01087
PO-202411-1316,2024-11-07,VND002,Kazi Tea IND Ltd.,INV-20241107-7936,Women's Saree,PRD0072,Fashion Apparel,CAT001,2693.91,50,134695.5,12330.32,122365.18,4852.25,117512.93,1644.03,2024,11,7,115868.9,6215.6,Bank Transfer,Dutch Bangla Bank,ENT-20241107-01316
PO-202411-0073,2024-11-07,VND001,Creative Corporation,INV-20241107-3691,Men's Nightwear,PRD0048,Fashion Apparel,CAT001,2890.32,84,242786.88,23741.01,219045.87,12239.31,206806.56,6747.3,2024,11,7,200059.26,53976.79,Bkash,,ENT-20241107-00073
PO-202411-1154,2024-11-07,VND004,Organic Solutions,INV-20241107-8166,Umbrella,PRD0060,Accessories,CAT003,4373.19,17,74344.23,5727.59,68616.64,659.15,67957.49,4019.22,2024,11,7,63938.27,12467.74,Cash,,ENT-20241107-01154
PO-202411-0764,2024-11-06,VND003,Shanti Enterprises,INV-20241106-7536,Face Scrub,PRD0062,Hygiene Products,CAT004,2061.31,11,22674.41,4181.63,18492.78,587.01,17905.77,986.69,2024,11,6,16919.08,15486.52,Cheque,BRAC Bank,ENT-20241106-00764
PO-202411-1477,2024-11-06,VND007,Style Mart Brand,INV-20241106-8658,Hair Mask,PRD0021,Cosmetics,CAT002,544.43,93,50631.99,360.25,50271.74,4057.97,46213.77,631.16,2024,11,6,45582.61,22675.4,Cash,,ENT-20241106-01477
PO-202411-0131,2024-11-06,VND003,Shanti Enterprises,INV-20241106-1684,Men Jeans,PRD0078,Fashion Apparel,CAT001,3002.49,62,186154.38,26684.59,159469.79,6317.04,153152.75,4758.25,2024,11,6,148394.5,118939.62,Cheque,Bkash,ENT-20241106-00131
PO-202411-1439,2024-11-06,VND006,Sun Corporation Ltd.,INV-20241106-3274,Hair Color,PRD0052,Hygiene Products,CAT004,1760.52,94,165488.88,22793.72,142695.16,13172.16,129523.0,10771.19,2024,11,6,118751.81,113024.11,Bkash,,ENT-20241106-01439
PO-202411-1447,2024-11-05,VND006,Sun Corporation Ltd.,INV-20241105-8449,Toothbrush,PRD0017,Hygiene Products,CAT004,701.32,21,14727.72,2089.44,12638.28,931.52,11706.76,1272.64,2024,11,5,10434.12,8044.26,Nagad,,ENT-20241105-01447
PO-202411-1095,2024-11-05,VND002,Kazi Tea IND Ltd.,INV-20241105-1163,Underarm Whitening Cream,PRD0050,Cosmetics,CAT002,1758.29,54,94947.66,21152.29,73795.37,4943.79,68851.58,5760.94,2024,11,5,63090.64,7781.74,Bkash,,ENT-20241105-01095
PO-202411-1946,2024-11-04,VND007,Style Mart Brand,INV-20241104-5286,Face Cream,PRD0034,Cosmetics,CAT002,4683.04,90,421473.6,113728.84,307744.76,3723.34,304021.42,33960.04,2024,11,4,270061.38,117516.84,Bkash,,ENT-20241104-01946
PO-202411-1964,2024-11-04,VND005,Yello Energy Co.,INV-20241104-9806,Personal Toys,PRD0040,Hygiene Products,CAT004,2183.47,2,4366.94,49.21,4317.73,32.93,4284.8,602.73,2024,11,4,3682.07,802.57,Cheque,Bkash,ENT-20241104-01964
PO-202411-0220,2024-11-04,VND003,Shanti Enterprises,INV-20241104-1293,Disinfectant Spray,PRD0037,Cosmetics,CAT002,1771.17,55,97414.35,14275.09,83139.26,1945.17,81194.09,5662.17,2024,11,4,75531.92,32370.4,Bank Transfer,Rupali Bank,ENT-20241104-00220
PO-202411-1156,2024-11-02,VND002,Kazi Tea IND Ltd.,INV-20241102-8345,Hair Straightener,PRD0073,Hygiene Products,CAT004,1826.54,42,76714.68,11334.02,65380.66,5864.27,59516.39,5161.75,2024,11,2,54354.64,29808.61,Bank Transfer,Janata Bank,ENT-20241102-01156
PO-202411-0016,2024-11-02,VND001,Creative Corporation,INV-20241102-9719,Footwear,PRD0065,Hygiene Products,CAT004,1491.97,72,107421.84,22554.01,84867.83,168.5,84699.33,8761.41,2024,11,2,75937.92,50885.61,Cheque,Sonali Bank,ENT-20241102-00016
PO-202411-1490,2024-11-02,VND005,Yello Energy Co.,INV-20241102-7109,Scarf,PRD0076,Accessories,CAT003,663.16,63,41779.08,11291.43,30487.65,2523.85,27963.8,2128.16,2024,11,2,25835.64,1728.16,Bank Transfer,BRAC Bank,ENT-20241102-01490
PO-202411-1963,2024-11-02,VND003,Shanti Enterprises,INV-20241102-6622,Lipstick,PRD0061,Cosmetics,CAT002,4410.22,45,198459.9,14294.41,184165.49,14832.01,169333.48,3843.07,2024,11,2,165490.41,108781.54,Cheque,Bkash,ENT-20241102-01963
PO-202411-0418,2024-11-02,VND005,Yello Energy Co.,INV-20241102-2454,Hair Straightener,PRD0073,Hygiene Products,CAT004,3119.82,72,224627.04,60437.86,164189.18,7929.17,156260.01,14211.33,2024,11,2,142048.68,27791.59,Bank Transfer,City Bank,ENT-20241102-00418
PO-202411-0378,2024-11-01,VND002,Kazi Tea IND Ltd.,INV-20241101-6521,Face Toner,PRD0033,Hygiene Products,CAT004,4048.09,79,319799.11,73151.68,246647.43,12663.99,233983.44,33874.14,2024,11,1,200109.3,182978.65,Cash,,ENT-20241101-00378
PO-202411-0620,2024-11-01,VND002,Kazi Tea IND Ltd.,INV-20241101-3629,Face Toner,PRD0033,Hygiene Products,CAT004,4339.39,76,329793.64,11555.88,318237.76,20944.51,297293.25,42737.44,2024,11,1,254555.81,103085.63,Cash,,ENT-20241101-00620
PO-202410-0041,2024-10-31,VND004,Organic Solutions,INV-20241031-9117,Men's Innerwear,PRD0015,Fashion Apparel,CAT001,1344.1,14,18817.4,2351.67,16465.73,965.37,15500.36,1901.12,2024,10,31,13599.24,95.83,Nagad,,ENT-20241031-00041
PO-202410-1404,2024-10-31,VND005,Yello Energy Co.,INV-20241031-9430,Body Wash,PRD0058,Hygiene Products,CAT004,2056.86,83,170719.38,23185.04,147534.34,7408.32,140126.02,12348.29,2024,10,31,127777.73,1686.16,Bkash,,ENT-20241031-01404
PO-202410-1989,2024-10-31,VND001,Creative Corporation,INV-20241031-1328,Face Toner,PRD0033,Hygiene Products,CAT004,4212.82,67,282258.94,30817.74,251441.2,2397.08,249044.12,7431.45,2024,10,31,241612.67,168644.95,Bank Transfer,Rupali Bank,ENT-20241031-01989
PO-202410-0840,2024-10-31,VND003,Shanti Enterprises,INV-20241031-3611,Hat,PRD0019,Accessories,CAT003,849.14,44,37362.16,9345.6,28016.56,2498.96,25517.6,1239.38,2024,10,31,24278.22,7311.46,Bkash,,ENT-20241031-00840
PO-202410-0246,2024-10-31,VND002,Kazi Tea IND Ltd.,INV-20241031-1598,Foot Care Cream,PRD0041,Cosmetics,CAT002,4489.75,58,260405.5,70051.73,190353.77,17889.34,172464.43,20880.75,2024,10,31,151583.68,45102.66,Cash,,ENT-20241031-00246
PO-202410-1456,2024-10-31,VND003,Shanti Enterprises,INV-20241031-8925,Hand Sanitizer,PRD0004,Hygiene Products,CAT004,3502.6,56,196145.6,32681.71,163463.89,5680.01,157783.88,8740.22,2024,10,31,149043.66,1722.07,Bank Transfer,BRAC Bank,ENT-20241031-01456
PO-202410-0062,2024-10-30,VND001,Creative Corporation,INV-20241030-2557,Men Shirt,PRD0010,Fashion Apparel,CAT001,3471.04,34,118015.36,4298.0,113717.36,11114.94,102602.42,2047.84,2024,10,30,100554.58,71166.63,Nagad,,ENT-20241030-00062
PO-202410-0818,2024-10-30,VND002,Kazi Tea IND Ltd.,INV-20241030-4425,Belt,PRD0002,Accessories,CAT003,1443.25,57,82265.25,4012.17,78253.08,1643.7,76609.38,10440.26,2024,10,30,66169.12,57879.18,Cheque,Nagad,ENT-20241030-00818
PO-202410-1272,2024-10-30,VND006,Sun Corporation Ltd.,INV-20241030-5374,Scarf,PRD0076,Accessories,CAT003,4125.81,31,127900.11,37845.18,90054.93,864.07,89190.86,4458.66,2024,10,30,84732.2,34059.36,Bank Transfer,BRAC Bank,ENT-20241030-01272
PO-202410-0414,2024-10-30,VND005,Yello Energy Co.,INV-20241030-5225,Men T-Shirt,PRD0026,Fashion Apparel,CAT001,4140.65,12,49687.8,4031.14,45656.66,921.33,44735.33,4082.43,2024,10,30,40652.9,4123.46,Cash,,ENT-20241030-00414
PO-202410-0293,2024-10-29,VND003,Shanti Enterprises,INV-20241029-6049,Personal Toys,PRD0040,Hygiene Products,CAT004,4745.88,62,294244.56,81394.37,212850.19,12851.62,199998.57,23071.3,2024,10,29,176927.27,85113.19,Bank Transfer,Janata Bank,ENT-20241029-00293
PO-202410-1704,2024-10-28,VND003,Shanti Enterprises,INV-20241028-5725,Hair Removal Cream,PRD0018,Cosmetics,CAT002,1125.89,16,18014.24,2.84,18011.4,178.26,17833.14,91.55,2024,10,28,17741.59,15427.11,Cheque,BRAC Bank,ENT-20241028-01704
PO-202410-1226,2024-10-28,VND003,Shanti Enterprises,INV-20241028-6140,Disinfectant Spray,PRD0037,Cosmetics,CAT002,1199.24,94,112728.56,2142.72,110585.84,5790.75,104795.09,11835.13,2024,10,28,92959.96,46776.77,Cheque,Janata Bank,ENT-20241028-01226
PO-202410-0329,2024-10-28,VND006,Sun Corporation Ltd.,INV-20241028-6637,Compact Powder,PRD0042,Cosmetics,CAT002,1050.12,46,48305.52,902.89,47402.63,2703.66,44698.97,229.61,2024,10,28,44469.36,16152.56,Cash,,ENT-20241028-00329
PO-202410-0956,2024-10-27,VND005,Yello Energy Co.,INV-20241027-1518,Hair Color,PRD0052,Hygiene Products,CAT004,1900.07,92,174806.44,15489.51,159316.93,14286.42,145030.51,16763.89,2024,10,27,128266.62,107532.48,Bank Transfer,BRAC Bank,ENT-20241027-00956
PO-202410-1793,2024-10-27,VND003,Shanti Enterprises,INV-20241027-4801,Scarf,PRD0076,Accessories,CAT003,4286.91,64,274362.24,42034.12,232328.12,3761.35,228566.77,21591.57,2024,10,27,206975.2,43337.51,Bkash,,ENT-20241027-01793
PO-202410-0988,2024-10-27,VND003,Shanti Enterprises,INV-20241027-7905,Body Wash,PRD0058,Hygiene Products,CAT004,1040.17,39,40566.63,1054.95,39511.68,1544.59,37967.09,5437.28,2024,10,27,32529.81,16159.26,Bkash,,ENT-20241027-00988
PO-202410-0653,2024-10-26,VND006,Sun Corporation Ltd.,INV-20241026-5258,Kids Dress,PRD0067,Fashion Apparel,CAT001,1020.05,38,38761.9,11215.96,27545.94,37.35,27508.59,3116.86,2024,10,26,24391.73,22767.65,Bkash,,ENT-20241026-00653
PO-202410-0836,2024-10-26,VND006,Sun Corporation Ltd.,INV-20241026-6847,Women's Skirt,PRD0046,Fashion Apparel,CAT001,4692.98,41,192412.18,20745.94,171666.24,4291.17,167375.07,20878.28,2024,10,26,146496.79,80278.28,Cheque,Nagad,ENT-20241026-00836
PO-202410-0584,2024-10-26,VND001,Creative Corporation,INV-20241026-6171,Hoodie,PRD0075,Fashion Apparel,CAT001,3133.88,81,253844.28,23719.25,230125.03,7743.9,222381.13,2769.46,2024,10,26,219611.67,208493.19,Nagad,,ENT-20241026-00584
PO-202410-1752,2024-10-25,VND004,Organic Solutions,INV-20241025-5900,Shaving Cream,PRD0066,Cosmetics,CAT002,3327.51,13,43257.63,12068.99,31188.64,108.21,31080.43,1755.03,2024,10,25,29325.4,23342.64,Cash,,ENT-20241025-01752
PO-202410-1425,2024-10-25,VND002,Kazi Tea IND Ltd.,INV-20241025-5319,Shaving Cream,PRD0066,Cosmetics,CAT002,2086.97,90,187827.3,55457.95,132369.35,5309.51,127059.84,16835.57,2024,10,25,110224.27,73796.9,Bkash,,ENT-20241025-01425
PO-202410-1069,2024-10-25,VND006,Sun Corporation Ltd.,INV-20241025-4320,Jacket,PRD0008,Fashion Apparel,CAT001,756.21,80,60496.8,8801.46,51695.34,2739.01,48956.33,314.86,2024,10,25,48641.47,37182.51,Cheque,Nagad,ENT-20241025-01069
PO-202410-1237,2024-10-25,VND001,Creative Corporation,INV-20241025-7329,Beard Oil,PRD0049,Cosmetics,CAT002,3478.0,81,281718.0,60178.23,221539.77,958.6,220581.17,31859.42,2024,10,25,188721.75,14514.6,Cash,,ENT-20241025-01237
PO-202410-0144,2024-10-24,VND002,Kazi Tea IND Ltd.,INV-20241024-5420,Sunscreen,PRD0068,Hygiene Products,CAT004,1688.02,3,5064.06,1478.48,3585.58,356.03,3229.55,79.19,2024,10,24,3150.36,452.81,Cheque,Dutch Bangla Bank,ENT-20241024-00144
PO-202410-1214,2024-10-24,VND006,Sun Corporation Ltd.,INV-20241024-3986,Body Scrub,PRD0047,Hygiene Products,CAT004,2604.66,9,23441.94,6796.29,16645.65,1351.59,15294.06,1185.67,2024,10,24,14108.39,4400.42,Bkash,,ENT-20241024-01214
PO-202410-1638,2024-10-23,VND005,Yello Energy Co.,INV-20241023-8441,Toothbrush,PRD0017,Hygiene Products,CAT004,3268.4,85,277814.0,31104.32,246709.68,18569.27,228140.41,15724.86,2024,10,23,212415.55,68535.04,Bkash,,ENT-20241023-01638
PO-202410-0521,2024-10-22,VND004,Organic Solutions,INV-20241022-6491,Hair Conditioner,PRD0039,Hygiene Products,CAT004,851.62,60,51097.2,1760.48,49336.72,2119.35,47217.37,415.67,2024,10,22,46801.7,22415.6,Bkash,,ENT-20241022-00521
PO-202410-0606,2024-10-21,VND006,Sun Corporation Ltd.,INV-20241021-1058,Makeup Kit,PRD0056,Cosmetics,CAT002,498.61,15,7479.15,1999.03,5480.12,241.13,5238.99,185.84,2024,10,21,5053.15,106.74,Nagad,,ENT-20241021-00606
PO-202410-1373,2024-10-21,VND007,Style Mart Brand,INV-20241021-6691,Gloves,PRD0023,Hygiene Products,CAT004,609.38,26,15843.88,4137.53,11706.35,1118.13,10588.22,524.49,2024,10,21,10063.73,7788.91,Cash,,ENT-20241021-01373
PO-202410-1491,2024-10-21,VND005,Yello Energy Co.,INV-20241021-7208,Personal Toys,PRD0040,Hygiene Products,CAT004,4928.01,62,305536.62,80646.45,224890.17,93.22,224796.95,22456.17,2024,10,21,202340.78,112260.31,Nagad,,ENT-20241021-01491
PO-202410-1494,2024-10-20,VND007,Style Mart Brand,INV-20241020-9500,Keychain,PRD0012,Accessories,CAT003,1758.14,40,70325.6,15634.06,54691.54,669.65,54021.89,4717.48,2024,10,20,49304.41,3364.37,Bank Transfer,Janata Bank,ENT-20241020-01494
PO-202410-0209,2024-10-19,VND007,Style Mart Brand,INV-20241019-3871,Deodorant,PRD0036,Cosmetics,CAT002,3826.6,95,363527.0,20332.74,343194.26,26420.16,316774.1,7257.8,2024,10,19,309516.3,87017.89,Cash,,ENT-20241019-00209
PO-202410-0356,2024-10-19,VND004,Organic Solutions,INV-20241019-9315,Umbrella,PRD0060,Accessories,CAT003,1860.1,100,186010.0,123.37,185886.63,8777.92,177108.71,6191.53,2024,10,19,170917.18,46454.28,Bank Transfer,City Bank,ENT-20241019-00356
PO-202410-0728,2024-10-19,VND001,Creative Corporation,INV-20241019-5075,Body Spray,PRD0001,Cosmetics,CAT002,1454.23,73,106158.79,14012.96,92145.83,5355.4,86790.43,11535.15,2024,10,19,75255.28,58287.52,Cheque,BRAC Bank,ENT-20241019-00728
PO-202410-0979,2024-10-19,VND001,Creative Corporation,INV-20241019-3963,Belt,PRD0002,Accessories,CAT003,3155.17,2,6310.34,395.76,5914.58,206.29,5708.29,568.54,2024,10,19,5139.75,3016.88,Bank Transfer,Janata Bank,ENT-20241019-00979
PO-202410-0337,2024-10-18,VND006,Sun Corporation Ltd.,INV-20241018-7071,Men Shirt,PRD0010,Fashion Apparel,CAT001,1916.55,78,149490.9,24373.35,125117.55,6304.66,118812.89,16099.31,2024,10,18,102713.58,95734.67,Nagad,,ENT-20241018-00337
PO-202410-1951,2024-10-18,VND002,Kazi Tea IND Ltd.,INV-20241018-2952,Hat,PRD0019,Accessories,CAT003,2735.16,27,73849.32,3837.76,70011.56,4188.92,65822.64,9087.71,2024,10,18,56734.93,31322.11,Cash,,ENT-20241018-01951
PO-202410-0543,2024-10-18,VND006,Sun Corporation Ltd.,INV-20241018-8394,Hair Removal Cream,PRD0018,Cosmetics,CAT002,184.87,70,12940.9,1246.49,11694.41,477.48,11216.93,1594.59,2024,10,18,9622.34,2834.11,Nagad,,ENT-20241018-00543
PO-202410-1677,2024-10-17,VND006,Sun Corporation Ltd.,INV-20241017-7922,Scarf,PRD0076,Accessories,CAT003,651.92,69,44982.48,2327.23,42655.25,1761.33,40893.92,5307.44,2024,10,17,35586.48,5418.69,Bkash,,ENT-20241017-01677
PO-202410-0057,2024-10-16,VND001,Creative Corporation,INV-20241016-6924,Mouthwash,PRD0025,Hygiene Products,CAT004,3804.29,57,216844.53,24676.5,192168.03,3579.35,188588.68,24645.84,2024,10,16,163942.84,19387.6,Bank Transfer,Sonali Bank,ENT-20241016-00057
PO-202410-1553,2024-10-15,VND004,Organic Solutions,INV-20241015-3657,Women's Top,PRD0005,Fashion Apparel,CAT001,3328.74,89,296257.86,10604.95,285652.91,12297.11,273355.8,39924.69,2024,10,15,233431.11,31945.97,Cheque,Bkash,ENT-20241015-01553
PO-202410-1416,2024-10-15,VND005,Yello Energy Co.,INV-20241015-4911,Sunglasses,PRD0027,Accessories,CAT003,4772.38,28,133626.64,13233.21,120393.43,1611.01,118782.42,15297.99,2024,10,15,103484.43,95187.01,Cheque,Bkash,ENT-20241015-01416
PO-202410-1840,2024-10-15,VND007,Style Mart Brand,INV-20241015-3272,Aftershave,PRD0057,Hygiene Products,CAT004,2852.24,51,145464.24,11760.64,133703.6,8468.48,125235.12,8079.85,2024,10,15,117155.27,79237.87,Cash,,ENT-20241015-01840
PO-202410-0176,2024-10-15,VND002,Kazi Tea IND Ltd.,INV-20241015-8952,Handbag,PRD0020,Accessories,CAT003,4140.27,46,190452.42,56088.21,134364.21,5762.24,128601.97,11519.88,2024,10,15,117082.09,20684.4,Bank Transfer,Sonali Bank,ENT-20241015-00176
PO-202410-1072,2024-10-14,VND001,Creative Corporation,INV-20241014-5941,Luggage,PRD0045,Hygiene Products,CAT004,218.89,25,5472.25,211.69,5260.56,404.39,4856.17,254.51,2024,10,14,4601.66,67.96,Cash,,ENT-20241014-01072
PO-202410-0277,2024-10-14,VND003,Shanti Enterprises,INV-20241014-1747,Shaving Cream,PRD0066,Cosmetics,CAT002,4832.8,63,304466.4,42516.73,261949.67,16241.47,245708.2,4520.26,2024,10,14,241187.94,136056.13,Cash,,ENT-20241014-00277
PO-202410-1037,2024-10-14,VND004,Organic Solutions,INV-20241014-9834,Backpack,PRD0038,Hygiene Products,CAT004,3016.52,11,33181.72,5613.91,27567.81,2425.6,25142.21,246.99,2024,10,14,24895.22,14485.91,Bkash,,ENT-20241014-01037
PO-202410-1293,2024-10-14,VND007,Style Mart Brand,INV-20241014-2352,Face Cream,PRD0034,Cosmetics,CAT002,2086.3,11,22949.3,221.9,22727.4,1873.19,20854.21,2990.93,2024,10,14,17863.28,12664.72,Bank Transfer,BRAC Bank,ENT-20241014-01293
PO-202410-0277,2024-10-14,VND003,Shanti Enterprises,INV-20241014-1747,Shaving Cream,PRD0066,Cosmetics,CAT002,6664.4,114,759741.6,75974.16,683767.44,34188.37,649579.07,32478.95,2024,10,14,617100.12,6418.81,Cash,,ENT-20241014-00277
PO-202410-1753,2024-10-14,VND006,Sun Corporation Ltd.,INV-20241014-7002,Makeup Remover,PRD0032,Cosmetics,CAT002,535.72,5,2678.6,694.49,1984.11,180.69,1803.42,119.24,2024,10,14,1684.18,1001.58,Cheque,Nagad,ENT-20241014-01753
PO-202410-1605,2024-10-13,VND001,Creative Corporation,INV-20241013-9616,Men Polo Shirt,PRD0080,Fashion Apparel,CAT001,653.02,95,62036.9,14843.06,47193.84,2602.65,44591.19,1996.06,2024,10,13,42595.13,21234.06,Bkash,,ENT-20241013-01605
PO-202410-1323,2024-10-13,VND007,Style Mart Brand,INV-20241013-1902,Baby Wipes,PRD0069,Hygiene Products,CAT004,692.44,93,64396.92,10097.18,54299.74,2505.88,51793.86,2647.83,2024,10,13,49146.03,9429.29,Cash,,ENT-20241013-01323
PO-202410-1555,2024-10-13,VND001,Creative Corporation,INV-20241013-2824,Baby Wipes,PRD0069,Hygiene Products,CAT004,793.79,8,6350.32,729.64,5620.68,125.34,5495.34,746.05,2024,10,13,4749.29,2043.49,Cash,,ENT-20241013-01555
PO-202410-1766,2024-10-12,VND001,Creative Corporation,INV-20241012-9174,Shaving Cream,PRD0066,Cosmetics,CAT002,205.22,90,18469.8,3654.36,14815.44,126.65,14688.79,2009.84,2024,10,12,12678.95,10001.37,Nagad,,ENT-20241012-01766
PO-202410-1450,2024-10-12,VND003,Shanti Enterprises,INV-20241012-3692,Disinfectant Spray,PRD0037,Cosmetics,CAT002,4737.43,58,274770.94,43748.3,231022.64,14366.94,216655.7,18616.89,2024,10,12,198038.81,129183.37,Nagad,,ENT-20241012-01450
PO-202410-0611,2024-10-12,VND004,Organic Solutions,INV-20241012-3211,Hat,PRD0019,Accessories,CAT003,2106.86,43,90594.98,9338.82,81256.16,5154.63,76101.53,2221.93,2024,10,12,73879.6,58031.66,Cheque,City Bank,ENT-20241012-00611
PO-202410-1799,2024-10-12,VND003,Shanti Enterprises,INV-20241012-3578,Body Wash,PRD0058,Hygiene Products,CAT004,4575.21,60,274512.6,1704.23,272808.37,9169.81,263638.56,14507.64,2024,10,12,249130.92,228271.02,Cheque,Nagad,ENT-20241012-01799
PO-202410-1799,2024-10-12,VND003,Shanti Enterprises,INV-20241012-3578,Body Wash,PRD0058,Hygiene Products,CAT004,2727.45,494,1347360.3,134736.03,1212624.27,60631.21,1151993.06,57599.65,2024,10,12,1094393.41,70371.45,Cheque,Nagad,ENT-20241012-01799
PO-202410-1799,2024-10-12,VND003,Shanti Enterprises,INV-20241012-3578,Body Wash,PRD0058,Hygiene Products,CAT004,4253.73,294,1250596.62,125059.66,1125536.96,56276.85,1069260.11,53463.01,2024,10,12,1015797.1,332144.06,Cheque,Nagad,ENT-20241012-01799
PO-202410-0402,2024-10-11,VND006,Sun Corporation Ltd.,INV-20241011-5499,Toothpaste,PRD0063,Hygiene Products,CAT004,3837.56,45,172690.2,35708.45,136981.75,4618.07,132363.68,9613.72,2024,10,11,122749.96,100622.49,Nagad,,ENT-20241011-00402
PO-202410-1073,2024-10-11,VND005,Yello Energy Co.,INV-20241011-4600,Foot Care Cream,PRD0041,Cosmetics,CAT002,2912.83,60,174769.8,4808.36,169961.44,3982.32,165979.12,15353.44,2024,10,11,150625.68,134027.18,Bkash,,ENT-20241011-01073
PO-202410-0497,2024-10-11,VND003,Shanti Enterprises,INV-20241011-3449,Face Cream,PRD0034,Cosmetics,CAT002,4896.0,89,435744.0,57679.79,378064.21,15962.43,362101.78,45162.77,2024,10,11,316939.01,213108.3,Cheque,City Bank,ENT-20241011-00497
PO-202410-1572,2024-10-11,VND005,Yello Energy Co.,INV-20241011-9403,Body Spray,PRD0001,Cosmetics,CAT002,3937.48,99,389810.52,23204.06,366606.46,16050.39,350556.07,34733.3,2024,10,11,315822.77,29256.36,Bank Transfer,BRAC Bank,ENT-20241011-01572
PO-202410-0684,2024-10-11,VND003,Shanti Enterprises,INV-20241011-4813,Shaving Cream,PRD0066,Cosmetics,CAT002,2014.87,75,151115.25,12409.28,138705.97,8593.96,130112.01,16266.28,2024,10,11,113845.73,17534.59,Bkash,,ENT-20241011-00684
PO-202410-1773,2024-10-11,VND001,Creative Corporation,INV-20241011-5374,Toothbrush,PRD0017,Hygiene Products,CAT004,347.74,17,5911.58,789.78,5121.8,364.72,4757.08,188.06,2024,10,11,4569.02,4064.37,Bkash,,ENT-20241011-01773
PO-202410-0135,2024-10-10,VND004,Organic Solutions,INV-20241010-7973,Footwear,PRD0065,Hygiene Products,CAT004,1127.67,100,112767.0,21244.99,91522.01,4538.76,86983.25,3966.12,2024,10,10,83017.13,23111.43,Bank Transfer,Dutch Bangla Bank,ENT-20241010-00135
PO-202410-1160,2024-10-10,VND005,Yello Energy Co.,INV-20241010-5658,Sunglasses,PRD0027,Accessories,CAT003,2636.86,33,87016.38,7766.81,79249.57,7774.79,71474.78,8715.51,2024,10,10,62759.27,3451.63,Nagad,,ENT-20241010-01160
PO-202410-0851,2024-10-09,VND002,Kazi Tea IND Ltd.,INV-20241009-4354,Face Scrub,PRD0062,Hygiene Products,CAT004,3736.1,100,373610.0,83285.16,290324.84,12561.44,277763.4,34409.29,2024,10,9,243354.11,142988.18,Cash,,ENT-20241009-00851
PO-202410-0597,2024-10-09,VND004,Organic Solutions,INV-20241009-6349,Sunscreen,PRD0068,Hygiene Products,CAT004,2601.4,29,75440.6,5491.67,69948.93,1683.24,68265.69,3260.82,2024,10,9,65004.87,10364.32,Cheque,Janata Bank,ENT-20241009-00597
PO-202410-0655,2024-10-09,VND005,Yello Energy Co.,INV-20241009-3160,Kids Dress,PRD0067,Fashion Apparel,CAT001,2099.1,93,195216.3,18143.3,177073.0,7444.82,169628.18,1505.61,2024,10,9,168122.57,7271.75,Bkash,,ENT-20241009-00655
PO-202410-0110,2024-10-09,VND001,Creative Corporation,INV-20241009-9533,Men Shirt,PRD0010,Fashion Apparel,CAT001,752.23,76,57169.48,11662.58,45506.9,1116.45,44390.45,5296.33,2024,10,9,39094.12,1617.49,Cheque,BRAC Bank,ENT-20241009-00110
PO-202410-0154,2024-10-08,VND002,Kazi Tea IND Ltd.,INV-20241008-1173,Nail Polish,PRD0055,Cosmetics,CAT002,2993.43,59,176612.37,34710.38,141901.99,4954.21,136947.78,3471.47,2024,10,8,133476.31,47741.8,Cheque,Sonali Bank,ENT-20241008-00154
PO-202410-0172,2024-10-08,VND007,Style Mart Brand,INV-20241008-3999,Deodorant,PRD0036,Cosmetics,CAT002,1265.41,41,51881.81,10370.88,41510.93,2728.99,38781.94,5594.69,2024,10,8,33187.25,5318.45,Nagad,,ENT-20241008-00172
PO-202410-0036,2024-10-07,VND007,Style Mart Brand,INV-20241007-2227,Men's Innerwear,PRD0015,Fashion Apparel,CAT001,1067.83,97,103579.51,18458.93,85120.58,5876.2,79244.38,10213.95,2024,10,7,69030.43,31272.71,Cash,,ENT-20241007-00036
PO-202410-0886,2024-10-06,VND007,Style Mart Brand,INV-20241006-1113,Foot Care Cream,PRD0041,Cosmetics,CAT002,3093.46,87,269131.02,41681.39,227449.63,17953.14,209496.49,6752.68,2024,10,6,202743.81,138230.09,Cash,,ENT-20241006-00886
PO-202410-1041,2024-10-06,VND005,Yello Energy Co.,INV-20241006-4361,Beard Oil,PRD0049,Cosmetics,CAT002,484.07,17,8229.19,1461.86,6767.33,67.47,6699.86,476.3,2024,10,6,6223.56,1765.68,Cash,,ENT-20241006-01041
PO-202410-1710,2024-10-05,VND006,Sun Corporation Ltd.,INV-20241005-3477,Hair Dryer,PRD0013,Hygiene Products,CAT004,2611.44,25,65286.0,6178.02,59107.98,4739.25,54368.73,2598.2,2024,10,5,51770.53,38036.45,Bkash,,ENT-20241005-01710
PO-202410-1654,2024-10-05,VND001,Creative Corporation,INV-20241005-4883,Condom,PRD0009,Hygiene Products,CAT004,4975.97,44,218942.68,58630.31,160312.37,3135.25,157177.12,4327.2,2024,10,5,152849.92,76196.29,Bkash,,ENT-20241005-01654
PO-202410-0352,2024-10-04,VND007,Style Mart Brand,INV-20241004-5077,Body Wash,PRD0058,Hygiene Products,CAT004,4514.51,56,252812.56,71302.52,181510.04,7972.85,173537.19,14152.96,2024,10,4,159384.23,14194.11,Bank Transfer,Bkash,ENT-20241004-00352
PO-202410-1427,2024-10-04,VND004,Organic Solutions,INV-20241004-9822,Kids Dress,PRD0067,Fashion Apparel,CAT001,841.43,12,10097.16,2481.42,7615.74,326.07,7289.67,903.56,2024,10,4,6386.11,1644.61,Bank Transfer,Rupali Bank,ENT-20241004-01427
PO-202410-1781,2024-10-03,VND003,Shanti Enterprises,INV-20241003-8992,Scarf,PRD0076,Accessories,CAT003,1350.79,26,35120.54,261.31,34859.23,2863.5,31995.73,2211.9,2024,10,3,29783.83,26441.33,Bank Transfer,Sonali Bank,ENT-20241003-01781
PO-202410-1662,2024-10-03,VND006,Sun Corporation Ltd.,INV-20241003-5744,Kids T-Shirt,PRD0006,Fashion Apparel,CAT001,4100.92,22,90220.24,12217.46,78002.78,5150.66,72852.12,1682.8,2024,10,3,71169.32,41233.36,Cash,,ENT-20241003-01662
PO-202410-1662,2024-10-03,VND006,Sun Corporation Ltd.,INV-20241003-5744,Kids T-Shirt,PRD0006,Fashion Apparel,CAT001,2531.44,256,648048.64,64804.86,583243.78,29162.19,554081.59,27704.08,2024,10,3,526377.51,175566.63,Cash,,ENT-20241003-01662
PO-202410-1620,2024-10-03,VND004,Organic Solutions,INV-20241003-9046,Face Cream,PRD0034,Cosmetics,CAT002,1353.94,50,67697.0,9267.38,58429.62,5179.95,53249.67,1570.85,2024,10,3,51678.82,14619.81,Bank Transfer,Janata Bank,ENT-20241003-01620
PO-202410-0810,2024-10-01,VND003,Shanti Enterprises,INV-20241001-9627,Umbrella,PRD0060,Accessories,CAT003,2018.25,98,197788.5,24737.11,173051.39,9913.89,163137.5,5854.96,2024,10,1,157282.54,90159.84,Cash,,ENT-20241001-00810
PO-202410-0675,2024-10-01,VND006,Sun Corporation Ltd.,INV-20241001-1769,Toothpaste,PRD0063,Hygiene Products,CAT004,2329.28,44,102488.32,14591.05,87897.27,3314.69,84582.58,2235.82,2024,10,1,82346.76,50858.47,Cheque,Janata Bank,ENT-20241001-00675
PO-202410-0701,2024-10-01,VND007,Style Mart Brand,INV-20241001-8899,Men T-Shirt,PRD0026,Fashion Apparel,CAT001,2646.07,99,261960.93,20366.43,241594.5,22753.96,218840.54,23626.31,2024,10,1,195214.23,181709.41,Bank Transfer,City Bank,ENT-20241001-00701
PO-202410-0675,2024-10-01,VND006,Sun Corporation Ltd.,INV-20241001-1769,Toothpaste,PRD0063,Hygiene Products,CAT004,6287.28,193,1213445.04,121344.5,1092100.54,54605.03,1037495.51,51874.78,2024,10,1,985620.73,221671.16,Cheque,Janata Bank,ENT-20241001-00675
PO-202409-1161,2024-09-30,VND007,Style Mart Brand,INV-20240930-8634,Hoodie,PRD0075,Fashion Apparel,CAT001,3082.62,21,64735.02,14190.73,50544.29,1567.1,48977.19,4084.75,2024,9,30,44892.44,8606.89,Bkash,,ENT-20240930-01161
PO-202409-0781,2024-09-30,VND002,Kazi Tea IND Ltd.,INV-20240930-7518,Men's Innerwear,PRD0015,Fashion Apparel,CAT001,2063.93,80,165114.4,40956.9,124157.5,1554.29,122603.21,6312.09,2024,9,30,116291.12,11706.95,Cash,,ENT-20240930-00781
PO-202409-1012,2024-09-29,VND002,Kazi Tea IND Ltd.,INV-20240929-7961,Hair Accessories,PRD0029,Hygiene Products,CAT004,4366.55,9,39298.95,7530.58,31768.37,767.22,31001.15,3730.47,2024,9,29,27270.68,9321.23,Bkash,,ENT-20240929-01012
PO-202409-1588,2024-09-29,VND005,Yello Energy Co.,INV-20240929-7539,Hair Removal Cream,PRD0018,Cosmetics,CAT002,2086.49,11,22951.39,4230.71,18720.68,381.99,18338.69,596.89,2024,9,29,17741.8,14478.06,Nagad,,ENT-20240929-01588
PO-202409-1056,2024-09-29,VND006,Sun Corporation Ltd.,INV-20240929-4099,Disinfectant Spray,PRD0037,Cosmetics,CAT002,1344.84,72,96828.48,19096.7,77731.78,3450.91,74280.87,8959.54,2024,9,29,65321.33,48656.19,Cheque,Nagad,ENT-20240929-01056
PO-202409-1697,2024-09-29,VND003,Shanti Enterprises,INV-20240929-8216,Jewelry Set,PRD0044,Accessories,CAT003,2364.16,15,35462.4,5052.1,30410.3,2784.01,27626.29,3671.91,2024,9,29,23954.38,15564.83,Cheque,Bkash,ENT-20240929-01697
PO-202409-1623,2024-09-28,VND002,Kazi Tea IND Ltd.,INV-20240928-4199,Men T-Shirt,PRD0026,Fashion Apparel,CAT001,1888.61,53,100096.33,21546.6,78549.73,3983.14,74566.59,9301.21,2024,9,28,65265.38,45862.57,Bank Transfer,Rupali Bank,ENT-20240928-01623
PO-202409-0729,2024-09-28,VND003,Shanti Enterprises,INV-20240928-7865,Underarm Whitening Cream,PRD0050,Cosmetics,CAT002,4000.34,41,164013.94,40325.29,123688.65,12264.68,111423.97,16220.28,2024,9,28,95203.69,38621.78,Cheque,Janata Bank,ENT-20240928-00729
PO-202409-1806,2024-09-28,VND005,Yello Energy Co.,INV-20240928-4298,Makeup Remover,PRD0032,Cosmetics,CAT002,3850.55,20,77011.0,2950.54,74060.46,3465.83,70594.63,54.76,2024,9,28,70539.87,27321.58,Bank Transfer,City Bank,ENT-20240928-01806
PO-202409-1930,2024-09-28,VND007,Style Mart Brand,INV-20240928-2816,Women's Leggings,PRD0079,Fashion Apparel,CAT001,2541.21,35,88942.35,3513.36,85428.99,7061.58,78367.41,6538.33,2024,9,28,71829.08,19518.44,Bkash,,ENT-20240928-01930
PO-202409-1969,2024-09-27,VND006,Sun Corporation Ltd.,INV-20240927-4935,Mouthwash,PRD0025,Hygiene Products,CAT004,1590.69,35,55674.15,11169.06,44505.09,211.6,44293.49,1807.44,2024,9,27,42486.05,6041.96,Cheque,Sonali Bank,ENT-20240927-01969
PO-202409-1393,2024-09-27,VND001,Creative Corporation,INV-20240927-1012,Body Scrub,PRD0047,Hygiene Products,CAT004,1458.14,92,134148.88,3852.72,130296.16,12188.68,118107.48,6167.84,2024,9,27,111939.64,79976.09,Bank Transfer,Nagad,ENT-20240927-01393
PO-202409-1856,2024-09-27,VND002,Kazi Tea IND Ltd.,INV-20240927-9245,Men Polo Shirt,PRD0080,Fashion Apparel,CAT001,4721.85,30,141655.5,14999.48,126656.02,12400.08,114255.94,3060.53,2024,9,27,111195.41,58991.38,Bkash,,ENT-20240927-01856
PO-202409-1751,2024-09-27,VND006,Sun Corporation Ltd.,INV-20240927-3827,Sanitary Napkins,PRD0030,Hygiene Products,CAT004,1691.87,39,65982.93,4503.92,61479.01,4310.15,57168.86,5785.05,2024,9,27,51383.81,39661.43,Bank Transfer,Dutch Bangla Bank,ENT-20240927-01751
PO-202409-0925,2024-09-26,VND001,Creative Corporation,INV-20240926-3751,Kids T-Shirt,PRD0006,Fashion Apparel,CAT001,1790.99,27,48356.73,11957.3,36399.43,850.51,35548.92,4311.73,2024,9,26,31237.19,19005.59,Cheque,City Bank,ENT-20240926-00925
PO-202409-1321,2024-09-26,VND006,Sun Corporation Ltd.,INV-20240926-7643,Sunscreen,PRD0068,Hygiene Products,CAT004,378.32,75,28374.0,1738.96,26635.04,419.08,26215.96,2880.57,2024,9,26,23335.39,12693.86,Bank Transfer,Janata Bank,ENT-20240926-01321
PO-202409-0392,2024-09-25,VND007,Style Mart Brand,INV-20240925-9570,Gloves,PRD0023,Hygiene Products,CAT004,127.2,87,11066.4,667.12,10399.28,47.21,10352.07,874.16,2024,9,25,9477.91,7083.43,Cheque,Janata Bank,ENT-20240925-00392
PO-202409-1278,2024-09-25,VND007,Style Mart Brand,INV-20240925-4220,Condom,PRD0009,Hygiene Products,CAT004,515.8,83,42811.4,4577.24,38234.16,890.64,37343.52,89.98,2024,9,25,37253.54,14896.99,Nagad,,ENT-20240925-01278
PO-202409-1558,2024-09-24,VND006,Sun Corporation Ltd.,INV-20240924-8512,Sunscreen,PRD0068,Hygiene Products,CAT004,385.47,78,30066.66,2841.22,27225.44,2041.31,25184.13,1851.44,2024,9,24,23332.69,18422.82,Bank Transfer,Sonali Bank,ENT-20240924-01558
PO-202409-1934,2024-09-24,VND005,Yello Energy Co.,INV-20240924-6218,Shaving Cream,PRD0066,Cosmetics,CAT002,4240.67,83,351975.61,50216.72,301758.89,8935.48,292823.41,29980.56,2024,9,24,262842.85,38000.69,Bkash,,ENT-20240924-01934
PO-202409-0658,2024-09-24,VND004,Organic Solutions,INV-20240924-4454,Hair Conditioner,PRD0039,Hygiene Products,CAT004,1377.35,100,137735.0,18773.62,118961.38,7305.87,111655.51,1714.21,2024,9,24,109941.3,59769.58,Cheque,City Bank,ENT-20240924-00658
PO-202409-1155,2024-09-23,VND001,Creative Corporation,INV-20240923-5214,Handbag,PRD0020,Accessories,CAT003,3034.42,45,136548.9,1931.79,134617.11,3052.26,131564.85,7930.76,2024,9,23,123634.09,41052.36,Nagad,,ENT-20240923-01155
PO-202409-1045,2024-09-23,VND006,Sun Corporation Ltd.,INV-20240923-1447,Women's Leggings,PRD0079,Fashion Apparel,CAT001,345.39,38,13124.82,2216.27,10908.55,929.29,9979.26,466.93,2024,9,23,9512.33,1717.18,Bkash,,ENT-20240923-01045
PO-202409-1559,2024-09-23,VND001,Creative Corporation,INV-20240923-5147,Hair Straightener,PRD0073,Hygiene Products,CAT004,3789.45,13,49262.85,5593.86,43668.99,1616.37,42052.62,1427.07,2024,9,23,40625.55,32427.48,Nagad,,ENT-20240923-01559
PO-202409-1878,2024-09-22,VND003,Shanti Enterprises,INV-20240922-4260,Sunglasses,PRD0027,Accessories,CAT003,1065.24,23,24500.52,1327.84,23172.68,1266.1,21906.58,2800.48,2024,9,22,19106.1,5117.29,Bank Transfer,Nagad,ENT-20240922-01878
PO-202409-1999,2024-09-22,VND006,Sun Corporation Ltd.,INV-20240922-8475,Face Mask,PRD0054,Cosmetics,CAT002,410.92,79,32462.68,2094.76,30367.92,944.25,29423.67,3323.36,2024,9,22,26100.31,25214.5,Cheque,City Bank,ENT-20240922-01999
PO-202409-0052,2024-09-21,VND006,Sun Corporation Ltd.,INV-20240921-9665,Women's Skirt,PRD0046,Fashion Apparel,CAT001,4005.18,97,388502.46,108351.91,280150.55,18371.1,261779.45,21768.75,2024,9,21,240010.7,124379.22,Cash,,ENT-20240921-00052
PO-202409-1925,2024-09-21,VND004,Organic Solutions,INV-20240921-6794,Men's Nightwear,PRD0048,Fashion Apparel,CAT001,1657.78,100,165778.0,748.54,165029.46,16069.25,148960.21,2986.59,2024,9,21,145973.62,80783.27,Nagad,,ENT-20240921-01925
PO-202409-0319,2024-09-21,VND007,Style Mart Brand,INV-20240921-2622,Scarf,PRD0076,Accessories,CAT003,901.78,89,80258.42,19912.92,60345.5,538.55,59806.95,1257.77,2024,9,21,58549.18,32.28,Cash,,ENT-20240921-00319
PO-202409-1758,2024-09-21,VND003,Shanti Enterprises,INV-20240921-6657,Face Cream,PRD0034,Cosmetics,CAT002,425.19,56,23810.64,2742.81,21067.83,1707.14,19360.69,1009.99,2024,9,21,18350.7,4137.05,Cash,,ENT-20240921-01758
PO-202409-1426,2024-09-21,VND004,Organic Solutions,INV-20240921-6573,After Sun Lotion,PRD0074,Cosmetics,CAT002,1715.92,50,85796.0,11358.57,74437.43,1865.76,72571.67,823.35,2024,9,21,71748.32,32906.27,Bkash,,ENT-20240921-01426
PO-202409-1445,2024-09-20,VND003,Shanti Enterprises,INV-20240920-1278,Makeup Kit,PRD0056,Cosmetics,CAT002,324.19,23,7456.37,586.41,6869.96,199.68,6670.28,783.78,2024,9,20,5886.5,1762.57,Nagad,,ENT-20240920-01445
PO-202409-0034,2024-09-20,VND007,Style Mart Brand,INV-20240920-8731,Keychain,PRD0012,Accessories,CAT003,3789.69,68,257698.92,29015.4,228683.52,5241.36,223442.16,10302.35,2024,9,20,213139.81,57389.13,Bkash,,ENT-20240920-00034
PO-202409-1900,2024-09-19,VND007,Style Mart Brand,INV-20240919-2729,Perfume,PRD0014,Cosmetics,CAT002,563.72,95,53553.4,11672.31,41881.09,626.74,41254.35,5049.93,2024,9,19,36204.42,8964.66,Cash,,ENT-20240919-01900
PO-202409-1210,2024-09-18,VND007,Style Mart Brand,INV-20240918-4898,Hoodie,PRD0075,Fashion Apparel,CAT001,4098.37,28,114754.36,28294.02,86460.34,1903.12,84557.22,9235.22,2024,9,18,75322.0,7441.74,Bkash,,ENT-20240918-01210
PO-202409-1327,2024-09-18,VND007,Style Mart Brand,INV-20240918-5746,Women's Top,PRD0005,Fashion Apparel,CAT001,2487.48,67,166661.16,11134.0,155527.16,4841.54,150685.62,19072.7,2024,9,18,131612.92,119825.02,Cash,,ENT-20240918-01327
PO-202409-1851,2024-09-18,VND007,Style Mart Brand,INV-20240918-5497,Hair Conditioner,PRD0039,Hygiene Products,CAT004,2112.35,32,67595.2,14384.33,53210.87,2124.13,51086.74,1894.43,2024,9,18,49192.31,8806.99,Cash,,ENT-20240918-01851
PO-202409-0063,2024-09-17,VND002,Kazi Tea IND Ltd.,INV-20240917-4484,Backpack,PRD0038,Hygiene Products,CAT004,4839.81,34,164553.54,34700.37,129853.17,3248.77,126604.4,8098.43,2024,9,17,118505.97,89391.16,Cash,,ENT-20240917-00063
PO-202409-1787,2024-09-17,VND004,Organic Solutions,INV-20240917-7700,Women's Skirt,PRD0046,Fashion Apparel,CAT001,1041.4,19,19786.6,3561.62,16224.98,1030.85,15194.13,733.19,2024,9,17,14460.94,4603.93,Cash,,ENT-20240917-01787
PO-202409-0758,2024-09-16,VND005,Yello Energy Co.,INV-20240916-2879,Condom,PRD0009,Hygiene Products,CAT004,3340.87,13,43431.31,11187.7,32243.61,3198.08,29045.53,1422.64,2024,9,16,27622.89,15772.49,Cash,,ENT-20240916-00758
PO-202409-0413,2024-09-15,VND005,Yello Energy Co.,INV-20240915-3326,Nail Polish,PRD0055,Cosmetics,CAT002,4087.57,98,400581.86,77455.31,323126.55,25675.75,297450.8,5684.33,2024,9,15,291766.47,242635.68,Cheque,Rupali Bank,ENT-20240915-00413
PO-202409-1508,2024-09-15,VND006,Sun Corporation Ltd.,INV-20240915-3836,Women's Nightwear,PRD0003,Fashion Apparel,CAT001,4439.3,33,146496.9,9841.63,136655.27,2440.82,134214.45,737.17,2024,9,15,133477.28,36743.23,Cash,,ENT-20240915-01508
PO-202409-1463,2024-09-15,VND007,Style Mart Brand,INV-20240915-4430,Shaving Cream,PRD0066,Cosmetics,CAT002,2146.26,15,32193.9,157.19,32036.71,990.26,31046.45,1649.13,2024,9,15,29397.32,25915.7,Cash,,ENT-20240915-01463
PO-202409-1388,2024-09-15,VND005,Yello Energy Co.,INV-20240915-1393,Compact Powder,PRD0042,Cosmetics,CAT002,3633.8,48,174422.4,29425.75,144996.65,2963.46,142033.19,14107.93,2024,9,15,127925.26,11041.84,Nagad,,ENT-20240915-01388
PO-202409-1183,2024-09-15,VND003,Shanti Enterprises,INV-20240915-3194,Nail Polish,PRD0055,Cosmetics,CAT002,3927.61,25,98190.25,1576.95,96613.3,4020.82,92592.48,4064.15,2024,9,15,88528.33,4730.02,Cash,,ENT-20240915-01183
PO-202409-0253,2024-09-15,VND006,Sun Corporation Ltd.,INV-20240915-9929,Women's Skirt,PRD0046,Fashion Apparel,CAT001,1379.79,90,124181.1,21153.97,103027.13,10184.42,92842.71,11611.08,2024,9,15,81231.63,35208.21,Nagad,,ENT-20240915-00253
PO-202409-0517,2024-09-14,VND003,Shanti Enterprises,INV-20240914-1410,Sunscreen,PRD0068,Hygiene Products,CAT004,3362.11,26,87414.86,17491.18,69923.68,5405.28,64518.4,2758.51,2024,9,14,61759.89,6489.21,Cheque,Bkash,ENT-20240914-00517
PO-202409-0736,2024-09-14,VND002,Kazi Tea IND Ltd.,INV-20240914-1963,Hair Removal Cream,PRD0018,Cosmetics,CAT002,6884.69,376,2588643.44,258864.34,2329779.1,116488.96,2213290.14,110664.51,2024,9,14,2102625.63,621716.59,Nagad,,ENT-20240914-00736
PO-202409-1942,2024-09-14,VND001,Creative Corporation,INV-20240914-7917,Women's Nightwear,PRD0003,Fashion Apparel,CAT001,3947.82,12,47373.84,10085.67,37288.17,553.12,36735.05,4174.59,2024,9,14,32560.46,28363.8,Bkash,,ENT-20240914-01942
PO-202409-1702,2024-09-14,VND006,Sun Corporation Ltd.,INV-20240914-8195,Backpack,PRD0038,Hygiene Products,CAT004,218.94,8,1751.52,42.15,1709.37,19.13,1690.24,52.07,2024,9,14,1638.17,1221.94,Cheque,Rupali Bank,ENT-20240914-01702
PO-202409-1275,2024-09-14,VND001,Creative Corporation,INV-20240914-8085,Condom,PRD0009,Hygiene Products,CAT004,1151.47,56,64482.32,6590.68,57891.64,2948.8,54942.84,928.38,2024,9,14,54014.46,29557.01,Bank Transfer,City Bank,ENT-20240914-01275
PO-202409-0736,2024-09-14,VND002,Kazi Tea IND Ltd.,INV-20240914-1963,Hair Removal Cream,PRD0018,Cosmetics,CAT002,3468.11,92,319066.12,54785.87,264280.25,16697.76,247582.49,3263.82,2024,9,14,244318.67,94871.01,Nagad,,ENT-20240914-00736
PO-202409-0467,2024-09-13,VND004,Organic Solutions,INV-20240913-5704,Women's Skirt,PRD0046,Fashion Apparel,CAT001,3997.5,61,243847.5,42181.53,201665.97,12831.39,188834.58,5965.9,2024,9,13,182868.68,123210.1,Bank Transfer,Dutch Bangla Bank,ENT-20240913-00467
PO-202409-0878,2024-09-13,VND006,Sun Corporation Ltd.,INV-20240913-3879,Hair Color,PRD0052,Hygiene Products,CAT004,1441.88,35,50465.8,3628.36,46837.44,92.2,46745.24,2267.96,2024,9,13,44477.28,1620.49,Nagad,,ENT-20240913-00878
PO-202409-0953,2024-09-13,VND006,Sun Corporation Ltd.,INV-20240913-7271,Men T-Shirt,PRD0026,Fashion Apparel,CAT001,4372.5,74,323565.0,61440.52,262124.48,10716.97,251407.51,3738.43,2024,9,13,247669.08,91585.69,Nagad,,ENT-20240913-00953
PO-202409-0747,2024-09-13,VND004,Organic Solutions,INV-20240913-5648,Mouthwash,PRD0025,Hygiene Products,CAT004,4563.12,88,401554.56,8833.63,392720.93,34759.52,357961.41,43855.47,2024,9,13,314105.94,176712.2,Bank Transfer,City Bank,ENT-20240913-00747
PO-202409-0888,2024-09-12,VND004,Organic Solutions,INV-20240912-7406,Shampoo,PRD0007,Hygiene Products,CAT004,4541.16,37,168022.92,44265.09,123757.83,3943.82,119814.01,14433.77,2024,9,12,105380.24,94150.51,Cash,,ENT-20240912-00888
PO-202409-0447,2024-09-12,VND002,Kazi Tea IND Ltd.,INV-20240912-8602,Toothbrush,PRD0017,Hygiene Products,CAT004,4466.87,71,317147.77,83423.86,233723.91,22625.44,211098.47,22067.81,2024,9,12,189030.66,88166.99,Cheque,Dutch Bangla Bank,ENT-20240912-00447
PO-202409-1573,2024-09-11,VND006,Sun Corporation Ltd.,INV-20240911-2787,Hair Conditioner,PRD0039,Hygiene Products,CAT004,2827.09,3,8481.27,2099.19,6382.08,7.32,6374.76,6.58,2024,9,11,6368.18,1883.7,Bank Transfer,Dutch Bangla Bank,ENT-20240911-01573
PO-202409-0101,2024-09-11,VND002,Kazi Tea IND Ltd.,INV-20240911-2976,Toothbrush,PRD0017,Hygiene Products,CAT004,2769.77,58,160646.66,46533.26,114113.4,1418.55,112694.85,10288.85,2024,9,11,102406.0,102218.45,Cash,,ENT-20240911-00101
PO-202409-1179,2024-09-11,VND006,Sun Corporation Ltd.,INV-20240911-6476,Nail Polish,PRD0055,Cosmetics,CAT002,4878.51,46,224411.46,50143.99,174267.47,5700.74,168566.73,2300.39,2024,9,11,166266.34,62442.04,Cheque,Nagad,ENT-20240911-01179
PO-202409-1962,2024-09-11,VND005,Yello Energy Co.,INV-20240911-9467,Aftershave,PRD0057,Hygiene Products,CAT004,3629.87,47,170603.89,12219.58,158384.31,5583.63,152800.68,13942.95,2024,9,11,138857.73,138759.07,Cash,,ENT-20240911-01962
PO-202409-1387,2024-09-10,VND003,Shanti Enterprises,INV-20240910-6844,Body Butter,PRD0016,Hygiene Products,CAT004,3670.9,85,312026.5,41571.65,270454.85,10385.08,260069.77,20739.59,2024,9,10,239330.18,20475.79,Cheque,BRAC Bank,ENT-20240910-01387
PO-202409-0180,2024-09-10,VND003,Shanti Enterprises,INV-20240910-2504,Women's Top,PRD0005,Fashion Apparel,CAT001,4254.52,57,242507.64,64352.06,178155.58,6867.22,171288.36,17525.22,2024,9,10,153763.14,114184.59,Bank Transfer,Nagad,ENT-20240910-00180
PO-202409-1894,2024-09-10,VND002,Kazi Tea IND Ltd.,INV-20240910-7859,Body Spray,PRD0001,Cosmetics,CAT002,2827.26,69,195080.94,20444.47,174636.47,10816.83,163819.64,5565.81,2024,9,10,158253.83,99528.36,Cheque,Nagad,ENT-20240910-01894
PO-202409-1390,2024-09-10,VND001,Creative Corporation,INV-20240910-7974,Makeup Remover,PRD0032,Cosmetics,CAT002,512.61,28,14353.08,892.94,13460.14,0.73,13459.41,17.65,2024,9,10,13441.76,4182.83,Nagad,,ENT-20240910-01390
PO-202409-0455,2024-09-10,VND005,Yello Energy Co.,INV-20240910-1872,Men Shirt,PRD0010,Fashion Apparel,CAT001,4413.61,66,291298.26,14765.64,276532.62,14501.31,262031.31,37876.36,2024,9,10,224154.95,23451.92,Bkash,,ENT-20240910-00455
PO-202409-1324,2024-09-09,VND007,Style Mart Brand,INV-20240909-2568,Body Wash,PRD0058,Hygiene Products,CAT004,3191.64,49,156390.36,28803.45,127586.91,506.81,127080.1,1966.66,2024,9,9,125113.44,75881.63,Cash,,ENT-20240909-01324
PO-202409-1291,2024-09-08,VND001,Creative Corporation,INV-20240908-5156,Men Jeans,PRD0078,Fashion Apparel,CAT001,2362.11,96,226762.56,53181.36,173581.2,5008.37,168572.83,25087.26,2024,9,8,143485.57,87638.23,Bkash,,ENT-20240908-01291
PO-202409-1546,2024-09-08,VND003,Shanti Enterprises,INV-20240908-6380,Personal Lubricant,PRD0070,Hygiene Products,CAT004,1151.47,25,28786.75,3388.21,25398.54,1207.32,24191.22,451.87,2024,9,8,23739.35,22103.62,Cash,,ENT-20240908-01546
PO-202409-0541,2024-09-08,VND007,Style Mart Brand,INV-20240908-2679,Face Cream,PRD0034,Cosmetics,CAT002,450.45,47,21171.15,2605.62,18565.53,1672.33,16893.2,2389.39,2024,9,8,14503.81,9501.89,Bkash,,ENT-20240908-00541
PO-202409-1386,2024-09-08,VND005,Yello Energy Co.,INV-20240908-9708,Hair Straightener,PRD0073,Hygiene Products,CAT004,3231.58,80,258526.4,25019.08,233507.32,13772.2,219735.12,24057.27,2024,9,8,195677.85,179167.53,Bank Transfer,Bkash,ENT-20240908-01386
PO-202409-0944,2024-09-07,VND004,Organic Solutions,INV-20240907-9134,Toothbrush,PRD0017,Hygiene Products,CAT004,3504.79,53,185753.87,31587.46,154166.41,417.09,153749.32,3277.03,2024,9,7,150472.29,1675.83,Cheque,Rupali Bank,ENT-20240907-00944
PO-202409-0767,2024-09-07,VND001,Creative Corporation,INV-20240907-6379,Men Jeans,PRD0078,Fashion Apparel,CAT001,1838.66,48,88255.68,3895.81,84359.87,7102.32,77257.55,5190.79,2024,9,7,72066.76,38970.47,Cheque,BRAC Bank,ENT-20240907-00767
PO-202409-0596,2024-09-07,VND002,Kazi Tea IND Ltd.,INV-20240907-5770,Body Lotion,PRD0064,Cosmetics,CAT002,7917.74,403,3190849.22,319084.92,2871764.3,143588.21,2728176.09,136408.8,2024,9,7,2591767.29,731810.48,Bank Transfer,City Bank,ENT-20240907-00596
PO-202409-0596,2024-09-07,VND002,Kazi Tea IND Ltd.,INV-20240907-5770,Body Lotion,PRD0064,Cosmetics,CAT002,4356.23,28,121974.44,15677.28,106297.16,9983.46,96313.7,1140.71,2024,9,7,95172.99,22504.61,Bank Transfer,City Bank,ENT-20240907-00596
PO-202409-0345,2024-09-07,VND001,Creative Corporation,INV-20240907-7071,Hair Conditioner,PRD0039,Hygiene Products,CAT004,891.79,32,28537.28,1704.53,26832.75,368.52,26464.23,70.74,2024,9,7,26393.49,19888.43,Cash,,ENT-20240907-00345
PO-202409-1938,2024-09-07,VND006,Sun Corporation Ltd.,INV-20240907-1398,Underarm Whitening Cream,PRD0050,Cosmetics,CAT002,3215.93,34,109341.62,16584.65,92756.97,1025.32,91731.65,13422.6,2024,9,7,78309.05,29773.89,Cash,,ENT-20240907-01938
PO-202409-0821,2024-09-06,VND006,Sun Corporation Ltd.,INV-20240906-5775,Deodorant,PRD0036,Cosmetics,CAT002,9315.27,223,2077305.21,207730.52,1869574.69,93478.73,1776095.96,88804.8,2024,9,6,1687291.16,400342.29,Cash,,ENT-20240906-00821
PO-202409-0821,2024-09-06,VND006,Sun Corporation Ltd.,INV-20240906-5775,Deodorant,PRD0036,Cosmetics,CAT002,535.44,71,38016.24,3358.57,34657.67,2521.76,32135.91,4091.88,2024,9,6,28044.03,8556.19,Cash,,ENT-20240906-00821
PO-202409-0309,2024-09-06,VND001,Creative Corporation,INV-20240906-7069,Personal Lubricant,PRD0070,Hygiene Products,CAT004,497.65,33,16422.45,641.91,15780.54,1439.66,14340.88,1765.86,2024,9,6,12575.02,7273.33,Nagad,,ENT-20240906-00309
PO-202409-1094,2024-09-06,VND005,Yello Energy Co.,INV-20240906-9999,Baby Wipes,PRD0069,Hygiene Products,CAT004,3011.28,89,268003.92,414.37,267589.55,17554.92,250034.63,2366.99,2024,9,6,247667.64,100696.25,Nagad,,ENT-20240906-01094
PO-202409-1349,2024-09-05,VND006,Sun Corporation Ltd.,INV-20240905-6827,Women's Skirt,PRD0046,Fashion Apparel,CAT001,3667.24,27,99015.48,20702.9,78312.58,1252.84,77059.74,1601.32,2024,9,5,75458.42,55242.7,Bank Transfer,City Bank,ENT-20240905-01349
PO-202409-1472,2024-09-05,VND001,Creative Corporation,INV-20240905-1997,Men Jeans,PRD0078,Fashion Apparel,CAT001,1515.09,5,7575.45,1684.3,5891.15,275.89,5615.26,316.72,2024,9,5,5298.54,3250.59,Bank Transfer,Bkash,ENT-20240905-01472
PO-202409-1006,2024-09-04,VND007,Style Mart Brand,INV-20240904-7651,Men Shirt,PRD0010,Fashion Apparel,CAT001,3084.43,10,30844.3,2808.16,28036.14,2264.95,25771.19,1465.9,2024,9,4,24305.29,9051.06,Cash,,ENT-20240904-01006
PO-202409-0207,2024-09-04,VND005,Yello Energy Co.,INV-20240904-8990,Belt,PRD0002,Accessories,CAT003,487.26,2,974.52,10.52,964.0,67.89,896.11,89.12,2024,9,4,806.99,732.11,Bkash,,ENT-20240904-00207
PO-202409-0267,2024-09-04,VND002,Kazi Tea IND Ltd.,INV-20240904-7683,Toothbrush,PRD0017,Hygiene Products,CAT004,602.85,63,37979.55,10924.6,27054.95,1056.23,25998.72,3609.66,2024,9,4,22389.06,18389.45,Nagad,,ENT-20240904-00267
PO-202409-1294,2024-09-04,VND001,Creative Corporation,INV-20240904-1286,Kids T-Shirt,PRD0006,Fashion Apparel,CAT001,2604.79,47,122425.13,6841.43,115583.7,2189.25,113394.45,15166.52,2024,9,4,98227.93,27441.02,Bkash,,ENT-20240904-01294
PO-202409-0806,2024-09-03,VND002,Kazi Tea IND Ltd.,INV-20240903-9788,Women's Skirt,PRD0046,Fashion Apparel,CAT001,3596.61,30,107898.3,31723.64,76174.66,6782.27,69392.39,3032.45,2024,9,3,66359.94,6409.74,Cash,,ENT-20240903-00806
PO-202409-0929,2024-09-03,VND001,Creative Corporation,INV-20240903-3135,Hair Gel,PRD0077,Hygiene Products,CAT004,1631.48,79,128886.92,34406.14,94480.78,8322.49,86158.29,2932.62,2024,9,3,83225.67,37745.38,Cheque,Rupali Bank,ENT-20240903-00929
PO-202409-1461,2024-09-02,VND007,Style Mart Brand,INV-20240902-2292,Hair Mask,PRD0021,Cosmetics,CAT002,2320.81,23,53378.63,9947.46,43431.17,3949.99,39481.18,5489.41,2024,9,2,33991.77,3150.26,Cash,,ENT-20240902-01461
PO-202409-1597,2024-09-02,VND006,Sun Corporation Ltd.,INV-20240902-9938,Condom,PRD0009,Hygiene Products,CAT004,660.37,21,13867.77,1284.62,12583.15,441.55,12141.6,1714.08,2024,9,2,10427.52,1918.74,Cheque,City Bank,ENT-20240902-01597
PO-202409-1855,2024-09-01,VND007,Style Mart Brand,INV-20240901-8471,Personal Toys,PRD0040,Hygiene Products,CAT004,3969.95,6,23819.7,5327.13,18492.57,1391.25,17101.32,2144.82,2024,9,1,14956.5,9919.17,Nagad,,ENT-20240901-01855
PO-202409-0389,2024-09-01,VND002,Kazi Tea IND Ltd.,INV-20240901-3822,Hair Straightener,PRD0073,Hygiene Products,CAT004,3123.1,44,137416.4,27448.6,109967.8,5692.71,104275.09,5559.62,2024,9,1,98715.47,83204.16,Nagad,,ENT-20240901-00389
PO-202409-0249,2024-09-01,VND002,Kazi Tea IND Ltd.,INV-20240901-9132,Bra & Panty Set,PRD0031,Hygiene Products,CAT004,3582.91,18,64492.38,10492.35,54000.03,2120.35,51879.68,4373.62,2024,9,1,47506.06,30778.99,Nagad,,ENT-20240901-00249
PO-202409-1610,2024-09-01,VND007,Style Mart Brand,INV-20240901-7088,Face Wash,PRD0022,Hygiene Products,CAT004,2373.83,56,132934.48,12933.55,120000.93,7907.69,112093.24,15531.27,2024,9,1,96561.97,95667.09,Bkash,,ENT-20240901-01610
PO-202408-1188,2024-08-31,VND006,Sun Corporation Ltd.,INV-20240831-8820,Underarm Whitening Cream,PRD0050,Cosmetics,CAT002,2416.45,296,715269.2,71526.92,643742.28,32187.11,611555.17,30577.76,2024,8,31,580977.41,167780.58,Nagad,,ENT-20240831-01188
PO-202408-1188,2024-08-31,VND006,Sun Corporation Ltd.,INV-20240831-8820,Underarm Whitening Cream,PRD0050,Cosmetics,CAT002,447.3,2,894.6,45.98,848.62,28.55,820.07,52.53,2024,8,31,767.54,48.92,Nagad,,ENT-20240831-01188
PO-202408-0025,2024-08-30,VND006,Sun Corporation Ltd.,INV-20240830-1405,Nail Polish,PRD0055,Cosmetics,CAT002,681.11,51,34736.61,3018.49,31718.12,298.47,31419.65,170.36,2024,8,30,31249.29,16747.5,Cheque,City Bank,ENT-20240830-00025
PO-202408-1729,2024-08-30,VND005,Yello Energy Co.,INV-20240830-9797,Kids Dress,PRD0067,Fashion Apparel,CAT001,2305.06,98,225895.88,30638.63,195257.25,18790.13,176467.12,15558.25,2024,8,30,160908.87,98854.31,Cheque,BRAC Bank,ENT-20240830-01729
PO-202408-0024,2024-08-30,VND003,Shanti Enterprises,INV-20240830-6731,Foot Care Cream,PRD0041,Cosmetics,CAT002,540.33,40,21613.2,5515.67,16097.53,769.53,15328.0,1017.54,2024,8,30,14310.46,1598.3,Bank Transfer,Sonali Bank,ENT-20240830-00024
PO-202408-0942,2024-08-30,VND004,Organic Solutions,INV-20240830-7497,Women's Leggings,PRD0079,Fashion Apparel,CAT001,3832.17,100,383217.0,111062.85,272154.15,13453.85,258700.3,1618.93,2024,8,30,257081.37,255135.6,Bkash,,ENT-20240830-00942
PO-202408-0454,2024-08-29,VND006,Sun Corporation Ltd.,INV-20240829-1120,Face Mask,PRD0054,Cosmetics,CAT002,3143.14,32,100580.48,28791.56,71788.92,7148.43,64640.49,8884.41,2024,8,29,55756.08,10933.09,Bkash,,ENT-20240829-00454
PO-202408-0986,2024-08-29,VND004,Organic Solutions,INV-20240829-5504,Shampoo,PRD0007,Hygiene Products,CAT004,579.19,23,13321.37,2010.86,11310.51,427.27,10883.24,586.47,2024,8,29,10296.77,1348.6,Cheque,Rupali Bank,ENT-20240829-00986
PO-202408-0788,2024-08-28,VND006,Sun Corporation Ltd.,INV-20240828-3799,Hair Dryer,PRD0013,Hygiene Products,CAT004,4136.34,45,186135.3,44227.16,141908.14,13772.59,128135.55,17515.33,2024,8,28,110620.22,17484.61,Cash,,ENT-20240828-00788
PO-202408-1861,2024-08-28,VND003,Shanti Enterprises,INV-20240828-2252,Hair Spray,PRD0071,Cosmetics,CAT002,1080.11,84,90729.24,9786.13,80943.11,2422.69,78520.42,11770.46,2024,8,28,66749.96,19095.8,Bank Transfer,BRAC Bank,ENT-20240828-01861
PO-202408-1127,2024-08-28,VND001,Creative Corporation,INV-20240828-3368,Face Mask,PRD0054,Cosmetics,CAT002,2460.13,81,199270.53,58315.63,140954.9,6477.53,134477.37,14499.7,2024,8,28,119977.67,52753.24,Cash,,ENT-20240828-01127
PO-202408-0072,2024-08-28,VND004,Organic Solutions,INV-20240828-4806,Hair Spray,PRD0071,Cosmetics,CAT002,2828.67,90,254580.3,42941.64,211638.66,17736.85,193901.81,19410.14,2024,8,28,174491.67,71740.02,Bkash,,ENT-20240828-00072
PO-202408-1537,2024-08-28,VND002,Kazi Tea IND Ltd.,INV-20240828-2710,Women's Nightwear,PRD0003,Fashion Apparel,CAT001,3170.18,90,285316.2,82827.03,202489.17,15823.63,186665.54,16242.51,2024,8,28,170423.03,59314.03,Bank Transfer,Bkash,ENT-20240828-01537
PO-202408-1289,2024-08-28,VND001,Creative Corporation,INV-20240828-4586,Jewelry Set,PRD0044,Accessories,CAT003,277.47,84,23307.48,4274.39,19033.09,1663.69,17369.4,233.98,2024,8,28,17135.42,11163.86,Cheque,Janata Bank,ENT-20240828-01289
PO-202408-0664,2024-08-28,VND005,Yello Energy Co.,INV-20240828-5939,Makeup Kit,PRD0056,Cosmetics,CAT002,3419.07,92,314554.44,54339.01,260215.43,24227.39,235988.04,16028.67,2024,8,28,219959.37,71606.63,Nagad,,ENT-20240828-00664
PO-202408-0132,2024-08-27,VND002,Kazi Tea IND Ltd.,INV-20240827-3881,Sunglasses,PRD0027,Accessories,CAT003,1990.16,93,185084.88,33951.35,151133.53,9954.09,141179.44,10310.55,2024,8,27,130868.89,85965.46,Bkash,,ENT-20240827-00132
PO-202408-1035,2024-08-27,VND003,Shanti Enterprises,INV-20240827-3916,Backpack,PRD0038,Hygiene Products,CAT004,1601.83,67,107322.61,23344.38,83978.23,6198.23,77780.0,7188.03,2024,8,27,70591.97,33750.93,Cash,,ENT-20240827-01035
PO-202408-1754,2024-08-26,VND002,Kazi Tea IND Ltd.,INV-20240826-3171,Sanitary Napkins,PRD0030,Hygiene Products,CAT004,753.34,100,75334.0,2286.18,73047.82,5149.34,67898.48,2020.79,2024,8,26,65877.69,19222.28,Cash,,ENT-20240826-01754
PO-202408-1547,2024-08-26,VND003,Shanti Enterprises,INV-20240826-3186,Women's Top,PRD0005,Fashion Apparel,CAT001,4627.94,53,245280.82,60826.81,184454.01,9238.84,175215.17,9940.53,2024,8,26,165274.64,154220.58,Bkash,,ENT-20240826-01547
PO-202408-1224,2024-08-26,VND002,Kazi Tea IND Ltd.,INV-20240826-3087,Scarf,PRD0076,Accessories,CAT003,169.58,46,7800.68,787.1,7013.58,147.24,6866.34,626.77,2024,8,26,6239.57,3454.46,Cash,,ENT-20240826-01224
PO-202408-1668,2024-08-24,VND002,Kazi Tea IND Ltd.,INV-20240824-9001,Compact Powder,PRD0042,Cosmetics,CAT002,2890.74,61,176335.14,6862.95,169472.19,2928.45,166543.74,20661.5,2024,8,24,145882.24,123729.04,Bkash,,ENT-20240824-01668
PO-202408-0491,2024-08-24,VND003,Shanti Enterprises,INV-20240824-1648,Face Scrub,PRD0062,Hygiene Products,CAT004,1038.49,37,38424.13,3463.67,34960.46,57.21,34903.25,4267.68,2024,8,24,30635.57,17214.02,Bank Transfer,City Bank,ENT-20240824-00491
PO-202408-1026,2024-08-23,VND005,Yello Energy Co.,INV-20240823-8671,Watch,PRD0043,Accessories,CAT003,4882.19,34,165994.46,27.15,165967.31,15171.97,150795.34,16832.44,2024,8,23,133962.9,106156.2,Cheque,BRAC Bank,ENT-20240823-01026
PO-202408-0625,2024-08-23,VND002,Kazi Tea IND Ltd.,INV-20240823-3286,Face Scrub,PRD0062,Hygiene Products,CAT004,1196.07,57,68175.99,12830.66,55345.33,5077.43,50267.9,1530.59,2024,8,23,48737.31,41014.23,Nagad,,ENT-20240823-00625
PO-202408-1189,2024-08-23,VND004,Organic Solutions,INV-20240823-1907,Hair Dryer,PRD0013,Hygiene Products,CAT004,1584.0,12,19008.0,4185.13,14822.87,471.44,14351.43,829.87,2024,8,23,13521.56,3870.14,Bank Transfer,Bkash,ENT-20240823-01189
PO-202408-0604,2024-08-22,VND003,Shanti Enterprises,INV-20240822-7257,Jewelry Set,PRD0044,Accessories,CAT003,3263.74,96,313319.04,8742.55,304576.49,7822.31,296754.18,35786.78,2024,8,22,260967.4,113194.5,Cash,,ENT-20240822-00604
PO-202408-0012,2024-08-22,VND001,Creative Corporation,INV-20240822-6964,Deodorant,PRD0036,Cosmetics,CAT002,3625.42,89,322662.38,67332.49,255329.89,7949.75,247380.14,29961.53,2024,8,22,217418.61,30480.12,Cheque,Dutch Bangla Bank,ENT-20240822-00012
PO-202408-0215,2024-08-22,VND006,Sun Corporation Ltd.,INV-20240822-2943,Handbag,PRD0020,Accessories,CAT003,2203.08,50,110154.0,25325.69,84828.31,3738.75,81089.56,1489.77,2024,8,22,79599.79,13657.23,Bank Transfer,Bkash,ENT-20240822-00215
PO-202408-0504,2024-08-22,VND005,Yello Energy Co.,INV-20240822-4899,Hair Dryer,PRD0013,Hygiene Products,CAT004,420.82,42,17674.44,4461.5,13212.94,560.64,12652.3,63.02,2024,8,22,12589.28,4361.59,Bank Transfer,Dutch Bangla Bank,ENT-20240822-00504
PO-202408-1592,2024-08-22,VND001,Creative Corporation,INV-20240822-4062,Kids Dress,PRD0067,Fashion Apparel,CAT001,2116.52,24,50796.48,3695.19,47101.29,681.59,46419.7,5935.89,2024,8,22,40483.81,29518.09,Nagad,,ENT-20240822-01592
PO-202408-1028,2024-08-22,VND001,Creative Corporation,INV-20240822-7645,Feminine Wash,PRD0028,Hygiene Products,CAT004,2126.74,33,70182.42,14734.35,55448.07,1220.42,54227.65,3415.25,2024,8,22,50812.4,20403.1,Cash,,ENT-20240822-01028
PO-202408-0090,2024-08-21,VND001,Creative Corporation,INV-20240821-9617,Beard Oil,PRD0049,Cosmetics,CAT002,3552.65,50,177632.5,28248.1,149384.4,3735.5,145648.9,10101.19,2024,8,21,135547.71,19468.46,Nagad,,ENT-20240821-00090
PO-202408-1274,2024-08-21,VND006,Sun Corporation Ltd.,INV-20240821-1420,Women's Skirt,PRD0046,Fashion Apparel,CAT001,1868.69,96,179394.24,2674.59,176719.65,11409.83,165309.82,21700.0,2024,8,21,143609.82,23179.81,Nagad,,ENT-20240821-01274
PO-202408-0065,2024-08-20,VND006,Sun Corporation Ltd.,INV-20240820-5190,Body Butter,PRD0016,Hygiene Products,CAT004,4090.0,41,167690.0,38935.59,128754.41,8295.11,120459.3,6466.85,2024,8,20,113992.45,35564.43,Cash,,ENT-20240820-00065
PO-202408-0725,2024-08-20,VND001,Creative Corporation,INV-20240820-8780,Face Toner,PRD0033,Hygiene Products,CAT004,137.8,2,275.6,63.47,212.13,14.17,197.96,5.8,2024,8,20,192.16,90.01,Bkash,,ENT-20240820-00725
PO-202408-0403,2024-08-20,VND004,Organic Solutions,INV-20240820-4615,Belt,PRD0002,Accessories,CAT003,3237.75,53,171600.75,38252.48,133348.27,5356.53,127991.74,17213.17,2024,8,20,110778.57,89446.7,Cheque,City Bank,ENT-20240820-00403
PO-202408-0531,2024-08-19,VND003,Shanti Enterprises,INV-20240819-3330,Shaving Cream,PRD0066,Cosmetics,CAT002,2815.87,15,42238.05,4427.83,37810.22,1520.43,36289.79,4078.28,2024,8,19,32211.51,26722.82,Cash,,ENT-20240819-00531
PO-202408-1514,2024-08-19,VND007,Style Mart Brand,INV-20240819-6118,Women's Skirt,PRD0046,Fashion Apparel,CAT001,3372.26,93,313620.18,86360.76,227259.42,22517.6,204741.82,23829.4,2024,8,19,180912.42,79219.1,Cash,,ENT-20240819-01514
PO-202408-0272,2024-08-19,VND001,Creative Corporation,INV-20240819-7222,Face Wash,PRD0022,Hygiene Products,CAT004,4637.9,78,361756.2,99791.84,261964.36,2109.26,259855.1,33571.4,2024,8,19,226283.7,72585.27,Bank Transfer,City Bank,ENT-20240819-00272
PO-202408-0050,2024-08-19,VND005,Yello Energy Co.,INV-20240819-1304,Gloves,PRD0023,Hygiene Products,CAT004,3061.21,88,269386.48,46200.77,223185.71,5616.15,217569.56,27092.32,2024,8,19,190477.24,189593.62,Cash,,ENT-20240819-00050
PO-202408-1347,2024-08-18,VND001,Creative Corporation,INV-20240818-5964,Men's Nightwear,PRD0048,Fashion Apparel,CAT001,730.97,100,73097.0,14619.32,58477.68,2549.01,55928.67,236.06,2024,8,18,55692.61,16139.54,Bkash,,ENT-20240818-01347
PO-202408-0149,2024-08-18,VND004,Organic Solutions,INV-20240818-2814,Jacket,PRD0008,Fashion Apparel,CAT001,3002.27,13,39029.51,4153.66,34875.85,1296.95,33578.9,818.67,2024,8,18,32760.23,13479.07,Bank Transfer,Bkash,ENT-20240818-00149
PO-202408-1627,2024-08-18,VND002,Kazi Tea IND Ltd.,INV-20240818-5198,Condom,PRD0009,Hygiene Products,CAT004,2511.69,53,133119.57,28299.57,104820.0,9463.75,95356.25,9503.58,2024,8,18,85852.67,9809.52,Cheque,Nagad,ENT-20240818-01627
PO-202408-1797,2024-08-17,VND005,Yello Energy Co.,INV-20240817-4888,Body Butter,PRD0016,Hygiene Products,CAT004,3139.61,34,106746.74,3798.72,102948.02,879.96,102068.06,952.53,2024,8,17,101115.53,4226.55,Cheque,BRAC Bank,ENT-20240817-01797
PO-202408-0887,2024-08-17,VND005,Yello Energy Co.,INV-20240817-7789,Face Cream,PRD0034,Cosmetics,CAT002,2232.39,91,203147.49,44519.78,158627.71,8269.72,150357.99,16442.02,2024,8,17,133915.97,131948.42,Nagad,,ENT-20240817-00887
PO-202408-1182,2024-08-17,VND005,Yello Energy Co.,INV-20240817-7771,After Sun Lotion,PRD0074,Cosmetics,CAT002,3682.76,8,29462.08,5985.8,23476.28,1364.2,22112.08,418.44,2024,8,17,21693.64,14416.28,Bank Transfer,Nagad,ENT-20240817-01182
PO-202408-0437,2024-08-17,VND002,Kazi Tea IND Ltd.,INV-20240817-9687,Hair Serum,PRD0011,Cosmetics,CAT002,4768.09,94,448200.46,119236.18,328964.28,23525.85,305438.43,26379.71,2024,8,17,279058.72,136631.69,Cash,,ENT-20240817-00437
PO-202408-0849,2024-08-16,VND007,Style Mart Brand,INV-20240816-4390,Jacket,PRD0008,Fashion Apparel,CAT001,3673.16,8,29385.28,28.98,29356.3,471.21,28885.09,2433.39,2024,8,16,26451.7,19263.86,Nagad,,ENT-20240816-00849
PO-202408-0229,2024-08-15,VND001,Creative Corporation,INV-20240815-6517,Hoodie,PRD0075,Fashion Apparel,CAT001,70.88,82,5812.16,316.52,5495.64,63.15,5432.49,407.9,2024,8,15,5024.59,1864.87,Cash,,ENT-20240815-00229
PO-202408-1684,2024-08-14,VND004,Organic Solutions,INV-20240814-2124,Face Wash,PRD0022,Hygiene Products,CAT004,2067.93,58,119939.94,2805.26,117134.68,5471.67,111663.01,10072.04,2024,8,14,101590.97,77295.75,Cheque,Sonali Bank,ENT-20240814-01684
PO-202408-1320,2024-08-14,VND001,Creative Corporation,INV-20240814-9018,Men Jeans,PRD0078,Fashion Apparel,CAT001,7404.03,205,1517826.15,151782.61,1366043.54,68302.18,1297741.36,64887.07,2024,8,14,1232854.29,200461.43,Nagad,,ENT-20240814-01320
PO-202408-1320,2024-08-14,VND001,Creative Corporation,INV-20240814-9018,Men Jeans,PRD0078,Fashion Apparel,CAT001,386.46,50,19323.0,4365.57,14957.43,151.34,14806.09,2002.53,2024,8,14,12803.56,7770.54,Nagad,,ENT-20240814-01320
PO-202408-1583,2024-08-14,VND005,Yello Energy Co.,INV-20240814-5150,Toothpaste,PRD0063,Hygiene Products,CAT004,4565.25,11,50217.75,8281.68,41936.07,595.07,41341.0,1600.84,2024,8,14,39740.16,36858.05,Bank Transfer,Rupali Bank,ENT-20240814-01583
PO-202408-0865,2024-08-13,VND004,Organic Solutions,INV-20240813-9851,Kids T-Shirt,PRD0006,Fashion Apparel,CAT001,6236.44,459,2862525.96,286252.6,2576273.36,128813.67,2447459.69,122372.98,2024,8,13,2325086.71,770868.96,Bkash,,ENT-20240813-00865
PO-202408-0865,2024-08-13,VND004,Organic Solutions,INV-20240813-9851,Kids T-Shirt,PRD0006,Fashion Apparel,CAT001,4630.6,34,157440.4,2629.24,154811.16,11188.39,143622.77,6480.7,2024,8,13,137142.07,12443.2,Bkash,,ENT-20240813-00865
PO-202408-1931,2024-08-13,VND003,Shanti Enterprises,INV-20240813-8112,Hair Color,PRD0052,Hygiene Products,CAT004,3190.85,17,54244.45,14860.81,39383.64,2867.9,36515.74,3701.38,2024,8,13,32814.36,21462.11,Cash,,ENT-20240813-01931
PO-202408-0056,2024-08-12,VND001,Creative Corporation,INV-20240812-5065,Lipstick,PRD0061,Cosmetics,CAT002,2182.64,85,185524.4,44825.98,140698.42,3865.92,136832.5,11017.98,2024,8,12,125814.52,103238.1,Cash,,ENT-20240812-00056
PO-202408-1103,2024-08-12,VND006,Sun Corporation Ltd.,INV-20240812-2434,Sunscreen,PRD0068,Hygiene Products,CAT004,2664.38,9,23979.42,1869.42,22110.0,195.56,21914.44,204.87,2024,8,12,21709.57,6400.13,Bank Transfer,Sonali Bank,ENT-20240812-01103
PO-202408-0183,2024-08-12,VND006,Sun Corporation Ltd.,INV-20240812-9394,Kids Dress,PRD0067,Fashion Apparel,CAT001,1617.67,91,147207.97,31045.84,116162.13,2990.83,113171.3,15444.56,2024,8,12,97726.74,30446.66,Bank Transfer,BRAC Bank,ENT-20240812-00183
PO-202408-0031,2024-08-12,VND006,Sun Corporation Ltd.,INV-20240812-2385,Gloves,PRD0023,Hygiene Products,CAT004,3651.96,12,43823.52,874.42,42949.1,1194.16,41754.94,4526.43,2024,8,12,37228.51,11883.15,Bank Transfer,Sonali Bank,ENT-20240812-00031
PO-202408-0581,2024-08-11,VND004,Organic Solutions,INV-20240811-6502,Face Scrub,PRD0062,Hygiene Products,CAT004,1967.13,98,192778.74,25505.25,167273.49,11108.51,156164.98,13431.86,2024,8,11,142733.12,14492.2,Cheque,Janata Bank,ENT-20240811-00581
PO-202408-1970,2024-08-11,VND007,Style Mart Brand,INV-20240811-8168,Men T-Shirt,PRD0026,Fashion Apparel,CAT001,2718.71,93,252840.03,2701.57,250138.46,21226.41,228912.05,6277.55,2024,8,11,222634.5,51206.48,Nagad,,ENT-20240811-01970
PO-202408-0900,2024-08-11,VND005,Yello Energy Co.,INV-20240811-8104,Women's Skirt,PRD0046,Fashion Apparel,CAT001,2292.83,33,75663.39,10259.91,65403.48,5848.77,59554.71,4282.37,2024,8,11,55272.34,53456.9,Cash,,ENT-20240811-00900
PO-202408-1791,2024-08-10,VND003,Shanti Enterprises,INV-20240810-4072,Luggage,PRD0045,Hygiene Products,CAT004,3478.2,35,121737.0,10594.31,111142.69,9563.32,101579.37,4557.64,2024,8,10,97021.73,29825.67,Nagad,,ENT-20240810-01791
PO-202408-1730,2024-08-10,VND003,Shanti Enterprises,INV-20240810-7642,Body Spray,PRD0001,Cosmetics,CAT002,1703.56,87,148209.72,19551.47,128658.25,2296.77,126361.48,16400.59,2024,8,10,109960.89,62932.48,Bkash,,ENT-20240810-01730
PO-202408-1408,2024-08-10,VND007,Style Mart Brand,INV-20240810-1131,Body Spray,PRD0001,Cosmetics,CAT002,2950.7,70,206549.0,48385.05,158163.95,13010.79,145153.16,8896.14,2024,8,10,136257.02,119549.61,Cash,,ENT-20240810-01408
PO-202408-1544,2024-08-09,VND002,Kazi Tea IND Ltd.,INV-20240809-5230,Scarf,PRD0076,Accessories,CAT003,8043.81,275,2212047.75,221204.78,1990842.97,99542.15,1891300.82,94565.04,2024,8,9,1796735.78,797036.41,Bkash,,ENT-20240809-01544
PO-202408-1544,2024-08-09,VND002,Kazi Tea IND Ltd.,INV-20240809-5230,Scarf,PRD0076,Accessories,CAT003,2320.76,2,4641.52,615.13,4026.39,76.89,3949.5,491.27,2024,8,9,3458.23,2750.2,Bkash,,ENT-20240809-01544
PO-202408-0224,2024-08-09,VND004,Organic Solutions,INV-20240809-7556,Hat,PRD0019,Accessories,CAT003,1553.91,43,66818.13,2145.31,64672.82,1124.15,63548.67,1531.26,2024,8,9,62017.41,13638.94,Bkash,,ENT-20240809-00224
PO-202408-1483,2024-08-08,VND001,Creative Corporation,INV-20240808-4725,Women's Top,PRD0005,Fashion Apparel,CAT001,1793.26,33,59177.58,4842.41,54335.17,3819.55,50515.62,28.91,2024,8,8,50486.71,25017.61,Nagad,,ENT-20240808-01483
PO-202408-1794,2024-08-08,VND004,Organic Solutions,INV-20240808-8804,Luggage,PRD0045,Hygiene Products,CAT004,973.11,40,38924.4,2394.27,36530.13,1505.35,35024.78,2581.4,2024,8,8,32443.38,24059.46,Cash,,ENT-20240808-01794
PO-202408-0133,2024-08-07,VND001,Creative Corporation,INV-20240807-8709,Sunscreen,PRD0068,Hygiene Products,CAT004,1812.31,194,351588.14,35158.81,316429.33,15821.47,300607.86,15030.39,2024,8,7,285577.47,41933.73,Nagad,,ENT-20240807-00133
PO-202408-0133,2024-08-07,VND001,Creative Corporation,INV-20240807-8709,Sunscreen,PRD0068,Hygiene Products,CAT004,3848.11,54,207797.94,13564.25,194233.69,1794.37,192439.32,25127.58,2024,8,7,167311.74,86585.71,Nagad,,ENT-20240807-00133
PO-202408-0567,2024-08-06,VND003,Shanti Enterprises,INV-20240806-3187,Men's Nightwear,PRD0048,Fashion Apparel,CAT001,836.12,47,39297.64,10764.3,28533.34,1098.38,27434.96,304.1,2024,8,6,27130.86,14715.76,Cash,,ENT-20240806-00567
PO-202408-1078,2024-08-06,VND003,Shanti Enterprises,INV-20240806-7249,Men's Nightwear,PRD0048,Fashion Apparel,CAT001,829.06,58,48085.48,11096.32,36989.16,3449.6,33539.56,3711.74,2024,8,6,29827.82,1197.24,Bkash,,ENT-20240806-01078
PO-202408-0217,2024-08-06,VND003,Shanti Enterprises,INV-20240806-4069,Women's Nightwear,PRD0003,Fashion Apparel,CAT001,2020.96,13,26272.48,5537.16,20735.32,2019.17,18716.15,1765.75,2024,8,6,16950.4,13471.1,Cheque,Rupali Bank,ENT-20240806-00217
PO-202408-0362,2024-08-06,VND002,Kazi Tea IND Ltd.,INV-20240806-8816,Body Oil,PRD0059,Cosmetics,CAT002,4492.81,97,435802.57,20162.65,415639.92,2365.67,413274.25,49828.68,2024,8,6,363445.57,312917.22,Bkash,,ENT-20240806-00362
PO-202408-1381,2024-08-05,VND001,Creative Corporation,INV-20240805-5936,Makeup Remover,PRD0032,Cosmetics,CAT002,608.35,49,29809.15,687.83,29121.32,864.5,28256.82,1219.4,2024,8,5,27037.42,26085.38,Cash,,ENT-20240805-01381
PO-202408-1131,2024-08-05,VND001,Creative Corporation,INV-20240805-5836,Baby Wipes,PRD0069,Hygiene Products,CAT004,7226.47,485,3504837.95,350483.8,3154354.15,157717.71,2996636.44,149831.82,2024,8,5,2846804.62,750120.7,Cheque,Sonali Bank,ENT-20240805-01131
PO-202408-0203,2024-08-05,VND001,Creative Corporation,INV-20240805-4775,Hair Serum,PRD0011,Cosmetics,CAT002,2194.4,6,13166.4,2458.34,10708.06,653.33,10054.73,1374.69,2024,8,5,8680.04,4421.26,Cheque,Bkash,ENT-20240805-00203
PO-202408-0203,2024-08-05,VND001,Creative Corporation,INV-20240805-4775,Hair Serum,PRD0011,Cosmetics,CAT002,4268.0,221,943228.0,94322.8,848905.2,42445.26,806459.94,40323.0,2024,8,5,766136.94,109289.7,Cheque,Bkash,ENT-20240805-00203
PO-202408-0203,2024-08-05,VND001,Creative Corporation,INV-20240805-4775,Hair Serum,PRD0011,Cosmetics,CAT002,3418.5,376,1285356.0,128535.6,1156820.4,57841.02,1098979.38,54948.97,2024,8,5,1044030.41,56803.83,Cheque,Bkash,ENT-20240805-00203
PO-202408-0237,2024-08-05,VND007,Style Mart Brand,INV-20240805-2363,Wallet,PRD0051,Accessories,CAT003,1323.08,26,34400.08,9243.46,25156.62,2304.68,22851.94,1123.13,2024,8,5,21728.81,11675.15,Bkash,,ENT-20240805-00237
PO-202408-1131,2024-08-05,VND001,Creative Corporation,INV-20240805-5836,Baby Wipes,PRD0069,Hygiene Products,CAT004,3826.24,68,260184.32,9497.06,250687.26,18024.68,232662.58,6576.06,2024,8,5,226086.52,117517.17,Cheque,Sonali Bank,ENT-20240805-01131
PO-202408-0852,2024-08-05,VND002,Kazi Tea IND Ltd.,INV-20240805-3470,Hand Sanitizer,PRD0004,Hygiene Products,CAT004,929.78,24,22314.72,3635.17,18679.55,863.29,17816.26,2258.36,2024,8,5,15557.9,15257.97,Cheque,Bkash,ENT-20240805-00852
PO-202408-0130,2024-08-04,VND006,Sun Corporation Ltd.,INV-20240804-7027,Jewelry Set,PRD0044,Accessories,CAT003,925.65,4,3702.6,935.72,2766.88,130.87,2636.01,283.95,2024,8,4,2352.06,447.96,Cash,,ENT-20240804-00130
PO-202408-1261,2024-08-04,VND007,Style Mart Brand,INV-20240804-1078,Hair Color,PRD0052,Hygiene Products,CAT004,4535.74,83,376466.42,1411.06,375055.36,32004.96,343050.4,35225.94,2024,8,4,307824.46,60170.57,Nagad,,ENT-20240804-01261
PO-202408-0311,2024-08-04,VND002,Kazi Tea IND Ltd.,INV-20240804-1188,Hoodie,PRD0075,Fashion Apparel,CAT001,1639.82,8,13118.56,985.8,12132.76,609.82,11522.94,1596.92,2024,8,4,9926.02,4389.39,Bkash,,ENT-20240804-00311
PO-202408-0700,2024-08-04,VND002,Kazi Tea IND Ltd.,INV-20240804-3658,Handbag,PRD0020,Accessories,CAT003,2564.91,30,76947.3,10398.62,66548.68,2752.6,63796.08,7712.1,2024,8,4,56083.98,45703.43,Bank Transfer,Sonali Bank,ENT-20240804-00700
PO-202408-0130,2024-08-04,VND006,Sun Corporation Ltd.,INV-20240804-7027,Jewelry Set,PRD0044,Accessories,CAT003,1318.56,199,262393.44,26239.34,236154.1,11807.71,224346.39,11217.32,2024,8,4,213129.07,79026.28,Cash,,ENT-20240804-00130
PO-202408-1352,2024-08-03,VND002,Kazi Tea IND Ltd.,INV-20240803-4269,Hat,PRD0019,Accessories,CAT003,1327.03,88,116778.64,13261.15,103517.49,3880.86,99636.63,14355.17,2024,8,3,85281.46,83930.82,Cash,,ENT-20240803-01352
PO-202408-1162,2024-08-03,VND003,Shanti Enterprises,INV-20240803-7667,Deodorant,PRD0036,Cosmetics,CAT002,2598.22,58,150696.76,14360.26,136336.5,8156.96,128179.54,3544.31,2024,8,3,124635.23,36392.17,Bank Transfer,City Bank,ENT-20240803-01162
PO-202408-0134,2024-08-02,VND001,Creative Corporation,INV-20240802-8833,Hair Gel,PRD0077,Hygiene Products,CAT004,2200.79,42,92433.18,10204.45,82228.73,1179.24,81049.49,7294.87,2024,8,2,73754.62,65780.23,Bank Transfer,BRAC Bank,ENT-20240802-00134
PO-202408-0274,2024-08-02,VND005,Yello Energy Co.,INV-20240802-1738,Shampoo,PRD0007,Hygiene Products,CAT004,2870.56,65,186586.4,50691.69,135894.71,875.57,135019.14,17849.49,2024,8,2,117169.65,75802.02,Bkash,,ENT-20240802-00274
PO-202408-0989,2024-08-01,VND001,Creative Corporation,INV-20240801-7812,Toothbrush,PRD0017,Hygiene Products,CAT004,3294.2,52,171298.4,43375.87,127922.53,1446.0,126476.53,4409.72,2024,8,1,122066.81,18283.42,Cash,,ENT-20240801-00989
PO-202408-0544,2024-08-01,VND007,Style Mart Brand,INV-20240801-8454,Gloves,PRD0023,Hygiene Products,CAT004,749.74,17,12745.58,2075.84,10669.74,630.62,10039.12,220.69,2024,8,1,9818.43,3026.84,Bank Transfer,Rupali Bank,ENT-20240801-00544
PO-202408-1223,2024-08-01,VND001,Creative Corporation,INV-20240801-7253,Kids T-Shirt,PRD0006,Fashion Apparel,CAT001,4276.17,23,98351.91,5772.37,92579.54,3434.38,89145.16,5607.98,2024,8,1,83537.18,43947.24,Nagad,,ENT-20240801-01223
PO-202408-0417,2024-08-01,VND001,Creative Corporation,INV-20240801-1506,Men T-Shirt,PRD0026,Fashion Apparel,CAT001,4258.89,49,208685.61,19856.5,188829.11,14131.42,174697.69,6245.52,2024,8,1,168452.17,117255.98,Nagad,,ENT-20240801-00417
PO-202407-0827,2024-07-31,VND006,Sun Corporation Ltd.,INV-20240731-6234,Men Jeans,PRD0078,Fashion Apparel,CAT001,438.01,56,24528.56,931.4,23597.16,2316.54,21280.62,2479.94,2024,7,31,18800.68,8042.93,Bank Transfer,Dutch Bangla Bank,ENT-20240731-00827
PO-202407-0883,2024-07-29,VND007,Style Mart Brand,INV-20240729-2056,Hair Color,PRD0052,Hygiene Products,CAT004,4237.42,44,186446.48,50200.59,136245.89,5231.29,131014.6,9474.04,2024,7,29,121540.56,107034.86,Cheque,Dutch Bangla Bank,ENT-20240729-00883
PO-202407-1469,2024-07-29,VND001,Creative Corporation,INV-20240729-2519,Body Oil,PRD0059,Cosmetics,CAT002,750.14,29,21754.06,2793.56,18960.5,1717.01,17243.49,601.04,2024,7,29,16642.45,7676.93,Cash,,ENT-20240729-01469
PO-202407-0672,2024-07-29,VND002,Kazi Tea IND Ltd.,INV-20240729-3931,Aftershave,PRD0057,Hygiene Products,CAT004,389.69,10,3896.9,938.44,2958.46,241.76,2716.7,199.46,2024,7,29,2517.24,249.18,Bank Transfer,Dutch Bangla Bank,ENT-20240729-00672
PO-202407-1190,2024-07-29,VND002,Kazi Tea IND Ltd.,INV-20240729-3476,Sanitary Napkins,PRD0030,Hygiene Products,CAT004,1319.96,79,104276.84,26487.43,77789.41,2901.32,74888.09,8209.05,2024,7,29,66679.04,2787.23,Bkash,,ENT-20240729-01190
PO-202407-1344,2024-07-27,VND002,Kazi Tea IND Ltd.,INV-20240727-9188,Footwear,PRD0065,Hygiene Products,CAT004,4741.52,29,137504.08,30745.71,106758.37,9501.88,97256.49,6686.54,2024,7,27,90569.95,6199.03,Cash,,ENT-20240727-01344
PO-202407-1670,2024-07-27,VND004,Organic Solutions,INV-20240727-5850,Mouthwash,PRD0025,Hygiene Products,CAT004,4190.04,51,213692.04,12042.4,201649.64,9809.74,191839.9,26232.62,2024,7,27,165607.28,23110.7,Cash,,ENT-20240727-01670
PO-202407-0548,2024-07-26,VND002,Kazi Tea IND Ltd.,INV-20240726-3767,Feminine Wash,PRD0028,Hygiene Products,CAT004,4011.4,100,401140.0,29294.78,371845.22,15894.23,355950.99,38145.51,2024,7,26,317805.48,104918.23,Cash,,ENT-20240726-00548
PO-202407-0419,2024-07-26,VND007,Style Mart Brand,INV-20240726-3678,Men Polo Shirt,PRD0080,Fashion Apparel,CAT001,1613.2,3,4839.6,337.28,4502.32,37.15,4465.17,617.62,2024,7,26,3847.55,166.59,Cash,,ENT-20240726-00419
PO-202407-0308,2024-07-26,VND006,Sun Corporation Ltd.,INV-20240726-7895,Body Lotion,PRD0064,Cosmetics,CAT002,4738.02,12,56856.24,13960.27,42895.97,877.55,42018.42,2182.36,2024,7,26,39836.06,11640.97,Nagad,,ENT-20240726-00308
PO-202407-0199,2024-07-26,VND005,Yello Energy Co.,INV-20240726-4169,Gloves,PRD0023,Hygiene Products,CAT004,108.42,47,5095.74,1309.77,3785.97,282.41,3503.56,308.45,2024,7,26,3195.11,2713.81,Cash,,ENT-20240726-00199
PO-202407-1928,2024-07-26,VND006,Sun Corporation Ltd.,INV-20240726-7666,Face Toner,PRD0033,Hygiene Products,CAT004,4888.93,19,92889.67,21900.25,70989.42,81.97,70907.45,5076.35,2024,7,26,65831.1,52609.86,Cash,,ENT-20240726-01928
PO-202407-0126,2024-07-25,VND001,Creative Corporation,INV-20240725-1904,Disinfectant Spray,PRD0037,Cosmetics,CAT002,2887.36,62,179016.32,4620.94,174395.38,13780.45,160614.93,15463.75,2024,7,25,145151.18,54510.75,Bank Transfer,Bkash,ENT-20240725-00126
PO-202407-1998,2024-07-25,VND004,Organic Solutions,INV-20240725-6300,Handbag,PRD0020,Accessories,CAT003,3658.84,37,135377.08,22693.44,112683.64,1597.05,111086.59,16195.5,2024,7,25,94891.09,11784.95,Bkash,,ENT-20240725-01998
PO-202407-0275,2024-07-25,VND002,Kazi Tea IND Ltd.,INV-20240725-5154,Men Shirt,PRD0010,Fashion Apparel,CAT001,4496.15,54,242792.1,34282.5,208509.6,3724.4,204785.2,23575.23,2024,7,25,181209.97,30051.2,Bkash,,ENT-20240725-00275
PO-202407-0899,2024-07-24,VND006,Sun Corporation Ltd.,INV-20240724-2763,Sunscreen,PRD0068,Hygiene Products,CAT004,4070.25,71,288987.75,22970.86,266016.89,13848.58,252168.31,21870.84,2024,7,24,230297.47,1369.62,Nagad,,ENT-20240724-00899
PO-202407-1698,2024-07-24,VND007,Style Mart Brand,INV-20240724-8036,Shampoo,PRD0007,Hygiene Products,CAT004,1112.41,65,72306.65,11788.28,60518.37,2397.36,58121.01,6020.98,2024,7,24,52100.03,45697.5,Cheque,Janata Bank,ENT-20240724-01698
PO-202407-0055,2024-07-24,VND003,Shanti Enterprises,INV-20240724-5957,Keychain,PRD0012,Accessories,CAT003,620.95,15,9314.25,2357.43,6956.82,581.68,6375.14,560.22,2024,7,24,5814.92,2636.7,Nagad,,ENT-20240724-00055
PO-202407-0536,2024-07-24,VND003,Shanti Enterprises,INV-20240724-8584,Body Mist,PRD0035,Cosmetics,CAT002,2395.28,9,21557.52,2624.48,18933.04,1686.76,17246.28,1963.23,2024,7,24,15283.05,13174.85,Cash,,ENT-20240724-00536
PO-202407-0583,2024-07-24,VND007,Style Mart Brand,INV-20240724-9629,Women's Skirt,PRD0046,Fashion Apparel,CAT001,392.91,31,12180.21,353.54,11826.67,491.48,11335.19,1483.93,2024,7,24,9851.26,9361.31,Bank Transfer,Bkash,ENT-20240724-00583
PO-202407-0718,2024-07-23,VND003,Shanti Enterprises,INV-20240723-8039,Face Cream,PRD0034,Cosmetics,CAT002,2913.05,23,67000.15,15528.35,51471.8,1177.88,50293.92,4852.2,2024,7,23,45441.72,7061.76,Cheque,Bkash,ENT-20240723-00718
PO-202407-0385,2024-07-22,VND002,Kazi Tea IND Ltd.,INV-20240722-2609,Makeup Kit,PRD0056,Cosmetics,CAT002,1230.74,49,60306.26,10498.62,49807.64,2090.58,47717.06,4427.01,2024,7,22,43290.05,8502.35,Cash,,ENT-20240722-00385
PO-202407-0357,2024-07-21,VND004,Organic Solutions,INV-20240721-3356,Toothbrush,PRD0017,Hygiene Products,CAT004,1820.05,47,85542.35,19837.51,65704.84,6351.12,59353.72,6301.6,2024,7,21,53052.12,13401.94,Cheque,Bkash,ENT-20240721-00357
PO-202407-0680,2024-07-21,VND007,Style Mart Brand,INV-20240721-4855,Foot Care Cream,PRD0041,Cosmetics,CAT002,4305.65,56,241116.4,1862.02,239254.38,670.0,238584.38,7467.48,2024,7,21,231116.9,213797.14,Bank Transfer,Dutch Bangla Bank,ENT-20240721-00680
PO-202407-0191,2024-07-21,VND002,Kazi Tea IND Ltd.,INV-20240721-7042,Kids T-Shirt,PRD0006,Fashion Apparel,CAT001,134.47,7,941.29,147.08,794.21,75.85,718.36,71.96,2024,7,21,646.4,429.46,Nagad,,ENT-20240721-00191
PO-202407-1211,2024-07-20,VND005,Yello Energy Co.,INV-20240720-7314,Body Spray,PRD0001,Cosmetics,CAT002,1160.68,13,15088.84,132.84,14956.0,1234.02,13721.98,1100.11,2024,7,20,12621.87,2396.87,Nagad,,ENT-20240720-01211
PO-202407-0395,2024-07-18,VND004,Organic Solutions,INV-20240718-9238,Personal Toys,PRD0040,Hygiene Products,CAT004,2450.64,11,26957.04,2952.99,24004.05,1078.61,22925.44,70.08,2024,7,18,22855.36,10261.41,Nagad,,ENT-20240718-00395
PO-202407-0730,2024-07-18,VND007,Style Mart Brand,INV-20240718-7274,Underarm Whitening Cream,PRD0050,Cosmetics,CAT002,4567.91,27,123333.57,2602.03,120731.54,2901.37,117830.17,12043.25,2024,7,18,105786.92,101186.71,Cash,,ENT-20240718-00730
PO-202407-0153,2024-07-18,VND006,Sun Corporation Ltd.,INV-20240718-2655,After Sun Lotion,PRD0074,Cosmetics,CAT002,2566.39,74,189912.86,12515.85,177397.01,3305.16,174091.85,13930.25,2024,7,18,160161.6,121808.13,Cash,,ENT-20240718-00153
PO-202407-1207,2024-07-17,VND007,Style Mart Brand,INV-20240717-6301,Hand Sanitizer,PRD0004,Hygiene Products,CAT004,3074.96,71,218322.16,8480.74,209841.42,3695.37,206146.05,26677.74,2024,7,17,179468.31,160720.44,Cash,,ENT-20240717-01207
PO-202407-0786,2024-07-17,VND005,Yello Energy Co.,INV-20240717-5467,Lipstick,PRD0061,Cosmetics,CAT002,895.26,93,83259.18,21742.88,61516.3,776.89,60739.41,815.48,2024,7,17,59923.93,34738.77,Bank Transfer,Janata Bank,ENT-20240717-00786
PO-202407-0248,2024-07-17,VND001,Creative Corporation,INV-20240717-2560,Hair Spray,PRD0071,Cosmetics,CAT002,9138.78,451,4121589.78,412158.98,3709430.8,185471.54,3523959.26,176197.96,2024,7,17,3347761.3,961149.05,Bank Transfer,City Bank,ENT-20240717-00248
PO-202407-0776,2024-07-17,VND001,Creative Corporation,INV-20240717-1871,Makeup Kit,PRD0056,Cosmetics,CAT002,411.78,53,21824.34,5537.32,16287.02,773.13,15513.89,200.04,2024,7,17,15313.85,7061.81,Cash,,ENT-20240717-00776
PO-202407-1727,2024-07-17,VND007,Style Mart Brand,INV-20240717-6473,Hoodie,PRD0075,Fashion Apparel,CAT001,678.35,14,9496.9,1658.51,7838.39,678.16,7160.23,837.19,2024,7,17,6323.04,4419.66,Nagad,,ENT-20240717-01727
PO-202407-0248,2024-07-17,VND001,Creative Corporation,INV-20240717-2560,Hair Spray,PRD0071,Cosmetics,CAT002,2432.93,19,46225.67,2088.78,44136.89,2573.25,41563.64,3732.68,2024,7,17,37830.96,30435.25,Bank Transfer,City Bank,ENT-20240717-00248
PO-202407-0060,2024-07-16,VND005,Yello Energy Co.,INV-20240716-4158,Women's Nightwear,PRD0003,Fashion Apparel,CAT001,3736.94,86,321376.84,77719.94,243656.9,8374.95,235281.95,11248.99,2024,7,16,224032.96,138809.23,Cheque,Rupali Bank,ENT-20240716-00060
PO-202407-0739,2024-07-15,VND001,Creative Corporation,INV-20240715-3687,Face Serum,PRD0053,Cosmetics,CAT002,1563.23,27,42207.21,1948.9,40258.31,2586.18,37672.13,5058.79,2024,7,15,32613.34,8794.59,Cheque,Sonali Bank,ENT-20240715-00739
PO-202407-0523,2024-07-14,VND004,Organic Solutions,INV-20240714-2267,Women's Top,PRD0005,Fashion Apparel,CAT001,8560.94,433,3706887.02,370688.7,3336198.32,166809.92,3169388.4,158469.42,2024,7,14,3010918.98,633275.27,Nagad,,ENT-20240714-00523
PO-202407-1276,2024-07-14,VND007,Style Mart Brand,INV-20240714-1824,Jacket,PRD0008,Fashion Apparel,CAT001,3483.99,40,139359.6,23458.3,115901.3,10906.52,104994.78,6147.99,2024,7,14,98846.79,88583.76,Cash,,ENT-20240714-01276
PO-202407-0354,2024-07-14,VND004,Organic Solutions,INV-20240714-9091,Luggage,PRD0045,Hygiene Products,CAT004,1258.12,80,100649.6,28487.67,72161.93,6762.96,65398.97,5056.3,2024,7,14,60342.67,43523.91,Bkash,,ENT-20240714-00354
PO-202407-0032,2024-07-14,VND005,Yello Energy Co.,INV-20240714-4419,Face Toner,PRD0033,Hygiene Products,CAT004,3927.34,99,388806.66,35077.84,353728.82,3476.38,350252.44,4641.41,2024,7,14,345611.03,147331.08,Bkash,,ENT-20240714-00032
PO-202407-0523,2024-07-14,VND004,Organic Solutions,INV-20240714-2267,Women's Top,PRD0005,Fashion Apparel,CAT001,3464.14,26,90067.64,5386.88,84680.76,6627.34,78053.42,151.54,2024,7,14,77901.88,27270.21,Nagad,,ENT-20240714-00523
PO-202407-1391,2024-07-13,VND003,Shanti Enterprises,INV-20240713-7537,Disinfectant Spray,PRD0037,Cosmetics,CAT002,4476.23,72,322288.56,85738.03,236550.53,17137.62,219412.91,31728.89,2024,7,13,187684.02,45322.19,Nagad,,ENT-20240713-01391
PO-202407-1822,2024-07-13,VND007,Style Mart Brand,INV-20240713-1709,Kids Dress,PRD0067,Fashion Apparel,CAT001,3024.24,34,102824.16,13220.34,89603.82,6870.02,82733.8,654.67,2024,7,13,82079.13,31750.29,Cheque,BRAC Bank,ENT-20240713-01822
PO-202407-0731,2024-07-13,VND001,Creative Corporation,INV-20240713-9531,Men T-Shirt,PRD0026,Fashion Apparel,CAT001,3658.22,37,135354.14,37489.22,97864.92,517.07,97347.85,9629.46,2024,7,13,87718.39,20041.8,Bkash,,ENT-20240713-00731
PO-202407-0673,2024-07-12,VND006,Sun Corporation Ltd.,INV-20240712-7704,Footwear,PRD0065,Hygiene Products,CAT004,4572.36,3,13717.08,2317.36,11399.72,146.51,11253.21,811.7,2024,7,12,10441.51,2195.2,Bkash,,ENT-20240712-00673
PO-202407-0917,2024-07-12,VND001,Creative Corporation,INV-20240712-6411,Keychain,PRD0012,Accessories,CAT003,738.02,37,27306.74,117.84,27188.9,1511.95,25676.95,327.81,2024,7,12,25349.14,14449.79,Bkash,,ENT-20240712-00917
PO-202407-1557,2024-07-12,VND006,Sun Corporation Ltd.,INV-20240712-3546,Foot Care Cream,PRD0041,Cosmetics,CAT002,663.56,24,15925.44,4164.24,11761.2,58.41,11702.79,601.05,2024,7,12,11101.74,7048.92,Cheque,Sonali Bank,ENT-20240712-01557
PO-202407-0023,2024-07-11,VND005,Yello Energy Co.,INV-20240711-8278,Men Jeans,PRD0078,Fashion Apparel,CAT001,3977.74,37,147176.38,37162.64,110013.74,4224.11,105789.63,12689.41,2024,7,11,93100.22,24216.09,Cheque,Bkash,ENT-20240711-00023
PO-202407-0592,2024-07-11,VND007,Style Mart Brand,INV-20240711-1700,Jacket,PRD0008,Fashion Apparel,CAT001,1979.9,79,156412.1,4461.98,151950.12,760.52,151189.6,1842.87,2024,7,11,149346.73,127107.08,Cheque,Sonali Bank,ENT-20240711-00592
PO-202407-0834,2024-07-10,VND006,Sun Corporation Ltd.,INV-20240710-9460,Kids Dress,PRD0067,Fashion Apparel,CAT001,1636.91,87,142411.17,3000.58,139410.59,2787.03,136623.56,16748.78,2024,7,10,119874.78,4133.05,Cheque,Bkash,ENT-20240710-00834
PO-202407-1552,2024-07-10,VND002,Kazi Tea IND Ltd.,INV-20240710-1203,Face Wash,PRD0022,Hygiene Products,CAT004,4328.06,7,30296.42,2143.97,28152.45,2726.77,25425.68,1865.38,2024,7,10,23560.3,18628.63,Cheque,Bkash,ENT-20240710-01552
PO-202407-0254,2024-07-10,VND002,Kazi Tea IND Ltd.,INV-20240710-5533,Scarf,PRD0076,Accessories,CAT003,1701.75,20,34035.0,6199.65,27835.35,209.56,27625.79,3321.88,2024,7,10,24303.91,2408.96,Bank Transfer,Dutch Bangla Bank,ENT-20240710-00254
PO-202407-0148,2024-07-09,VND002,Kazi Tea IND Ltd.,INV-20240709-2581,Personal Toys,PRD0040,Hygiene Products,CAT004,1044.3,90,93987.0,10062.65,83924.35,6822.03,77102.32,6373.5,2024,7,9,70728.82,63114.86,Nagad,,ENT-20240709-00148
PO-202407-1175,2024-07-09,VND004,Organic Solutions,INV-20240709-9961,Sanitary Napkins,PRD0030,Hygiene Products,CAT004,2843.24,44,125102.56,15736.55,109366.01,3622.31,105743.7,329.03,2024,7,9,105414.67,87567.99,Bkash,,ENT-20240709-01175
PO-202407-0280,2024-07-09,VND003,Shanti Enterprises,INV-20240709-3509,Women's Top,PRD0005,Fashion Apparel,CAT001,2704.12,56,151430.72,21487.44,129943.28,4637.0,125306.28,15226.89,2024,7,9,110079.39,31579.63,Cheque,Janata Bank,ENT-20240709-00280
PO-202407-0197,2024-07-09,VND007,Style Mart Brand,INV-20240709-5515,Women's Kurti,PRD0081,Fashion Apparel,CAT001,1187.27,86,102105.22,20873.78,81231.44,6596.81,74634.63,9035.1,2024,7,9,65599.53,24890.79,Cheque,Nagad,ENT-20240709-00197
PO-202407-1313,2024-07-09,VND007,Style Mart Brand,INV-20240709-7571,Hair Color,PRD0052,Hygiene Products,CAT004,2721.19,20,54423.8,12911.64,41512.16,4073.7,37438.46,3137.31,2024,7,9,34301.15,19409.43,Nagad,,ENT-20240709-01313
PO-202407-0811,2024-07-08,VND005,Yello Energy Co.,INV-20240708-4643,Men Jeans,PRD0078,Fashion Apparel,CAT001,662.56,37,24514.72,5461.11,19053.61,149.86,18903.75,1630.82,2024,7,8,17272.93,1647.91,Cheque,City Bank,ENT-20240708-00811
PO-202407-1011,2024-07-07,VND001,Creative Corporation,INV-20240707-6341,Face Cream,PRD0034,Cosmetics,CAT002,2934.91,35,102721.85,14036.28,88685.57,3484.9,85200.67,397.26,2024,7,7,84803.41,78974.24,Nagad,,ENT-20240707-01011
PO-202407-0283,2024-07-07,VND003,Shanti Enterprises,INV-20240707-4901,Hair Straightener,PRD0073,Hygiene Products,CAT004,4581.73,51,233668.23,24498.31,209169.92,14106.76,195063.16,22162.28,2024,7,7,172900.88,48310.84,Bank Transfer,City Bank,ENT-20240707-00283
PO-202407-0211,2024-07-07,VND006,Sun Corporation Ltd.,INV-20240707-7091,Bra & Panty Set,PRD0031,Hygiene Products,CAT004,2340.73,43,100651.39,19590.51,81060.88,4531.13,76529.75,3050.95,2024,7,7,73478.8,65792.97,Bkash,,ENT-20240707-00211
PO-202407-0948,2024-07-07,VND003,Shanti Enterprises,INV-20240707-6755,Makeup Remover,PRD0032,Cosmetics,CAT002,383.09,41,15706.69,2578.25,13128.44,337.82,12790.62,67.82,2024,7,7,12722.8,5309.5,Bkash,,ENT-20240707-00948
PO-202407-1643,2024-07-06,VND005,Yello Energy Co.,INV-20240706-9743,Umbrella,PRD0060,Accessories,CAT003,981.84,7,6872.88,209.83,6663.05,245.02,6418.03,54.29,2024,7,6,6363.74,1305.24,Bkash,,ENT-20240706-01643
PO-202407-0761,2024-07-06,VND006,Sun Corporation Ltd.,INV-20240706-1387,Beard Oil,PRD0049,Cosmetics,CAT002,4988.21,86,428986.06,1393.63,427592.43,7702.07,419890.36,13109.34,2024,7,6,406781.02,223206.16,Nagad,,ENT-20240706-00761
PO-202407-0824,2024-07-06,VND004,Organic Solutions,INV-20240706-3507,Gloves,PRD0023,Hygiene Products,CAT004,1556.45,99,154088.55,34491.83,119596.72,2065.98,117530.74,9755.42,2024,7,6,107775.32,42532.08,Nagad,,ENT-20240706-00824
PO-202407-1422,2024-07-05,VND003,Shanti Enterprises,INV-20240705-6297,Face Toner,PRD0033,Hygiene Products,CAT004,1240.82,32,39706.24,2430.16,37276.08,3206.94,34069.14,2219.81,2024,7,5,31849.33,2041.26,Bank Transfer,Bkash,ENT-20240705-01422
PO-202407-0693,2024-07-04,VND005,Yello Energy Co.,INV-20240704-1577,Aftershave,PRD0057,Hygiene Products,CAT004,155.1,32,4963.2,512.31,4450.89,173.45,4277.44,452.55,2024,7,4,3824.89,3713.03,Bank Transfer,City Bank,ENT-20240704-00693
PO-202407-1832,2024-07-04,VND005,Yello Energy Co.,INV-20240704-5574,Hair Mask,PRD0021,Cosmetics,CAT002,3726.93,17,63357.81,1078.74,62279.07,4995.81,57283.26,7252.89,2024,7,4,50030.37,28019.65,Cash,,ENT-20240704-01832
PO-202407-1568,2024-07-04,VND002,Kazi Tea IND Ltd.,INV-20240704-6151,Women's Leggings,PRD0079,Fashion Apparel,CAT001,830.69,7,5814.83,384.47,5430.36,109.17,5321.19,624.08,2024,7,4,4697.11,65.08,Nagad,,ENT-20240704-01568
PO-202407-0562,2024-07-03,VND002,Kazi Tea IND Ltd.,INV-20240703-9475,Body Lotion,PRD0064,Cosmetics,CAT002,3364.33,85,285968.05,70037.77,215930.28,21532.04,194398.24,14977.77,2024,7,3,179420.47,28636.55,Cheque,Dutch Bangla Bank,ENT-20240703-00562
PO-202407-1742,2024-07-03,VND004,Organic Solutions,INV-20240703-8182,Hair Spray,PRD0071,Cosmetics,CAT002,2026.47,90,182382.3,49247.59,133134.71,7871.32,125263.39,10145.04,2024,7,3,115118.35,84491.07,Cash,,ENT-20240703-01742
PO-202407-0566,2024-07-03,VND003,Shanti Enterprises,INV-20240703-3542,Women's Top,PRD0005,Fashion Apparel,CAT001,2065.01,57,117705.57,10509.52,107196.05,2123.5,105072.55,9873.69,2024,7,3,95198.86,64409.94,Cash,,ENT-20240703-00566
PO-202407-0351,2024-07-03,VND001,Creative Corporation,INV-20240703-9896,Hair Gel,PRD0077,Hygiene Products,CAT004,2331.91,75,174893.25,35928.92,138964.33,5094.14,133870.19,1426.79,2024,7,3,132443.4,94407.73,Cash,,ENT-20240703-00351
PO-202407-0507,2024-07-03,VND003,Shanti Enterprises,INV-20240703-8689,Bra & Panty Set,PRD0031,Hygiene Products,CAT004,100.49,83,8340.67,1008.88,7331.79,121.12,7210.67,815.05,2024,7,3,6395.62,4910.06,Bkash,,ENT-20240703-00507
PO-202407-1681,2024-07-02,VND006,Sun Corporation Ltd.,INV-20240702-8029,Hat,PRD0019,Accessories,CAT003,2671.78,40,106871.2,26139.78,80731.42,7661.25,73070.17,4350.18,2024,7,2,68719.99,56235.73,Nagad,,ENT-20240702-01681
PO-202407-1325,2024-07-02,VND005,Yello Energy Co.,INV-20240702-3621,Jacket,PRD0008,Fashion Apparel,CAT001,3393.06,95,322340.7,70616.92,251723.78,23957.98,227765.8,13595.64,2024,7,2,214170.16,28421.54,Bkash,,ENT-20240702-01325
PO-202407-1648,2024-07-02,VND006,Sun Corporation Ltd.,INV-20240702-8709,Perfume,PRD0014,Cosmetics,CAT002,2109.92,97,204662.24,46710.33,157951.91,10682.14,147269.77,1073.72,2024,7,2,146196.05,63118.11,Bkash,,ENT-20240702-01648
PO-202407-0018,2024-07-01,VND007,Style Mart Brand,INV-20240701-3307,Kids T-Shirt,PRD0006,Fashion Apparel,CAT001,695.77,12,8349.24,1933.23,6416.01,35.7,6380.31,583.49,2024,7,1,5796.82,267.61,Cheque,Rupali Bank,ENT-20240701-00018
PO-202407-0003,2024-07-01,VND004,Organic Solutions,INV-20240701-1109,Women's Leggings,PRD0079,Fashion Apparel,CAT001,4983.25,29,144514.25,16347.64,128166.61,7299.17,120867.44,2619.55,2024,7,1,118247.89,31598.99,Bank Transfer,Sonali Bank,ENT-20240701-00003
PO-202407-1492,2024-07-01,VND005,Yello Energy Co.,INV-20240701-6814,Scarf,PRD0076,Accessories,CAT003,3335.38,29,96726.02,18908.17,77817.85,739.39,77078.46,8833.29,2024,7,1,68245.17,16178.4,Bkash,,ENT-20240701-01492
PO-202406-1801,2024-06-30,VND006,Sun Corporation Ltd.,INV-20240630-5548,Wallet,PRD0051,Accessories,CAT003,1501.99,81,121661.19,17907.68,103753.51,1023.52,102729.99,5514.16,2024,6,30,97215.83,68195.53,Bank Transfer,City Bank,ENT-20240630-01801
PO-202406-0631,2024-06-30,VND002,Kazi Tea IND Ltd.,INV-20240630-9010,Wallet,PRD0051,Accessories,CAT003,3903.73,27,105400.71,26052.31,79348.4,2984.69,76363.71,11024.33,2024,6,30,65339.38,11415.91,Nagad,,ENT-20240630-00631
PO-202406-0964,2024-06-29,VND001,Creative Corporation,INV-20240629-1376,Gloves,PRD0023,Hygiene Products,CAT004,4221.03,77,325019.31,84552.24,240467.07,10507.72,229959.35,26083.87,2024,6,29,203875.48,179077.65,Bkash,,ENT-20240629-00964
PO-202406-1284,2024-06-28,VND001,Creative Corporation,INV-20240628-3223,Body Wash,PRD0058,Hygiene Products,CAT004,3416.16,28,95652.48,28118.23,67534.25,2591.81,64942.44,300.46,2024,6,28,64641.98,21956.3,Cheque,Rupali Bank,ENT-20240628-01284
PO-202406-1965,2024-06-27,VND006,Sun Corporation Ltd.,INV-20240627-9001,Face Scrub,PRD0062,Hygiene Products,CAT004,85.2,87,7412.4,564.49,6847.91,45.74,6802.17,557.48,2024,6,27,6244.69,3331.49,Bkash,,ENT-20240627-01965
PO-202406-1570,2024-06-27,VND005,Yello Energy Co.,INV-20240627-8239,Men Jeans,PRD0078,Fashion Apparel,CAT001,4000.45,43,172019.35,46348.44,125670.91,6620.07,119050.84,9785.87,2024,6,27,109264.97,42043.48,Cheque,Bkash,ENT-20240627-01570
PO-202406-1823,2024-06-26,VND001,Creative Corporation,INV-20240626-9039,Body Butter,PRD0016,Hygiene Products,CAT004,604.92,52,31455.84,3853.1,27602.74,274.54,27328.2,40.09,2024,6,26,27288.11,5875.32,Cheque,Janata Bank,ENT-20240626-01823
PO-202406-1645,2024-06-26,VND007,Style Mart Brand,INV-20240626-6686,Face Wash,PRD0022,Hygiene Products,CAT004,100.84,24,2420.16,413.01,2007.15,117.58,1889.57,160.59,2024,6,26,1728.98,535.32,Cash,,ENT-20240626-01645
PO-202406-0686,2024-06-26,VND005,Yello Energy Co.,INV-20240626-4819,Diapers,PRD0024,Hygiene Products,CAT004,105.86,43,4551.98,845.18,3706.8,114.2,3592.6,298.33,2024,6,26,3294.27,1099.22,Bank Transfer,Sonali Bank,ENT-20240626-00686
PO-202406-0838,2024-06-26,VND007,Style Mart Brand,INV-20240626-6822,Hoodie,PRD0075,Fashion Apparel,CAT001,383.55,49,18793.95,3942.55,14851.4,166.1,14685.3,272.95,2024,6,26,14412.35,13765.77,Bank Transfer,Nagad,ENT-20240626-00838
PO-202406-0108,2024-06-25,VND003,Shanti Enterprises,INV-20240625-4961,Hair Removal Cream,PRD0018,Cosmetics,CAT002,1603.2,89,142684.8,42648.17,100036.63,9407.2,90629.43,409.14,2024,6,25,90220.29,57634.62,Cheque,Nagad,ENT-20240625-00108
PO-202406-1700,2024-06-25,VND004,Organic Solutions,INV-20240625-2114,Body Butter,PRD0016,Hygiene Products,CAT004,1302.95,78,101630.1,7370.67,94259.43,1232.39,93027.04,10956.03,2024,6,25,82071.01,81448.29,Bkash,,ENT-20240625-01700
PO-202406-0398,2024-06-25,VND007,Style Mart Brand,INV-20240625-4734,Men Polo Shirt,PRD0080,Fashion Apparel,CAT001,2683.33,31,83183.23,16570.37,66612.86,3221.4,63391.46,8418.63,2024,6,25,54972.83,13571.93,Cash,,ENT-20240625-00398
PO-202406-0483,2024-06-24,VND001,Creative Corporation,INV-20240624-2282,Belt,PRD0002,Accessories,CAT003,4208.32,16,67333.12,2150.68,65182.44,615.39,64567.05,9582.16,2024,6,24,54984.89,24047.84,Nagad,,ENT-20240624-00483
PO-202406-0124,2024-06-24,VND005,Yello Energy Co.,INV-20240624-1187,Gloves,PRD0023,Hygiene Products,CAT004,2462.66,90,221639.4,12547.57,209091.83,5518.1,203573.73,1735.86,2024,6,24,201837.87,150248.8,Cash,,ENT-20240624-00124
PO-202406-1873,2024-06-24,VND007,Style Mart Brand,INV-20240624-2376,Personal Toys,PRD0040,Hygiene Products,CAT004,1594.65,47,74948.55,9364.92,65583.63,5641.83,59941.8,4673.81,2024,6,24,55267.99,28121.95,Cash,,ENT-20240624-01873
PO-202406-1369,2024-06-24,VND006,Sun Corporation Ltd.,INV-20240624-8728,After Sun Lotion,PRD0074,Cosmetics,CAT002,2375.61,5,11878.05,1887.07,9990.98,17.95,9973.03,152.22,2024,6,24,9820.81,7389.72,Cash,,ENT-20240624-01369
PO-202406-0485,2024-06-23,VND004,Organic Solutions,INV-20240623-9186,Lipstick,PRD0061,Cosmetics,CAT002,824.36,41,33798.76,4889.76,28909.0,1021.47,27887.53,653.04,2024,6,23,27234.49,15.17,Cheque,Janata Bank,ENT-20240623-00485
PO-202406-1802,2024-06-23,VND007,Style Mart Brand,INV-20240623-3715,Nail Polish,PRD0055,Cosmetics,CAT002,1295.12,91,117855.92,26705.55,91150.37,8252.7,82897.67,5169.14,2024,6,23,77728.53,35887.53,Nagad,,ENT-20240623-01802
PO-202406-1032,2024-06-22,VND007,Style Mart Brand,INV-20240622-9084,Shaving Cream,PRD0066,Cosmetics,CAT002,860.55,69,59377.95,5885.97,53491.98,4502.37,48989.61,4282.06,2024,6,22,44707.55,16774.2,Bkash,,ENT-20240622-01032
PO-202406-0752,2024-06-22,VND004,Organic Solutions,INV-20240622-1217,Body Spray,PRD0001,Cosmetics,CAT002,2605.17,82,213623.94,21088.08,192535.86,7519.96,185015.9,17778.12,2024,6,22,167237.78,25950.13,Nagad,,ENT-20240622-00752
PO-202406-0822,2024-06-22,VND006,Sun Corporation Ltd.,INV-20240622-1015,Diapers,PRD0024,Hygiene Products,CAT004,1616.73,32,51735.36,9702.23,42033.13,758.71,41274.42,3478.17,2024,6,22,37796.25,10813.97,Bkash,,ENT-20240622-00822
PO-202406-1360,2024-06-22,VND004,Organic Solutions,INV-20240622-8851,Hair Conditioner,PRD0039,Hygiene Products,CAT004,935.79,30,28073.7,2404.31,25669.39,2080.94,23588.45,518.06,2024,6,22,23070.39,15835.51,Bkash,,ENT-20240622-01360
PO-202406-0289,2024-06-22,VND001,Creative Corporation,INV-20240622-5195,Body Spray,PRD0001,Cosmetics,CAT002,4676.58,13,60795.54,2802.93,57992.61,4178.31,53814.3,868.16,2024,6,22,52946.14,16870.46,Nagad,,ENT-20240622-00289
PO-202406-0877,2024-06-22,VND004,Organic Solutions,INV-20240622-3971,Face Wash,PRD0022,Hygiene Products,CAT004,4447.59,26,115637.34,1287.38,114349.96,1336.54,113013.42,6354.51,2024,6,22,106658.91,27983.24,Nagad,,ENT-20240622-00877
PO-202406-0100,2024-06-21,VND007,Style Mart Brand,INV-20240621-6842,Women's Leggings,PRD0079,Fashion Apparel,CAT001,527.83,41,21641.03,4741.08,16899.95,1588.34,15311.61,1087.15,2024,6,21,14224.46,9931.75,Bkash,,ENT-20240621-00100
PO-202406-0387,2024-06-21,VND002,Kazi Tea IND Ltd.,INV-20240621-9000,Men Shirt,PRD0010,Fashion Apparel,CAT001,1302.3,66,85951.8,4737.14,81214.66,4934.48,76280.18,2974.55,2024,6,21,73305.63,26397.81,Cheque,BRAC Bank,ENT-20240621-00387
PO-202406-1821,2024-06-21,VND007,Style Mart Brand,INV-20240621-9155,Kids T-Shirt,PRD0006,Fashion Apparel,CAT001,1178.68,96,113153.28,16161.13,96992.15,7936.41,89055.74,11599.8,2024,6,21,77455.94,25523.13,Bank Transfer,Bkash,ENT-20240621-01821
PO-202406-0746,2024-06-20,VND004,Organic Solutions,INV-20240620-6638,Hair Conditioner,PRD0039,Hygiene Products,CAT004,4437.55,43,190814.65,29161.83,161652.82,15359.82,146293.0,9087.04,2024,6,20,137205.96,208.51,Cheque,Bkash,ENT-20240620-00746
PO-202406-1608,2024-06-20,VND004,Organic Solutions,INV-20240620-9467,Beard Oil,PRD0049,Cosmetics,CAT002,2961.43,19,56267.17,9645.08,46622.09,1809.59,44812.5,6717.54,2024,6,20,38094.96,332.65,Bkash,,ENT-20240620-01608
PO-202406-1007,2024-06-20,VND005,Yello Energy Co.,INV-20240620-9978,Lipstick,PRD0061,Cosmetics,CAT002,4123.57,91,375244.87,106897.69,268347.18,12991.04,255356.14,13816.62,2024,6,20,241539.52,148244.25,Bank Transfer,City Bank,ENT-20240620-01007
PO-202406-0972,2024-06-19,VND007,Style Mart Brand,INV-20240619-4178,Nail Polish,PRD0055,Cosmetics,CAT002,2372.92,68,161358.56,26348.07,135010.49,10295.69,124714.8,8092.88,2024,6,19,116621.92,83855.78,Bank Transfer,Bkash,ENT-20240619-00972
PO-202406-0971,2024-06-19,VND002,Kazi Tea IND Ltd.,INV-20240619-4630,Hair Gel,PRD0077,Hygiene Products,CAT004,611.03,15,9165.45,1299.93,7865.52,379.21,7486.31,522.65,2024,6,19,6963.66,5020.52,Nagad,,ENT-20240619-00971
PO-202406-0173,2024-06-19,VND001,Creative Corporation,INV-20240619-6330,Face Toner,PRD0033,Hygiene Products,CAT004,2330.5,26,60593.0,12215.28,48377.72,4432.02,43945.7,2746.49,2024,6,19,41199.21,27961.0,Nagad,,ENT-20240619-00173
PO-202406-0017,2024-06-18,VND004,Organic Solutions,INV-20240618-9942,Belt,PRD0002,Accessories,CAT003,702.58,35,24590.3,2788.81,21801.49,573.53,21227.96,865.78,2024,6,18,20362.18,15980.53,Cash,,ENT-20240618-00017
PO-202406-1059,2024-06-18,VND006,Sun Corporation Ltd.,INV-20240618-6451,After Sun Lotion,PRD0074,Cosmetics,CAT002,1545.22,9,13906.98,1031.54,12875.44,874.84,12000.6,1480.47,2024,6,18,10520.13,911.08,Cash,,ENT-20240618-01059
PO-202406-0490,2024-06-17,VND001,Creative Corporation,INV-20240617-5510,Makeup Remover,PRD0032,Cosmetics,CAT002,1361.06,2,2722.12,532.19,2189.93,150.51,2039.42,208.97,2024,6,17,1830.45,523.13,Nagad,,ENT-20240617-00490
PO-202406-0496,2024-06-17,VND006,Sun Corporation Ltd.,INV-20240617-4394,Makeup Remover,PRD0032,Cosmetics,CAT002,1838.77,16,29420.32,4508.37,24911.95,75.62,24836.33,13.43,2024,6,17,24822.9,8609.28,Cheque,BRAC Bank,ENT-20240617-00496
PO-202406-1979,2024-06-17,VND007,Style Mart Brand,INV-20240617-8995,Kids Dress,PRD0067,Fashion Apparel,CAT001,4051.97,87,352521.39,39185.45,313335.94,13087.69,300248.25,45012.79,2024,6,17,255235.46,19217.38,Bank Transfer,BRAC Bank,ENT-20240617-01979
PO-202406-1075,2024-06-17,VND006,Sun Corporation Ltd.,INV-20240617-1903,Jewelry Set,PRD0044,Accessories,CAT003,432.95,65,28141.75,5058.78,23082.97,43.67,23039.3,656.67,2024,6,17,22382.63,7181.16,Nagad,,ENT-20240617-01075
PO-202406-1093,2024-06-17,VND002,Kazi Tea IND Ltd.,INV-20240617-6228,Men's Innerwear,PRD0015,Fashion Apparel,CAT001,3307.04,38,125667.52,6733.71,118933.81,2536.18,116397.63,10816.98,2024,6,17,105580.65,69085.28,Cheque,City Bank,ENT-20240617-01093
PO-202406-0679,2024-06-17,VND003,Shanti Enterprises,INV-20240617-9146,Deodorant,PRD0036,Cosmetics,CAT002,211.28,16,3380.48,947.89,2432.59,132.6,2299.99,220.12,2024,6,17,2079.87,23.77,Nagad,,ENT-20240617-00679
PO-202406-1652,2024-06-15,VND006,Sun Corporation Ltd.,INV-20240615-6733,Women's Skirt,PRD0046,Fashion Apparel,CAT001,4681.59,55,257487.45,3721.36,253766.09,24058.16,229707.93,10863.62,2024,6,15,218844.31,50958.45,Cash,,ENT-20240615-01652
PO-202406-0967,2024-06-15,VND004,Organic Solutions,INV-20240615-1552,Umbrella,PRD0060,Accessories,CAT003,3229.53,55,177624.15,17296.96,160327.19,10626.06,149701.13,2933.6,2024,6,15,146767.53,67676.16,Cash,,ENT-20240615-00967
PO-202406-1687,2024-06-15,VND003,Shanti Enterprises,INV-20240615-4440,Face Serum,PRD0053,Cosmetics,CAT002,4539.84,35,158894.4,44914.65,113979.75,5727.6,108252.15,4355.74,2024,6,15,103896.41,86754.36,Bank Transfer,BRAC Bank,ENT-20240615-01687
PO-202406-1747,2024-06-15,VND007,Style Mart Brand,INV-20240615-3411,Toothpaste,PRD0063,Hygiene Products,CAT004,4030.22,47,189420.34,3685.3,185735.04,7426.44,178308.6,17714.68,2024,6,15,160593.92,110560.77,Bank Transfer,Janata Bank,ENT-20240615-01747
PO-202406-1023,2024-06-15,VND002,Kazi Tea IND Ltd.,INV-20240615-6319,Perfume,PRD0014,Cosmetics,CAT002,2562.38,37,94808.06,8246.77,86561.29,8133.26,78428.03,7813.82,2024,6,15,70614.21,50040.2,Bank Transfer,Nagad,ENT-20240615-01023
PO-202406-1606,2024-06-14,VND007,Style Mart Brand,INV-20240614-7561,Wallet,PRD0051,Accessories,CAT003,4307.87,58,249856.46,42153.93,207702.53,423.43,207279.1,7586.02,2024,6,14,199693.08,117984.07,Bank Transfer,Sonali Bank,ENT-20240614-01606
PO-202406-0342,2024-06-14,VND006,Sun Corporation Ltd.,INV-20240614-2576,Beard Oil,PRD0049,Cosmetics,CAT002,1215.41,64,77786.24,10452.41,67333.83,3561.42,63772.41,3398.87,2024,6,14,60373.54,47365.93,Cheque,Nagad,ENT-20240614-00342
PO-202406-0905,2024-06-14,VND004,Organic Solutions,INV-20240614-8469,Hair Removal Cream,PRD0018,Cosmetics,CAT002,1141.32,92,105001.44,28494.92,76506.52,196.68,76309.84,2388.19,2024,6,14,73921.65,48307.48,Nagad,,ENT-20240614-00905
PO-202406-0545,2024-06-14,VND005,Yello Energy Co.,INV-20240614-1652,Women's Nightwear,PRD0003,Fashion Apparel,CAT001,4114.09,32,131650.88,28198.37,103452.51,2801.53,100650.98,10876.2,2024,6,14,89774.78,26651.31,Cheque,Dutch Bangla Bank,ENT-20240614-00545
PO-202406-1632,2024-06-14,VND001,Creative Corporation,INV-20240614-8039,Condom,PRD0009,Hygiene Products,CAT004,582.1,87,50642.7,12489.23,38153.47,1181.78,36971.69,942.39,2024,6,14,36029.3,12443.73,Bank Transfer,Nagad,ENT-20240614-01632
PO-202406-0787,2024-06-14,VND005,Yello Energy Co.,INV-20240614-9826,Face Mask,PRD0054,Cosmetics,CAT002,1211.53,33,39980.49,11367.2,28613.29,2184.24,26429.05,195.66,2024,6,14,26233.39,16855.6,Nagad,,ENT-20240614-00787
PO-202406-0342,2024-06-14,VND006,Sun Corporation Ltd.,INV-20240614-2576,Beard Oil,PRD0049,Cosmetics,CAT002,9460.19,296,2800216.24,280021.62,2520194.62,126009.73,2394184.89,119709.24,2024,6,14,2274475.65,521616.49,Cheque,Nagad,ENT-20240614-00342
PO-202406-0212,2024-06-14,VND007,Style Mart Brand,INV-20240614-7479,Face Scrub,PRD0062,Hygiene Products,CAT004,3834.75,23,88199.25,2265.44,85933.81,406.02,85527.79,3165.84,2024,6,14,82361.95,72774.27,Nagad,,ENT-20240614-00212
PO-202406-1744,2024-06-13,VND002,Kazi Tea IND Ltd.,INV-20240613-7886,Mouthwash,PRD0025,Hygiene Products,CAT004,4239.73,20,84794.6,23679.22,61115.38,1267.03,59848.35,1871.96,2024,6,13,57976.39,54098.87,Bkash,,ENT-20240613-01744
PO-202406-0579,2024-06-13,VND007,Style Mart Brand,INV-20240613-8204,Toothpaste,PRD0063,Hygiene Products,CAT004,810.33,69,55912.77,14298.3,41614.47,756.27,40858.2,4324.98,2024,6,13,36533.22,31317.37,Cheque,Sonali Bank,ENT-20240613-00579
PO-202406-1464,2024-06-12,VND004,Organic Solutions,INV-20240612-2951,Body Spray,PRD0001,Cosmetics,CAT002,853.88,34,29031.92,2904.6,26127.32,2384.68,23742.64,1356.76,2024,6,12,22385.88,14585.87,Cheque,BRAC Bank,ENT-20240612-01464
PO-202406-1144,2024-06-12,VND001,Creative Corporation,INV-20240612-3042,Shampoo,PRD0007,Hygiene Products,CAT004,1283.64,84,107825.76,31005.8,76819.96,6283.59,70536.37,5938.55,2024,6,12,64597.82,58210.64,Cheque,Janata Bank,ENT-20240612-01144
PO-202406-0783,2024-06-12,VND006,Sun Corporation Ltd.,INV-20240612-3681,Sanitary Napkins,PRD0030,Hygiene Products,CAT004,2078.86,94,195412.84,10945.57,184467.27,2142.57,182324.7,17223.61,2024,6,12,165101.09,158923.68,Nagad,,ENT-20240612-00783
PO-202406-0575,2024-06-12,VND002,Kazi Tea IND Ltd.,INV-20240612-9251,Jacket,PRD0008,Fashion Apparel,CAT001,1054.98,28,29539.44,4553.87,24985.57,1821.95,23163.62,712.14,2024,6,12,22451.48,9615.96,Cash,,ENT-20240612-00575
PO-202406-0348,2024-06-11,VND001,Creative Corporation,INV-20240611-2507,Hair Serum,PRD0011,Cosmetics,CAT002,3452.25,42,144994.5,9185.15,135809.35,1981.71,133827.64,16491.72,2024,6,11,117335.92,2135.55,Cash,,ENT-20240611-00348
PO-202406-1092,2024-06-10,VND004,Organic Solutions,INV-20240610-4785,Kids T-Shirt,PRD0006,Fashion Apparel,CAT001,3138.64,9,28247.76,7346.92,20900.84,661.66,20239.18,2308.79,2024,6,10,17930.39,8476.35,Bkash,,ENT-20240610-01092
PO-202406-1660,2024-06-10,VND003,Shanti Enterprises,INV-20240610-2809,Compact Powder,PRD0042,Cosmetics,CAT002,977.82,29,28356.78,2731.9,25624.88,1861.57,23763.31,890.78,2024,6,10,22872.53,9375.17,Bank Transfer,Dutch Bangla Bank,ENT-20240610-01660
PO-202406-1092,2024-06-10,VND004,Organic Solutions,INV-20240610-4785,Kids T-Shirt,PRD0006,Fashion Apparel,CAT001,8505.62,412,3504315.44,350431.54,3153883.9,157694.2,2996189.7,149809.49,2024,6,10,2846380.21,238665.95,Bkash,,ENT-20240610-01092
PO-202406-1616,2024-06-10,VND005,Yello Energy Co.,INV-20240610-8979,Body Lotion,PRD0064,Cosmetics,CAT002,701.06,83,58187.98,4831.96,53356.02,3140.06,50215.96,1973.0,2024,6,10,48242.96,11758.91,Cash,,ENT-20240610-01616
PO-202406-0258,2024-06-10,VND004,Organic Solutions,INV-20240610-3217,Women's Skirt,PRD0046,Fashion Apparel,CAT001,2961.38,59,174721.42,32571.77,142149.65,8674.45,133475.2,17205.92,2024,6,10,116269.28,45307.33,Cheque,City Bank,ENT-20240610-00258
PO-202406-0823,2024-06-09,VND002,Kazi Tea IND Ltd.,INV-20240609-6244,Backpack,PRD0038,Hygiene Products,CAT004,1930.5,99,191119.5,37414.35,153705.15,4829.89,148875.26,10810.59,2024,6,9,138064.67,62009.23,Bank Transfer,City Bank,ENT-20240609-00823
PO-202406-0232,2024-06-09,VND006,Sun Corporation Ltd.,INV-20240609-6104,Body Wash,PRD0058,Hygiene Products,CAT004,4707.72,80,376617.6,48441.03,328176.57,31159.74,297016.83,21215.66,2024,6,9,275801.17,31424.5,Bank Transfer,Janata Bank,ENT-20240609-00232
PO-202406-0232,2024-06-09,VND006,Sun Corporation Ltd.,INV-20240609-6104,Body Wash,PRD0058,Hygiene Products,CAT004,5821.88,474,2759571.12,275957.11,2483614.01,124180.7,2359433.31,117971.67,2024,6,9,2241461.64,522373.05,Bank Transfer,Janata Bank,ENT-20240609-00232
PO-202406-0177,2024-06-09,VND002,Kazi Tea IND Ltd.,INV-20240609-1865,Handbag,PRD0020,Accessories,CAT003,514.79,92,47360.68,14073.15,33287.53,260.07,33027.46,3408.12,2024,6,9,29619.34,10865.81,Cash,,ENT-20240609-00177
PO-202406-1017,2024-06-08,VND005,Yello Energy Co.,INV-20240608-7609,Body Mist,PRD0035,Cosmetics,CAT002,2524.47,33,83307.51,11728.43,71579.08,3557.8,68021.28,6499.0,2024,6,8,61522.28,35976.99,Bkash,,ENT-20240608-01017
PO-202406-1113,2024-06-08,VND003,Shanti Enterprises,INV-20240608-4883,Men's Innerwear,PRD0015,Fashion Apparel,CAT001,502.76,78,39215.28,9548.9,29666.38,599.46,29066.92,2211.97,2024,6,8,26854.95,24498.04,Cash,,ENT-20240608-01113
PO-202406-0381,2024-06-07,VND007,Style Mart Brand,INV-20240607-9919,Hair Color,PRD0052,Hygiene Products,CAT004,9970.47,154,1535452.38,153545.24,1381907.14,69095.36,1312811.78,65640.59,2024,6,7,1247171.19,276421.15,Nagad,,ENT-20240607-00381
PO-202406-0774,2024-06-07,VND003,Shanti Enterprises,INV-20240607-7840,Face Cream,PRD0034,Cosmetics,CAT002,3036.91,84,255100.44,32578.24,222522.2,14332.66,208189.54,13699.46,2024,6,7,194490.08,193728.33,Cash,,ENT-20240607-00774
PO-202406-1750,2024-06-07,VND001,Creative Corporation,INV-20240607-4339,Sanitary Napkins,PRD0030,Hygiene Products,CAT004,2698.12,93,250925.16,36888.82,214036.34,4699.98,209336.36,23068.04,2024,6,7,186268.32,173720.67,Bank Transfer,Janata Bank,ENT-20240607-01750
PO-202406-0381,2024-06-07,VND007,Style Mart Brand,INV-20240607-9919,Hair Color,PRD0052,Hygiene Products,CAT004,2498.72,46,114941.12,10603.46,104337.66,6353.62,97984.04,5628.83,2024,6,7,92355.21,59642.83,Nagad,,ENT-20240607-00381
PO-202406-1776,2024-06-07,VND006,Sun Corporation Ltd.,INV-20240607-2399,Watch,PRD0043,Accessories,CAT003,2008.48,4,8033.92,2245.4,5788.52,506.57,5281.95,498.0,2024,6,7,4783.95,4022.56,Bank Transfer,Nagad,ENT-20240607-01776
PO-202406-1870,2024-06-06,VND006,Sun Corporation Ltd.,INV-20240606-8715,Perfume,PRD0014,Cosmetics,CAT002,102.14,72,7354.08,538.4,6815.68,189.33,6626.35,252.11,2024,6,6,6374.24,5440.09,Nagad,,ENT-20240606-01870
PO-202406-1354,2024-06-06,VND006,Sun Corporation Ltd.,INV-20240606-2763,Hair Spray,PRD0071,Cosmetics,CAT002,1785.2,33,58911.6,11447.76,47463.84,2828.85,44634.99,6198.09,2024,6,6,38436.9,5180.57,Cheque,City Bank,ENT-20240606-01354
PO-202406-1504,2024-06-06,VND002,Kazi Tea IND Ltd.,INV-20240606-7762,Luggage,PRD0045,Hygiene Products,CAT004,1734.84,49,85007.16,9881.78,75125.38,4476.51,70648.87,6186.73,2024,6,6,64462.14,41660.41,Bkash,,ENT-20240606-01504
PO-202406-1994,2024-06-06,VND001,Creative Corporation,INV-20240606-9607,Hair Conditioner,PRD0039,Hygiene Products,CAT004,207.3,80,16584.0,3786.56,12797.44,995.09,11802.35,974.15,2024,6,6,10828.2,7634.72,Cash,,ENT-20240606-01994
PO-202406-0117,2024-06-06,VND007,Style Mart Brand,INV-20240606-3727,Sunglasses,PRD0027,Accessories,CAT003,3725.08,61,227229.88,22731.01,204498.87,9554.39,194944.48,6742.83,2024,6,6,188201.65,150298.08,Cheque,Janata Bank,ENT-20240606-00117
PO-202406-0707,2024-06-05,VND004,Organic Solutions,INV-20240605-5580,Makeup Remover,PRD0032,Cosmetics,CAT002,2010.19,9,18091.71,5373.55,12718.16,205.07,12513.09,188.24,2024,6,5,12324.85,340.38,Bkash,,ENT-20240605-00707
PO-202406-1685,2024-06-05,VND005,Yello Energy Co.,INV-20240605-5751,Makeup Remover,PRD0032,Cosmetics,CAT002,416.43,20,8328.6,1329.71,6998.89,346.26,6652.63,971.75,2024,6,5,5680.88,350.51,Cash,,ENT-20240605-01685
PO-202406-0666,2024-06-05,VND002,Kazi Tea IND Ltd.,INV-20240605-3526,Hair Conditioner,PRD0039,Hygiene Products,CAT004,4605.23,6,27631.38,3283.72,24347.66,2250.27,22097.39,1438.06,2024,6,5,20659.33,17966.84,Cash,,ENT-20240605-00666
PO-202406-1034,2024-06-05,VND004,Organic Solutions,INV-20240605-5239,Sunglasses,PRD0027,Accessories,CAT003,3221.96,63,202983.48,23758.38,179225.1,7703.73,171521.37,8822.09,2024,6,5,162699.28,132644.99,Cheque,City Bank,ENT-20240605-01034
PO-202406-1685,2024-06-05,VND005,Yello Energy Co.,INV-20240605-5751,Makeup Remover,PRD0032,Cosmetics,CAT002,3409.71,487,1660528.77,166052.88,1494475.89,74723.79,1419752.1,70987.61,2024,6,5,1348764.49,72288.73,Cash,,ENT-20240605-01685
PO-202406-0949,2024-06-03,VND002,Kazi Tea IND Ltd.,INV-20240603-3689,Hair Mask,PRD0021,Cosmetics,CAT002,4907.58,92,451497.36,14639.82,436857.54,22234.0,414623.54,54171.93,2024,6,3,360451.61,279036.11,Bkash,,ENT-20240603-00949
PO-202406-1440,2024-06-03,VND006,Sun Corporation Ltd.,INV-20240603-5821,Men Jeans,PRD0078,Fashion Apparel,CAT001,2111.07,48,101331.36,3218.82,98112.54,9733.79,88378.75,3867.33,2024,6,3,84511.42,70151.59,Cash,,ENT-20240603-01440
PO-202406-1341,2024-06-02,VND006,Sun Corporation Ltd.,INV-20240602-2248,Jacket,PRD0008,Fashion Apparel,CAT001,216.45,54,11688.3,3272.04,8416.26,340.77,8075.49,590.1,2024,6,2,7485.39,2200.4,Bank Transfer,Sonali Bank,ENT-20240602-01341
PO-202406-0870,2024-06-02,VND007,Style Mart Brand,INV-20240602-9663,Aftershave,PRD0057,Hygiene Products,CAT004,1825.6,80,146048.0,7427.86,138620.14,5386.43,133233.71,8882.89,2024,6,2,124350.82,89572.84,Nagad,,ENT-20240602-00870
PO-202406-0633,2024-06-01,VND007,Style Mart Brand,INV-20240601-6285,Body Oil,PRD0059,Cosmetics,CAT002,160.55,40,6422.0,837.33,5584.67,259.5,5325.17,193.33,2024,6,1,5131.84,4330.06,Bank Transfer,City Bank,ENT-20240601-00633
PO-202406-0279,2024-06-01,VND005,Yello Energy Co.,INV-20240601-9611,Women's Top,PRD0005,Fashion Apparel,CAT001,4683.33,12,56199.96,3624.24,52575.72,1564.01,51011.71,2031.27,2024,6,1,48980.44,19117.5,Nagad,,ENT-20240601-00279
PO-202405-1604,2024-05-31,VND006,Sun Corporation Ltd.,INV-20240531-9064,Keychain,PRD0012,Accessories,CAT003,2445.77,98,239685.46,66704.63,172980.83,10960.22,162020.61,21970.53,2024,5,31,140050.08,137794.06,Cheque,Bkash,ENT-20240531-01604
PO-202405-1820,2024-05-31,VND005,Yello Energy Co.,INV-20240531-1147,Hair Dryer,PRD0013,Hygiene Products,CAT004,4138.87,39,161415.93,22289.07,139126.86,7488.17,131638.69,3292.48,2024,5,31,128346.21,32241.52,Nagad,,ENT-20240531-01820
PO-202405-0903,2024-05-30,VND004,Organic Solutions,INV-20240530-8668,Hair Removal Cream,PRD0018,Cosmetics,CAT002,4964.12,72,357416.64,21807.95,335608.69,14963.68,320645.01,38478.6,2024,5,30,282166.41,145413.82,Nagad,,ENT-20240530-00903
PO-202405-0247,2024-05-29,VND004,Organic Solutions,INV-20240529-6923,Foot Care Cream,PRD0041,Cosmetics,CAT002,3505.74,89,312010.86,29569.08,282441.78,26739.02,255702.76,33528.71,2024,5,29,222174.05,60068.39,Bkash,,ENT-20240529-00247
PO-202405-1067,2024-05-29,VND003,Shanti Enterprises,INV-20240529-8869,Backpack,PRD0038,Hygiene Products,CAT004,1275.75,42,53581.5,5071.97,48509.53,834.93,47674.6,7058.49,2024,5,29,40616.11,14468.37,Bkash,,ENT-20240529-01067
PO-202405-1866,2024-05-29,VND007,Style Mart Brand,INV-20240529-8018,Footwear,PRD0065,Hygiene Products,CAT004,2169.44,78,169216.32,22192.13,147024.19,2397.29,144626.9,16783.47,2024,5,29,127843.43,119581.47,Bank Transfer,Rupali Bank,ENT-20240529-01866
PO-202405-1240,2024-05-29,VND004,Organic Solutions,INV-20240529-2126,Women's Leggings,PRD0079,Fashion Apparel,CAT001,3053.11,48,146549.28,23001.75,123547.53,2534.78,121012.75,1507.5,2024,5,29,119505.25,42273.31,Cheque,Nagad,ENT-20240529-01240
PO-202405-1265,2024-05-28,VND002,Kazi Tea IND Ltd.,INV-20240528-7541,Hand Sanitizer,PRD0004,Hygiene Products,CAT004,3873.95,358,1386874.1,138687.41,1248186.69,62409.33,1185777.36,59288.87,2024,5,28,1126488.49,35185.08,Cheque,Bkash,ENT-20240528-01265
PO-202405-1196,2024-05-28,VND005,Yello Energy Co.,INV-20240528-7754,Toothbrush,PRD0017,Hygiene Products,CAT004,2420.63,6,14523.78,2497.94,12025.84,283.12,11742.72,789.06,2024,5,28,10953.66,5609.32,Cheque,Rupali Bank,ENT-20240528-01196
PO-202405-1351,2024-05-28,VND006,Sun Corporation Ltd.,INV-20240528-6285,Hand Sanitizer,PRD0004,Hygiene Products,CAT004,3409.9,83,283021.7,34572.05,248449.65,19160.68,229288.97,13694.13,2024,5,28,215594.84,17833.65,Bkash,,ENT-20240528-01351
PO-202405-1265,2024-05-28,VND002,Kazi Tea IND Ltd.,INV-20240528-7541,Hand Sanitizer,PRD0004,Hygiene Products,CAT004,3650.03,31,113150.93,8096.38,105054.55,6995.83,98058.72,6643.72,2024,5,28,91415.0,89986.81,Cheque,Bkash,ENT-20240528-01265
PO-202405-1376,2024-05-27,VND002,Kazi Tea IND Ltd.,INV-20240527-4730,Disinfectant Spray,PRD0037,Cosmetics,CAT002,3615.43,18,65077.74,15128.22,49949.52,2660.56,47288.96,2620.11,2024,5,27,44668.85,10688.46,Nagad,,ENT-20240527-01376
PO-202405-1841,2024-05-27,VND004,Organic Solutions,INV-20240527-3792,Women's Nightwear,PRD0003,Fashion Apparel,CAT001,4376.41,40,175056.4,40035.96,135020.44,5440.59,129579.85,15331.8,2024,5,27,114248.05,24302.58,Bank Transfer,Dutch Bangla Bank,ENT-20240527-01841
PO-202405-0291,2024-05-26,VND002,Kazi Tea IND Ltd.,INV-20240526-6117,Hair Mask,PRD0021,Cosmetics,CAT002,3495.26,8,27962.08,5803.51,22158.57,717.54,21441.03,2317.57,2024,5,26,19123.46,3435.57,Cash,,ENT-20240526-00291
PO-202405-1914,2024-05-26,VND001,Creative Corporation,INV-20240526-2973,Personal Lubricant,PRD0070,Hygiene Products,CAT004,3160.49,93,293925.57,34224.93,259700.64,21063.67,238636.97,24257.27,2024,5,26,214379.7,189703.3,Cheque,Dutch Bangla Bank,ENT-20240526-01914
PO-202405-0914,2024-05-25,VND003,Shanti Enterprises,INV-20240525-2081,Toothbrush,PRD0017,Hygiene Products,CAT004,2382.02,54,128629.08,3566.31,125062.77,932.75,124130.02,4017.35,2024,5,25,120112.67,69851.97,Nagad,,ENT-20240525-00914
PO-202405-1318,2024-05-25,VND002,Kazi Tea IND Ltd.,INV-20240525-2028,Hair Dryer,PRD0013,Hygiene Products,CAT004,2950.76,99,292125.24,40116.52,252008.72,20386.95,231621.77,12449.93,2024,5,25,219171.84,161066.25,Nagad,,ENT-20240525-01318
PO-202405-1585,2024-05-25,VND007,Style Mart Brand,INV-20240525-7376,Umbrella,PRD0060,Accessories,CAT003,2615.76,66,172640.16,39791.82,132848.34,9058.71,123789.63,13989.76,2024,5,25,109799.87,49752.24,Nagad,,ENT-20240525-01585
PO-202405-1839,2024-05-24,VND007,Style Mart Brand,INV-20240524-7224,Face Toner,PRD0033,Hygiene Products,CAT004,54.33,84,4563.72,467.27,4096.45,77.18,4019.27,339.23,2024,5,24,3680.04,2338.42,Cash,,ENT-20240524-01839
PO-202405-1983,2024-05-24,VND004,Organic Solutions,INV-20240524-8786,Kids T-Shirt,PRD0006,Fashion Apparel,CAT001,551.45,32,17646.4,2350.69,15295.71,604.11,14691.6,1939.08,2024,5,24,12752.52,11373.29,Nagad,,ENT-20240524-01983
PO-202405-1112,2024-05-23,VND004,Organic Solutions,INV-20240523-1565,Men Polo Shirt,PRD0080,Fashion Apparel,CAT001,4318.91,46,198669.86,12088.01,186581.85,14001.89,172579.96,19011.54,2024,5,23,153568.42,98228.14,Bkash,,ENT-20240523-01112
PO-202405-1003,2024-05-23,VND001,Creative Corporation,INV-20240523-9916,Wallet,PRD0051,Accessories,CAT003,1226.59,53,65009.27,6088.87,58920.4,2655.57,56264.83,6432.68,2024,5,23,49832.15,45703.77,Nagad,,ENT-20240523-01003
PO-202405-0519,2024-05-23,VND005,Yello Energy Co.,INV-20240523-3875,Aftershave,PRD0057,Hygiene Products,CAT004,241.87,86,20800.82,5202.73,15598.09,763.39,14834.7,668.73,2024,5,23,14165.97,2110.67,Cheque,Nagad,ENT-20240523-00519
PO-202405-1764,2024-05-22,VND002,Kazi Tea IND Ltd.,INV-20240522-8288,Sunglasses,PRD0027,Accessories,CAT003,4558.32,9,41024.88,522.82,40502.06,2020.57,38481.49,4740.57,2024,5,22,33740.92,24028.35,Bank Transfer,Dutch Bangla Bank,ENT-20240522-01764
PO-202405-1633,2024-05-21,VND005,Yello Energy Co.,INV-20240521-3126,Hair Dryer,PRD0013,Hygiene Products,CAT004,5656.21,316,1787362.36,178736.24,1608626.12,80431.31,1528194.81,76409.74,2024,5,21,1451785.07,608628.63,Nagad,,ENT-20240521-01633
PO-202405-0893,2024-05-21,VND005,Yello Energy Co.,INV-20240521-3001,Hand Sanitizer,PRD0004,Hygiene Products,CAT004,3956.8,20,79136.0,22037.93,57098.07,2649.59,54448.48,7983.16,2024,5,21,46465.32,36838.05,Bkash,,ENT-20240521-00893
PO-202405-1633,2024-05-21,VND005,Yello Energy Co.,INV-20240521-3126,Hair Dryer,PRD0013,Hygiene Products,CAT004,4487.56,53,237840.68,15350.36,222490.32,8984.88,213505.44,5826.61,2024,5,21,207678.83,132814.54,Nagad,,ENT-20240521-01633
PO-202405-0405,2024-05-20,VND007,Style Mart Brand,INV-20240520-9225,Women's Kurti,PRD0081,Fashion Apparel,CAT001,2884.79,80,230783.2,21160.92,209622.28,18912.87,190709.41,28195.74,2024,5,20,162513.67,18865.22,Bank Transfer,City Bank,ENT-20240520-00405
PO-202405-0593,2024-05-20,VND001,Creative Corporation,INV-20240520-8112,Hoodie,PRD0075,Fashion Apparel,CAT001,3843.81,22,84563.82,19077.41,65486.41,3064.6,62421.81,5377.99,2024,5,20,57043.82,28565.83,Bank Transfer,Nagad,ENT-20240520-00593
PO-202405-1442,2024-05-20,VND002,Kazi Tea IND Ltd.,INV-20240520-7371,Hair Color,PRD0052,Hygiene Products,CAT004,1983.59,15,29753.85,1208.84,28545.01,166.54,28378.47,1773.01,2024,5,20,26605.46,24961.07,Cheque,Nagad,ENT-20240520-01442
PO-202405-1538,2024-05-19,VND001,Creative Corporation,INV-20240519-2511,Women's Saree,PRD0072,Fashion Apparel,CAT001,4832.98,25,120824.5,7623.11,113201.39,282.06,112919.33,8197.88,2024,5,19,104721.45,63744.08,Cheque,Janata Bank,ENT-20240519-01538
PO-202405-1172,2024-05-19,VND007,Style Mart Brand,INV-20240519-1180,Makeup Remover,PRD0032,Cosmetics,CAT002,409.41,53,21698.73,131.9,21566.83,148.68,21418.15,863.59,2024,5,19,20554.56,18384.71,Cheque,BRAC Bank,ENT-20240519-01172
PO-202405-0305,2024-05-19,VND004,Organic Solutions,INV-20240519-3751,Aftershave,PRD0057,Hygiene Products,CAT004,2573.73,98,252225.54,18259.91,233965.63,20103.47,213862.16,4130.3,2024,5,19,209731.86,35178.68,Cheque,Dutch Bangla Bank,ENT-20240519-00305
PO-202405-1098,2024-05-18,VND002,Kazi Tea IND Ltd.,INV-20240518-7884,Wallet,PRD0051,Accessories,CAT003,2403.74,40,96149.6,24157.16,71992.44,373.41,71619.03,1525.42,2024,5,18,70093.61,35482.71,Bank Transfer,Bkash,ENT-20240518-01098
PO-202405-0659,2024-05-18,VND003,Shanti Enterprises,INV-20240518-1460,Nail Polish,PRD0055,Cosmetics,CAT002,4195.6,40,167824.0,19363.58,148460.42,3161.87,145298.55,20070.32,2024,5,18,125228.23,29595.46,Cash,,ENT-20240518-00659
PO-202405-1019,2024-05-17,VND006,Sun Corporation Ltd.,INV-20240517-6499,Hair Mask,PRD0021,Cosmetics,CAT002,285.3,51,14550.3,3489.6,11060.7,15.88,11044.82,1090.59,2024,5,17,9954.23,9026.76,Cheque,Dutch Bangla Bank,ENT-20240517-01019
PO-202405-0368,2024-05-17,VND002,Kazi Tea IND Ltd.,INV-20240517-2754,Perfume,PRD0014,Cosmetics,CAT002,1326.07,100,132607.0,6475.46,126131.54,6750.09,119381.45,10943.14,2024,5,17,108438.31,31236.18,Cash,,ENT-20240517-00368
PO-202405-1107,2024-05-16,VND003,Shanti Enterprises,INV-20240516-2419,Face Serum,PRD0053,Cosmetics,CAT002,1405.54,71,99793.34,23201.1,76592.24,3484.25,73107.99,9668.84,2024,5,16,63439.15,4599.09,Bank Transfer,Bkash,ENT-20240516-01107
PO-202405-0474,2024-05-16,VND004,Organic Solutions,INV-20240516-5088,Women's Top,PRD0005,Fashion Apparel,CAT001,3604.35,40,144174.0,9834.17,134339.83,672.04,133667.79,17917.53,2024,5,16,115750.26,84689.3,Nagad,,ENT-20240516-00474
PO-202405-0035,2024-05-16,VND005,Yello Energy Co.,INV-20240516-3469,Gloves,PRD0023,Hygiene Products,CAT004,4581.43,19,87047.17,22853.88,64193.29,3576.2,60617.09,2074.02,2024,5,16,58543.07,32825.38,Cash,,ENT-20240516-00035
PO-202405-1987,2024-05-15,VND004,Organic Solutions,INV-20240515-7502,Face Scrub,PRD0062,Hygiene Products,CAT004,4664.01,67,312488.67,20211.29,292277.38,12532.71,279744.67,33787.88,2024,5,15,245956.79,113948.09,Bank Transfer,Dutch Bangla Bank,ENT-20240515-01987
PO-202405-0961,2024-05-15,VND001,Creative Corporation,INV-20240515-6436,Compact Powder,PRD0042,Cosmetics,CAT002,694.19,91,63171.29,16466.35,46704.94,2145.67,44559.27,4305.38,2024,5,15,40253.89,38934.95,Bank Transfer,Janata Bank,ENT-20240515-00961
PO-202405-1378,2024-05-15,VND007,Style Mart Brand,INV-20240515-9760,Aftershave,PRD0057,Hygiene Products,CAT004,4231.14,53,224250.42,32624.94,191625.48,6639.47,184986.01,7314.69,2024,5,15,177671.32,133415.5,Bank Transfer,Janata Bank,ENT-20240515-01378
PO-202405-0792,2024-05-14,VND004,Organic Solutions,INV-20240514-2273,Sanitary Napkins,PRD0030,Hygiene Products,CAT004,4361.77,100,436177.0,47693.8,388483.2,9727.56,378755.64,29246.28,2024,5,14,349509.36,309509.95,Bank Transfer,Bkash,ENT-20240514-00792
PO-202405-1658,2024-05-14,VND005,Yello Energy Co.,INV-20240514-9976,Wallet,PRD0051,Accessories,CAT003,5086.91,119,605342.29,60534.23,544808.06,27240.4,517567.66,25878.38,2024,5,14,491689.28,109622.84,Nagad,,ENT-20240514-01658
PO-202405-1887,2024-05-14,VND002,Kazi Tea IND Ltd.,INV-20240514-8524,Body Spray,PRD0001,Cosmetics,CAT002,548.78,8,4390.24,1135.64,3254.6,160.05,3094.55,165.64,2024,5,14,2928.91,1996.7,Cheque,Bkash,ENT-20240514-01887
PO-202405-1418,2024-05-14,VND001,Creative Corporation,INV-20240514-7917,Scarf,PRD0076,Accessories,CAT003,2941.83,34,100022.22,9002.51,91019.71,3610.97,87408.74,3272.64,2024,5,14,84136.1,2995.16,Nagad,,ENT-20240514-01418
PO-202405-1580,2024-05-14,VND006,Sun Corporation Ltd.,INV-20240514-1387,Toothbrush,PRD0017,Hygiene Products,CAT004,4744.8,10,47448.0,13661.74,33786.26,2631.22,31155.04,471.97,2024,5,14,30683.07,5473.69,Nagad,,ENT-20240514-01580
PO-202405-0647,2024-05-14,VND007,Style Mart Brand,INV-20240514-1850,Personal Lubricant,PRD0070,Hygiene Products,CAT004,4587.42,85,389930.7,112981.63,276949.07,12354.41,264594.66,29557.59,2024,5,14,235037.07,72798.06,Cheque,Sonali Bank,ENT-20240514-00647
PO-202405-1658,2024-05-14,VND005,Yello Energy Co.,INV-20240514-9976,Wallet,PRD0051,Accessories,CAT003,3883.5,22,85437.0,11384.34,74052.66,2235.99,71816.67,7250.24,2024,5,14,64566.43,12880.74,Nagad,,ENT-20240514-01658
PO-202405-0602,2024-05-13,VND002,Kazi Tea IND Ltd.,INV-20240513-7559,Body Wash,PRD0058,Hygiene Products,CAT004,3417.69,35,119619.15,32395.72,87223.43,1587.56,85635.87,12162.83,2024,5,13,73473.04,62275.0,Nagad,,ENT-20240513-00602
PO-202405-1142,2024-05-13,VND006,Sun Corporation Ltd.,INV-20240513-1001,Bra & Panty Set,PRD0031,Hygiene Products,CAT004,3032.69,17,51555.73,2550.54,49005.19,637.15,48368.04,1367.44,2024,5,13,47000.6,22188.7,Cash,,ENT-20240513-01142
PO-202405-1991,2024-05-13,VND001,Creative Corporation,INV-20240513-5430,Backpack,PRD0038,Hygiene Products,CAT004,3112.62,76,236559.12,65082.94,171476.18,9363.13,162113.05,13388.54,2024,5,13,148724.51,125117.24,Cheque,City Bank,ENT-20240513-01991
PO-202405-1334,2024-05-12,VND005,Yello Energy Co.,INV-20240512-7893,Aftershave,PRD0057,Hygiene Products,CAT004,2985.36,3,8956.08,1477.95,7478.13,659.8,6818.33,729.17,2024,5,12,6089.16,5513.92,Bank Transfer,City Bank,ENT-20240512-01334
PO-202405-0210,2024-05-12,VND001,Creative Corporation,INV-20240512-3195,Aftershave,PRD0057,Hygiene Products,CAT004,3264.42,24,78346.08,243.47,78102.61,3741.6,74361.01,7629.88,2024,5,12,66731.13,39011.76,Nagad,,ENT-20240512-00210
PO-202405-1485,2024-05-12,VND006,Sun Corporation Ltd.,INV-20240512-2162,Shaving Cream,PRD0066,Cosmetics,CAT002,4429.12,50,221456.0,29766.33,191689.67,985.15,190704.52,13602.16,2024,5,12,177102.36,6046.85,Nagad,,ENT-20240512-01485
PO-202405-1717,2024-05-11,VND003,Shanti Enterprises,INV-20240511-3395,Lipstick,PRD0061,Cosmetics,CAT002,3771.39,76,286625.64,7827.45,278798.19,23636.42,255161.77,21352.47,2024,5,11,233809.3,202176.66,Bank Transfer,City Bank,ENT-20240511-01717
PO-202405-0514,2024-05-11,VND007,Style Mart Brand,INV-20240511-5485,Women's Kurti,PRD0081,Fashion Apparel,CAT001,1202.85,96,115473.6,28345.68,87127.92,6007.53,81120.39,4862.01,2024,5,11,76258.38,46850.91,Bkash,,ENT-20240511-00514
PO-202405-0285,2024-05-11,VND004,Organic Solutions,INV-20240511-8281,Body Lotion,PRD0064,Cosmetics,CAT002,985.8,55,54219.0,14697.66,39521.34,2597.95,36923.39,2071.95,2024,5,11,34851.44,21628.06,Cheque,City Bank,ENT-20240511-00285
PO-202405-0330,2024-05-11,VND001,Creative Corporation,INV-20240511-6670,Hair Gel,PRD0077,Hygiene Products,CAT004,1676.16,56,93864.96,20910.26,72954.7,2217.13,70737.57,5551.82,2024,5,11,65185.75,28898.89,Bank Transfer,Sonali Bank,ENT-20240511-00330
PO-202405-0662,2024-05-10,VND006,Sun Corporation Ltd.,INV-20240510-6778,Foot Care Cream,PRD0041,Cosmetics,CAT002,4727.82,20,94556.4,15490.31,79066.09,5629.26,73436.83,3858.23,2024,5,10,69578.6,43371.32,Cash,,ENT-20240510-00662
PO-202405-1053,2024-05-10,VND006,Sun Corporation Ltd.,INV-20240510-1842,Jacket,PRD0008,Fashion Apparel,CAT001,1865.47,89,166026.83,8028.23,157998.6,2975.68,155022.92,10971.19,2024,5,10,144051.73,55030.65,Bank Transfer,Janata Bank,ENT-20240510-01053
PO-202405-0605,2024-05-09,VND007,Style Mart Brand,INV-20240509-8049,Hair Accessories,PRD0029,Hygiene Products,CAT004,1120.86,56,62768.16,1850.93,60917.23,1285.71,59631.52,318.11,2024,5,9,59313.41,25529.17,Nagad,,ENT-20240509-00605
PO-202405-0771,2024-05-08,VND005,Yello Energy Co.,INV-20240508-3092,Hat,PRD0019,Accessories,CAT003,311.74,48,14963.52,3361.33,11602.19,441.07,11161.12,1097.43,2024,5,8,10063.69,1151.27,Cheque,Dutch Bangla Bank,ENT-20240508-00771
PO-202405-1814,2024-05-08,VND003,Shanti Enterprises,INV-20240508-4236,Wallet,PRD0051,Accessories,CAT003,4785.42,95,454614.9,81731.46,372883.44,9479.24,363404.2,2523.49,2024,5,8,360880.71,8235.91,Cash,,ENT-20240508-01814
PO-202405-1116,2024-05-07,VND007,Style Mart Brand,INV-20240507-3293,Women's Top,PRD0005,Fashion Apparel,CAT001,607.02,18,10926.36,1503.39,9422.97,518.38,8904.59,601.37,2024,5,7,8303.22,3661.8,Bank Transfer,Dutch Bangla Bank,ENT-20240507-01116
PO-202405-0708,2024-05-07,VND007,Style Mart Brand,INV-20240507-1645,Men Polo Shirt,PRD0080,Fashion Apparel,CAT001,4263.76,39,166286.64,29676.97,136609.67,3220.53,133389.14,16782.18,2024,5,7,116606.96,56430.21,Cheque,Rupali Bank,ENT-20240507-00708
PO-202405-1451,2024-05-06,VND004,Organic Solutions,INV-20240506-8408,Deodorant,PRD0036,Cosmetics,CAT002,2000.65,2,4001.3,333.16,3668.14,352.69,3315.45,413.64,2024,5,6,2901.81,273.38,Bkash,,ENT-20240506-01451
PO-202405-1896,2024-05-06,VND007,Style Mart Brand,INV-20240506-7558,Wallet,PRD0051,Accessories,CAT003,2658.27,10,26582.7,3382.93,23199.77,2198.4,21001.37,1.71,2024,5,6,20999.66,18414.16,Bkash,,ENT-20240506-01896
PO-202405-1790,2024-05-05,VND001,Creative Corporation,INV-20240505-3410,Women's Nightwear,PRD0003,Fashion Apparel,CAT001,2243.53,8,17948.24,2248.17,15700.07,1387.98,14312.09,136.94,2024,5,5,14175.15,3684.59,Nagad,,ENT-20240505-01790
PO-202405-1788,2024-05-05,VND004,Organic Solutions,INV-20240505-7574,Personal Toys,PRD0040,Hygiene Products,CAT004,3842.43,4,15369.72,2664.65,12705.07,1245.29,11459.78,1059.45,2024,5,5,10400.33,2673.56,Bank Transfer,BRAC Bank,ENT-20240505-01788
PO-202405-0487,2024-05-05,VND005,Yello Energy Co.,INV-20240505-3372,Sanitary Napkins,PRD0030,Hygiene Products,CAT004,277.76,18,4999.68,1314.57,3685.11,13.7,3671.41,193.6,2024,5,5,3477.81,2871.31,Cheque,Bkash,ENT-20240505-00487
PO-202405-0343,2024-05-04,VND005,Yello Energy Co.,INV-20240504-4089,Women's Nightwear,PRD0003,Fashion Apparel,CAT001,4480.06,42,188162.52,10536.71,177625.81,7146.77,170479.04,21946.61,2024,5,4,148532.43,24227.09,Nagad,,ENT-20240504-00343
PO-202405-1757,2024-05-03,VND005,Yello Energy Co.,INV-20240503-4404,Hair Accessories,PRD0029,Hygiene Products,CAT004,2496.69,100,249669.0,49251.98,200417.02,14152.34,186264.68,27230.44,2024,5,3,159034.24,76913.23,Cash,,ENT-20240503-01757
PO-202405-1888,2024-05-03,VND002,Kazi Tea IND Ltd.,INV-20240503-8698,Feminine Wash,PRD0028,Hygiene Products,CAT004,5937.11,243,1442717.73,144271.77,1298445.96,64922.3,1233523.66,61676.18,2024,5,3,1171847.48,458313.44,Nagad,,ENT-20240503-01888
PO-202405-1888,2024-05-03,VND002,Kazi Tea IND Ltd.,INV-20240503-8698,Feminine Wash,PRD0028,Hygiene Products,CAT004,1035.92,99,102556.08,5958.33,96597.75,8156.25,88441.5,5007.13,2024,5,3,83434.37,70336.63,Nagad,,ENT-20240503-01888
PO-202405-0599,2024-05-03,VND004,Organic Solutions,INV-20240503-5181,Women's Leggings,PRD0079,Fashion Apparel,CAT001,2035.53,67,136380.51,15121.11,121259.4,10529.49,110729.91,4593.8,2024,5,3,106136.11,25528.98,Bank Transfer,Rupali Bank,ENT-20240503-00599
PO-202405-1941,2024-05-02,VND005,Yello Energy Co.,INV-20240502-9549,Personal Lubricant,PRD0070,Hygiene Products,CAT004,4780.65,8,38245.2,6990.95,31254.25,2074.31,29179.94,1250.85,2024,5,2,27929.09,3821.46,Cheque,Rupali Bank,ENT-20240502-01941
PO-202405-1525,2024-05-02,VND003,Shanti Enterprises,INV-20240502-1381,Kids T-Shirt,PRD0006,Fashion Apparel,CAT001,925.2,90,83268.0,11567.84,71700.16,3237.84,68462.32,3461.94,2024,5,2,65000.38,29664.79,Bank Transfer,Nagad,ENT-20240502-01525
PO-202405-0147,2024-05-02,VND007,Style Mart Brand,INV-20240502-6360,Lipstick,PRD0061,Cosmetics,CAT002,4139.08,67,277318.36,25151.94,252166.42,18249.22,233917.2,24219.83,2024,5,2,209697.37,109435.94,Bkash,,ENT-20240502-00147
PO-202405-1498,2024-05-01,VND001,Creative Corporation,INV-20240501-9131,Watch,PRD0043,Accessories,CAT003,1905.94,35,66707.9,3164.51,63543.39,6237.36,57306.03,3958.83,2024,5,1,53347.2,15270.35,Bkash,,ENT-20240501-01498
PO-202405-0922,2024-05-01,VND005,Yello Energy Co.,INV-20240501-3241,Underarm Whitening Cream,PRD0050,Cosmetics,CAT002,312.58,80,25006.4,2025.59,22980.81,1427.44,21553.37,3094.2,2024,5,1,18459.17,13972.73,Bkash,,ENT-20240501-00922
PO-202405-0863,2024-05-01,VND007,Style Mart Brand,INV-20240501-5582,Body Lotion,PRD0064,Cosmetics,CAT002,1390.31,49,68125.19,14500.25,53624.94,4458.29,49166.65,648.34,2024,5,1,48518.31,2808.35,Bkash,,ENT-20240501-00863
PO-202404-0952,2024-04-30,VND003,Shanti Enterprises,INV-20240430-9503,Sanitary Napkins,PRD0030,Hygiene Products,CAT004,1721.67,56,96413.52,17430.23,78983.29,4462.96,74520.33,10073.81,2024,4,30,64446.52,4281.92,Bank Transfer,Janata Bank,ENT-20240430-00952
PO-202404-1510,2024-04-30,VND005,Yello Energy Co.,INV-20240430-2679,Compact Powder,PRD0042,Cosmetics,CAT002,2159.78,38,82071.64,19977.32,62094.32,4659.21,57435.11,7374.03,2024,4,30,50061.08,32230.25,Bkash,,ENT-20240430-01510
PO-202404-0259,2024-04-29,VND005,Yello Energy Co.,INV-20240429-4854,Body Wash,PRD0058,Hygiene Products,CAT004,2418.48,99,239429.52,57476.33,181953.19,10900.96,171052.23,23017.4,2024,4,29,148034.83,89257.02,Bkash,,ENT-20240429-00259
PO-202404-0259,2024-04-29,VND005,Yello Energy Co.,INV-20240429-4854,Body Wash,PRD0058,Hygiene Products,CAT004,6345.28,53,336299.84,33629.98,302669.86,15133.49,287536.37,14376.82,2024,4,29,273159.55,108464.46,Bkash,,ENT-20240429-00259
PO-202404-1303,2024-04-28,VND001,Creative Corporation,INV-20240428-7100,Body Butter,PRD0016,Hygiene Products,CAT004,3773.76,5,18868.8,342.62,18526.18,706.19,17819.99,1781.78,2024,4,28,16038.21,14196.6,Cash,,ENT-20240428-01303
PO-202404-1299,2024-04-28,VND004,Organic Solutions,INV-20240428-1395,Disinfectant Spray,PRD0037,Cosmetics,CAT002,3485.77,55,191717.35,10021.13,181696.22,7731.6,173964.62,21946.27,2024,4,28,152018.35,28741.91,Bank Transfer,City Bank,ENT-20240428-01299
PO-202404-0994,2024-04-28,VND004,Organic Solutions,INV-20240428-5179,Body Mist,PRD0035,Cosmetics,CAT002,254.4,53,13483.2,2600.52,10882.68,158.0,10724.68,485.21,2024,4,28,10239.47,9679.86,Cheque,Nagad,ENT-20240428-00994
PO-202404-1857,2024-04-28,VND004,Organic Solutions,INV-20240428-6955,Hair Gel,PRD0077,Hygiene Products,CAT004,893.97,59,52744.23,4492.13,48252.1,3469.96,44782.14,4120.7,2024,4,28,40661.44,4059.46,Nagad,,ENT-20240428-01857
PO-202404-1016,2024-04-28,VND002,Kazi Tea IND Ltd.,INV-20240428-2758,Hair Mask,PRD0021,Cosmetics,CAT002,3988.17,12,47858.04,2665.48,45192.56,353.26,44839.3,5991.51,2024,4,28,38847.79,8611.1,Bkash,,ENT-20240428-01016
PO-202404-0896,2024-04-27,VND004,Organic Solutions,INV-20240427-7756,Face Wash,PRD0022,Hygiene Products,CAT004,1086.63,44,47811.72,10461.27,37350.45,2489.6,34860.85,860.32,2024,4,27,34000.53,30632.09,Nagad,,ENT-20240427-00896
PO-202404-0896,2024-04-27,VND004,Organic Solutions,INV-20240427-7756,Face Wash,PRD0022,Hygiene Products,CAT004,8987.82,330,2965980.6,296598.06,2669382.54,133469.13,2535913.41,126795.67,2024,4,27,2409117.74,189439.23,Nagad,,ENT-20240427-00896
PO-202404-0186,2024-04-27,VND007,Style Mart Brand,INV-20240427-3276,Toothbrush,PRD0017,Hygiene Products,CAT004,2696.41,99,266944.59,20153.33,246791.26,16516.91,230274.35,23202.28,2024,4,27,207072.07,7377.17,Bkash,,ENT-20240427-00186
PO-202404-0307,2024-04-27,VND001,Creative Corporation,INV-20240427-5203,Makeup Remover,PRD0032,Cosmetics,CAT002,4113.94,67,275633.98,13894.23,261739.75,23422.7,238317.05,18932.98,2024,4,27,219384.07,153356.88,Cheque,City Bank,ENT-20240427-00307
PO-202404-1031,2024-04-27,VND004,Organic Solutions,INV-20240427-4379,Body Lotion,PRD0064,Cosmetics,CAT002,3541.31,58,205395.98,42031.87,163364.11,5993.8,157370.31,22028.84,2024,4,27,135341.47,73862.32,Nagad,,ENT-20240427-01031
PO-202404-0946,2024-04-26,VND005,Yello Energy Co.,INV-20240426-3452,Hair Spray,PRD0071,Cosmetics,CAT002,232.89,48,11178.72,202.58,10976.14,752.06,10224.08,846.48,2024,4,26,9377.6,3180.62,Nagad,,ENT-20240426-00946
PO-202404-1818,2024-04-26,VND002,Kazi Tea IND Ltd.,INV-20240426-3701,Personal Toys,PRD0040,Hygiene Products,CAT004,3284.6,97,318606.2,19447.16,299159.04,14093.78,285065.26,11594.02,2024,4,26,273471.24,205034.0,Cheque,Bkash,ENT-20240426-01818
PO-202404-0982,2024-04-26,VND001,Creative Corporation,INV-20240426-8121,Compact Powder,PRD0042,Cosmetics,CAT002,4767.16,9,42904.44,936.27,41968.17,3614.62,38353.55,5493.46,2024,4,26,32860.09,2224.92,Bkash,,ENT-20240426-00982
PO-202404-1947,2024-04-26,VND002,Kazi Tea IND Ltd.,INV-20240426-4150,Face Cream,PRD0034,Cosmetics,CAT002,2371.05,94,222878.7,25366.22,197512.48,10160.89,187351.59,9663.63,2024,4,26,177687.96,128614.44,Bkash,,ENT-20240426-01947
PO-202404-0358,2024-04-25,VND006,Sun Corporation Ltd.,INV-20240425-7835,Makeup Kit,PRD0056,Cosmetics,CAT002,2848.86,92,262095.12,33416.66,228678.46,10540.68,218137.78,20174.38,2024,4,25,197963.4,102391.31,Nagad,,ENT-20240425-00358
PO-202404-0049,2024-04-25,VND005,Yello Energy Co.,INV-20240425-7300,Kids Dress,PRD0067,Fashion Apparel,CAT001,3114.78,59,183772.02,9550.33,174221.69,6847.68,167374.01,19152.43,2024,4,25,148221.58,111693.73,Cash,,ENT-20240425-00049
PO-202404-0985,2024-04-25,VND003,Shanti Enterprises,INV-20240425-5414,Men's Nightwear,PRD0048,Fashion Apparel,CAT001,1207.63,53,64004.39,18183.29,45821.1,2621.9,43199.2,3879.89,2024,4,25,39319.31,7120.93,Bank Transfer,Rupali Bank,ENT-20240425-00985
PO-202404-1778,2024-04-25,VND003,Shanti Enterprises,INV-20240425-5746,Hand Sanitizer,PRD0004,Hygiene Products,CAT004,4676.49,468,2188597.32,218859.73,1969737.59,98486.88,1871250.71,93562.54,2024,4,25,1777688.17,71162.27,Bank Transfer,Rupali Bank,ENT-20240425-01778
PO-202404-1778,2024-04-25,VND003,Shanti Enterprises,INV-20240425-5746,Hand Sanitizer,PRD0004,Hygiene Products,CAT004,1288.28,33,42513.24,8962.35,33550.89,1899.8,31651.09,4695.75,2024,4,25,26955.34,24704.45,Bank Transfer,Rupali Bank,ENT-20240425-01778
PO-202404-1774,2024-04-24,VND006,Sun Corporation Ltd.,INV-20240424-7068,Backpack,PRD0038,Hygiene Products,CAT004,367.28,14,5141.92,941.62,4200.3,179.91,4020.39,77.94,2024,4,24,3942.45,2433.65,Cheque,Rupali Bank,ENT-20240424-01774
PO-202404-0880,2024-04-24,VND006,Sun Corporation Ltd.,INV-20240424-7293,Hair Removal Cream,PRD0018,Cosmetics,CAT002,4192.42,76,318623.92,48704.39,269919.53,11045.09,258874.44,22854.24,2024,4,24,236020.2,203643.88,Bank Transfer,Sonali Bank,ENT-20240424-00880
PO-202404-0312,2024-04-23,VND001,Creative Corporation,INV-20240423-2829,Body Lotion,PRD0064,Cosmetics,CAT002,1014.93,57,57851.01,9648.86,48202.15,759.35,47442.8,2467.39,2024,4,23,44975.41,3832.25,Nagad,,ENT-20240423-00312
PO-202404-1719,2024-04-23,VND003,Shanti Enterprises,INV-20240423-8859,Women's Saree,PRD0072,Fashion Apparel,CAT001,2418.91,92,222539.72,4683.34,217856.38,15068.92,202787.46,12882.67,2024,4,23,189904.79,24406.35,Cash,,ENT-20240423-01719
PO-202404-1550,2024-04-23,VND006,Sun Corporation Ltd.,INV-20240423-6702,Body Mist,PRD0035,Cosmetics,CAT002,4404.57,41,180587.37,42515.07,138072.3,9987.03,128085.27,9903.35,2024,4,23,118181.92,8289.75,Bkash,,ENT-20240423-01550
PO-202404-1488,2024-04-23,VND007,Style Mart Brand,INV-20240423-7761,Condom,PRD0009,Hygiene Products,CAT004,62.16,4,248.64,29.09,219.55,5.4,214.15,21.4,2024,4,23,192.75,141.68,Cash,,ENT-20240423-01488
PO-202404-0033,2024-04-23,VND005,Yello Energy Co.,INV-20240423-7053,Hair Gel,PRD0077,Hygiene Products,CAT004,1861.52,9,16753.68,4436.95,12316.73,641.68,11675.05,580.14,2024,4,23,11094.91,4619.45,Cheque,Janata Bank,ENT-20240423-00033
PO-202404-0081,2024-04-22,VND003,Shanti Enterprises,INV-20240422-9387,Scarf,PRD0076,Accessories,CAT003,4670.93,27,126115.11,84.1,126031.01,11432.14,114598.87,16628.31,2024,4,22,97970.56,40549.79,Bank Transfer,City Bank,ENT-20240422-00081
PO-202404-1796,2024-04-22,VND002,Kazi Tea IND Ltd.,INV-20240422-4410,Beard Oil,PRD0049,Cosmetics,CAT002,1752.42,66,115659.72,18881.93,96777.79,7758.72,89019.07,13136.84,2024,4,22,75882.23,18935.34,Nagad,,ENT-20240422-01796
PO-202404-0043,2024-04-21,VND006,Sun Corporation Ltd.,INV-20240421-5688,Body Lotion,PRD0064,Cosmetics,CAT002,2815.09,61,171720.49,12686.45,159034.04,11195.57,147838.47,10357.48,2024,4,21,137480.99,1992.55,Cash,,ENT-20240421-00043
PO-202404-1996,2024-04-21,VND002,Kazi Tea IND Ltd.,INV-20240421-2121,Toothpaste,PRD0063,Hygiene Products,CAT004,2117.76,37,78357.12,8016.42,70340.7,2110.78,68229.92,929.19,2024,4,21,67300.73,47694.4,Cash,,ENT-20240421-01996
PO-202404-1412,2024-04-20,VND005,Yello Energy Co.,INV-20240420-3716,Women's Nightwear,PRD0003,Fashion Apparel,CAT001,2778.62,29,80579.98,16935.24,63644.74,534.32,63110.42,3525.82,2024,4,20,59584.6,26606.48,Nagad,,ENT-20240420-01412
PO-202404-0115,2024-04-19,VND001,Creative Corporation,INV-20240419-7504,Body Mist,PRD0035,Cosmetics,CAT002,2051.3,64,131283.2,33165.25,98117.95,8648.95,89469.0,908.8,2024,4,19,88560.2,51572.46,Nagad,,ENT-20240419-00115
PO-202404-1252,2024-04-19,VND007,Style Mart Brand,INV-20240419-3953,Personal Toys,PRD0040,Hygiene Products,CAT004,4129.36,57,235373.52,8431.95,226941.57,9762.32,217179.25,5119.69,2024,4,19,212059.56,118333.37,Bank Transfer,Sonali Bank,ENT-20240419-01252
PO-202404-1646,2024-04-19,VND001,Creative Corporation,INV-20240419-9052,Backpack,PRD0038,Hygiene Products,CAT004,2708.3,6,16249.8,1786.24,14463.56,615.43,13848.13,1543.53,2024,4,19,12304.6,1175.32,Nagad,,ENT-20240419-01646
PO-202404-0832,2024-04-18,VND005,Yello Energy Co.,INV-20240418-8277,Body Mist,PRD0035,Cosmetics,CAT002,2413.47,39,94125.33,1898.21,92227.12,4892.57,87334.55,8476.86,2024,4,18,78857.69,63705.37,Bank Transfer,Janata Bank,ENT-20240418-00832
PO-202404-1027,2024-04-18,VND003,Shanti Enterprises,INV-20240418-4944,Perfume,PRD0014,Cosmetics,CAT002,1452.21,24,34853.04,10253.79,24599.25,231.07,24368.18,3171.35,2024,4,18,21196.83,10680.62,Cash,,ENT-20240418-01027
PO-202404-0558,2024-04-17,VND007,Style Mart Brand,INV-20240417-6255,Hair Dryer,PRD0013,Hygiene Products,CAT004,1435.29,81,116258.49,30916.97,85341.52,1943.57,83397.95,5161.02,2024,4,17,78236.93,75512.41,Cheque,Dutch Bangla Bank,ENT-20240417-00558
PO-202404-1984,2024-04-17,VND005,Yello Energy Co.,INV-20240417-6638,Body Mist,PRD0035,Cosmetics,CAT002,769.68,57,43871.76,4996.08,38875.68,2318.67,36557.01,3882.85,2024,4,17,32674.16,22419.34,Nagad,,ENT-20240417-01984
PO-202404-0064,2024-04-16,VND006,Sun Corporation Ltd.,INV-20240416-6222,Hat,PRD0019,Accessories,CAT003,282.08,84,23694.72,1608.08,22086.64,279.68,21806.96,699.44,2024,4,16,21107.52,1321.66,Cheque,BRAC Bank,ENT-20240416-00064
PO-202404-1830,2024-04-16,VND001,Creative Corporation,INV-20240416-8257,Body Wash,PRD0058,Hygiene Products,CAT004,3577.14,92,329096.88,46677.67,282419.21,23286.72,259132.49,8975.48,2024,4,16,250157.01,159149.66,Bkash,,ENT-20240416-01830
PO-202404-1862,2024-04-16,VND005,Yello Energy Co.,INV-20240416-7108,Personal Toys,PRD0040,Hygiene Products,CAT004,4661.1,59,275004.9,61592.17,213412.73,10395.97,203016.76,18016.64,2024,4,16,185000.12,7584.49,Cheque,Janata Bank,ENT-20240416-01862
PO-202404-1221,2024-04-16,VND001,Creative Corporation,INV-20240416-1399,Deodorant,PRD0036,Cosmetics,CAT002,2842.17,51,144950.67,24884.63,120066.04,2044.03,118022.01,15442.95,2024,4,16,102579.06,21434.57,Bank Transfer,Dutch Bangla Bank,ENT-20240416-01221
PO-202404-1663,2024-04-16,VND007,Style Mart Brand,INV-20240416-6203,Footwear,PRD0065,Hygiene Products,CAT004,556.25,28,15575.0,1963.4,13611.6,1272.26,12339.34,1619.04,2024,4,16,10720.3,7637.65,Cheque,Bkash,ENT-20240416-01663
PO-202404-1298,2024-04-15,VND006,Sun Corporation Ltd.,INV-20240415-6780,Toothpaste,PRD0063,Hygiene Products,CAT004,77.41,5,387.05,115.93,271.12,17.13,253.99,28.07,2024,4,15,225.92,22.98,Cheque,Dutch Bangla Bank,ENT-20240415-01298
PO-202404-1718,2024-04-14,VND003,Shanti Enterprises,INV-20240414-7169,Aftershave,PRD0057,Hygiene Products,CAT004,3214.63,24,77151.12,1461.68,75689.44,7283.4,68406.04,7638.04,2024,4,14,60768.0,24619.98,Bkash,,ENT-20240414-01718
PO-202404-0808,2024-04-14,VND003,Shanti Enterprises,INV-20240414-7953,Hair Serum,PRD0011,Cosmetics,CAT002,1063.42,26,27648.92,6233.28,21415.64,136.27,21279.37,2442.28,2024,4,14,18837.09,801.33,Nagad,,ENT-20240414-00808
PO-202404-1170,2024-04-14,VND001,Creative Corporation,INV-20240414-1111,Baby Wipes,PRD0069,Hygiene Products,CAT004,1082.45,63,68194.35,12763.53,55430.82,1886.42,53544.4,2428.42,2024,4,14,51115.98,37718.68,Cash,,ENT-20240414-01170
PO-202404-1517,2024-04-13,VND001,Creative Corporation,INV-20240413-6718,Keychain,PRD0012,Accessories,CAT003,4432.76,92,407813.92,121532.3,286281.62,6891.17,279390.45,31791.54,2024,4,13,247598.91,78607.96,Bkash,,ENT-20240413-01517
PO-202404-0919,2024-04-13,VND001,Creative Corporation,INV-20240413-5107,Women's Skirt,PRD0046,Fashion Apparel,CAT001,1239.38,33,40899.54,1345.35,39554.19,3266.96,36287.23,5000.65,2024,4,13,31286.58,6860.87,Bkash,,ENT-20240413-00919
PO-202404-1227,2024-04-13,VND004,Organic Solutions,INV-20240413-1585,Umbrella,PRD0060,Accessories,CAT003,1151.02,56,64457.12,15099.5,49357.62,960.68,48396.94,4242.7,2024,4,13,44154.24,19729.71,Bank Transfer,Rupali Bank,ENT-20240413-01227
PO-202404-0712,2024-04-13,VND006,Sun Corporation Ltd.,INV-20240413-1247,Hair Removal Cream,PRD0018,Cosmetics,CAT002,3038.52,70,212696.4,20626.71,192069.69,1068.01,191001.68,16396.84,2024,4,13,174604.84,7808.9,Nagad,,ENT-20240413-00712
PO-202404-0651,2024-04-11,VND005,Yello Energy Co.,INV-20240411-3587,Hand Sanitizer,PRD0004,Hygiene Products,CAT004,2981.56,4,11926.24,2386.2,9540.04,518.49,9021.55,211.9,2024,4,11,8809.65,2640.23,Bkash,,ENT-20240411-00651
PO-202404-1479,2024-04-10,VND005,Yello Energy Co.,INV-20240410-8584,Belt,PRD0002,Accessories,CAT003,1278.78,93,118926.54,33029.77,85896.77,4541.58,81355.19,9393.18,2024,4,10,71962.01,20317.85,Cash,,ENT-20240410-01479
PO-202404-1661,2024-04-10,VND003,Shanti Enterprises,INV-20240410-8232,Lipstick,PRD0061,Cosmetics,CAT002,221.91,36,7988.76,1903.8,6084.96,567.77,5517.19,130.33,2024,4,10,5386.86,918.89,Bkash,,ENT-20240410-01661
PO-202404-1139,2024-04-09,VND003,Shanti Enterprises,INV-20240409-4894,Women's Top,PRD0005,Fashion Apparel,CAT001,2067.02,98,202567.96,59825.89,142742.07,8659.04,134083.03,13222.51,2024,4,9,120860.52,54900.66,Bank Transfer,Sonali Bank,ENT-20240409-01139
PO-202404-1198,2024-04-09,VND003,Shanti Enterprises,INV-20240409-4404,Gloves,PRD0023,Hygiene Products,CAT004,4254.86,60,255291.6,22426.83,232864.77,12962.72,219902.05,13336.2,2024,4,9,206565.85,11819.67,Bank Transfer,Bkash,ENT-20240409-01198
PO-202404-0222,2024-04-07,VND007,Style Mart Brand,INV-20240407-6964,Kids T-Shirt,PRD0006,Fashion Apparel,CAT001,4203.82,12,50445.84,2539.7,47906.14,1808.38,46097.76,1724.23,2024,4,7,44373.53,18131.13,Bkash,,ENT-20240407-00222
PO-202404-0577,2024-04-07,VND007,Style Mart Brand,INV-20240407-5937,Body Wash,PRD0058,Hygiene Products,CAT004,577.04,93,53664.72,14043.05,39621.67,1923.98,37697.69,1030.62,2024,4,7,36667.07,14595.17,Nagad,,ENT-20240407-00577
PO-202404-1858,2024-04-05,VND002,Kazi Tea IND Ltd.,INV-20240405-2784,Body Wash,PRD0058,Hygiene Products,CAT004,3638.81,13,47304.53,7571.38,39733.15,3372.31,36360.84,3885.56,2024,4,5,32475.28,5146.36,Cash,,ENT-20240405-01858
PO-202404-1286,2024-04-05,VND001,Creative Corporation,INV-20240405-4435,Kids Dress,PRD0067,Fashion Apparel,CAT001,790.1,3,2370.3,288.44,2081.86,14.72,2067.14,47.46,2024,4,5,2019.68,1663.6,Bank Transfer,Nagad,ENT-20240405-01286
PO-202404-0372,2024-04-03,VND006,Sun Corporation Ltd.,INV-20240403-5753,Handbag,PRD0020,Accessories,CAT003,68.03,14,952.42,233.36,719.06,7.46,711.6,9.18,2024,4,3,702.42,256.27,Bank Transfer,Janata Bank,ENT-20240403-00372
PO-202404-0845,2024-04-03,VND006,Sun Corporation Ltd.,INV-20240403-8263,Gloves,PRD0023,Hygiene Products,CAT004,889.54,49,43587.46,2807.05,40780.41,1478.68,39301.73,4787.13,2024,4,3,34514.6,19049.23,Nagad,,ENT-20240403-00845
PO-202404-1674,2024-04-03,VND006,Sun Corporation Ltd.,INV-20240403-1585,Baby Wipes,PRD0069,Hygiene Products,CAT004,612.57,33,20214.81,4490.83,15723.98,392.88,15331.1,649.16,2024,4,3,14681.94,1996.16,Cheque,Dutch Bangla Bank,ENT-20240403-01674
PO-202404-0796,2024-04-03,VND006,Sun Corporation Ltd.,INV-20240403-1873,Hair Conditioner,PRD0039,Hygiene Products,CAT004,983.47,41,40322.27,6040.27,34282.0,977.5,33304.5,4899.11,2024,4,3,28405.39,19047.58,Bkash,,ENT-20240403-00796
PO-202404-1560,2024-04-03,VND001,Creative Corporation,INV-20240403-4253,Perfume,PRD0014,Cosmetics,CAT002,2603.91,72,187481.52,17591.62,169889.9,5774.91,164114.99,9046.26,2024,4,3,155068.73,73558.07,Cash,,ENT-20240403-01560
PO-202404-0388,2024-04-02,VND006,Sun Corporation Ltd.,INV-20240402-9332,Sunscreen,PRD0068,Hygiene Products,CAT004,525.69,1,525.69,131.7,393.99,34.23,359.76,36.89,2024,4,2,322.87,77.9,Bkash,,ENT-20240402-00388
PO-202403-0399,2024-03-31,VND002,Kazi Tea IND Ltd.,INV-20240331-9235,Shaving Cream,PRD0066,Cosmetics,CAT002,718.78,70,50314.6,7090.33,43224.27,4218.43,39005.84,999.75,2024,3,31,38006.09,27270.81,Bank Transfer,City Bank,ENT-20240331-00399
PO-202403-1258,2024-03-31,VND005,Yello Energy Co.,INV-20240331-4326,Watch,PRD0043,Accessories,CAT003,248.99,85,21164.15,2831.62,18332.53,1544.88,16787.65,76.78,2024,3,31,16710.87,10289.17,Cash,,ENT-20240331-01258
PO-202403-1622,2024-03-31,VND004,Organic Solutions,INV-20240331-2129,Keychain,PRD0012,Accessories,CAT003,1383.56,53,73328.68,9795.9,63532.78,2372.99,61159.79,5682.17,2024,3,31,55477.62,4758.49,Bkash,,ENT-20240331-01622
PO-202403-0163,2024-03-31,VND003,Shanti Enterprises,INV-20240331-8480,Women's Skirt,PRD0046,Fashion Apparel,CAT001,4017.53,167,670927.51,67092.75,603834.76,30191.74,573643.02,28682.15,2024,3,31,544960.87,16905.77,Cheque,Rupali Bank,ENT-20240331-00163
PO-202403-0163,2024-03-31,VND003,Shanti Enterprises,INV-20240331-8480,Women's Skirt,PRD0046,Fashion Apparel,CAT001,1735.19,55,95435.45,7581.24,87854.21,3826.03,84028.18,11927.18,2024,3,31,72101.0,71089.38,Cheque,Rupali Bank,ENT-20240331-00163
PO-202403-0007,2024-03-30,VND004,Organic Solutions,INV-20240330-7016,Mouthwash,PRD0025,Hygiene Products,CAT004,2370.95,28,66386.6,569.64,65816.96,4199.55,61617.41,7791.55,2024,3,30,53825.86,38770.19,Cheque,BRAC Bank,ENT-20240330-00007
PO-202403-0120,2024-03-29,VND005,Yello Energy Co.,INV-20240329-1654,Men Jeans,PRD0078,Fashion Apparel,CAT001,2581.04,52,134214.08,943.06,133271.02,10325.75,122945.27,8701.97,2024,3,29,114243.3,99731.89,Cash,,ENT-20240329-00120
PO-202403-1348,2024-03-29,VND005,Yello Energy Co.,INV-20240329-8941,Shaving Cream,PRD0066,Cosmetics,CAT002,2178.05,52,113258.6,9856.47,103402.13,629.55,102772.58,3759.94,2024,3,29,99012.64,22171.48,Cash,,ENT-20240329-01348
PO-202403-0141,2024-03-29,VND006,Sun Corporation Ltd.,INV-20240329-4635,Hair Color,PRD0052,Hygiene Products,CAT004,2822.93,18,50812.74,13756.07,37056.67,2472.14,34584.53,1205.21,2024,3,29,33379.32,6879.34,Cash,,ENT-20240329-00141
PO-202403-0573,2024-03-28,VND004,Organic Solutions,INV-20240328-6533,Diapers,PRD0024,Hygiene Products,CAT004,3699.92,24,88798.08,20727.29,68070.79,6017.32,62053.47,6773.52,2024,3,28,55279.95,45972.41,Bkash,,ENT-20240328-00573
PO-202403-0793,2024-03-28,VND007,Style Mart Brand,INV-20240328-1975,Sunglasses,PRD0027,Accessories,CAT003,2035.56,33,67173.48,16763.14,50410.34,1277.78,49132.56,5863.57,2024,3,28,43268.99,28327.74,Cheque,Rupali Bank,ENT-20240328-00793
PO-202403-0174,2024-03-28,VND006,Sun Corporation Ltd.,INV-20240328-1072,Hand Sanitizer,PRD0004,Hygiene Products,CAT004,1394.51,52,72514.52,14242.53,58271.99,2187.99,56084.0,6986.51,2024,3,28,49097.49,1356.66,Cash,,ENT-20240328-00174
PO-202403-1885,2024-03-27,VND006,Sun Corporation Ltd.,INV-20240327-4172,Umbrella,PRD0060,Accessories,CAT003,4295.14,3,12885.42,497.59,12387.83,619.31,11768.52,1552.58,2024,3,27,10215.94,5057.76,Nagad,,ENT-20240327-01885
PO-202403-1842,2024-03-27,VND001,Creative Corporation,INV-20240327-8410,Sunglasses,PRD0027,Accessories,CAT003,4930.35,6,29582.1,4483.98,25098.12,981.89,24116.23,1840.42,2024,3,27,22275.81,15251.02,Bkash,,ENT-20240327-01842
PO-202403-1478,2024-03-27,VND003,Shanti Enterprises,INV-20240327-8217,Deodorant,PRD0036,Cosmetics,CAT002,3559.29,43,153049.47,28611.65,124437.82,11498.07,112939.75,12036.19,2024,3,27,100903.56,76891.1,Cheque,Dutch Bangla Bank,ENT-20240327-01478
PO-202403-0547,2024-03-27,VND002,Kazi Tea IND Ltd.,INV-20240327-7472,Face Serum,PRD0053,Cosmetics,CAT002,4298.35,18,77370.3,3430.54,73939.76,6790.13,67149.63,8185.24,2024,3,27,58964.39,30882.39,Nagad,,ENT-20240327-00547
PO-202403-1835,2024-03-26,VND005,Yello Energy Co.,INV-20240326-6249,Perfume,PRD0014,Cosmetics,CAT002,1429.59,97,138670.23,13879.05,124791.18,6550.58,118240.6,1556.64,2024,3,26,116683.96,98201.52,Cheque,Dutch Bangla Bank,ENT-20240326-01835
PO-202403-0005,2024-03-25,VND001,Creative Corporation,INV-20240325-8322,Personal Lubricant,PRD0070,Hygiene Products,CAT004,68.04,94,6395.76,1021.42,5374.34,200.76,5173.58,311.31,2024,3,25,4862.27,4273.5,Cash,,ENT-20240325-00005
PO-202403-0939,2024-03-25,VND001,Creative Corporation,INV-20240325-7139,Women's Nightwear,PRD0003,Fashion Apparel,CAT001,2283.6,12,27403.2,1230.12,26173.08,2584.81,23588.27,1726.14,2024,3,25,21862.13,5957.48,Cheque,BRAC Bank,ENT-20240325-00939
PO-202403-0156,2024-03-25,VND003,Shanti Enterprises,INV-20240325-4516,Men T-Shirt,PRD0026,Fashion Apparel,CAT001,747.81,99,74033.19,12885.43,61147.76,3475.83,57671.93,1010.06,2024,3,25,56661.87,46607.1,Bank Transfer,Nagad,ENT-20240325-00156
PO-202403-0103,2024-03-25,VND002,Kazi Tea IND Ltd.,INV-20240325-4616,Kids Dress,PRD0067,Fashion Apparel,CAT001,1707.94,35,59777.9,17211.34,42566.56,3544.58,39021.98,1639.95,2024,3,25,37382.03,6572.28,Cheque,Nagad,ENT-20240325-00103
PO-202403-0114,2024-03-24,VND005,Yello Energy Co.,INV-20240324-1792,Hair Spray,PRD0071,Cosmetics,CAT002,1703.41,70,119238.7,26460.82,92777.88,961.77,91816.11,6991.32,2024,3,24,84824.79,866.22,Cash,,ENT-20240324-00114
PO-202403-0740,2024-03-24,VND005,Yello Energy Co.,INV-20240324-4549,Body Oil,PRD0059,Cosmetics,CAT002,2253.09,11,24783.99,1494.54,23289.45,447.83,22841.62,3352.46,2024,3,24,19489.16,12657.09,Nagad,,ENT-20240324-00740
PO-202403-1109,2024-03-24,VND001,Creative Corporation,INV-20240324-4050,Women's Saree,PRD0072,Fashion Apparel,CAT001,4683.45,48,224805.6,5409.76,219395.84,2960.93,216434.91,17913.73,2024,3,24,198521.18,90259.6,Bkash,,ENT-20240324-01109
PO-202403-0843,2024-03-23,VND001,Creative Corporation,INV-20240323-1510,Body Spray,PRD0001,Cosmetics,CAT002,112.04,3,336.12,61.72,274.4,3.93,270.47,1.72,2024,3,23,268.75,45.74,Bank Transfer,BRAC Bank,ENT-20240323-00843
PO-202403-0466,2024-03-23,VND001,Creative Corporation,INV-20240323-6805,Kids T-Shirt,PRD0006,Fashion Apparel,CAT001,4544.48,77,349924.96,53912.17,296012.79,23812.63,272200.16,17540.36,2024,3,23,254659.8,11989.36,Bank Transfer,Rupali Bank,ENT-20240323-00466
PO-202403-1589,2024-03-23,VND002,Kazi Tea IND Ltd.,INV-20240323-9654,Hair Spray,PRD0071,Cosmetics,CAT002,4718.18,86,405763.48,39205.98,366557.5,30615.74,335941.76,40853.14,2024,3,23,295088.62,275253.12,Bkash,,ENT-20240323-01589
PO-202403-0087,2024-03-22,VND001,Creative Corporation,INV-20240322-6221,Women's Nightwear,PRD0003,Fashion Apparel,CAT001,146.53,25,3663.25,780.42,2882.83,148.08,2734.75,92.84,2024,3,22,2641.91,2165.96,Bank Transfer,Bkash,ENT-20240322-00087
PO-202403-0854,2024-03-22,VND004,Organic Solutions,INV-20240322-5269,Makeup Kit,PRD0056,Cosmetics,CAT002,4991.9,29,144765.1,5143.57,139621.53,2701.52,136920.01,15905.6,2024,3,22,121014.41,9080.75,Bkash,,ENT-20240322-00854
PO-202403-0974,2024-03-21,VND007,Style Mart Brand,INV-20240321-9095,Gloves,PRD0023,Hygiene Products,CAT004,3739.75,58,216905.5,20931.94,195973.56,18483.68,177489.88,17886.36,2024,3,21,159603.52,41720.51,Nagad,,ENT-20240321-00974
PO-202403-0498,2024-03-21,VND001,Creative Corporation,INV-20240321-3520,Face Scrub,PRD0062,Hygiene Products,CAT004,1568.94,77,120808.38,12281.46,108526.92,8675.26,99851.66,2630.71,2024,3,21,97220.95,90823.64,Bkash,,ENT-20240321-00498
PO-202403-1621,2024-03-21,VND004,Organic Solutions,INV-20240321-2310,Men's Nightwear,PRD0048,Fashion Apparel,CAT001,1389.13,30,41673.9,10274.19,31399.71,3056.99,28342.72,2626.13,2024,3,21,25716.59,13592.24,Bkash,,ENT-20240321-01621
PO-202403-1124,2024-03-20,VND002,Kazi Tea IND Ltd.,INV-20240320-7471,Women's Nightwear,PRD0003,Fashion Apparel,CAT001,2037.46,18,36674.28,771.14,35903.14,1147.97,34755.17,3407.27,2024,3,20,31347.9,13478.24,Nagad,,ENT-20240320-01124
PO-202403-0995,2024-03-19,VND006,Sun Corporation Ltd.,INV-20240319-1339,Beard Oil,PRD0049,Cosmetics,CAT002,4804.35,56,269043.6,77422.64,191620.96,10636.33,180984.63,21055.9,2024,3,19,159928.73,74398.01,Bkash,,ENT-20240319-00995
PO-202403-1867,2024-03-19,VND003,Shanti Enterprises,INV-20240319-7524,Women's Leggings,PRD0079,Fashion Apparel,CAT001,1399.49,51,71373.99,11499.58,59874.41,4873.9,55000.51,4443.72,2024,3,19,50556.79,3263.18,Bank Transfer,BRAC Bank,ENT-20240319-01867
PO-202403-1171,2024-03-19,VND003,Shanti Enterprises,INV-20240319-9319,Hair Mask,PRD0021,Cosmetics,CAT002,3216.87,9,28951.83,6505.73,22446.1,2148.54,20297.56,1505.65,2024,3,19,18791.91,7493.06,Cheque,Dutch Bangla Bank,ENT-20240319-01171
PO-202403-0256,2024-03-18,VND004,Organic Solutions,INV-20240318-5529,Underarm Whitening Cream,PRD0050,Cosmetics,CAT002,3154.34,64,201877.76,27378.49,174499.27,5132.09,169367.18,20940.52,2024,3,18,148426.66,167.28,Cash,,ENT-20240318-00256
PO-202403-0436,2024-03-17,VND006,Sun Corporation Ltd.,INV-20240317-5777,Underarm Whitening Cream,PRD0050,Cosmetics,CAT002,4576.14,81,370667.34,1978.9,368688.44,19333.8,349354.64,17587.68,2024,3,17,331766.96,19996.57,Cheque,Bkash,ENT-20240317-00436
PO-202403-0920,2024-03-16,VND004,Organic Solutions,INV-20240316-2135,Face Toner,PRD0033,Hygiene Products,CAT004,1220.69,64,78124.16,18387.31,59736.85,5683.93,54052.92,3270.97,2024,3,16,50781.95,11867.29,Cash,,ENT-20240316-00920
PO-202403-0789,2024-03-16,VND004,Organic Solutions,INV-20240316-4483,Lipstick,PRD0061,Cosmetics,CAT002,2483.21,32,79462.72,20949.95,58512.77,908.0,57604.77,8384.93,2024,3,16,49219.84,27444.73,Cheque,Janata Bank,ENT-20240316-00789
PO-202403-0892,2024-03-16,VND004,Organic Solutions,INV-20240316-7654,Shaving Cream,PRD0066,Cosmetics,CAT002,1766.34,82,144839.88,15787.69,129052.19,8265.37,120786.82,2593.86,2024,3,16,118192.96,117560.05,Cash,,ENT-20240316-00892
PO-202403-1924,2024-03-15,VND005,Yello Energy Co.,INV-20240315-4582,Face Wash,PRD0022,Hygiene Products,CAT004,4611.87,28,129132.36,3458.22,125674.14,9163.4,116510.74,8196.95,2024,3,15,108313.79,81576.9,Cash,,ENT-20240315-01924
PO-202403-0801,2024-03-15,VND007,Style Mart Brand,INV-20240315-3439,Makeup Kit,PRD0056,Cosmetics,CAT002,2009.5,32,64304.0,557.55,63746.45,204.42,63542.03,4462.08,2024,3,15,59079.95,34078.75,Cash,,ENT-20240315-00801
PO-202403-1699,2024-03-15,VND006,Sun Corporation Ltd.,INV-20240315-2021,Jacket,PRD0008,Fashion Apparel,CAT001,930.17,2,1860.34,96.8,1763.54,169.36,1594.18,87.86,2024,3,15,1506.32,594.93,Cash,,ENT-20240315-01699
PO-202403-1364,2024-03-14,VND001,Creative Corporation,INV-20240314-2130,Toothbrush,PRD0017,Hygiene Products,CAT004,4367.02,68,296957.36,88389.02,208568.34,9867.23,198701.11,16648.52,2024,3,14,182052.59,164089.87,Cheque,Nagad,ENT-20240314-01364
PO-202403-1672,2024-03-14,VND002,Kazi Tea IND Ltd.,INV-20240314-3922,Hair Conditioner,PRD0039,Hygiene Products,CAT004,2300.08,95,218507.6,15133.11,203374.49,8318.93,195055.56,10858.76,2024,3,14,184196.8,96650.38,Bank Transfer,Bkash,ENT-20240314-01672
PO-202403-1129,2024-03-13,VND001,Creative Corporation,INV-20240313-3804,Underarm Whitening Cream,PRD0050,Cosmetics,CAT002,3279.31,12,39351.72,9773.18,29578.54,1645.54,27933.0,2904.79,2024,3,13,25028.21,24166.47,Cash,,ENT-20240313-01129
PO-202403-1777,2024-03-13,VND001,Creative Corporation,INV-20240313-4212,Women's Top,PRD0005,Fashion Apparel,CAT001,3488.67,9,31398.03,7733.04,23664.99,742.72,22922.27,1261.35,2024,3,13,21660.92,20908.22,Cash,,ENT-20240313-01777
PO-202403-1343,2024-03-13,VND003,Shanti Enterprises,INV-20240313-9896,Hair Gel,PRD0077,Hygiene Products,CAT004,2056.59,69,141904.71,29122.76,112781.95,5738.15,107043.8,196.0,2024,3,13,106847.8,67369.42,Cash,,ENT-20240313-01343
PO-202403-0777,2024-03-13,VND006,Sun Corporation Ltd.,INV-20240313-5779,Sanitary Napkins,PRD0030,Hygiene Products,CAT004,1050.58,24,25213.92,4243.34,20970.58,1553.37,19417.21,872.01,2024,3,13,18545.2,5512.8,Nagad,,ENT-20240313-00777
PO-202403-0766,2024-03-12,VND005,Yello Energy Co.,INV-20240312-7082,Belt,PRD0002,Accessories,CAT003,1896.39,29,54995.31,3995.06,51000.25,3787.68,47212.57,4689.77,2024,3,12,42522.8,2137.97,Cash,,ENT-20240312-00766
PO-202403-1141,2024-03-11,VND003,Shanti Enterprises,INV-20240311-8588,Hoodie,PRD0075,Fashion Apparel,CAT001,515.65,12,6187.8,272.4,5915.4,555.0,5360.4,757.4,2024,3,11,4603.0,889.99,Cheque,City Bank,ENT-20240311-01141
PO-202403-0954,2024-03-11,VND007,Style Mart Brand,INV-20240311-2330,Body Scrub,PRD0047,Hygiene Products,CAT004,3470.31,90,312327.9,56792.16,255535.74,11756.9,243778.84,4517.2,2024,3,11,239261.64,212616.25,Bkash,,ENT-20240311-00954
PO-202403-1039,2024-03-11,VND005,Yello Energy Co.,INV-20240311-5501,Perfume,PRD0014,Cosmetics,CAT002,3159.78,85,268581.3,55364.17,213217.13,6392.96,206824.17,12772.83,2024,3,11,194051.34,155841.68,Bkash,,ENT-20240311-01039
PO-202403-0699,2024-03-10,VND006,Sun Corporation Ltd.,INV-20240310-9986,Handbag,PRD0020,Accessories,CAT003,3703.65,73,270366.45,61536.76,208829.69,14642.6,194187.09,13575.57,2024,3,10,180611.52,104767.2,Bkash,,ENT-20240310-00699
PO-202403-0874,2024-03-10,VND003,Shanti Enterprises,INV-20240310-1204,Belt,PRD0002,Accessories,CAT003,2674.21,36,96271.56,20665.21,75606.35,1838.07,73768.28,8252.07,2024,3,10,65516.21,9128.57,Cheque,Sonali Bank,ENT-20240310-00874
PO-202403-0185,2024-03-10,VND007,Style Mart Brand,INV-20240310-2003,Face Cream,PRD0034,Cosmetics,CAT002,2731.49,84,229445.16,35543.41,193901.75,3575.99,190325.76,14708.37,2024,3,10,175617.39,77791.33,Cash,,ENT-20240310-00185
PO-202403-1950,2024-03-09,VND001,Creative Corporation,INV-20240309-7449,Umbrella,PRD0060,Accessories,CAT003,979.07,21,20560.47,1057.1,19503.37,1766.33,17737.04,1330.63,2024,3,9,16406.41,8070.44,Bank Transfer,City Bank,ENT-20240309-01950
PO-202403-0471,2024-03-09,VND005,Yello Energy Co.,INV-20240309-2018,Makeup Kit,PRD0056,Cosmetics,CAT002,1222.7,61,74584.7,18430.79,56153.91,2563.39,53590.52,4654.62,2024,3,9,48935.9,25764.84,Cheque,Rupali Bank,ENT-20240309-00471
PO-202403-1680,2024-03-08,VND003,Shanti Enterprises,INV-20240308-7666,Women's Skirt,PRD0046,Fashion Apparel,CAT001,1151.74,87,100201.38,20768.45,79432.93,1531.74,77901.19,6650.08,2024,3,8,71251.11,2913.03,Bank Transfer,Nagad,ENT-20240308-01680
PO-202403-0397,2024-03-08,VND004,Organic Solutions,INV-20240308-2752,Men's Innerwear,PRD0015,Fashion Apparel,CAT001,3939.87,77,303369.99,70599.91,232770.08,19194.41,213575.67,12662.57,2024,3,8,200913.1,146270.8,Bank Transfer,Dutch Bangla Bank,ENT-20240308-00397
PO-202403-1484,2024-03-07,VND004,Organic Solutions,INV-20240307-9262,Men T-Shirt,PRD0026,Fashion Apparel,CAT001,595.01,39,23205.39,3697.75,19507.64,1887.18,17620.46,1902.38,2024,3,7,15718.08,2159.3,Cheque,Bkash,ENT-20240307-01484
PO-202403-0825,2024-03-07,VND002,Kazi Tea IND Ltd.,INV-20240307-5712,Hair Gel,PRD0077,Hygiene Products,CAT004,2348.16,63,147934.08,22931.38,125002.7,7089.47,117913.23,17067.43,2024,3,7,100845.8,36790.26,Bkash,,ENT-20240307-00825
PO-202403-1598,2024-03-07,VND004,Organic Solutions,INV-20240307-5512,Jacket,PRD0008,Fashion Apparel,CAT001,3311.39,84,278156.76,42273.32,235883.44,17754.88,218128.56,13187.68,2024,3,7,204940.88,27512.15,Bank Transfer,Sonali Bank,ENT-20240307-01598
PO-202403-0555,2024-03-06,VND005,Yello Energy Co.,INV-20240306-2195,Hair Accessories,PRD0029,Hygiene Products,CAT004,1258.23,39,49070.97,9777.18,39293.79,842.71,38451.08,5741.18,2024,3,6,32709.9,2348.89,Bkash,,ENT-20240306-00555
PO-202403-0555,2024-03-06,VND005,Yello Energy Co.,INV-20240306-2195,Hair Accessories,PRD0029,Hygiene Products,CAT004,6745.8,341,2300317.8,230031.78,2070286.02,103514.3,1966771.72,98338.59,2024,3,6,1868433.13,549629.37,Bkash,,ENT-20240306-00555
PO-202403-1022,2024-03-06,VND002,Kazi Tea IND Ltd.,INV-20240306-9629,Men's Nightwear,PRD0048,Fashion Apparel,CAT001,2403.37,94,225916.78,8535.73,217381.05,317.38,217063.67,11753.99,2024,3,6,205309.68,176118.28,Nagad,,ENT-20240306-01022
PO-202403-0554,2024-03-05,VND007,Style Mart Brand,INV-20240305-1723,Diapers,PRD0024,Hygiene Products,CAT004,3389.31,43,145740.33,18938.62,126801.71,2041.96,124759.75,1817.47,2024,3,5,122942.28,26315.09,Nagad,,ENT-20240305-00554
PO-202403-0600,2024-03-05,VND004,Organic Solutions,INV-20240305-2319,Women's Skirt,PRD0046,Fashion Apparel,CAT001,1741.9,93,161996.7,34470.72,127525.98,10747.66,116778.32,9221.66,2024,3,5,107556.66,38103.59,Nagad,,ENT-20240305-00600
PO-202403-0435,2024-03-05,VND001,Creative Corporation,INV-20240305-8021,Backpack,PRD0038,Hygiene Products,CAT004,3221.68,27,86985.36,12350.27,74635.09,4225.83,70409.26,8725.85,2024,3,5,61683.41,18954.02,Nagad,,ENT-20240305-00435
PO-202403-1200,2024-03-05,VND004,Organic Solutions,INV-20240305-7053,Gloves,PRD0023,Hygiene Products,CAT004,1971.05,82,161626.1,46455.71,115170.39,6750.24,108420.15,11228.7,2024,3,5,97191.45,93917.81,Cheque,City Bank,ENT-20240305-01200
PO-202403-1353,2024-03-04,VND006,Sun Corporation Ltd.,INV-20240304-1554,Jacket,PRD0008,Fashion Apparel,CAT001,4957.7,35,173519.5,38953.58,134565.92,7821.88,126744.04,17475.3,2024,3,4,109268.74,51352.01,Cash,,ENT-20240304-01353
PO-202403-0190,2024-03-04,VND003,Shanti Enterprises,INV-20240304-4717,Shaving Cream,PRD0066,Cosmetics,CAT002,2880.76,99,285195.24,57961.4,227233.84,18485.74,208748.1,4222.36,2024,3,4,204525.74,168035.3,Cheque,Janata Bank,ENT-20240304-00190
PO-202403-1454,2024-03-04,VND002,Kazi Tea IND Ltd.,INV-20240304-1406,Nail Polish,PRD0055,Cosmetics,CAT002,2753.24,72,198233.28,43888.29,154344.99,7322.48,147022.51,20983.47,2024,3,4,126039.04,60798.57,Bank Transfer,Rupali Bank,ENT-20240304-01454
PO-202403-1206,2024-03-04,VND004,Organic Solutions,INV-20240304-5538,Women's Leggings,PRD0079,Fashion Apparel,CAT001,1928.98,40,77159.2,5909.13,71250.07,350.48,70899.59,1594.06,2024,3,4,69305.53,59833.63,Bkash,,ENT-20240304-01206
PO-202403-1890,2024-03-03,VND006,Sun Corporation Ltd.,INV-20240303-9844,Belt,PRD0002,Accessories,CAT003,2240.58,56,125472.48,28628.89,96843.59,9205.61,87637.98,4589.35,2024,3,3,83048.63,8276.95,Bank Transfer,City Bank,ENT-20240303-01890
PO-202403-0146,2024-03-03,VND005,Yello Energy Co.,INV-20240303-8846,Compact Powder,PRD0042,Cosmetics,CAT002,2601.11,80,208088.8,6733.44,201355.36,5368.67,195986.69,19866.64,2024,3,3,176120.05,12916.48,Bank Transfer,BRAC Bank,ENT-20240303-00146
PO-202403-0270,2024-03-03,VND007,Style Mart Brand,INV-20240303-2807,Kids T-Shirt,PRD0006,Fashion Apparel,CAT001,1190.46,50,59523.0,2034.66,57488.34,2356.27,55132.07,5147.37,2024,3,3,49984.7,5765.83,Bkash,,ENT-20240303-00270
PO-202403-0738,2024-03-03,VND006,Sun Corporation Ltd.,INV-20240303-2600,Women's Leggings,PRD0079,Fashion Apparel,CAT001,1571.96,10,15719.6,3435.49,12284.11,815.0,11469.11,602.88,2024,3,3,10866.23,5918.73,Cash,,ENT-20240303-00738
PO-202403-1010,2024-03-02,VND005,Yello Energy Co.,INV-20240302-4227,Luggage,PRD0045,Hygiene Products,CAT004,1633.11,8,13064.88,3589.87,9475.01,47.0,9428.01,1310.6,2024,3,2,8117.41,3663.47,Nagad,,ENT-20240302-01010
PO-202403-1785,2024-03-02,VND004,Organic Solutions,INV-20240302-8565,Hand Sanitizer,PRD0004,Hygiene Products,CAT004,2165.47,85,184064.95,8923.96,175140.99,3478.13,171662.86,21573.12,2024,3,2,150089.74,94120.17,Nagad,,ENT-20240302-01785
PO-202403-1057,2024-03-02,VND001,Creative Corporation,INV-20240302-8407,Hair Conditioner,PRD0039,Hygiene Products,CAT004,1929.7,39,75258.3,15807.88,59450.42,2804.65,56645.77,7542.21,2024,3,2,49103.56,44597.29,Cheque,Rupali Bank,ENT-20240302-01057
PO-202403-1749,2024-03-02,VND005,Yello Energy Co.,INV-20240302-6900,Hair Conditioner,PRD0039,Hygiene Products,CAT004,2292.84,87,199477.08,942.8,198534.28,12675.41,185858.87,11412.6,2024,3,2,174446.27,5742.32,Cash,,ENT-20240302-01749
PO-202403-0966,2024-03-01,VND007,Style Mart Brand,INV-20240301-8182,Shampoo,PRD0007,Hygiene Products,CAT004,9611.4,369,3546606.6,354660.66,3191945.94,159597.3,3032348.64,151617.43,2024,3,1,2880731.21,1130439.25,Bkash,,ENT-20240301-00966
PO-202403-0966,2024-03-01,VND007,Style Mart Brand,INV-20240301-8182,Shampoo,PRD0007,Hygiene Products,CAT004,1768.54,1,1768.54,169.02,1599.52,14.34,1585.18,20.82,2024,3,1,1564.36,827.46,Bkash,,ENT-20240301-00966
PO-202403-0690,2024-03-01,VND005,Yello Energy Co.,INV-20240301-4995,Nail Polish,PRD0055,Cosmetics,CAT002,1157.36,8,9258.88,1907.69,7351.19,253.67,7097.52,768.34,2024,3,1,6329.18,2781.45,Bank Transfer,Sonali Bank,ENT-20240301-00690
PO-202403-1968,2024-03-01,VND006,Sun Corporation Ltd.,INV-20240301-3256,Lipstick,PRD0061,Cosmetics,CAT002,4634.93,94,435683.42,13317.61,422365.81,19685.47,402680.34,544.01,2024,3,1,402136.33,392066.08,Nagad,,ENT-20240301-01968
PO-202402-1346,2024-02-29,VND005,Yello Energy Co.,INV-20240229-8838,Gloves,PRD0023,Hygiene Products,CAT004,3547.15,56,198640.4,45388.6,153251.8,12693.3,140558.5,20713.83,2024,2,29,119844.67,101233.58,Bank Transfer,Janata Bank,ENT-20240229-01346
PO-202402-0720,2024-02-29,VND005,Yello Energy Co.,INV-20240229-3563,Lipstick,PRD0061,Cosmetics,CAT002,4090.69,51,208625.19,3099.67,205525.52,5717.02,199808.5,22718.05,2024,2,29,177090.45,9028.08,Cheque,Nagad,ENT-20240229-00720
PO-202402-1898,2024-02-29,VND006,Sun Corporation Ltd.,INV-20240229-7487,Lipstick,PRD0061,Cosmetics,CAT002,4706.63,24,112959.12,25029.61,87929.51,4244.25,83685.26,569.78,2024,2,29,83115.48,73342.67,Cheque,Janata Bank,ENT-20240229-01898
PO-202402-1954,2024-02-29,VND004,Organic Solutions,INV-20240229-7497,Hair Gel,PRD0077,Hygiene Products,CAT004,4671.67,35,163508.45,7497.02,156011.43,723.0,155288.43,7363.08,2024,2,29,147925.35,74374.32,Cash,,ENT-20240229-01954
PO-202402-1897,2024-02-28,VND005,Yello Energy Co.,INV-20240228-5147,Footwear,PRD0065,Hygiene Products,CAT004,4140.87,38,157353.06,27547.51,129805.55,10864.29,118941.26,4134.57,2024,2,28,114806.69,56862.94,Bkash,,ENT-20240228-01897
PO-202402-0590,2024-02-28,VND004,Organic Solutions,INV-20240228-8280,Belt,PRD0002,Accessories,CAT003,948.3,55,52156.5,13463.9,38692.6,1004.63,37687.97,5642.46,2024,2,28,32045.51,25755.62,Bkash,,ENT-20240228-00590
PO-202402-1104,2024-02-28,VND003,Shanti Enterprises,INV-20240228-4641,Footwear,PRD0065,Hygiene Products,CAT004,986.49,46,45378.54,4991.65,40386.89,3331.55,37055.34,3904.25,2024,2,28,33151.09,30669.92,Cheque,Janata Bank,ENT-20240228-01104
PO-202402-1569,2024-02-27,VND002,Kazi Tea IND Ltd.,INV-20240227-2328,Watch,PRD0043,Accessories,CAT003,319.56,20,6391.2,1675.64,4715.56,162.48,4553.08,549.11,2024,2,27,4003.97,2422.89,Bkash,,ENT-20240227-01569
PO-202402-1263,2024-02-27,VND002,Kazi Tea IND Ltd.,INV-20240227-9731,Sunglasses,PRD0027,Accessories,CAT003,2468.18,31,76513.58,10815.71,65697.87,1846.5,63851.37,8038.69,2024,2,27,55812.68,24715.3,Bkash,,ENT-20240227-01263
PO-202402-0353,2024-02-27,VND004,Organic Solutions,INV-20240227-9959,Nail Polish,PRD0055,Cosmetics,CAT002,2045.36,11,22498.96,2641.75,19857.21,579.35,19277.86,2470.29,2024,2,27,16807.57,14200.2,Bank Transfer,Janata Bank,ENT-20240227-00353
PO-202402-1365,2024-02-27,VND004,Organic Solutions,INV-20240227-1788,Face Mask,PRD0054,Cosmetics,CAT002,210.04,95,19953.8,3182.82,16770.98,657.11,16113.87,294.95,2024,2,27,15818.92,6913.74,Nagad,,ENT-20240227-01365
PO-202402-1356,2024-02-26,VND005,Yello Energy Co.,INV-20240226-8021,Makeup Remover,PRD0032,Cosmetics,CAT002,148.94,83,12362.02,3038.15,9323.87,270.35,9053.52,62.76,2024,2,26,8990.76,3918.09,Cheque,Bkash,ENT-20240226-01356
PO-202402-0266,2024-02-25,VND007,Style Mart Brand,INV-20240225-4815,Makeup Kit,PRD0056,Cosmetics,CAT002,2555.83,83,212133.89,56309.58,155824.31,4262.9,151561.41,9814.42,2024,2,25,141746.99,39302.72,Cheque,Janata Bank,ENT-20240225-00266
PO-202402-1033,2024-02-25,VND006,Sun Corporation Ltd.,INV-20240225-9066,Body Spray,PRD0001,Cosmetics,CAT002,277.48,47,13041.56,3653.32,9388.24,492.76,8895.48,744.18,2024,2,25,8151.3,5899.27,Bank Transfer,Nagad,ENT-20240225-01033
PO-202402-0235,2024-02-24,VND004,Organic Solutions,INV-20240224-5759,Compact Powder,PRD0042,Cosmetics,CAT002,1171.63,71,83185.73,3525.24,79660.49,4828.0,74832.49,1363.34,2024,2,24,73469.15,46103.0,Bkash,,ENT-20240224-00235
PO-202402-1945,2024-02-23,VND006,Sun Corporation Ltd.,INV-20240223-9890,Hat,PRD0019,Accessories,CAT003,2056.11,85,174769.35,26008.75,148760.6,7445.82,141314.78,16095.6,2024,2,23,125219.18,2863.25,Cheque,Janata Bank,ENT-20240223-01945
PO-202402-1331,2024-02-23,VND003,Shanti Enterprises,INV-20240223-8011,Hair Serum,PRD0011,Cosmetics,CAT002,1209.39,7,8465.73,1852.63,6613.1,89.3,6523.8,21.1,2024,2,23,6502.7,6331.14,Cash,,ENT-20240223-01331
PO-202402-1686,2024-02-23,VND007,Style Mart Brand,INV-20240223-5671,Hoodie,PRD0075,Fashion Apparel,CAT001,4450.86,29,129074.94,35136.2,93938.74,733.68,93205.06,8670.61,2024,2,23,84534.45,26891.66,Nagad,,ENT-20240223-01686
PO-202402-1370,2024-02-22,VND003,Shanti Enterprises,INV-20240222-2994,Hair Conditioner,PRD0039,Hygiene Products,CAT004,1012.13,35,35424.55,1767.68,33656.87,3239.24,30417.63,2768.72,2024,2,22,27648.91,6947.1,Cash,,ENT-20240222-01370
PO-202402-1487,2024-02-21,VND006,Sun Corporation Ltd.,INV-20240221-1801,Kids T-Shirt,PRD0006,Fashion Apparel,CAT001,2720.2,7,19041.4,1315.89,17725.51,1665.38,16060.13,1036.28,2024,2,21,15023.85,8584.7,Cash,,ENT-20240221-01487
PO-202402-0770,2024-02-21,VND005,Yello Energy Co.,INV-20240221-2990,Backpack,PRD0038,Hygiene Products,CAT004,844.84,57,48155.88,5843.77,42312.11,4050.7,38261.41,703.64,2024,2,21,37557.77,8728.56,Cheque,Dutch Bangla Bank,ENT-20240221-00770
PO-202402-0857,2024-02-21,VND001,Creative Corporation,INV-20240221-2897,Beard Oil,PRD0049,Cosmetics,CAT002,1224.67,73,89400.91,26336.51,63064.4,3112.59,59951.81,8515.83,2024,2,21,51435.98,16921.53,Bkash,,ENT-20240221-00857
PO-202402-0749,2024-02-21,VND003,Shanti Enterprises,INV-20240221-6340,Hair Spray,PRD0071,Cosmetics,CAT002,2084.13,25,52103.25,6555.61,45547.64,753.75,44793.89,3043.04,2024,2,21,41750.85,135.2,Bank Transfer,City Bank,ENT-20240221-00749
PO-202402-1380,2024-02-21,VND005,Yello Energy Co.,INV-20240221-6640,Shampoo,PRD0007,Hygiene Products,CAT004,942.38,37,34868.06,2210.62,32657.44,2702.72,29954.72,2824.96,2024,2,21,27129.76,11217.15,Cheque,Bkash,ENT-20240221-01380
PO-202402-1243,2024-02-20,VND004,Organic Solutions,INV-20240220-9640,After Sun Lotion,PRD0074,Cosmetics,CAT002,4709.87,31,146005.97,10444.67,135561.3,349.34,135211.96,16027.97,2024,2,20,119183.99,67442.21,Nagad,,ENT-20240220-01243
PO-202402-0610,2024-02-20,VND003,Shanti Enterprises,INV-20240220-1351,Personal Toys,PRD0040,Hygiene Products,CAT004,4894.39,42,205564.38,31753.02,173811.36,12750.84,161060.52,16461.46,2024,2,20,144599.06,33418.5,Cash,,ENT-20240220-00610
PO-202402-1740,2024-02-20,VND001,Creative Corporation,INV-20240220-4297,Mouthwash,PRD0025,Hygiene Products,CAT004,232.12,87,20194.44,3679.27,16515.17,126.85,16388.32,814.59,2024,2,20,15573.73,5774.9,Nagad,,ENT-20240220-01740
PO-202402-1246,2024-02-19,VND005,Yello Energy Co.,INV-20240219-4750,Men Polo Shirt,PRD0080,Fashion Apparel,CAT001,5615.97,325,1825190.25,182519.03,1642671.22,82133.56,1560537.66,78026.88,2024,2,19,1482510.78,539893.49,Cash,,ENT-20240219-01246
PO-202402-1850,2024-02-19,VND005,Yello Energy Co.,INV-20240219-3357,Handbag,PRD0020,Accessories,CAT003,4302.31,60,258138.6,18117.49,240021.11,13302.7,226718.41,7411.84,2024,2,19,219306.57,172834.99,Bkash,,ENT-20240219-01850
PO-202402-0226,2024-02-19,VND001,Creative Corporation,INV-20240219-9255,Makeup Kit,PRD0056,Cosmetics,CAT002,1438.06,8,11504.48,1858.16,9646.32,360.94,9285.38,942.45,2024,2,19,8342.93,4169.22,Nagad,,ENT-20240219-00226
PO-202402-0817,2024-02-19,VND005,Yello Energy Co.,INV-20240219-8179,Hat,PRD0019,Accessories,CAT003,1317.31,99,130413.69,4854.45,125559.24,3288.82,122270.42,17025.91,2024,2,19,105244.51,91346.55,Bank Transfer,Rupali Bank,ENT-20240219-00817
PO-202402-1322,2024-02-19,VND005,Yello Energy Co.,INV-20240219-6007,Women's Saree,PRD0072,Fashion Apparel,CAT001,1324.45,88,116551.6,15963.99,100587.61,1642.61,98945.0,10496.13,2024,2,19,88448.87,36110.46,Bkash,,ENT-20240219-01322
PO-202402-1992,2024-02-19,VND002,Kazi Tea IND Ltd.,INV-20240219-8835,Nail Polish,PRD0055,Cosmetics,CAT002,2890.3,3,8670.9,2433.94,6236.96,477.64,5759.32,511.42,2024,2,19,5247.9,1145.06,Bank Transfer,Janata Bank,ENT-20240219-01992
PO-202402-1246,2024-02-19,VND005,Yello Energy Co.,INV-20240219-4750,Men Polo Shirt,PRD0080,Fashion Apparel,CAT001,4543.13,1,4543.13,789.96,3753.17,94.61,3658.56,468.72,2024,2,19,3189.84,2720.66,Cash,,ENT-20240219-01246
PO-202402-0376,2024-02-18,VND003,Shanti Enterprises,INV-20240218-7123,Body Spray,PRD0001,Cosmetics,CAT002,1160.96,16,18575.36,5295.88,13279.48,1319.97,11959.51,1282.24,2024,2,18,10677.27,217.16,Bank Transfer,Rupali Bank,ENT-20240218-00376
PO-202402-0750,2024-02-18,VND005,Yello Energy Co.,INV-20240218-2658,Hair Accessories,PRD0029,Hygiene Products,CAT004,438.23,92,40317.16,8371.19,31945.97,861.06,31084.91,1230.91,2024,2,18,29854.0,6640.75,Bkash,,ENT-20240218-00750
PO-202402-0122,2024-02-17,VND007,Style Mart Brand,INV-20240217-1742,Foot Care Cream,PRD0041,Cosmetics,CAT002,4165.31,27,112463.37,26005.12,86458.25,6266.01,80192.24,6683.24,2024,2,17,73509.0,7712.91,Bank Transfer,Janata Bank,ENT-20240217-00122
PO-202402-0160,2024-02-16,VND003,Shanti Enterprises,INV-20240216-5480,Diapers,PRD0024,Hygiene Products,CAT004,3254.75,65,211558.75,51905.23,159653.52,5643.12,154010.4,8993.92,2024,2,16,145016.48,78221.74,Cheque,City Bank,ENT-20240216-00160
PO-202402-1489,2024-02-16,VND005,Yello Energy Co.,INV-20240216-2166,Face Toner,PRD0033,Hygiene Products,CAT004,80.86,75,6064.5,991.13,5073.37,179.56,4893.81,184.41,2024,2,16,4709.4,3680.17,Bank Transfer,City Bank,ENT-20240216-01489
PO-202402-1985,2024-02-15,VND002,Kazi Tea IND Ltd.,INV-20240215-5585,Personal Lubricant,PRD0070,Hygiene Products,CAT004,4772.74,7,33409.18,4447.57,28961.61,211.15,28750.46,4088.77,2024,2,15,24661.69,12080.39,Cash,,ENT-20240215-01985
PO-202402-0425,2024-02-14,VND004,Organic Solutions,INV-20240214-1463,Men Jeans,PRD0078,Fashion Apparel,CAT001,1358.21,17,23089.57,1605.38,21484.19,64.2,21419.99,1208.57,2024,2,14,20211.42,5178.62,Nagad,,ENT-20240214-00425
PO-202402-1047,2024-02-14,VND005,Yello Energy Co.,INV-20240214-2478,Scarf,PRD0076,Accessories,CAT003,2663.76,81,215764.56,1985.48,213779.08,13997.69,199781.39,12566.23,2024,2,14,187215.16,105657.45,Nagad,,ENT-20240214-01047
PO-202402-1176,2024-02-14,VND006,Sun Corporation Ltd.,INV-20240214-1360,Kids Dress,PRD0067,Fashion Apparel,CAT001,2809.1,41,115173.1,13300.2,101872.9,7483.56,94389.34,3420.31,2024,2,14,90969.03,806.09,Bkash,,ENT-20240214-01176
PO-202402-1368,2024-02-14,VND003,Shanti Enterprises,INV-20240214-7479,Wallet,PRD0051,Accessories,CAT003,3146.51,6,18879.06,4644.46,14234.6,1106.37,13128.23,462.05,2024,2,14,12666.18,1778.24,Cash,,ENT-20240214-01368
PO-202402-1511,2024-02-13,VND005,Yello Energy Co.,INV-20240213-7663,Wallet,PRD0051,Accessories,CAT003,3716.45,87,323331.15,61453.82,261877.33,15321.53,246555.8,32378.5,2024,2,13,214177.3,150814.4,Cash,,ENT-20240213-01511
PO-202402-0913,2024-02-13,VND004,Organic Solutions,INV-20240213-5347,Hair Removal Cream,PRD0018,Cosmetics,CAT002,2908.46,16,46535.36,4902.97,41632.39,909.77,40722.62,4749.81,2024,2,13,35972.81,8353.93,Cheque,BRAC Bank,ENT-20240213-00913
PO-202402-0646,2024-02-13,VND006,Sun Corporation Ltd.,INV-20240213-9273,Belt,PRD0002,Accessories,CAT003,7688.05,369,2836890.45,283689.05,2553201.4,127660.07,2425541.33,121277.07,2024,2,13,2304264.26,164918.0,Nagad,,ENT-20240213-00646
PO-202402-0646,2024-02-13,VND006,Sun Corporation Ltd.,INV-20240213-9273,Belt,PRD0002,Accessories,CAT003,3274.32,71,232476.72,46901.54,185575.18,6781.48,178793.7,13440.79,2024,2,13,165352.91,77881.8,Nagad,,ENT-20240213-00646
PO-202402-0505,2024-02-12,VND007,Style Mart Brand,INV-20240212-2935,Men Polo Shirt,PRD0080,Fashion Apparel,CAT001,2168.66,51,110601.66,13235.93,97365.73,2611.94,94753.79,12379.66,2024,2,12,82374.13,20145.24,Cash,,ENT-20240212-00505
PO-202402-1199,2024-02-12,VND001,Creative Corporation,INV-20240212-4557,Body Scrub,PRD0047,Hygiene Products,CAT004,4192.46,23,96426.58,10776.68,85649.9,81.51,85568.39,9536.66,2024,2,12,76031.73,46774.61,Cash,,ENT-20240212-01199
PO-202402-1847,2024-02-12,VND005,Yello Energy Co.,INV-20240212-4428,Makeup Remover,PRD0032,Cosmetics,CAT002,4676.32,59,275902.88,59311.07,216591.81,2703.66,213888.15,9101.65,2024,2,12,204786.5,175465.79,Nagad,,ENT-20240212-01847
PO-202402-1279,2024-02-12,VND004,Organic Solutions,INV-20240212-3061,Watch,PRD0043,Accessories,CAT003,3324.37,87,289220.19,64795.01,224425.18,3044.48,221380.7,30429.69,2024,2,12,190951.01,112022.16,Bkash,,ENT-20240212-01279
PO-202402-1392,2024-02-12,VND003,Shanti Enterprises,INV-20240212-3638,Hair Color,PRD0052,Hygiene Products,CAT004,3136.34,4,12545.36,2174.36,10371.0,960.16,9410.84,1308.0,2024,2,12,8102.84,7528.88,Cheque,Janata Bank,ENT-20240212-01392
PO-202402-0084,2024-02-11,VND002,Kazi Tea IND Ltd.,INV-20240211-3998,Face Serum,PRD0053,Cosmetics,CAT002,3238.91,28,90689.48,12100.61,78588.87,33.19,78555.68,11639.01,2024,2,11,66916.67,17885.55,Nagad,,ENT-20240211-00084
PO-202402-0102,2024-02-11,VND005,Yello Energy Co.,INV-20240211-9968,Hair Straightener,PRD0073,Hygiene Products,CAT004,855.97,83,71045.51,14519.53,56525.98,5349.49,51176.49,3264.61,2024,2,11,47911.88,31678.95,Cash,,ENT-20240211-00102
PO-202402-1403,2024-02-11,VND006,Sun Corporation Ltd.,INV-20240211-5565,Men Jeans,PRD0078,Fashion Apparel,CAT001,2320.96,12,27851.52,5234.17,22617.35,85.04,22532.31,363.19,2024,2,11,22169.12,14329.35,Nagad,,ENT-20240211-01403
PO-202402-0561,2024-02-11,VND003,Shanti Enterprises,INV-20240211-6161,Keychain,PRD0012,Accessories,CAT003,2358.16,67,157996.72,31155.2,126841.52,3971.84,122869.68,5032.78,2024,2,11,117836.9,52444.78,Bank Transfer,Nagad,ENT-20240211-00561
PO-202402-0472,2024-02-10,VND005,Yello Energy Co.,INV-20240210-9672,Face Mask,PRD0054,Cosmetics,CAT002,2227.38,21,46774.98,41.57,46733.41,2771.96,43961.45,3051.59,2024,2,10,40909.86,10815.29,Cash,,ENT-20240210-00472
PO-202402-0674,2024-02-09,VND006,Sun Corporation Ltd.,INV-20240209-4863,Footwear,PRD0065,Hygiene Products,CAT004,4954.58,9,44591.22,9135.84,35455.38,40.23,35415.15,5155.23,2024,2,9,30259.92,27247.66,Bkash,,ENT-20240209-00674
PO-202402-1281,2024-02-09,VND005,Yello Energy Co.,INV-20240209-3883,Body Wash,PRD0058,Hygiene Products,CAT004,4310.34,59,254310.06,4353.75,249956.31,5701.16,244255.15,35738.06,2024,2,9,208517.09,193238.37,Cheque,City Bank,ENT-20240209-01281
PO-202402-0428,2024-02-09,VND002,Kazi Tea IND Ltd.,INV-20240209-2382,Feminine Wash,PRD0028,Hygiene Products,CAT004,1181.36,49,57886.64,8533.98,49352.66,490.08,48862.58,6454.07,2024,2,9,42408.51,17609.05,Bank Transfer,Bkash,ENT-20240209-00428
PO-202402-0861,2024-02-09,VND005,Yello Energy Co.,INV-20240209-4409,Perfume,PRD0014,Cosmetics,CAT002,3235.86,1,3235.86,332.87,2902.99,228.04,2674.95,380.55,2024,2,9,2294.4,1476.14,Bank Transfer,City Bank,ENT-20240209-00861
PO-202402-1593,2024-02-08,VND001,Creative Corporation,INV-20240208-7729,Body Wash,PRD0058,Hygiene Products,CAT004,4208.26,35,147289.1,11677.55,135611.55,11320.14,124291.41,2178.93,2024,2,8,122112.48,3945.08,Cash,,ENT-20240208-01593
PO-202402-0751,2024-02-08,VND001,Creative Corporation,INV-20240208-6013,Foot Care Cream,PRD0041,Cosmetics,CAT002,4568.83,83,379212.89,82568.28,296644.61,10821.86,285822.75,28022.46,2024,2,8,257800.29,86256.44,Nagad,,ENT-20240208-00751
PO-202402-0223,2024-02-08,VND007,Style Mart Brand,INV-20240208-2228,Hair Serum,PRD0011,Cosmetics,CAT002,933.34,29,27066.86,4002.27,23064.59,1490.26,21574.33,3128.78,2024,2,8,18445.55,10243.18,Bkash,,ENT-20240208-00223
PO-202402-1748,2024-02-08,VND004,Organic Solutions,INV-20240208-5881,Luggage,PRD0045,Hygiene Products,CAT004,1828.22,78,142601.16,12253.19,130347.97,6590.49,123757.48,15520.16,2024,2,8,108237.32,20275.79,Bkash,,ENT-20240208-01748
PO-202402-1342,2024-02-08,VND004,Organic Solutions,INV-20240208-9048,Disinfectant Spray,PRD0037,Cosmetics,CAT002,3704.22,71,262999.62,64423.84,198575.78,731.37,197844.41,13437.35,2024,2,8,184407.06,138349.67,Nagad,,ENT-20240208-01342
PO-202402-1342,2024-02-08,VND004,Organic Solutions,INV-20240208-9048,Disinfectant Spray,PRD0037,Cosmetics,CAT002,3785.62,344,1302253.28,130225.33,1172027.95,58601.4,1113426.55,55671.33,2024,2,8,1057755.22,61639.44,Nagad,,ENT-20240208-01342
PO-202402-0668,2024-02-07,VND001,Creative Corporation,INV-20240207-9471,Body Butter,PRD0016,Hygiene Products,CAT004,3123.81,17,53104.77,11769.87,41334.9,817.94,40516.96,5879.69,2024,2,7,34637.27,28996.58,Cheque,Bkash,ENT-20240207-00668
PO-202402-1259,2024-02-05,VND004,Organic Solutions,INV-20240205-1132,Toothpaste,PRD0063,Hygiene Products,CAT004,2945.98,307,904415.86,90441.59,813974.27,40698.71,773275.56,38663.78,2024,2,5,734611.78,80156.41,Bkash,,ENT-20240205-01259
PO-202402-1164,2024-02-05,VND001,Creative Corporation,INV-20240205-8493,Belt,PRD0002,Accessories,CAT003,2310.02,40,92400.8,4801.97,87598.83,2947.84,84650.99,7593.25,2024,2,5,77057.74,17862.22,Nagad,,ENT-20240205-01164
PO-202402-1723,2024-02-05,VND007,Style Mart Brand,INV-20240205-1620,Beard Oil,PRD0049,Cosmetics,CAT002,473.74,85,40267.9,4598.6,35669.3,184.08,35485.22,2109.84,2024,2,5,33375.38,19018.65,Bkash,,ENT-20240205-01723
PO-202402-0907,2024-02-05,VND004,Organic Solutions,INV-20240205-6751,Toothpaste,PRD0063,Hygiene Products,CAT004,1974.04,69,136208.76,26194.97,110013.79,3111.96,106901.83,3979.5,2024,2,5,102922.33,75781.98,Bkash,,ENT-20240205-00907
PO-202402-1259,2024-02-05,VND004,Organic Solutions,INV-20240205-1132,Toothpaste,PRD0063,Hygiene Products,CAT004,2973.89,12,35686.68,9918.64,25768.04,1603.56,24164.48,1143.86,2024,2,5,23020.62,20079.63,Bkash,,ENT-20240205-01259
PO-202402-0844,2024-02-05,VND005,Yello Energy Co.,INV-20240205-4865,Hair Conditioner,PRD0039,Hygiene Products,CAT004,1492.79,47,70161.13,7903.48,62257.65,3199.02,59058.63,7266.73,2024,2,5,51791.9,25985.02,Cash,,ENT-20240205-00844
PO-202402-0997,2024-02-04,VND005,Yello Energy Co.,INV-20240204-3132,Luggage,PRD0045,Hygiene Products,CAT004,3864.99,7,27054.93,552.24,26502.69,1079.37,25423.32,166.05,2024,2,4,25257.27,18644.56,Cheque,Rupali Bank,ENT-20240204-00997
PO-202402-0159,2024-02-04,VND005,Yello Energy Co.,INV-20240204-2119,Men's Nightwear,PRD0048,Fashion Apparel,CAT001,740.24,66,48855.84,6969.26,41886.58,2494.32,39392.26,4285.79,2024,2,4,35106.47,8158.16,Cash,,ENT-20240204-00159
PO-202402-0240,2024-02-04,VND003,Shanti Enterprises,INV-20240204-6657,Body Spray,PRD0001,Cosmetics,CAT002,209.87,89,18678.43,3458.77,15219.66,209.27,15010.39,146.37,2024,2,4,14864.02,4664.85,Bkash,,ENT-20240204-00240
PO-202402-0719,2024-02-03,VND003,Shanti Enterprises,INV-20240203-7834,Shampoo,PRD0007,Hygiene Products,CAT004,2750.31,44,121013.64,6820.75,114192.89,1915.14,112277.75,1834.07,2024,2,3,110443.68,15303.16,Cheque,Sonali Bank,ENT-20240203-00719
PO-202402-1642,2024-02-03,VND002,Kazi Tea IND Ltd.,INV-20240203-3739,Face Mask,PRD0054,Cosmetics,CAT002,3863.39,51,197032.89,34987.42,162045.47,11128.4,150917.07,4664.26,2024,2,3,146252.81,11281.33,Cash,,ENT-20240203-01642
PO-202402-0533,2024-02-03,VND001,Creative Corporation,INV-20240203-4235,Condom,PRD0009,Hygiene Products,CAT004,1290.54,38,49040.52,11385.44,37655.08,3059.31,34595.77,3715.21,2024,2,3,30880.56,8818.98,Bank Transfer,City Bank,ENT-20240203-00533
PO-202402-0371,2024-02-02,VND004,Organic Solutions,INV-20240202-1428,Hair Dryer,PRD0013,Hygiene Products,CAT004,2185.18,46,100518.28,11950.47,88567.81,4906.78,83661.03,9564.13,2024,2,2,74096.9,34563.68,Cheque,Sonali Bank,ENT-20240202-00371
PO-202402-0112,2024-02-02,VND002,Kazi Tea IND Ltd.,INV-20240202-8888,Men Shirt,PRD0010,Fashion Apparel,CAT001,1363.69,12,16364.28,2146.07,14218.21,850.78,13367.43,1957.85,2024,2,2,11409.58,7688.47,Bank Transfer,Bkash,ENT-20240202-00112
PO-202402-1956,2024-02-01,VND003,Shanti Enterprises,INV-20240201-2162,Handbag,PRD0020,Accessories,CAT003,1320.13,51,67326.63,4664.61,62662.02,5307.76,57354.26,6652.08,2024,2,1,50702.18,44558.91,Cash,,ENT-20240201-01956
PO-202401-0608,2024-01-31,VND003,Shanti Enterprises,INV-20240131-2200,Condom,PRD0009,Hygiene Products,CAT004,1334.6,26,34699.6,1459.56,33240.04,1405.01,31835.03,4001.6,2024,1,31,27833.43,26735.64,Cash,,ENT-20240131-00608
PO-202401-0941,2024-01-30,VND002,Kazi Tea IND Ltd.,INV-20240130-7541,Jacket,PRD0008,Fashion Apparel,CAT001,737.78,29,21395.62,2479.63,18915.99,216.72,18699.27,2164.33,2024,1,30,16534.94,12480.89,Cash,,ENT-20240130-00941
PO-202401-1905,2024-01-30,VND006,Sun Corporation Ltd.,INV-20240130-1263,Face Mask,PRD0054,Cosmetics,CAT002,3455.34,79,272971.86,42296.72,230675.14,21376.57,209298.57,1996.26,2024,1,30,207302.31,154193.8,Cash,,ENT-20240130-01905
PO-202401-0014,2024-01-28,VND006,Sun Corporation Ltd.,INV-20240128-2108,Women's Top,PRD0005,Fashion Apparel,CAT001,457.34,5,2286.7,227.88,2058.82,0.54,2058.28,150.73,2024,1,28,1907.55,1275.74,Cash,,ENT-20240128-00014
PO-202401-0970,2024-01-28,VND004,Organic Solutions,INV-20240128-6760,Women's Saree,PRD0072,Fashion Apparel,CAT001,1558.98,88,137190.24,9615.33,127574.91,7956.17,119618.74,16012.61,2024,1,28,103606.13,59897.18,Bank Transfer,Sonali Bank,ENT-20240128-00970
PO-202401-1202,2024-01-28,VND002,Kazi Tea IND Ltd.,INV-20240128-2856,Personal Lubricant,PRD0070,Hygiene Products,CAT004,478.84,73,34955.32,2465.51,32489.81,862.19,31627.62,2315.09,2024,1,28,29312.53,18694.08,Bank Transfer,Dutch Bangla Bank,ENT-20240128-01202
PO-202401-1421,2024-01-28,VND003,Shanti Enterprises,INV-20240128-4351,Body Mist,PRD0035,Cosmetics,CAT002,2832.55,69,195445.95,29350.16,166095.79,15750.61,150345.18,1459.46,2024,1,28,148885.72,22182.55,Nagad,,ENT-20240128-01421
PO-202401-0315,2024-01-28,VND002,Kazi Tea IND Ltd.,INV-20240128-2923,Toothbrush,PRD0017,Hygiene Products,CAT004,2113.34,43,90873.62,2395.21,88478.41,6494.01,81984.4,104.34,2024,1,28,81880.06,48165.7,Nagad,,ENT-20240128-00315
PO-202401-0837,2024-01-28,VND007,Style Mart Brand,INV-20240128-4290,Hair Straightener,PRD0073,Hygiene Products,CAT004,4573.43,13,59454.59,15774.84,43679.75,2335.81,41343.94,2758.16,2024,1,28,38585.78,10130.14,Cash,,ENT-20240128-00837
PO-202401-0236,2024-01-27,VND005,Yello Energy Co.,INV-20240127-6646,Gloves,PRD0023,Hygiene Products,CAT004,144.4,2,288.8,44.33,244.47,15.66,228.81,8.99,2024,1,27,219.82,180.19,Cash,,ENT-20240127-00236
PO-202401-1872,2024-01-27,VND003,Shanti Enterprises,INV-20240127-4310,Hair Removal Cream,PRD0018,Cosmetics,CAT002,4497.49,15,67462.35,7101.56,60360.79,2277.77,58083.02,3125.67,2024,1,27,54957.35,41081.14,Nagad,,ENT-20240127-01872
PO-202401-0488,2024-01-27,VND005,Yello Energy Co.,INV-20240127-9926,Belt,PRD0002,Accessories,CAT003,658.02,4,2632.08,432.38,2199.7,152.49,2047.21,242.88,2024,1,27,1804.33,1482.63,Cheque,Rupali Bank,ENT-20240127-00488
PO-202401-1966,2024-01-27,VND001,Creative Corporation,INV-20240127-5905,Wallet,PRD0051,Accessories,CAT003,4675.58,74,345992.92,97062.77,248930.15,24483.29,224446.86,35.77,2024,1,27,224411.09,123133.81,Bank Transfer,Dutch Bangla Bank,ENT-20240127-01966
PO-202401-0639,2024-01-27,VND005,Yello Energy Co.,INV-20240127-2670,Men Jeans,PRD0078,Fashion Apparel,CAT001,3556.41,14,49789.74,3708.59,46081.15,4118.32,41962.83,4612.33,2024,1,27,37350.5,14934.48,Bank Transfer,City Bank,ENT-20240127-00639
PO-202401-0936,2024-01-26,VND005,Yello Energy Co.,INV-20240126-7032,Lipstick,PRD0061,Cosmetics,CAT002,6293.45,106,667105.7,66710.57,600395.13,30019.76,570375.37,28518.77,2024,1,26,541856.6,3000.9,Bank Transfer,City Bank,ENT-20240126-00936
PO-202401-1503,2024-01-26,VND003,Shanti Enterprises,INV-20240126-8992,Baby Wipes,PRD0069,Hygiene Products,CAT004,2759.06,23,63458.38,1725.69,61732.69,6155.56,55577.13,8046.22,2024,1,26,47530.91,17183.12,Nagad,,ENT-20240126-01503
PO-202401-0936,2024-01-26,VND005,Yello Energy Co.,INV-20240126-7032,Lipstick,PRD0061,Cosmetics,CAT002,2533.88,269,681613.72,68161.37,613452.35,30672.62,582779.73,29138.99,2024,1,26,553640.74,123978.06,Bank Transfer,City Bank,ENT-20240126-00936
PO-202401-1102,2024-01-26,VND001,Creative Corporation,INV-20240126-4579,Luggage,PRD0045,Hygiene Products,CAT004,3371.46,57,192173.22,467.63,191705.59,9519.53,182186.06,13028.45,2024,1,26,169157.61,75942.68,Cash,,ENT-20240126-01102
PO-202401-0936,2024-01-26,VND005,Yello Energy Co.,INV-20240126-7032,Lipstick,PRD0061,Cosmetics,CAT002,1731.01,27,46737.27,9511.63,37225.64,435.31,36790.33,20.86,2024,1,26,36769.47,33580.37,Bank Transfer,City Bank,ENT-20240126-00936
PO-202401-0136,2024-01-26,VND006,Sun Corporation Ltd.,INV-20240126-5050,Baby Wipes,PRD0069,Hygiene Products,CAT004,3448.05,69,237915.45,14867.14,223048.31,20081.36,202966.95,10523.09,2024,1,26,192443.86,161658.61,Bkash,,ENT-20240126-00136
PO-202401-1520,2024-01-25,VND003,Shanti Enterprises,INV-20240125-6342,Jacket,PRD0008,Fashion Apparel,CAT001,898.89,88,79102.32,2585.31,76517.01,5797.42,70719.59,5609.57,2024,1,25,65110.02,39747.86,Bkash,,ENT-20240125-01520
PO-202401-0807,2024-01-24,VND006,Sun Corporation Ltd.,INV-20240124-3743,Feminine Wash,PRD0028,Hygiene Products,CAT004,245.89,82,20162.98,4849.58,15313.4,956.14,14357.26,349.48,2024,1,24,14007.78,8105.99,Cash,,ENT-20240124-00807
PO-202401-0442,2024-01-23,VND007,Style Mart Brand,INV-20240123-6022,After Sun Lotion,PRD0074,Cosmetics,CAT002,3816.86,43,164124.98,42906.37,121218.61,3514.87,117703.74,4368.61,2024,1,23,113335.13,106361.71,Nagad,,ENT-20240123-00442
PO-202401-1374,2024-01-22,VND007,Style Mart Brand,INV-20240122-5551,Backpack,PRD0038,Hygiene Products,CAT004,1993.99,31,61813.69,9459.77,52353.92,1092.41,51261.51,5562.16,2024,1,22,45699.35,39618.08,Bank Transfer,Bkash,ENT-20240122-01374
PO-202401-0898,2024-01-22,VND001,Creative Corporation,INV-20240122-1772,Women's Skirt,PRD0046,Fashion Apparel,CAT001,363.68,93,33822.24,369.23,33453.01,1789.81,31663.2,1992.57,2024,1,22,29670.63,2084.94,Nagad,,ENT-20240122-00898
PO-202401-1435,2024-01-21,VND004,Organic Solutions,INV-20240121-1529,Body Lotion,PRD0064,Cosmetics,CAT002,731.23,13,9505.99,1452.24,8053.75,348.5,7705.25,509.28,2024,1,21,7195.97,1790.48,Cheque,Nagad,ENT-20240121-01435
PO-202401-1042,2024-01-21,VND004,Organic Solutions,INV-20240121-1901,Hand Sanitizer,PRD0004,Hygiene Products,CAT004,65.59,28,1836.52,49.22,1787.3,170.11,1617.19,45.95,2024,1,21,1571.24,595.63,Cheque,Rupali Bank,ENT-20240121-01042
PO-202401-0756,2024-01-20,VND001,Creative Corporation,INV-20240120-8574,Body Butter,PRD0016,Hygiene Products,CAT004,3008.39,47,141394.33,5805.4,135588.93,11581.43,124007.5,202.36,2024,1,20,123805.14,10799.66,Bkash,,ENT-20240120-00756
PO-202401-1152,2024-01-20,VND007,Style Mart Brand,INV-20240120-4129,Women's Leggings,PRD0079,Fashion Apparel,CAT001,4457.77,65,289755.05,10148.51,279606.54,26851.64,252754.9,33604.91,2024,1,20,219149.99,143015.11,Nagad,,ENT-20240120-01152
PO-202401-0268,2024-01-20,VND005,Yello Energy Co.,INV-20240120-5754,Personal Toys,PRD0040,Hygiene Products,CAT004,1542.33,83,128013.39,21101.82,106911.57,5242.74,101668.83,8078.22,2024,1,20,93590.61,66964.62,Bkash,,ENT-20240120-00268
PO-202401-1584,2024-01-20,VND002,Kazi Tea IND Ltd.,INV-20240120-4254,Umbrella,PRD0060,Accessories,CAT003,2912.7,43,125246.1,8948.45,116297.65,1197.8,115099.85,11082.1,2024,1,20,104017.75,38157.92,Bank Transfer,Bkash,ENT-20240120-01584
PO-202401-1780,2024-01-20,VND001,Creative Corporation,INV-20240120-5355,Feminine Wash,PRD0028,Hygiene Products,CAT004,698.54,50,34927.0,9366.16,25560.84,52.06,25508.78,103.34,2024,1,20,25405.44,11329.04,Nagad,,ENT-20240120-01780
PO-202401-0669,2024-01-20,VND001,Creative Corporation,INV-20240120-9674,Bra & Panty Set,PRD0031,Hygiene Products,CAT004,1299.39,20,25987.8,7075.9,18911.9,356.89,18555.01,2771.36,2024,1,20,15783.65,12027.59,Bkash,,ENT-20240120-00669
PO-202401-1350,2024-01-19,VND007,Style Mart Brand,INV-20240119-6433,Lipstick,PRD0061,Cosmetics,CAT002,4857.85,61,296328.85,26225.91,270102.94,5412.48,264690.46,27948.68,2024,1,19,236741.78,73404.2,Bank Transfer,Dutch Bangla Bank,ENT-20240119-01350
PO-202401-1812,2024-01-19,VND001,Creative Corporation,INV-20240119-6295,Bra & Panty Set,PRD0031,Hygiene Products,CAT004,3546.81,53,187980.93,1224.71,186756.22,15159.45,171596.77,20169.21,2024,1,19,151427.56,45381.63,Bkash,,ENT-20240119-01812
PO-202401-0462,2024-01-19,VND005,Yello Energy Co.,INV-20240119-4479,Face Serum,PRD0053,Cosmetics,CAT002,3331.67,45,149925.15,32449.88,117475.27,2934.34,114540.93,7677.41,2024,1,19,106863.52,83928.91,Nagad,,ENT-20240119-00462
PO-202401-1937,2024-01-18,VND001,Creative Corporation,INV-20240118-5026,Gloves,PRD0023,Hygiene Products,CAT004,3175.06,62,196853.72,2712.35,194141.37,7037.13,187104.24,15660.41,2024,1,18,171443.83,48002.03,Bank Transfer,BRAC Bank,ENT-20240118-01937
PO-202401-0263,2024-01-18,VND002,Kazi Tea IND Ltd.,INV-20240118-5398,Hair Conditioner,PRD0039,Hygiene Products,CAT004,652.32,60,39139.2,10290.42,28848.78,734.15,28114.63,1317.65,2024,1,18,26796.98,16023.41,Cash,,ENT-20240118-00263
PO-202401-0205,2024-01-17,VND006,Sun Corporation Ltd.,INV-20240117-5251,Sunscreen,PRD0068,Hygiene Products,CAT004,457.19,55,25145.45,835.99,24309.46,1379.44,22930.02,1666.76,2024,1,17,21263.26,7063.41,Bank Transfer,Dutch Bangla Bank,ENT-20240117-00205
PO-202401-0410,2024-01-16,VND004,Organic Solutions,INV-20240116-2911,Mouthwash,PRD0025,Hygiene Products,CAT004,976.06,88,85893.28,25296.52,60596.76,5726.14,54870.62,34.22,2024,1,16,54836.4,25230.75,Bkash,,ENT-20240116-00410
PO-202401-1591,2024-01-15,VND002,Kazi Tea IND Ltd.,INV-20240115-8941,Makeup Kit,PRD0056,Cosmetics,CAT002,9223.68,241,2222906.88,222290.69,2000616.19,100030.81,1900585.38,95029.27,2024,1,15,1805556.11,486805.43,Bank Transfer,Sonali Bank,ENT-20240115-01591
PO-202401-1591,2024-01-15,VND002,Kazi Tea IND Ltd.,INV-20240115-8941,Makeup Kit,PRD0056,Cosmetics,CAT002,2705.26,21,56810.46,1159.19,55651.27,4639.59,51011.68,3157.16,2024,1,15,47854.52,19369.8,Bank Transfer,Sonali Bank,ENT-20240115-01591
PO-202401-0484,2024-01-15,VND002,Kazi Tea IND Ltd.,INV-20240115-9149,Nail Polish,PRD0055,Cosmetics,CAT002,4589.41,55,252417.55,33995.96,218421.59,13258.62,205162.97,10929.81,2024,1,15,194233.16,130080.02,Nagad,,ENT-20240115-00484
PO-202401-1091,2024-01-15,VND006,Sun Corporation Ltd.,INV-20240115-7312,Lipstick,PRD0061,Cosmetics,CAT002,4214.84,36,151734.24,9854.26,141879.98,14069.14,127810.84,4777.29,2024,1,15,123033.55,9772.05,Cheque,Rupali Bank,ENT-20240115-01091
PO-202401-0002,2024-01-14,VND007,Style Mart Brand,INV-20240114-9722,Women's Leggings,PRD0079,Fashion Apparel,CAT001,4280.59,17,72770.03,7946.56,64823.47,5387.62,59435.85,2734.94,2024,1,14,56700.91,42148.65,Bkash,,ENT-20240114-00002
PO-202401-0231,2024-01-13,VND005,Yello Energy Co.,INV-20240113-3172,Perfume,PRD0014,Cosmetics,CAT002,4193.93,61,255829.73,19336.93,236492.8,4960.25,231532.55,23353.5,2024,1,13,208179.05,42875.46,Bank Transfer,Nagad,ENT-20240113-00231
PO-202401-1434,2024-01-13,VND004,Organic Solutions,INV-20240113-8272,Men T-Shirt,PRD0026,Fashion Apparel,CAT001,3987.8,23,91719.4,869.82,90849.58,3976.01,86873.57,12372.36,2024,1,13,74501.21,34149.81,Nagad,,ENT-20240113-01434
PO-202401-1088,2024-01-13,VND007,Style Mart Brand,INV-20240113-8460,Body Scrub,PRD0047,Hygiene Products,CAT004,2407.12,6,14442.72,3667.54,10775.18,701.89,10073.29,997.32,2024,1,13,9075.97,2136.0,Cheque,Rupali Bank,ENT-20240113-01088
PO-202401-1473,2024-01-12,VND001,Creative Corporation,INV-20240112-6642,After Sun Lotion,PRD0074,Cosmetics,CAT002,1372.18,89,122124.02,26508.71,95615.31,3158.68,92456.63,4821.04,2024,1,12,87635.59,31968.07,Cash,,ENT-20240112-01473
PO-202401-1371,2024-01-12,VND002,Kazi Tea IND Ltd.,INV-20240112-6660,Hair Straightener,PRD0073,Hygiene Products,CAT004,3427.06,28,95957.68,18278.21,77679.47,360.06,77319.41,9516.92,2024,1,12,67802.49,4.18,Nagad,,ENT-20240112-01371
PO-202401-0477,2024-01-12,VND004,Organic Solutions,INV-20240112-7528,Foot Care Cream,PRD0041,Cosmetics,CAT002,3157.49,57,179976.93,53368.58,126608.35,11271.79,115336.56,10166.13,2024,1,12,105170.43,94232.46,Cash,,ENT-20240112-00477
PO-202401-1062,2024-01-11,VND004,Organic Solutions,INV-20240111-2770,Wallet,PRD0051,Accessories,CAT003,639.64,42,26864.88,4204.63,22660.25,1121.71,21538.54,1404.27,2024,1,11,20134.27,9556.68,Bkash,,ENT-20240111-01062
PO-202401-0104,2024-01-10,VND002,Kazi Tea IND Ltd.,INV-20240110-3109,Luggage,PRD0045,Hygiene Products,CAT004,4962.12,40,198484.8,15176.44,183308.36,13450.28,169858.08,3601.36,2024,1,10,166256.72,120851.52,Cash,,ENT-20240110-00104
PO-202401-1756,2024-01-08,VND006,Sun Corporation Ltd.,INV-20240108-7453,Hoodie,PRD0075,Fashion Apparel,CAT001,4767.79,24,114426.96,19202.22,95224.74,9192.88,86031.86,12730.46,2024,1,8,73301.4,10811.7,Cash,,ENT-20240108-01756
PO-202401-0493,2024-01-08,VND003,Shanti Enterprises,INV-20240108-4943,Feminine Wash,PRD0028,Hygiene Products,CAT004,3841.62,74,284279.88,49665.24,234614.64,3470.0,231144.64,4278.61,2024,1,8,226866.03,74331.42,Cheque,Janata Bank,ENT-20240108-00493
PO-202401-0009,2024-01-07,VND005,Yello Energy Co.,INV-20240107-4378,Face Wash,PRD0022,Hygiene Products,CAT004,4786.08,72,344597.76,8433.34,336164.42,30359.12,305805.3,7298.24,2024,1,7,298507.06,101782.17,Bkash,,ENT-20240107-00009
PO-202401-0009,2024-01-07,VND005,Yello Energy Co.,INV-20240107-4378,Face Wash,PRD0022,Hygiene Products,CAT004,7344.48,100,734448.0,73444.8,661003.2,33050.16,627953.04,31397.65,2024,1,7,596555.39,17069.33,Bkash,,ENT-20240107-00009
PO-202401-1911,2024-01-07,VND006,Sun Corporation Ltd.,INV-20240107-9479,Hair Serum,PRD0011,Cosmetics,CAT002,4894.99,46,225169.54,63928.87,161240.67,7615.76,153624.91,7512.18,2024,1,7,146112.73,979.11,Cash,,ENT-20240107-01911
PO-202401-1307,2024-01-07,VND007,Style Mart Brand,INV-20240107-8151,Hair Conditioner,PRD0039,Hygiene Products,CAT004,2560.38,12,30724.56,17.38,30707.18,780.39,29926.79,629.84,2024,1,7,29296.95,6854.29,Cheque,Janata Bank,ENT-20240107-01307
PO-202401-0374,2024-01-06,VND001,Creative Corporation,INV-20240106-1918,Women's Leggings,PRD0079,Fashion Apparel,CAT001,4044.34,26,105152.84,27950.15,77202.69,6935.54,70267.15,4844.52,2024,1,6,65422.63,2378.1,Bank Transfer,Nagad,ENT-20240106-00374
PO-202401-0473,2024-01-06,VND005,Yello Energy Co.,INV-20240106-8432,Hair Serum,PRD0011,Cosmetics,CAT002,4976.52,13,64694.76,13740.23,50954.53,4434.11,46520.42,5047.68,2024,1,6,41472.74,17162.62,Bank Transfer,City Bank,ENT-20240106-00473
PO-202401-1486,2024-01-06,VND002,Kazi Tea IND Ltd.,INV-20240106-1840,Toothbrush,PRD0017,Hygiene Products,CAT004,3642.77,84,305992.68,86126.45,219866.23,19079.87,200786.36,4823.5,2024,1,6,195962.86,157617.43,Bkash,,ENT-20240106-01486
PO-202401-1089,2024-01-05,VND003,Shanti Enterprises,INV-20240105-1425,Perfume,PRD0014,Cosmetics,CAT002,4743.88,93,441180.84,118624.69,322556.15,15764.79,306791.36,1017.17,2024,1,5,305774.19,70915.55,Cheque,BRAC Bank,ENT-20240105-01089
PO-202401-1137,2024-01-05,VND001,Creative Corporation,INV-20240105-2822,Men's Innerwear,PRD0015,Fashion Apparel,CAT001,4911.86,51,250504.86,61172.17,189332.69,8883.76,180448.93,13676.83,2024,1,5,166772.1,118087.15,Bank Transfer,City Bank,ENT-20240105-01137
PO-202401-1995,2024-01-04,VND006,Sun Corporation Ltd.,INV-20240104-5865,Beard Oil,PRD0049,Cosmetics,CAT002,3803.34,7,26623.38,2874.64,23748.74,2169.09,21579.65,1474.09,2024,1,4,20105.56,19973.6,Cheque,BRAC Bank,ENT-20240104-01995
PO-202401-1264,2024-01-03,VND002,Kazi Tea IND Ltd.,INV-20240103-7459,Hair Serum,PRD0011,Cosmetics,CAT002,2562.79,79,202460.41,58606.8,143853.61,12574.1,131279.51,6729.06,2024,1,3,124550.45,32644.54,Bkash,,ENT-20240103-01264
PO-202401-0334,2024-01-02,VND001,Creative Corporation,INV-20240102-2279,Gloves,PRD0023,Hygiene Products,CAT004,2611.44,30,78343.2,15042.85,63300.35,2043.67,61256.68,5772.77,2024,1,2,55483.91,13400.22,Cheque,Rupali Bank,ENT-20240102-00334
PO-202401-1548,2024-01-02,VND005,Yello Energy Co.,INV-20240102-6934,Condom,PRD0009,Hygiene Products,CAT004,8094.19,153,1238411.07,123841.11,1114569.96,55728.5,1058841.46,52942.07,2024,1,2,1005899.39,343468.62,Bkash,,ENT-20240102-01548
PO-202401-1807,2024-01-02,VND004,Organic Solutions,INV-20240102-5707,Bra & Panty Set,PRD0031,Hygiene Products,CAT004,3731.84,54,201519.36,55138.82,146380.54,13267.77,133112.77,14597.45,2024,1,2,118515.32,112561.48,Bkash,,ENT-20240102-01807
PO-202401-0932,2024-01-02,VND004,Organic Solutions,INV-20240102-6724,Footwear,PRD0065,Hygiene Products,CAT004,2663.59,48,127852.32,25762.83,102089.49,7498.76,94590.73,11386.16,2024,1,2,83204.57,68614.98,Bank Transfer,Sonali Bank,ENT-20240102-00932
PO-202401-1548,2024-01-02,VND005,Yello Energy Co.,INV-20240102-6934,Condom,PRD0009,Hygiene Products,CAT004,2877.67,71,204314.57,60775.69,143538.88,6386.28,137152.6,19644.69,2024,1,2,117507.91,45682.82,Bkash,,ENT-20240102-01548
PO-202401-0909,2024-01-01,VND006,Sun Corporation Ltd.,INV-20240101-7779,Women's Kurti,PRD0081,Fashion Apparel,CAT001,2148.34,9,19335.06,583.09,18751.97,239.64,18512.33,1979.14,2024,1,1,16533.19,14828.38,Cheque,Rupali Bank,ENT-20240101-00909
PO-202401-1532,2024-01-01,VND002,Kazi Tea IND Ltd.,INV-20240101-4448,Condom,PRD0009,Hygiene Products,CAT004,957.81,62,59384.22,17349.02,42035.2,2125.07,39910.13,843.02,2024,1,1,39067.11,15984.96,Cheque,Rupali Bank,ENT-20240101-01532
PO-202312-0042,2023-12-31,VND007,Style Mart Brand,INV-20231231-7027,Hair Dryer,PRD0013,Hygiene Products,CAT004,3107.73,79,245510.67,61555.0,183955.67,15451.48,168504.19,19349.12,2023,12,31,149155.07,25903.69,Nagad,,ENT-20231231-00042
PO-202312-0958,2023-12-30,VND005,Yello Energy Co.,INV-20231230-9922,Backpack,PRD0038,Hygiene Products,CAT004,9657.91,98,946475.18,94647.52,851827.66,42591.38,809236.28,40461.81,2023,12,30,768774.47,201663.66,Cheque,City Bank,ENT-20231230-00958
PO-202312-1328,2023-12-30,VND007,Style Mart Brand,INV-20231230-6969,Gloves,PRD0023,Hygiene Products,CAT004,1178.26,38,44773.88,8100.55,36673.33,2205.18,34468.15,1203.4,2023,12,30,33264.75,26645.94,Nagad,,ENT-20231230-01328
PO-202312-1833,2023-12-30,VND006,Sun Corporation Ltd.,INV-20231230-5942,Men Shirt,PRD0010,Fashion Apparel,CAT001,550.38,72,39627.36,5936.96,33690.4,760.83,32929.57,4646.4,2023,12,30,28283.17,26222.48,Bank Transfer,BRAC Bank,ENT-20231230-01833
PO-202312-0958,2023-12-30,VND005,Yello Energy Co.,INV-20231230-9922,Backpack,PRD0038,Hygiene Products,CAT004,3779.77,46,173869.42,26532.06,147337.36,8505.44,138831.92,9088.72,2023,12,30,129743.2,93941.1,Cheque,City Bank,ENT-20231230-00958
PO-202312-0841,2023-12-29,VND003,Shanti Enterprises,INV-20231229-9544,Baby Wipes,PRD0069,Hygiene Products,CAT004,1968.17,75,147612.75,4413.95,143198.8,5288.07,137910.73,10465.25,2023,12,29,127445.48,79340.06,Bank Transfer,Rupali Bank,ENT-20231229-00841
PO-202312-0503,2023-12-29,VND004,Organic Solutions,INV-20231229-8803,Shampoo,PRD0007,Hygiene Products,CAT004,3869.4,29,112212.6,30233.7,81978.9,6773.35,75205.55,10198.02,2023,12,29,65007.53,48923.12,Cash,,ENT-20231229-00503
PO-202312-1060,2023-12-29,VND002,Kazi Tea IND Ltd.,INV-20231229-5465,Scarf,PRD0076,Accessories,CAT003,930.64,80,74451.2,454.57,73996.63,3636.8,70359.83,9849.0,2023,12,29,60510.83,1411.26,Bank Transfer,Nagad,ENT-20231229-01060
PO-202312-0937,2023-12-29,VND002,Kazi Tea IND Ltd.,INV-20231229-8745,Watch,PRD0043,Accessories,CAT003,991.32,57,56505.24,4404.68,52100.56,2483.33,49617.23,4490.53,2023,12,29,45126.7,43453.23,Bank Transfer,Rupali Bank,ENT-20231229-00937
PO-202312-0350,2023-12-29,VND006,Sun Corporation Ltd.,INV-20231229-3627,Mouthwash,PRD0025,Hygiene Products,CAT004,1490.55,55,81980.25,7646.12,74334.13,3969.41,70364.72,8792.1,2023,12,29,61572.62,55040.77,Bkash,,ENT-20231229-00350
PO-202312-0494,2023-12-28,VND007,Style Mart Brand,INV-20231228-4301,Umbrella,PRD0060,Accessories,CAT003,965.38,63,60818.94,3712.31,57106.63,4693.97,52412.66,6385.86,2023,12,28,46026.8,45952.51,Cheque,Sonali Bank,ENT-20231228-00494
PO-202312-1251,2023-12-28,VND004,Organic Solutions,INV-20231228-2511,Kids Dress,PRD0067,Fashion Apparel,CAT001,4386.15,17,74564.55,11184.45,63380.1,5429.36,57950.74,5956.08,2023,12,28,51994.66,19003.98,Bank Transfer,Sonali Bank,ENT-20231228-01251
PO-202312-0735,2023-12-28,VND006,Sun Corporation Ltd.,INV-20231228-2028,Shampoo,PRD0007,Hygiene Products,CAT004,2778.03,83,230576.49,18117.37,212459.12,5569.76,206889.36,17951.18,2023,12,28,188938.18,161993.37,Cash,,ENT-20231228-00735
PO-202312-1417,2023-12-27,VND003,Shanti Enterprises,INV-20231227-5674,Toothbrush,PRD0017,Hygiene Products,CAT004,4245.26,76,322639.76,47966.63,274673.13,19663.65,255009.48,21522.42,2023,12,27,233487.06,42259.53,Bkash,,ENT-20231227-01417
PO-202312-0320,2023-12-27,VND007,Style Mart Brand,INV-20231227-2274,Hand Sanitizer,PRD0004,Hygiene Products,CAT004,76.8,79,6067.2,638.35,5428.85,3.86,5424.99,306.25,2023,12,27,5118.74,1114.02,Nagad,,ENT-20231227-00320
PO-202312-1136,2023-12-27,VND003,Shanti Enterprises,INV-20231227-2777,Hair Dryer,PRD0013,Hygiene Products,CAT004,3800.78,60,228046.8,49118.37,178928.43,6201.3,172727.13,13145.09,2023,12,27,159582.04,70556.61,Bkash,,ENT-20231227-01136
PO-202312-0868,2023-12-26,VND001,Creative Corporation,INV-20231226-7157,Hair Removal Cream,PRD0018,Cosmetics,CAT002,2635.24,66,173925.84,37082.02,136843.82,1971.94,134871.88,4693.43,2023,12,26,130178.45,69287.61,Cheque,Sonali Bank,ENT-20231226-00868
PO-202312-0780,2023-12-26,VND004,Organic Solutions,INV-20231226-9088,Hair Conditioner,PRD0039,Hygiene Products,CAT004,1620.52,56,90749.12,26591.66,64157.46,5905.72,58251.74,7918.76,2023,12,26,50332.98,30786.2,Bkash,,ENT-20231226-00780
PO-202312-1725,2023-12-26,VND002,Kazi Tea IND Ltd.,INV-20231226-4708,Hoodie,PRD0075,Fashion Apparel,CAT001,635.76,34,21615.84,3673.21,17942.63,372.03,17570.6,913.71,2023,12,26,16656.89,6626.1,Bank Transfer,City Bank,ENT-20231226-01725
PO-202312-1232,2023-12-26,VND002,Kazi Tea IND Ltd.,INV-20231226-1947,Foot Care Cream,PRD0041,Cosmetics,CAT002,1153.2,67,77264.4,16613.0,60651.4,1705.89,58945.51,4876.69,2023,12,26,54068.82,48519.27,Cash,,ENT-20231226-01232
PO-202312-0061,2023-12-25,VND002,Kazi Tea IND Ltd.,INV-20231225-1839,Men's Nightwear,PRD0048,Fashion Apparel,CAT001,1446.94,93,134565.42,24165.69,110399.73,7115.93,103283.8,9651.69,2023,12,25,93632.11,70780.68,Bkash,,ENT-20231225-00061
PO-202312-1004,2023-12-24,VND002,Kazi Tea IND Ltd.,INV-20231224-2190,Aftershave,PRD0057,Hygiene Products,CAT004,1288.39,87,112089.93,4991.08,107098.85,9400.35,97698.5,4642.03,2023,12,24,93056.47,31504.85,Cheque,Dutch Bangla Bank,ENT-20231224-01004
PO-202312-0250,2023-12-24,VND002,Kazi Tea IND Ltd.,INV-20231224-4301,Shampoo,PRD0007,Hygiene Products,CAT004,2680.02,51,136681.02,37892.71,98788.31,7763.06,91025.25,11967.96,2023,12,24,79057.29,21458.46,Cheque,BRAC Bank,ENT-20231224-00250
PO-202312-0169,2023-12-24,VND007,Style Mart Brand,INV-20231224-5753,Personal Toys,PRD0040,Hygiene Products,CAT004,3792.49,71,269266.79,43629.27,225637.52,20514.8,205122.72,4351.71,2023,12,24,200771.01,4779.26,Bkash,,ENT-20231224-00169
PO-202312-0046,2023-12-23,VND002,Kazi Tea IND Ltd.,INV-20231223-4406,Sanitary Napkins,PRD0030,Hygiene Products,CAT004,1661.37,93,154507.41,28669.96,125837.45,8778.36,117059.09,9408.35,2023,12,23,107650.74,53730.31,Cash,,ENT-20231223-00046
PO-202312-0439,2023-12-22,VND007,Style Mart Brand,INV-20231222-9255,Kids T-Shirt,PRD0006,Fashion Apparel,CAT001,1677.55,73,122461.15,4086.18,118374.97,6074.4,112300.57,5888.78,2023,12,22,106411.79,3780.53,Cash,,ENT-20231222-00439
PO-202312-0393,2023-12-21,VND006,Sun Corporation Ltd.,INV-20231221-2859,Hair Conditioner,PRD0039,Hygiene Products,CAT004,4833.95,25,120848.75,17156.15,103692.6,5214.24,98478.36,14117.87,2023,12,21,84360.49,8966.78,Bkash,,ENT-20231221-00393
PO-202312-1235,2023-12-20,VND006,Sun Corporation Ltd.,INV-20231220-8144,Face Mask,PRD0054,Cosmetics,CAT002,3536.32,255,901761.6,90176.16,811585.44,40579.27,771006.17,38550.31,2023,12,20,732455.86,58337.36,Cheque,Dutch Bangla Bank,ENT-20231220-01235
PO-202312-1133,2023-12-20,VND002,Kazi Tea IND Ltd.,INV-20231220-8754,Hair Spray,PRD0071,Cosmetics,CAT002,3923.82,53,207962.46,20796.25,187166.21,9358.31,177807.9,8890.4,2023,12,20,168917.5,77657.66,Bank Transfer,Sonali Bank,ENT-20231220-01133
PO-202312-1235,2023-12-20,VND006,Sun Corporation Ltd.,INV-20231220-8144,Face Mask,PRD0054,Cosmetics,CAT002,1214.18,6,7285.08,283.39,7001.69,180.43,6821.26,826.64,2023,12,20,5994.62,5498.18,Cheque,Dutch Bangla Bank,ENT-20231220-01235
PO-202312-1133,2023-12-20,VND002,Kazi Tea IND Ltd.,INV-20231220-8754,Hair Spray,PRD0071,Cosmetics,CAT002,3440.32,37,127291.84,7259.42,120032.42,3871.74,116160.68,1311.96,2023,12,20,114848.72,75740.77,Bank Transfer,Sonali Bank,ENT-20231220-01133
PO-202312-0157,2023-12-20,VND006,Sun Corporation Ltd.,INV-20231220-5538,Hoodie,PRD0075,Fashion Apparel,CAT001,4449.12,97,431564.64,71730.8,359833.84,9540.86,350292.98,5827.2,2023,12,20,344465.78,294443.42,Bank Transfer,Dutch Bangla Bank,ENT-20231220-00157
PO-202312-0208,2023-12-20,VND002,Kazi Tea IND Ltd.,INV-20231220-5353,Hoodie,PRD0075,Fashion Apparel,CAT001,371.18,75,27838.5,141.85,27696.65,2638.95,25057.7,1924.51,2023,12,20,23133.19,20636.2,Bank Transfer,Janata Bank,ENT-20231220-00208
PO-202312-1497,2023-12-20,VND001,Creative Corporation,INV-20231220-2925,Hoodie,PRD0075,Fashion Apparel,CAT001,142.84,34,4856.56,446.72,4409.84,271.15,4138.69,368.34,2023,12,20,3770.35,970.75,Cheque,Dutch Bangla Bank,ENT-20231220-01497
PO-202312-0318,2023-12-19,VND007,Style Mart Brand,INV-20231219-7843,Compact Powder,PRD0042,Cosmetics,CAT002,4757.99,31,147497.69,25774.62,121723.07,10616.0,111107.07,7026.71,2023,12,19,104080.36,101628.32,Bank Transfer,City Bank,ENT-20231219-00318
PO-202312-0963,2023-12-19,VND005,Yello Energy Co.,INV-20231219-8966,Face Mask,PRD0054,Cosmetics,CAT002,3723.32,5,18616.6,84.73,18531.87,898.81,17633.06,742.44,2023,12,19,16890.62,3075.79,Cash,,ENT-20231219-00963
PO-202312-0099,2023-12-18,VND004,Organic Solutions,INV-20231218-5774,Footwear,PRD0065,Hygiene Products,CAT004,2739.96,58,158917.68,45631.55,113286.13,9644.42,103641.71,4750.2,2023,12,18,98891.51,50307.82,Bkash,,ENT-20231218-00099
PO-202312-1949,2023-12-18,VND007,Style Mart Brand,INV-20231218-3418,Hair Color,PRD0052,Hygiene Products,CAT004,486.17,61,29656.37,1902.87,27753.5,2569.51,25183.99,3371.45,2023,12,18,21812.54,21050.12,Bank Transfer,Nagad,ENT-20231218-01949
PO-202312-1441,2023-12-17,VND004,Organic Solutions,INV-20231217-9200,Makeup Kit,PRD0056,Cosmetics,CAT002,525.13,88,46211.44,7564.59,38646.85,1711.94,36934.91,568.81,2023,12,17,36366.1,21813.52,Cash,,ENT-20231217-01441
PO-202312-0721,2023-12-17,VND001,Creative Corporation,INV-20231217-8458,Aftershave,PRD0057,Hygiene Products,CAT004,4245.62,77,326912.74,32713.06,294199.68,10943.18,283256.5,34618.05,2023,12,17,248638.45,202399.04,Cheque,Bkash,ENT-20231217-00721
PO-202312-1271,2023-12-17,VND001,Creative Corporation,INV-20231217-4073,Hair Removal Cream,PRD0018,Cosmetics,CAT002,1329.76,13,17286.88,322.88,16964.0,700.05,16263.95,1903.4,2023,12,17,14360.55,3298.05,Nagad,,ENT-20231217-01271
PO-202312-0068,2023-12-17,VND003,Shanti Enterprises,INV-20231217-7317,Sunglasses,PRD0027,Accessories,CAT003,174.44,96,16746.24,4893.02,11853.22,981.99,10871.23,470.93,2023,12,17,10400.3,397.48,Cash,,ENT-20231217-00068
PO-202312-0643,2023-12-16,VND006,Sun Corporation Ltd.,INV-20231216-2602,Gloves,PRD0023,Hygiene Products,CAT004,3322.29,44,146180.76,25041.13,121139.63,1499.14,119640.49,5984.36,2023,12,16,113656.13,34148.46,Cheque,Rupali Bank,ENT-20231216-00643
PO-202312-0618,2023-12-16,VND001,Creative Corporation,INV-20231216-5761,Gloves,PRD0023,Hygiene Products,CAT004,1720.95,78,134234.1,913.35,133320.75,2512.46,130808.29,16093.97,2023,12,16,114714.32,2986.82,Bank Transfer,Dutch Bangla Bank,ENT-20231216-00618
PO-202312-1080,2023-12-16,VND006,Sun Corporation Ltd.,INV-20231216-3996,Hair Conditioner,PRD0039,Hygiene Products,CAT004,2187.93,96,210041.28,18066.99,191974.29,6989.42,184984.87,23378.67,2023,12,16,161606.2,57060.2,Nagad,,ENT-20231216-01080
PO-202312-0427,2023-12-15,VND002,Kazi Tea IND Ltd.,INV-20231215-9905,Women's Saree,PRD0072,Fashion Apparel,CAT001,4786.18,8,38289.44,2405.86,35883.58,2026.27,33857.31,1962.62,2023,12,15,31894.69,26641.32,Cash,,ENT-20231215-00427
PO-202312-0379,2023-12-15,VND006,Sun Corporation Ltd.,INV-20231215-9962,Hair Removal Cream,PRD0018,Cosmetics,CAT002,1019.36,5,5096.8,383.52,4713.28,335.45,4377.83,345.19,2023,12,15,4032.64,2542.06,Cash,,ENT-20231215-00379
PO-202312-1407,2023-12-14,VND005,Yello Energy Co.,INV-20231214-3208,Women's Leggings,PRD0079,Fashion Apparel,CAT001,3343.55,95,317637.25,46585.61,271051.64,24702.72,246348.92,21103.91,2023,12,14,225245.01,159895.17,Cheque,BRAC Bank,ENT-20231214-01407
PO-202312-1407,2023-12-14,VND005,Yello Energy Co.,INV-20231214-3208,Women's Leggings,PRD0079,Fashion Apparel,CAT001,4647.21,500,2323605.0,232360.5,2091244.5,104562.23,1986682.27,99334.11,2023,12,14,1887348.16,614868.2,Cheque,BRAC Bank,ENT-20231214-01407
PO-202312-0027,2023-12-14,VND005,Yello Energy Co.,INV-20231214-7360,Kids Dress,PRD0067,Fashion Apparel,CAT001,2202.46,33,72681.18,20757.94,51923.24,4342.78,47580.46,6506.52,2023,12,14,41073.94,38196.55,Cheque,Sonali Bank,ENT-20231214-00027
PO-202312-1495,2023-12-13,VND003,Shanti Enterprises,INV-20231213-2029,Hair Accessories,PRD0029,Hygiene Products,CAT004,2964.93,96,284633.28,31910.18,252723.1,16505.83,236217.27,14476.57,2023,12,13,221740.7,74546.2,Cheque,Sonali Bank,ENT-20231213-01495
PO-202312-0158,2023-12-13,VND001,Creative Corporation,INV-20231213-4221,Aftershave,PRD0057,Hygiene Products,CAT004,3324.82,71,236062.22,38922.34,197139.88,4924.77,192215.11,22548.63,2023,12,13,169666.48,112432.6,Bank Transfer,Nagad,ENT-20231213-00158
PO-202312-0591,2023-12-13,VND002,Kazi Tea IND Ltd.,INV-20231213-9373,Compact Powder,PRD0042,Cosmetics,CAT002,1600.54,13,20807.02,2227.51,18579.51,1789.36,16790.15,1700.59,2023,12,13,15089.56,13959.17,Cash,,ENT-20231213-00591
PO-202312-0366,2023-12-12,VND001,Creative Corporation,INV-20231212-2013,Body Wash,PRD0058,Hygiene Products,CAT004,3086.47,60,185188.2,15666.2,169522.0,7102.79,162419.21,17596.44,2023,12,12,144822.77,106124.18,Bkash,,ENT-20231212-00366
PO-202312-1015,2023-12-11,VND003,Shanti Enterprises,INV-20231211-6716,Kids T-Shirt,PRD0006,Fashion Apparel,CAT001,1669.99,33,55109.67,13536.83,41572.84,1843.74,39729.1,5262.67,2023,12,11,34466.43,33506.23,Nagad,,ENT-20231211-01015
PO-202312-0314,2023-12-11,VND006,Sun Corporation Ltd.,INV-20231211-2612,Men Jeans,PRD0078,Fashion Apparel,CAT001,4485.66,52,233254.32,11093.79,222160.53,16554.27,205606.26,26673.46,2023,12,11,178932.8,97000.57,Nagad,,ENT-20231211-00314
PO-202312-1192,2023-12-11,VND007,Style Mart Brand,INV-20231211-8994,Women's Nightwear,PRD0003,Fashion Apparel,CAT001,1959.64,70,137174.8,37458.09,99716.71,7425.19,92291.52,2152.4,2023,12,11,90139.12,11066.68,Bkash,,ENT-20231211-01192
PO-202312-1641,2023-12-11,VND006,Sun Corporation Ltd.,INV-20231211-2512,Women's Top,PRD0005,Fashion Apparel,CAT001,4883.75,96,468840.0,43558.79,425281.21,10061.48,415219.73,39141.36,2023,12,11,376078.37,135905.89,Cheque,City Bank,ENT-20231211-01641
PO-202312-1222,2023-12-11,VND002,Kazi Tea IND Ltd.,INV-20231211-2335,Shampoo,PRD0007,Hygiene Products,CAT004,3853.03,72,277418.16,65031.16,212387.0,10088.0,202299.0,24116.62,2023,12,11,178182.38,55360.49,Bank Transfer,Dutch Bangla Bank,ENT-20231211-01222
PO-202312-1481,2023-12-11,VND004,Organic Solutions,INV-20231211-2985,Hair Serum,PRD0011,Cosmetics,CAT002,145.66,83,12089.78,2652.8,9436.98,886.5,8550.48,929.14,2023,12,11,7621.34,3225.11,Nagad,,ENT-20231211-01481
PO-202312-1145,2023-12-10,VND007,Style Mart Brand,INV-20231210-5840,Nail Polish,PRD0055,Cosmetics,CAT002,2617.72,53,138739.16,36604.28,102134.88,8031.44,94103.44,1902.88,2023,12,10,92200.56,35018.55,Bank Transfer,Bkash,ENT-20231210-01145
PO-202312-1233,2023-12-09,VND004,Organic Solutions,INV-20231209-6264,Scarf,PRD0076,Accessories,CAT003,3324.06,64,212739.84,25011.25,187728.59,18611.69,169116.9,15402.49,2023,12,9,153714.41,97874.62,Nagad,,ENT-20231209-01233
PO-202312-0513,2023-12-09,VND007,Style Mart Brand,INV-20231209-5051,Face Serum,PRD0053,Cosmetics,CAT002,3719.45,49,182253.05,19095.13,163157.92,1840.29,161317.63,15813.35,2023,12,9,145504.28,131262.35,Bkash,,ENT-20231209-00513
PO-202312-0515,2023-12-09,VND003,Shanti Enterprises,INV-20231209-7681,Toothpaste,PRD0063,Hygiene Products,CAT004,2502.6,83,207715.8,15760.17,191955.63,13466.91,178488.72,12860.23,2023,12,9,165628.49,46115.14,Bkash,,ENT-20231209-00515
PO-202312-1920,2023-12-08,VND002,Kazi Tea IND Ltd.,INV-20231208-8032,Hair Color,PRD0052,Hygiene Products,CAT004,4468.64,417,1863422.88,186342.29,1677080.59,83854.03,1593226.56,79661.33,2023,12,8,1513565.23,163634.77,Bank Transfer,Rupali Bank,ENT-20231208-01920
PO-202312-1920,2023-12-08,VND002,Kazi Tea IND Ltd.,INV-20231208-8032,Hair Color,PRD0052,Hygiene Products,CAT004,4451.84,13,57873.92,15859.28,42014.64,3752.63,38262.01,4208.97,2023,12,8,34053.04,34046.19,Bank Transfer,Rupali Bank,ENT-20231208-01920
PO-202312-1666,2023-12-08,VND003,Shanti Enterprises,INV-20231208-8987,Umbrella,PRD0060,Accessories,CAT003,2540.57,41,104163.37,9671.82,94491.55,5104.11,89387.44,4484.38,2023,12,8,84903.06,64085.23,Bank Transfer,Dutch Bangla Bank,ENT-20231208-01666
PO-202312-1460,2023-12-07,VND003,Shanti Enterprises,INV-20231207-9520,Scarf,PRD0076,Accessories,CAT003,887.07,24,21289.68,6243.63,15046.05,993.43,14052.62,831.82,2023,12,7,13220.8,12111.87,Cash,,ENT-20231207-01460
PO-202312-1853,2023-12-06,VND003,Shanti Enterprises,INV-20231206-9192,Hair Dryer,PRD0013,Hygiene Products,CAT004,2614.68,23,60137.64,14754.48,45383.16,4317.65,41065.51,3084.84,2023,12,6,37980.67,17103.75,Cheque,BRAC Bank,ENT-20231206-01853
PO-202312-0326,2023-12-06,VND007,Style Mart Brand,INV-20231206-2883,Hair Gel,PRD0077,Hygiene Products,CAT004,1329.08,93,123604.44,6407.04,117197.4,10508.3,106689.1,1711.17,2023,12,6,104977.93,70203.32,Cash,,ENT-20231206-00326
PO-202312-1675,2023-12-06,VND004,Organic Solutions,INV-20231206-8938,Feminine Wash,PRD0028,Hygiene Products,CAT004,3268.39,36,117662.04,22102.44,95559.6,5692.03,89867.57,10018.17,2023,12,6,79849.4,24573.61,Bank Transfer,Sonali Bank,ENT-20231206-01675
PO-202312-1675,2023-12-06,VND004,Organic Solutions,INV-20231206-8938,Feminine Wash,PRD0028,Hygiene Products,CAT004,2934.59,225,660282.75,66028.28,594254.47,29712.72,564541.75,28227.09,2023,12,6,536314.66,207048.48,Bank Transfer,Sonali Bank,ENT-20231206-01675
PO-202312-0096,2023-12-05,VND005,Yello Energy Co.,INV-20231205-9056,Jewelry Set,PRD0044,Accessories,CAT003,2264.28,2,4528.56,1220.99,3307.57,24.75,3282.82,367.65,2023,12,5,2915.17,360.02,Cash,,ENT-20231205-00096
PO-202312-1372,2023-12-05,VND005,Yello Energy Co.,INV-20231205-5291,Baby Wipes,PRD0069,Hygiene Products,CAT004,1488.67,97,144400.99,27039.31,117361.68,11407.31,105954.37,504.28,2023,12,5,105450.09,84671.36,Bkash,,ENT-20231205-01372
PO-202312-0109,2023-12-05,VND003,Shanti Enterprises,INV-20231205-2949,Keychain,PRD0012,Accessories,CAT003,339.66,27,9170.82,1491.51,7679.31,355.7,7323.61,943.12,2023,12,5,6380.49,1245.45,Bkash,,ENT-20231205-00109
PO-202312-0069,2023-12-04,VND006,Sun Corporation Ltd.,INV-20231204-6870,Women's Leggings,PRD0079,Fashion Apparel,CAT001,813.9,75,61042.5,5746.65,55295.85,4522.14,50773.71,7292.53,2023,12,4,43481.18,35231.47,Bkash,,ENT-20231204-00069
PO-202312-0727,2023-12-04,VND006,Sun Corporation Ltd.,INV-20231204-6722,Personal Lubricant,PRD0070,Hygiene Products,CAT004,3315.86,53,175740.58,46665.41,129075.17,11093.86,117981.31,7720.14,2023,12,4,110261.17,68458.32,Bank Transfer,City Bank,ENT-20231204-00727
PO-202312-1466,2023-12-04,VND001,Creative Corporation,INV-20231204-3239,Body Mist,PRD0035,Cosmetics,CAT002,4166.79,46,191672.34,42329.3,149343.04,3059.73,146283.31,7530.44,2023,12,4,138752.87,103310.76,Bkash,,ENT-20231204-01466
PO-202312-0142,2023-12-04,VND001,Creative Corporation,INV-20231204-4691,Hair Straightener,PRD0073,Hygiene Products,CAT004,3997.98,51,203896.98,12777.04,191119.94,4436.65,186683.29,10074.86,2023,12,4,176608.43,121211.26,Cash,,ENT-20231204-00142
PO-202312-0171,2023-12-04,VND003,Shanti Enterprises,INV-20231204-5245,Face Toner,PRD0033,Hygiene Products,CAT004,132.75,98,13009.5,3163.25,9846.25,206.11,9640.14,354.56,2023,12,4,9285.58,2547.72,Cash,,ENT-20231204-00171
PO-202312-1002,2023-12-04,VND003,Shanti Enterprises,INV-20231204-9440,Keychain,PRD0012,Accessories,CAT003,653.43,13,8494.59,1441.33,7053.26,195.38,6857.88,584.0,2023,12,4,6273.88,1202.72,Nagad,,ENT-20231204-01002
PO-202312-0234,2023-12-04,VND002,Kazi Tea IND Ltd.,INV-20231204-2863,Sunscreen,PRD0068,Hygiene Products,CAT004,2627.02,65,170756.3,50903.58,119852.72,4089.94,115762.78,9099.36,2023,12,4,106663.42,61274.79,Bkash,,ENT-20231204-00234
PO-202312-0288,2023-12-02,VND002,Kazi Tea IND Ltd.,INV-20231202-9569,Men Shirt,PRD0010,Fashion Apparel,CAT001,262.8,73,19184.4,3048.04,16136.36,1491.68,14644.68,2070.79,2023,12,2,12573.89,7540.39,Nagad,,ENT-20231202-00288
PO-202312-1826,2023-12-02,VND006,Sun Corporation Ltd.,INV-20231202-2755,Body Mist,PRD0035,Cosmetics,CAT002,1623.9,71,115296.9,32348.12,82948.78,6908.46,76040.32,10591.58,2023,12,2,65448.74,44532.95,Nagad,,ENT-20231202-01826
PO-202312-1809,2023-12-01,VND005,Yello Energy Co.,INV-20231201-1318,Body Mist,PRD0035,Cosmetics,CAT002,3096.54,81,250819.74,72613.81,178205.93,15575.85,162630.08,23146.86,2023,12,1,139483.22,95278.76,Cash,,ENT-20231201-01809
PO-202312-1523,2023-12-01,VND005,Yello Energy Co.,INV-20231201-7805,Disinfectant Spray,PRD0037,Cosmetics,CAT002,4548.62,91,413924.42,40871.07,373053.35,6007.34,367046.01,21036.29,2023,12,1,346009.72,213098.53,Cash,,ENT-20231201-01523
PO-202312-1990,2023-12-01,VND005,Yello Energy Co.,INV-20231201-6248,Compact Powder,PRD0042,Cosmetics,CAT002,2173.74,42,91297.08,324.57,90972.51,689.6,90282.91,901.39,2023,12,1,89381.52,44211.8,Nagad,,ENT-20231201-01990
PO-202311-0384,2023-11-30,VND002,Kazi Tea IND Ltd.,INV-20231130-8185,Compact Powder,PRD0042,Cosmetics,CAT002,990.97,23,22792.31,6316.56,16475.75,1506.85,14968.9,2212.36,2023,11,30,12756.54,6082.17,Bank Transfer,Nagad,ENT-20231130-00384
PO-202311-1875,2023-11-30,VND003,Shanti Enterprises,INV-20231130-1258,Hair Conditioner,PRD0039,Hygiene Products,CAT004,3383.94,21,71062.74,6707.89,64354.85,6223.71,58131.14,6473.06,2023,11,30,51658.08,28061.46,Bank Transfer,Sonali Bank,ENT-20231130-01875
PO-202311-1043,2023-11-30,VND003,Shanti Enterprises,INV-20231130-1792,Hair Color,PRD0052,Hygiene Products,CAT004,155.46,86,13369.56,62.82,13306.74,52.6,13254.14,328.92,2023,11,30,12925.22,10442.62,Bkash,,ENT-20231130-01043
PO-202311-0910,2023-11-29,VND003,Shanti Enterprises,INV-20231129-6573,Shaving Cream,PRD0066,Cosmetics,CAT002,3986.18,24,95668.32,4445.87,91222.45,1904.84,89317.61,9296.48,2023,11,29,80021.13,5329.85,Bank Transfer,City Bank,ENT-20231129-00910
PO-202311-1411,2023-11-29,VND002,Kazi Tea IND Ltd.,INV-20231129-2269,Compact Powder,PRD0042,Cosmetics,CAT002,2256.25,84,189525.0,25713.59,163811.41,3580.73,160230.68,12779.18,2023,11,29,147451.5,93524.47,Bkash,,ENT-20231129-01411
PO-202311-0478,2023-11-28,VND007,Style Mart Brand,INV-20231128-6109,Perfume,PRD0014,Cosmetics,CAT002,4944.6,61,301620.6,47250.79,254369.81,20644.72,233725.09,10124.43,2023,11,28,223600.66,188396.87,Bkash,,ENT-20231128-00478
PO-202311-1458,2023-11-28,VND007,Style Mart Brand,INV-20231128-6750,Underarm Whitening Cream,PRD0050,Cosmetics,CAT002,1865.23,53,98857.19,19016.8,79840.39,755.35,79085.04,6283.89,2023,11,28,72801.15,45326.97,Bank Transfer,City Bank,ENT-20231128-01458
PO-202311-0650,2023-11-28,VND003,Shanti Enterprises,INV-20231128-9299,Men Polo Shirt,PRD0080,Fashion Apparel,CAT001,4848.47,92,446059.24,89850.34,356208.9,359.54,355849.36,46611.25,2023,11,28,309238.11,11152.23,Cheque,BRAC Bank,ENT-20231128-00650
PO-202311-0500,2023-11-28,VND002,Kazi Tea IND Ltd.,INV-20231128-2981,Hair Color,PRD0052,Hygiene Products,CAT004,1412.28,9,12710.52,2936.82,9773.7,821.99,8951.71,872.3,2023,11,28,8079.41,8019.08,Cheque,Bkash,ENT-20231128-00500
PO-202311-0204,2023-11-27,VND007,Style Mart Brand,INV-20231127-4545,Kids T-Shirt,PRD0006,Fashion Apparel,CAT001,430.22,65,27964.3,6884.3,21080.0,446.11,20633.89,2664.21,2023,11,27,17969.68,11949.61,Cheque,Bkash,ENT-20231127-00204
PO-202311-1186,2023-11-27,VND001,Creative Corporation,INV-20231127-9654,Body Scrub,PRD0047,Hygiene Products,CAT004,1058.8,94,99527.2,16543.2,82984.0,8145.09,74838.91,6743.13,2023,11,27,68095.78,51065.09,Nagad,,ENT-20231127-01186
PO-202311-0426,2023-11-26,VND005,Yello Energy Co.,INV-20231126-8651,Underarm Whitening Cream,PRD0050,Cosmetics,CAT002,1378.85,76,104792.6,13745.41,91047.19,1664.68,89382.51,10700.47,2023,11,26,78682.04,69297.12,Nagad,,ENT-20231126-00426
PO-202311-0118,2023-11-26,VND003,Shanti Enterprises,INV-20231126-5677,Women's Kurti,PRD0081,Fashion Apparel,CAT001,1205.32,61,73524.52,10165.5,63359.02,3118.57,60240.45,4349.36,2023,11,26,55891.09,27135.68,Bkash,,ENT-20231126-00118
PO-202311-0188,2023-11-26,VND002,Kazi Tea IND Ltd.,INV-20231126-4023,Kids Dress,PRD0067,Fashion Apparel,CAT001,1154.66,6,6927.96,1158.28,5769.68,508.07,5261.61,441.39,2023,11,26,4820.22,334.91,Cash,,ENT-20231126-00188
PO-202311-0187,2023-11-26,VND004,Organic Solutions,INV-20231126-5512,Personal Lubricant,PRD0070,Hygiene Products,CAT004,4592.95,5,22964.75,5245.89,17718.86,1085.39,16633.47,1933.01,2023,11,26,14700.46,12433.83,Nagad,,ENT-20231126-00187
PO-202311-1940,2023-11-25,VND003,Shanti Enterprises,INV-20231125-9789,Hair Dryer,PRD0013,Hygiene Products,CAT004,1191.74,56,66737.44,16445.84,50291.6,3879.47,46412.13,1558.99,2023,11,25,44853.14,3095.72,Bank Transfer,Sonali Bank,ENT-20231125-01940
PO-202311-0324,2023-11-25,VND003,Shanti Enterprises,INV-20231125-1971,Diapers,PRD0024,Hygiene Products,CAT004,440.07,16,7041.12,508.36,6532.76,216.19,6316.57,287.89,2023,11,25,6028.68,3042.79,Cheque,Rupali Bank,ENT-20231125-00324
PO-202311-0628,2023-11-25,VND002,Kazi Tea IND Ltd.,INV-20231125-7679,Sunscreen,PRD0068,Hygiene Products,CAT004,2092.17,20,41843.4,8130.8,33712.6,141.56,33571.04,941.22,2023,11,25,32629.82,15756.27,Bkash,,ENT-20231125-00628
PO-202311-0299,2023-11-24,VND003,Shanti Enterprises,INV-20231124-5725,Women's Leggings,PRD0079,Fashion Apparel,CAT001,3963.31,20,79266.2,3341.46,75924.74,2887.08,73037.66,62.47,2023,11,24,72975.19,41114.06,Bkash,,ENT-20231124-00299
PO-202311-1798,2023-11-24,VND007,Style Mart Brand,INV-20231124-7694,Scarf,PRD0076,Accessories,CAT003,3461.97,60,207718.2,6072.39,201645.81,15951.26,185694.55,22504.09,2023,11,24,163190.46,133934.7,Cash,,ENT-20231124-01798
PO-202311-0882,2023-11-22,VND001,Creative Corporation,INV-20231122-2831,Disinfectant Spray,PRD0037,Cosmetics,CAT002,4886.54,68,332284.72,80158.01,252126.71,12111.89,240014.82,24189.63,2023,11,22,215825.19,37409.11,Bkash,,ENT-20231122-00882
PO-202311-1863,2023-11-22,VND002,Kazi Tea IND Ltd.,INV-20231122-2454,Lipstick,PRD0061,Cosmetics,CAT002,3670.51,51,187196.01,45940.33,141255.68,1212.38,140043.3,16731.23,2023,11,22,123312.07,60244.07,Bank Transfer,Rupali Bank,ENT-20231122-01863
PO-202311-1706,2023-11-21,VND007,Style Mart Brand,INV-20231121-4567,Hand Sanitizer,PRD0004,Hygiene Products,CAT004,3813.55,46,175423.3,17777.46,157645.84,10685.42,146960.42,10934.48,2023,11,21,136025.94,66480.03,Cheque,Sonali Bank,ENT-20231121-01706
PO-202311-0709,2023-11-21,VND001,Creative Corporation,INV-20231121-6909,Women's Top,PRD0005,Fashion Apparel,CAT001,3198.57,15,47978.55,13583.66,34394.89,3416.17,30978.72,1266.53,2023,11,21,29712.19,14075.47,Cash,,ENT-20231121-00709
PO-202311-1413,2023-11-21,VND002,Kazi Tea IND Ltd.,INV-20231121-6773,Baby Wipes,PRD0069,Hygiene Products,CAT004,2082.43,4,8329.72,1166.07,7163.65,125.14,7038.51,684.21,2023,11,21,6354.3,3910.35,Nagad,,ENT-20231121-01413
PO-202311-1509,2023-11-20,VND001,Creative Corporation,INV-20231120-5660,After Sun Lotion,PRD0074,Cosmetics,CAT002,899.71,63,56681.73,5935.35,50746.38,2567.08,48179.3,5169.83,2023,11,20,43009.47,37079.4,Nagad,,ENT-20231120-01509
PO-202311-0768,2023-11-20,VND007,Style Mart Brand,INV-20231120-2680,Men Shirt,PRD0010,Fashion Apparel,CAT001,3743.64,13,48667.32,13937.54,34729.78,674.0,34055.78,3142.73,2023,11,20,30913.05,18694.93,Bkash,,ENT-20231120-00768
PO-202311-1515,2023-11-20,VND002,Kazi Tea IND Ltd.,INV-20231120-8113,Hair Conditioner,PRD0039,Hygiene Products,CAT004,1374.95,86,118245.7,34493.54,83752.16,3582.28,80169.88,7647.53,2023,11,20,72522.35,48512.28,Cheque,Nagad,ENT-20231120-01515
PO-202311-0460,2023-11-20,VND002,Kazi Tea IND Ltd.,INV-20231120-4214,Belt,PRD0002,Accessories,CAT003,1884.28,20,37685.6,7006.33,30679.27,2090.68,28588.59,1663.96,2023,11,20,26924.63,24014.54,Cash,,ENT-20231120-00460
PO-202311-1437,2023-11-18,VND003,Shanti Enterprises,INV-20231118-3669,Nail Polish,PRD0055,Cosmetics,CAT002,969.23,24,23261.52,4039.57,19221.95,498.29,18723.66,1862.4,2023,11,18,16861.26,8162.83,Cheque,Janata Bank,ENT-20231118-01437
PO-202311-0881,2023-11-18,VND001,Creative Corporation,INV-20231118-4697,Mouthwash,PRD0025,Hygiene Products,CAT004,4765.45,15,71481.75,5176.23,66305.52,4973.86,61331.66,7524.38,2023,11,18,53807.28,49920.09,Cash,,ENT-20231118-00881
PO-202311-1288,2023-11-18,VND007,Style Mart Brand,INV-20231118-1320,Hair Straightener,PRD0073,Hygiene Products,CAT004,2095.21,26,54475.46,10363.35,44112.11,1488.87,42623.24,678.85,2023,11,18,41944.39,11101.75,Cash,,ENT-20231118-01288
PO-202311-0486,2023-11-18,VND007,Style Mart Brand,INV-20231118-4330,Bra & Panty Set,PRD0031,Hygiene Products,CAT004,3175.61,32,101619.52,10030.14,91589.38,4184.04,87405.34,9722.45,2023,11,18,77682.89,48631.79,Bank Transfer,Nagad,ENT-20231118-00486
PO-202311-1518,2023-11-18,VND007,Style Mart Brand,INV-20231118-5825,Body Oil,PRD0059,Cosmetics,CAT002,2852.79,7,19969.53,1900.82,18068.71,258.79,17809.92,1238.6,2023,11,18,16571.32,7854.93,Nagad,,ENT-20231118-01518
PO-202311-0481,2023-11-18,VND002,Kazi Tea IND Ltd.,INV-20231118-1389,Bra & Panty Set,PRD0031,Hygiene Products,CAT004,4457.94,41,182775.54,1999.74,180775.8,16943.32,163832.48,21778.17,2023,11,18,142054.31,5514.23,Cash,,ENT-20231118-00481
PO-202311-1527,2023-11-17,VND006,Sun Corporation Ltd.,INV-20231117-6370,Hair Straightener,PRD0073,Hygiene Products,CAT004,3357.85,95,318995.75,47214.39,271781.36,8382.66,263398.7,36960.02,2023,11,17,226438.68,48240.09,Cash,,ENT-20231117-01527
PO-202311-0598,2023-11-17,VND004,Organic Solutions,INV-20231117-1840,Compact Powder,PRD0042,Cosmetics,CAT002,108.29,8,866.32,153.82,712.5,18.35,694.15,87.78,2023,11,17,606.37,289.31,Cash,,ENT-20231117-00598
PO-202311-0809,2023-11-17,VND004,Organic Solutions,INV-20231117-1712,Women's Kurti,PRD0081,Fashion Apparel,CAT001,2501.13,88,220099.44,23056.33,197043.11,10139.15,186903.96,21494.61,2023,11,17,165409.35,36391.25,Bkash,,ENT-20231117-00809
PO-202311-0265,2023-11-17,VND003,Shanti Enterprises,INV-20231117-4032,Women's Kurti,PRD0081,Fashion Apparel,CAT001,3128.93,80,250314.4,15747.28,234567.12,10190.25,224376.87,25847.02,2023,11,17,198529.85,29702.53,Nagad,,ENT-20231117-00265
PO-202311-0809,2023-11-17,VND004,Organic Solutions,INV-20231117-1712,Women's Kurti,PRD0081,Fashion Apparel,CAT001,5234.96,210,1099341.6,109934.16,989407.44,49470.37,939937.07,46996.85,2023,11,17,892940.22,132905.74,Bkash,,ENT-20231117-00809
PO-202311-0021,2023-11-17,VND001,Creative Corporation,INV-20231117-9681,Foot Care Cream,PRD0041,Cosmetics,CAT002,517.22,56,28964.32,877.01,28087.31,2114.76,25972.55,2035.13,2023,11,17,23937.42,23844.71,Bank Transfer,City Bank,ENT-20231117-00021
PO-202311-1527,2023-11-17,VND006,Sun Corporation Ltd.,INV-20231117-6370,Hair Straightener,PRD0073,Hygiene Products,CAT004,7028.15,144,1012053.6,101205.36,910848.24,45542.41,865305.83,43265.29,2023,11,17,822040.54,342831.98,Cash,,ENT-20231117-01527
PO-202311-0257,2023-11-16,VND005,Yello Energy Co.,INV-20231116-5765,Hair Serum,PRD0011,Cosmetics,CAT002,1544.43,36,55599.48,1816.29,53783.19,5233.25,48549.94,5814.48,2023,11,16,42735.46,17985.03,Bank Transfer,City Bank,ENT-20231116-00257
PO-202311-1902,2023-11-16,VND005,Yello Energy Co.,INV-20231116-1939,Baby Wipes,PRD0069,Hygiene Products,CAT004,3330.31,4,13321.24,539.04,12782.2,79.85,12702.35,84.18,2023,11,16,12618.17,9591.35,Bank Transfer,Janata Bank,ENT-20231116-01902
PO-202311-0264,2023-11-16,VND004,Organic Solutions,INV-20231116-6328,Hair Dryer,PRD0013,Hygiene Products,CAT004,572.87,25,14321.75,2789.84,11531.91,613.32,10918.59,416.71,2023,11,16,10501.88,715.66,Bank Transfer,Nagad,ENT-20231116-00264
PO-202311-1305,2023-11-16,VND002,Kazi Tea IND Ltd.,INV-20231116-6263,Toothpaste,PRD0063,Hygiene Products,CAT004,1715.4,87,149239.8,28293.52,120946.28,3827.28,117119.0,15624.14,2023,11,16,101494.86,11773.7,Cheque,Bkash,ENT-20231116-01305
PO-202311-1683,2023-11-15,VND005,Yello Energy Co.,INV-20231115-5456,Belt,PRD0002,Accessories,CAT003,5514.31,500,2757155.0,275715.5,2481439.5,124071.98,2357367.52,117868.38,2023,11,15,2239499.14,669156.0,Cash,,ENT-20231115-01683
PO-202311-1683,2023-11-15,VND005,Yello Energy Co.,INV-20231115-5456,Belt,PRD0002,Accessories,CAT003,513.91,52,26723.32,6394.18,20329.14,311.56,20017.58,2960.44,2023,11,15,17057.14,7600.59,Cash,,ENT-20231115-01683
PO-202311-0532,2023-11-15,VND004,Organic Solutions,INV-20231115-3645,Women's Top,PRD0005,Fashion Apparel,CAT001,4584.41,55,252142.55,28365.18,223777.37,11966.47,211810.9,259.56,2023,11,15,211551.34,2814.0,Cheque,Dutch Bangla Bank,ENT-20231115-00532
PO-202311-0532,2023-11-15,VND004,Organic Solutions,INV-20231115-3645,Women's Top,PRD0005,Fashion Apparel,CAT001,7412.19,292,2164359.48,216435.95,1947923.53,97396.18,1850527.35,92526.37,2023,11,15,1758000.98,839821.01,Cheque,Dutch Bangla Bank,ENT-20231115-00532
PO-202311-0535,2023-11-15,VND001,Creative Corporation,INV-20231115-2240,After Sun Lotion,PRD0074,Cosmetics,CAT002,3674.09,36,132267.24,15871.09,116396.15,7070.15,109326.0,2047.69,2023,11,15,107278.31,36576.67,Nagad,,ENT-20231115-00535
PO-202311-0290,2023-11-15,VND005,Yello Energy Co.,INV-20231115-5033,Foot Care Cream,PRD0041,Cosmetics,CAT002,3219.25,38,122331.5,17036.18,105295.32,4124.34,101170.98,1313.14,2023,11,15,99857.84,89418.69,Bkash,,ENT-20231115-00290
PO-202311-1409,2023-11-14,VND001,Creative Corporation,INV-20231114-1794,Hair Spray,PRD0071,Cosmetics,CAT002,1074.02,60,64441.2,5103.21,59337.99,1496.08,57841.91,162.47,2023,11,14,57679.44,21462.51,Nagad,,ENT-20231114-01409
PO-202311-1656,2023-11-13,VND007,Style Mart Brand,INV-20231113-8981,Toothpaste,PRD0063,Hygiene Products,CAT004,4148.76,57,236479.32,42916.54,193562.78,1039.82,192522.96,0.27,2023,11,13,192522.69,44568.64,Bank Transfer,BRAC Bank,ENT-20231113-01656
PO-202311-1054,2023-11-13,VND006,Sun Corporation Ltd.,INV-20231113-8798,Body Lotion,PRD0064,Cosmetics,CAT002,2459.85,69,169729.65,5021.29,164708.36,15448.7,149259.66,15401.03,2023,11,13,133858.63,64562.07,Cash,,ENT-20231113-01054
PO-202311-1300,2023-11-13,VND007,Style Mart Brand,INV-20231113-7989,Compact Powder,PRD0042,Cosmetics,CAT002,3650.83,38,138731.54,17610.01,121121.53,1394.69,119726.84,783.08,2023,11,13,118943.76,17899.71,Cheque,Janata Bank,ENT-20231113-01300
PO-202311-1081,2023-11-13,VND001,Creative Corporation,INV-20231113-9718,After Sun Lotion,PRD0074,Cosmetics,CAT002,867.44,98,85009.12,5035.62,79973.5,7494.33,72479.17,8778.69,2023,11,13,63700.48,34031.1,Cheque,Sonali Bank,ENT-20231113-01081
PO-202311-1972,2023-11-13,VND007,Style Mart Brand,INV-20231113-7743,Baby Wipes,PRD0069,Hygiene Products,CAT004,2785.31,91,253463.21,54081.67,199381.54,15188.65,184192.89,21226.61,2023,11,13,162966.28,18326.74,Bkash,,ENT-20231113-01972
PO-202311-1871,2023-11-13,VND006,Sun Corporation Ltd.,INV-20231113-6014,Keychain,PRD0012,Accessories,CAT003,2693.8,82,220891.6,39263.51,181628.09,8892.66,172735.43,21683.28,2023,11,13,151052.15,124015.11,Bkash,,ENT-20231113-01871
PO-202311-0897,2023-11-13,VND002,Kazi Tea IND Ltd.,INV-20231113-5066,Body Wash,PRD0058,Hygiene Products,CAT004,992.1,68,67462.8,17491.44,49971.36,4520.79,45450.57,5438.67,2023,11,13,40011.9,35612.27,Cheque,Nagad,ENT-20231113-00897
PO-202311-1972,2023-11-13,VND007,Style Mart Brand,INV-20231113-7743,Baby Wipes,PRD0069,Hygiene Products,CAT004,5023.29,477,2396109.33,239610.93,2156498.4,107824.92,2048673.48,102433.67,2023,11,13,1946239.81,905975.83,Bkash,,ENT-20231113-01972
PO-202311-1611,2023-11-12,VND006,Sun Corporation Ltd.,INV-20231112-8019,Face Cream,PRD0034,Cosmetics,CAT002,2544.27,43,109403.61,31442.28,77961.33,4444.43,73516.9,4881.48,2023,11,12,68635.42,52503.03,Nagad,,ENT-20231112-01611
PO-202311-0975,2023-11-12,VND007,Style Mart Brand,INV-20231112-1488,Men Jeans,PRD0078,Fashion Apparel,CAT001,4767.5,46,219305.0,49381.81,169923.19,16312.34,153610.85,6943.15,2023,11,12,146667.7,96829.83,Bank Transfer,Janata Bank,ENT-20231112-00975
PO-202311-1974,2023-11-11,VND006,Sun Corporation Ltd.,INV-20231111-1019,Hand Sanitizer,PRD0004,Hygiene Products,CAT004,4497.47,68,305827.96,23399.39,282428.57,24014.62,258413.95,25439.0,2023,11,11,232974.95,87149.56,Cash,,ENT-20231111-01974
PO-202311-1085,2023-11-11,VND006,Sun Corporation Ltd.,INV-20231111-4037,Umbrella,PRD0060,Accessories,CAT003,2841.56,98,278472.88,42206.99,236265.89,19255.1,217010.79,867.51,2023,11,11,216143.28,170642.99,Cash,,ENT-20231111-01085
PO-202311-1105,2023-11-11,VND007,Style Mart Brand,INV-20231111-1621,Body Spray,PRD0001,Cosmetics,CAT002,1038.07,43,44637.01,8976.85,35660.16,557.17,35102.99,4576.49,2023,11,11,30526.5,338.63,Bank Transfer,BRAC Bank,ENT-20231111-01105
PO-202311-1745,2023-11-10,VND003,Shanti Enterprises,INV-20231110-4694,Body Scrub,PRD0047,Hygiene Products,CAT004,3425.05,60,205503.0,53590.27,151912.73,5367.87,146544.86,19186.88,2023,11,10,127357.98,126423.63,Bank Transfer,Nagad,ENT-20231110-01745
PO-202311-1270,2023-11-10,VND004,Organic Solutions,INV-20231110-1026,Body Oil,PRD0059,Cosmetics,CAT002,4686.22,31,145272.82,4390.04,140882.78,13693.56,127189.22,11850.28,2023,11,10,115338.94,44352.43,Cash,,ENT-20231110-01270
PO-202311-0380,2023-11-10,VND002,Kazi Tea IND Ltd.,INV-20231110-9878,Face Serum,PRD0053,Cosmetics,CAT002,3629.76,50,181488.0,22269.86,159218.14,2569.62,156648.52,996.44,2023,11,10,155652.08,107124.26,Cash,,ENT-20231110-00380
PO-202311-1601,2023-11-10,VND004,Organic Solutions,INV-20231110-6747,After Sun Lotion,PRD0074,Cosmetics,CAT002,2353.48,56,131794.88,36021.82,95773.06,9188.6,86584.46,7982.19,2023,11,10,78602.27,17343.63,Cash,,ENT-20231110-01601
PO-202311-0847,2023-11-10,VND007,Style Mart Brand,INV-20231110-6569,Hair Gel,PRD0077,Hygiene Products,CAT004,3693.76,65,240094.4,37368.91,202725.49,7894.3,194831.19,25164.43,2023,11,10,169666.76,122617.59,Cash,,ENT-20231110-00847
PO-202311-1429,2023-11-09,VND007,Style Mart Brand,INV-20231109-3388,Face Scrub,PRD0062,Hygiene Products,CAT004,4277.24,8,34217.92,443.77,33774.15,2811.67,30962.48,139.33,2023,11,9,30823.15,23443.52,Cheque,Bkash,ENT-20231109-01429
PO-202311-1542,2023-11-09,VND001,Creative Corporation,INV-20231109-4421,Jacket,PRD0008,Fashion Apparel,CAT001,2991.15,99,296123.85,39584.24,256539.61,20413.89,236125.72,1742.08,2023,11,9,234383.64,179234.84,Cash,,ENT-20231109-01542
PO-202311-0138,2023-11-09,VND001,Creative Corporation,INV-20231109-3102,Luggage,PRD0045,Hygiene Products,CAT004,4765.65,57,271642.05,59647.15,211994.9,21024.07,190970.83,19745.3,2023,11,9,171225.53,146029.3,Nagad,,ENT-20231109-00138
PO-202311-1302,2023-11-09,VND003,Shanti Enterprises,INV-20231109-8113,Underarm Whitening Cream,PRD0050,Cosmetics,CAT002,62.92,42,2642.64,458.62,2184.02,4.82,2179.2,289.09,2023,11,9,1890.11,817.39,Nagad,,ENT-20231109-01302
PO-202311-0074,2023-11-08,VND003,Shanti Enterprises,INV-20231108-1083,Women's Leggings,PRD0079,Fashion Apparel,CAT001,217.29,75,16296.75,3844.25,12452.5,1082.13,11370.37,836.11,2023,11,8,10534.26,4518.3,Cash,,ENT-20231108-00074
PO-202311-1389,2023-11-07,VND006,Sun Corporation Ltd.,INV-20231107-6011,Hair Serum,PRD0011,Cosmetics,CAT002,3032.38,34,103100.92,16168.36,86932.56,1145.37,85787.19,11151.67,2023,11,7,74635.52,62546.52,Bkash,,ENT-20231107-01389
PO-202311-0615,2023-11-07,VND007,Style Mart Brand,INV-20231107-2133,Face Cream,PRD0034,Cosmetics,CAT002,3938.94,12,47267.28,4042.83,43224.45,279.08,42945.37,4615.49,2023,11,7,38329.88,10148.62,Bank Transfer,Janata Bank,ENT-20231107-00615
PO-202311-1935,2023-11-06,VND004,Organic Solutions,INV-20231106-7535,Hand Sanitizer,PRD0004,Hygiene Products,CAT004,192.08,13,2497.04,654.61,1842.43,68.05,1774.38,173.92,2023,11,6,1600.46,1100.46,Cheque,Sonali Bank,ENT-20231106-01935
PO-202311-1845,2023-11-06,VND007,Style Mart Brand,INV-20231106-1080,Mouthwash,PRD0025,Hygiene Products,CAT004,2572.07,26,66873.82,1291.63,65582.19,3686.18,61896.01,1862.84,2023,11,6,60033.17,56619.34,Bank Transfer,Rupali Bank,ENT-20231106-01845
PO-202311-0539,2023-11-05,VND002,Kazi Tea IND Ltd.,INV-20231105-8772,Toothpaste,PRD0063,Hygiene Products,CAT004,2694.48,70,188613.6,15645.55,172968.05,238.47,172729.58,17933.76,2023,11,5,154795.82,141661.77,Nagad,,ENT-20231105-00539
PO-202311-0984,2023-11-05,VND005,Yello Energy Co.,INV-20231105-7875,Beard Oil,PRD0049,Cosmetics,CAT002,4151.19,12,49814.28,13938.72,35875.56,1632.52,34243.04,1268.06,2023,11,5,32974.98,17499.12,Cheque,Janata Bank,ENT-20231105-00984
PO-202311-1194,2023-11-05,VND006,Sun Corporation Ltd.,INV-20231105-9631,Luggage,PRD0045,Hygiene Products,CAT004,2080.64,37,76983.68,19815.63,57168.05,78.9,57089.15,8179.17,2023,11,5,48909.98,2320.75,Bank Transfer,Bkash,ENT-20231105-01194
PO-202311-1761,2023-11-04,VND004,Organic Solutions,INV-20231104-7891,Face Wash,PRD0022,Hygiene Products,CAT004,3730.14,24,89523.36,21992.63,67530.73,5017.27,62513.46,7858.2,2023,11,4,54655.26,18826.68,Bkash,,ENT-20231104-01761
PO-202311-0091,2023-11-04,VND004,Organic Solutions,INV-20231104-2521,Body Mist,PRD0035,Cosmetics,CAT002,2336.0,73,170528.0,32759.2,137768.8,11884.87,125883.93,1376.44,2023,11,4,124507.49,43499.98,Bkash,,ENT-20231104-00091
PO-202311-1722,2023-11-03,VND003,Shanti Enterprises,INV-20231103-5240,Aftershave,PRD0057,Hygiene Products,CAT004,4086.86,65,265645.9,67126.79,198519.11,15110.26,183408.85,10192.95,2023,11,3,173215.9,43608.76,Nagad,,ENT-20231103-01722
PO-202311-1771,2023-11-03,VND001,Creative Corporation,INV-20231103-6083,Nail Polish,PRD0055,Cosmetics,CAT002,2109.7,69,145569.3,11001.74,134567.56,8073.88,126493.68,12246.24,2023,11,3,114247.44,82612.25,Bank Transfer,Sonali Bank,ENT-20231103-01771
PO-202311-0572,2023-11-03,VND002,Kazi Tea IND Ltd.,INV-20231103-7804,Hair Accessories,PRD0029,Hygiene Products,CAT004,205.25,30,6157.5,131.15,6026.35,334.12,5692.23,644.59,2023,11,3,5047.64,4470.91,Cash,,ENT-20231103-00572
PO-202311-0572,2023-11-03,VND002,Kazi Tea IND Ltd.,INV-20231103-7804,Hair Accessories,PRD0029,Hygiene Products,CAT004,8686.25,398,3457127.5,345712.75,3111414.75,155570.74,2955844.01,147792.2,2023,11,3,2808051.81,514974.36,Cash,,ENT-20231103-00572
PO-202311-1917,2023-11-03,VND007,Style Mart Brand,INV-20231103-8759,Women's Kurti,PRD0081,Fashion Apparel,CAT001,604.34,54,32634.36,9603.35,23031.01,1149.46,21881.55,2157.47,2023,11,3,19724.08,17572.55,Cheque,Rupali Bank,ENT-20231103-01917
PO-202311-0923,2023-11-02,VND006,Sun Corporation Ltd.,INV-20231102-8694,Hair Removal Cream,PRD0018,Cosmetics,CAT002,3836.77,95,364493.15,62784.25,301708.9,8787.88,292921.02,27888.45,2023,11,2,265032.57,67963.04,Bank Transfer,Dutch Bangla Bank,ENT-20231102-00923
PO-202311-0394,2023-11-02,VND004,Organic Solutions,INV-20231102-5037,Hair Serum,PRD0011,Cosmetics,CAT002,1951.01,43,83893.43,11365.7,72527.73,5105.26,67422.47,7108.65,2023,11,2,60313.82,45597.78,Bkash,,ENT-20231102-00394
PO-202311-0950,2023-11-02,VND002,Kazi Tea IND Ltd.,INV-20231102-9777,Men's Innerwear,PRD0015,Fashion Apparel,CAT001,3992.31,100,399231.0,6091.76,393139.24,31060.19,362079.05,33240.23,2023,11,2,328838.82,54177.01,Cash,,ENT-20231102-00950
PO-202311-1619,2023-11-01,VND002,Kazi Tea IND Ltd.,INV-20231101-6413,Lipstick,PRD0061,Cosmetics,CAT002,4511.7,138,622614.6,62261.46,560353.14,28017.66,532335.48,26616.77,2023,11,1,505718.71,169193.07,Nagad,,ENT-20231101-01619
PO-202311-0373,2023-11-01,VND007,Style Mart Brand,INV-20231101-1486,Body Oil,PRD0059,Cosmetics,CAT002,3633.19,39,141694.41,4637.23,137057.18,1349.14,135708.04,11786.38,2023,11,1,123921.66,79024.84,Bank Transfer,BRAC Bank,ENT-20231101-00373
PO-202311-1619,2023-11-01,VND002,Kazi Tea IND Ltd.,INV-20231101-6413,Lipstick,PRD0061,Cosmetics,CAT002,2323.95,42,97605.9,8720.44,88885.46,1027.37,87858.09,10712.66,2023,11,1,77145.43,28363.6,Nagad,,ENT-20231101-01619
PO-202310-0856,2023-10-31,VND001,Creative Corporation,INV-20231031-6817,Face Scrub,PRD0062,Hygiene Products,CAT004,897.63,10,8976.3,281.97,8694.33,420.79,8273.54,441.22,2023,10,31,7832.32,194.47,Bank Transfer,City Bank,ENT-20231031-00856
PO-202310-0856,2023-10-31,VND001,Creative Corporation,INV-20231031-6817,Face Scrub,PRD0062,Hygiene Products,CAT004,6779.59,481,3260982.79,326098.28,2934884.51,146744.23,2788140.28,139407.01,2023,10,31,2648733.27,817779.73,Bank Transfer,City Bank,ENT-20231031-00856
PO-202310-1767,2023-10-30,VND003,Shanti Enterprises,INV-20231030-7316,Makeup Remover,PRD0032,Cosmetics,CAT002,1977.84,94,185916.96,36876.25,149040.71,9679.09,139361.62,9195.47,2023,10,30,130166.15,72395.49,Cheque,Nagad,ENT-20231030-01767
PO-202310-0695,2023-10-30,VND001,Creative Corporation,INV-20231030-6735,Body Lotion,PRD0064,Cosmetics,CAT002,2768.16,48,132871.68,20868.65,112003.03,6599.74,105403.29,5032.67,2023,10,30,100370.62,42134.21,Cheque,Rupali Bank,ENT-20231030-00695
PO-202310-1068,2023-10-29,VND004,Organic Solutions,INV-20231029-9866,Personal Lubricant,PRD0070,Hygiene Products,CAT004,2180.14,32,69764.48,6135.94,63628.54,1356.22,62272.32,649.66,2023,10,29,61622.66,46828.2,Bkash,,ENT-20231029-01068
PO-202310-1333,2023-10-29,VND001,Creative Corporation,INV-20231029-6121,Lipstick,PRD0061,Cosmetics,CAT002,128.23,43,5513.89,184.2,5329.69,268.62,5061.07,746.37,2023,10,29,4314.7,3734.45,Nagad,,ENT-20231029-01333
PO-202310-0772,2023-10-28,VND007,Style Mart Brand,INV-20231028-9161,Gloves,PRD0023,Hygiene Products,CAT004,306.61,5,1533.05,48.49,1484.56,92.69,1391.87,89.06,2023,10,28,1302.81,1151.45,Cash,,ENT-20231028-00772
PO-202310-0028,2023-10-28,VND007,Style Mart Brand,INV-20231028-8269,Nail Polish,PRD0055,Cosmetics,CAT002,7167.07,405,2902663.35,290266.34,2612397.01,130619.85,2481777.16,124088.86,2023,10,28,2357688.3,766051.26,Nagad,,ENT-20231028-00028
PO-202310-0028,2023-10-28,VND007,Style Mart Brand,INV-20231028-8269,Nail Polish,PRD0055,Cosmetics,CAT002,4049.99,75,303749.25,58912.09,244837.16,1714.65,243122.51,32398.2,2023,10,28,210724.31,148799.57,Nagad,,ENT-20231028-00028
PO-202310-1694,2023-10-28,VND001,Creative Corporation,INV-20231028-3124,Hoodie,PRD0075,Fashion Apparel,CAT001,751.89,56,42105.84,1887.52,40218.32,3133.41,37084.91,55.05,2023,10,28,37029.86,19079.28,Bkash,,ENT-20231028-01694
PO-202310-0570,2023-10-28,VND002,Kazi Tea IND Ltd.,INV-20231028-3969,Face Mask,PRD0054,Cosmetics,CAT002,1239.57,85,105363.45,28413.0,76950.45,5615.93,71334.52,2076.7,2023,10,28,69257.82,8591.38,Cash,,ENT-20231028-00570
PO-202310-0687,2023-10-27,VND004,Organic Solutions,INV-20231027-6179,Face Wash,PRD0022,Hygiene Products,CAT004,3340.4,31,103552.4,9002.06,94550.34,2969.5,91580.84,4494.74,2023,10,27,87086.1,68448.98,Nagad,,ENT-20231027-00687
PO-202310-1225,2023-10-27,VND004,Organic Solutions,INV-20231027-7422,Makeup Kit,PRD0056,Cosmetics,CAT002,3835.7,19,72878.3,6383.15,66495.15,4366.39,62128.76,6293.47,2023,10,27,55835.29,35113.55,Bank Transfer,Janata Bank,ENT-20231027-01225
PO-202310-1678,2023-10-27,VND001,Creative Corporation,INV-20231027-4811,Personal Lubricant,PRD0070,Hygiene Products,CAT004,1185.66,13,15413.58,1381.6,14031.98,824.52,13207.46,581.27,2023,10,27,12626.19,2062.91,Bank Transfer,Rupali Bank,ENT-20231027-01678
PO-202310-0763,2023-10-27,VND001,Creative Corporation,INV-20231027-8200,Body Oil,PRD0059,Cosmetics,CAT002,643.57,41,26386.37,1949.9,24436.47,2060.99,22375.48,1055.43,2023,10,27,21320.05,10314.43,Bank Transfer,BRAC Bank,ENT-20231027-00763
PO-202310-1743,2023-10-27,VND001,Creative Corporation,INV-20231027-4542,Body Mist,PRD0035,Cosmetics,CAT002,1322.25,32,42312.0,3579.71,38732.29,3142.55,35589.74,3170.43,2023,10,27,32419.31,30608.54,Cash,,ENT-20231027-01743
PO-202310-0563,2023-10-26,VND003,Shanti Enterprises,INV-20231026-9714,Makeup Kit,PRD0056,Cosmetics,CAT002,3393.81,69,234172.89,34035.9,200136.99,17195.5,182941.49,15657.21,2023,10,26,167284.28,29642.57,Cash,,ENT-20231026-00563
PO-202310-0692,2023-10-25,VND004,Organic Solutions,INV-20231025-9194,Personal Toys,PRD0040,Hygiene Products,CAT004,300.4,50,15020.0,3515.09,11504.91,376.58,11128.33,900.22,2023,10,25,10228.11,10122.1,Nagad,,ENT-20231025-00692
PO-202310-1423,2023-10-25,VND003,Shanti Enterprises,INV-20231025-5887,Lipstick,PRD0061,Cosmetics,CAT002,2338.44,89,208121.16,47107.43,161013.73,8698.09,152315.64,19994.69,2023,10,25,132320.95,79123.72,Bank Transfer,Dutch Bangla Bank,ENT-20231025-01423
PO-202310-0734,2023-10-25,VND003,Shanti Enterprises,INV-20231025-2443,Women's Leggings,PRD0079,Fashion Apparel,CAT001,4952.25,26,128758.5,13149.3,115609.2,7259.36,108349.84,11865.88,2023,10,25,96483.96,18838.04,Bkash,,ENT-20231025-00734
PO-202310-0816,2023-10-24,VND003,Shanti Enterprises,INV-20231024-1971,Hair Color,PRD0052,Hygiene Products,CAT004,2890.45,99,286154.55,53070.96,233083.59,17384.65,215698.94,29539.54,2023,10,24,186159.4,60138.59,Bank Transfer,Janata Bank,ENT-20231024-00816
PO-202310-1406,2023-10-24,VND002,Kazi Tea IND Ltd.,INV-20231024-2216,After Sun Lotion,PRD0074,Cosmetics,CAT002,1920.94,36,69153.84,4633.15,64520.69,5307.8,59212.89,2348.96,2023,10,24,56863.93,44995.25,Cheque,Sonali Bank,ENT-20231024-01406
PO-202310-0443,2023-10-24,VND004,Organic Solutions,INV-20231024-2593,Face Scrub,PRD0062,Hygiene Products,CAT004,4740.34,64,303381.76,75308.4,228073.36,7084.48,220988.88,22354.92,2023,10,24,198633.96,167981.25,Nagad,,ENT-20231024-00443
PO-202310-0323,2023-10-24,VND005,Yello Energy Co.,INV-20231024-3426,Hand Sanitizer,PRD0004,Hygiene Products,CAT004,603.23,71,42829.33,10970.61,31858.72,531.67,31327.05,1613.91,2023,10,24,29713.14,22430.81,Nagad,,ENT-20231024-00323
PO-202310-1181,2023-10-23,VND003,Shanti Enterprises,INV-20231023-5128,Sanitary Napkins,PRD0030,Hygiene Products,CAT004,1083.44,34,36836.96,2746.55,34090.41,371.74,33718.67,4432.4,2023,10,23,29286.27,20828.9,Bank Transfer,Dutch Bangla Bank,ENT-20231023-01181
PO-202310-0830,2023-10-23,VND001,Creative Corporation,INV-20231023-8018,Perfume,PRD0014,Cosmetics,CAT002,1010.11,28,28283.08,8068.6,20214.48,1027.53,19186.95,2760.87,2023,10,23,16426.08,15273.32,Bkash,,ENT-20231023-00830
PO-202310-0341,2023-10-23,VND003,Shanti Enterprises,INV-20231023-5986,Hair Accessories,PRD0029,Hygiene Products,CAT004,808.97,62,50156.14,8466.16,41689.98,3450.75,38239.23,3799.06,2023,10,23,34440.17,18077.09,Cash,,ENT-20231023-00341
PO-202310-0853,2023-10-23,VND007,Style Mart Brand,INV-20231023-2649,Face Serum,PRD0053,Cosmetics,CAT002,2025.47,73,147859.31,12134.09,135725.22,7685.39,128039.83,13169.82,2023,10,23,114870.01,93832.73,Nagad,,ENT-20231023-00853
PO-202310-0654,2023-10-22,VND002,Kazi Tea IND Ltd.,INV-20231022-6957,Men's Nightwear,PRD0048,Fashion Apparel,CAT001,1242.58,92,114317.36,25219.07,89098.29,7885.85,81212.44,8727.09,2023,10,22,72485.35,24211.71,Cash,,ENT-20231022-00654
PO-202310-0890,2023-10-22,VND002,Kazi Tea IND Ltd.,INV-20231022-2057,Keychain,PRD0012,Accessories,CAT003,4009.9,4,16039.6,4308.85,11730.75,724.3,11006.45,585.48,2023,10,22,10420.97,1188.66,Nagad,,ENT-20231022-00890
PO-202310-1467,2023-10-21,VND006,Sun Corporation Ltd.,INV-20231021-2106,Women's Top,PRD0005,Fashion Apparel,CAT001,3765.06,26,97891.56,4326.79,93564.77,1316.44,92248.33,9005.77,2023,10,21,83242.56,69686.57,Cash,,ENT-20231021-01467
PO-202310-1915,2023-10-21,VND001,Creative Corporation,INV-20231021-5552,Watch,PRD0043,Accessories,CAT003,2247.25,30,67417.5,20053.22,47364.28,4466.63,42897.65,4852.01,2023,10,21,38045.64,8646.35,Bank Transfer,Sonali Bank,ENT-20231021-01915
PO-202310-1083,2023-10-21,VND006,Sun Corporation Ltd.,INV-20231021-4584,Women's Leggings,PRD0079,Fashion Apparel,CAT001,3624.23,28,101478.44,8012.13,93466.31,265.21,93201.1,11020.07,2023,10,21,82181.03,39159.49,Cash,,ENT-20231021-01083
PO-202310-1130,2023-10-20,VND003,Shanti Enterprises,INV-20231020-7365,Handbag,PRD0020,Accessories,CAT003,3265.88,13,42456.44,9518.58,32937.86,1325.3,31612.56,643.48,2023,10,20,30969.08,15673.44,Cash,,ENT-20231020-01130
PO-202310-1786,2023-10-20,VND004,Organic Solutions,INV-20231020-4223,Hair Spray,PRD0071,Cosmetics,CAT002,735.81,99,72845.19,19180.96,53664.23,2358.72,51305.51,6281.44,2023,10,20,45024.07,21301.61,Cash,,ENT-20231020-01786
PO-202310-1653,2023-10-19,VND007,Style Mart Brand,INV-20231019-3902,Watch,PRD0043,Accessories,CAT003,80.71,51,4116.21,623.27,3492.94,235.53,3257.41,455.79,2023,10,19,2801.62,1626.1,Bank Transfer,City Bank,ENT-20231019-01653
PO-202310-1602,2023-10-19,VND002,Kazi Tea IND Ltd.,INV-20231019-4598,Toothbrush,PRD0017,Hygiene Products,CAT004,2416.29,46,111149.34,25713.56,85435.78,142.87,85292.91,5334.11,2023,10,19,79958.8,21743.06,Bank Transfer,Rupali Bank,ENT-20231019-01602
PO-202310-1283,2023-10-18,VND001,Creative Corporation,INV-20231018-1310,Men Polo Shirt,PRD0080,Fashion Apparel,CAT001,4976.6,39,194087.4,1689.86,192397.54,8356.27,184041.27,3698.35,2023,10,18,180342.92,52874.54,Bank Transfer,Rupali Bank,ENT-20231018-01283
PO-202310-1724,2023-10-18,VND005,Yello Energy Co.,INV-20231018-9932,Backpack,PRD0038,Hygiene Products,CAT004,4753.52,19,90316.88,20043.13,70273.75,5291.28,64982.47,5396.31,2023,10,18,59586.16,14848.07,Nagad,,ENT-20231018-01724
PO-202310-0537,2023-10-18,VND005,Yello Energy Co.,INV-20231018-9179,Sunscreen,PRD0068,Hygiene Products,CAT004,2869.73,56,160704.88,42579.67,118125.21,720.9,117404.31,7101.12,2023,10,18,110303.19,14330.25,Cash,,ENT-20231018-00537
PO-202310-0542,2023-10-17,VND005,Yello Energy Co.,INV-20231017-7052,After Sun Lotion,PRD0074,Cosmetics,CAT002,759.42,25,18985.5,422.94,18562.56,830.89,17731.67,1002.95,2023,10,17,16728.72,659.3,Cheque,Rupali Bank,ENT-20231017-00542
PO-202310-1428,2023-10-17,VND007,Style Mart Brand,INV-20231017-3961,Perfume,PRD0014,Cosmetics,CAT002,1963.76,62,121753.12,16241.78,105511.34,765.36,104745.98,363.42,2023,10,17,104382.56,99875.72,Bkash,,ENT-20231017-01428
PO-202310-1815,2023-10-17,VND007,Style Mart Brand,INV-20231017-7341,Scarf,PRD0076,Accessories,CAT003,358.52,9,3226.68,114.84,3111.84,260.31,2851.53,121.4,2023,10,17,2730.13,817.84,Cheque,BRAC Bank,ENT-20231017-01815
PO-202310-1679,2023-10-17,VND005,Yello Energy Co.,INV-20231017-5082,Keychain,PRD0012,Accessories,CAT003,1383.81,67,92715.27,12225.66,80489.61,7319.89,73169.72,3711.92,2023,10,17,69457.8,40006.45,Cash,,ENT-20231017-01679
PO-202310-0803,2023-10-15,VND006,Sun Corporation Ltd.,INV-20231015-2034,Hair Accessories,PRD0029,Hygiene Products,CAT004,238.32,18,4289.76,883.35,3406.41,183.79,3222.62,89.78,2023,10,15,3132.84,302.02,Cash,,ENT-20231015-00803
PO-202310-0884,2023-10-15,VND002,Kazi Tea IND Ltd.,INV-20231015-6194,Jacket,PRD0008,Fashion Apparel,CAT001,2200.33,6,13201.98,1835.25,11366.73,813.36,10553.37,1579.69,2023,10,15,8973.68,6367.39,Bkash,,ENT-20231015-00884
PO-202310-0304,2023-10-15,VND003,Shanti Enterprises,INV-20231015-7174,Aftershave,PRD0057,Hygiene Products,CAT004,256.25,16,4100.0,457.11,3642.89,341.53,3301.36,314.74,2023,10,15,2986.62,2172.28,Cash,,ENT-20231015-00304
PO-202310-1811,2023-10-15,VND005,Yello Energy Co.,INV-20231015-9748,Women's Kurti,PRD0081,Fashion Apparel,CAT001,4191.02,99,414910.98,43422.75,371488.23,24960.7,346527.53,2248.86,2023,10,15,344278.67,200309.56,Cheque,City Bank,ENT-20231015-01811
PO-202310-0516,2023-10-15,VND003,Shanti Enterprises,INV-20231015-2494,After Sun Lotion,PRD0074,Cosmetics,CAT002,340.87,81,27610.47,4078.36,23532.11,1530.25,22001.86,1127.15,2023,10,15,20874.71,20750.33,Bkash,,ENT-20231015-00516
PO-202310-0502,2023-10-15,VND003,Shanti Enterprises,INV-20231015-8019,Face Cream,PRD0034,Cosmetics,CAT002,2121.11,6,12726.66,1179.15,11547.51,45.18,11502.33,774.78,2023,10,15,10727.55,4515.4,Bank Transfer,Nagad,ENT-20231015-00502
PO-202310-1960,2023-10-14,VND004,Organic Solutions,INV-20231014-3335,Hair Straightener,PRD0073,Hygiene Products,CAT004,2364.54,19,44926.26,1987.35,42938.91,3853.22,39085.69,100.07,2023,10,14,38985.62,35633.09,Bkash,,ENT-20231014-01960
PO-202310-0525,2023-10-14,VND005,Yello Energy Co.,INV-20231014-3679,Face Scrub,PRD0062,Hygiene Products,CAT004,1771.84,62,109854.08,12303.31,97550.77,9101.31,88449.46,11147.04,2023,10,14,77302.42,48209.01,Cash,,ENT-20231014-00525
PO-202310-1077,2023-10-14,VND007,Style Mart Brand,INV-20231014-6648,Hair Color,PRD0052,Hygiene Products,CAT004,3808.15,61,232297.15,68546.0,163751.15,5677.88,158073.27,8847.19,2023,10,14,149226.08,40923.96,Nagad,,ENT-20231014-01077
PO-202310-1117,2023-10-14,VND007,Style Mart Brand,INV-20231014-3228,Diapers,PRD0024,Hygiene Products,CAT004,2953.05,61,180136.05,3208.29,176927.76,16888.3,160039.46,9586.55,2023,10,14,150452.91,51591.91,Cash,,ENT-20231014-01117
PO-202310-1204,2023-10-14,VND005,Yello Energy Co.,INV-20231014-3191,Men Jeans,PRD0078,Fashion Apparel,CAT001,415.53,45,18698.85,1492.24,17206.61,693.67,16512.94,2180.62,2023,10,14,14332.32,7459.4,Bkash,,ENT-20231014-01204
PO-202310-0482,2023-10-13,VND003,Shanti Enterprises,INV-20231013-6807,Compact Powder,PRD0042,Cosmetics,CAT002,3392.74,98,332488.52,68273.68,264214.84,24277.57,239937.27,25825.85,2023,10,13,214111.42,105130.27,Nagad,,ENT-20231013-00482
PO-202310-0367,2023-10-12,VND005,Yello Energy Co.,INV-20231012-1165,Disinfectant Spray,PRD0037,Cosmetics,CAT002,741.07,10,7410.7,1814.19,5596.51,175.88,5420.63,165.91,2023,10,12,5254.72,3976.21,Nagad,,ENT-20231012-00367
PO-202310-1361,2023-10-12,VND003,Shanti Enterprises,INV-20231012-1596,Footwear,PRD0065,Hygiene Products,CAT004,4666.71,20,93334.2,8503.8,84830.4,253.37,84577.03,2019.51,2023,10,12,82557.52,20697.05,Cheque,Rupali Bank,ENT-20231012-01361
PO-202310-1953,2023-10-12,VND007,Style Mart Brand,INV-20231012-9385,Sanitary Napkins,PRD0030,Hygiene Products,CAT004,1272.7,41,52180.7,5375.94,46804.76,1442.04,45362.72,3885.42,2023,10,12,41477.3,24786.04,Bank Transfer,Nagad,ENT-20231012-01953
PO-202310-0078,2023-10-12,VND007,Style Mart Brand,INV-20231012-4275,Hair Color,PRD0052,Hygiene Products,CAT004,1010.71,4,4042.84,414.25,3628.59,214.9,3413.69,44.92,2023,10,12,3368.77,80.87,Bkash,,ENT-20231012-00078
PO-202310-0993,2023-10-12,VND002,Kazi Tea IND Ltd.,INV-20231012-5422,Bra & Panty Set,PRD0031,Hygiene Products,CAT004,4624.04,88,406915.52,85318.37,321597.15,18503.14,303094.01,27233.19,2023,10,12,275860.82,134569.17,Cheque,Janata Bank,ENT-20231012-00993
PO-202310-0325,2023-10-11,VND003,Shanti Enterprises,INV-20231011-1183,Diapers,PRD0024,Hygiene Products,CAT004,3307.45,53,175294.85,36253.58,139041.27,7780.11,131261.16,10634.61,2023,10,11,120626.55,112585.06,Cheque,Bkash,ENT-20231011-00325
PO-202310-0489,2023-10-10,VND004,Organic Solutions,INV-20231010-6040,Body Wash,PRD0058,Hygiene Products,CAT004,146.54,18,2637.72,696.1,1941.62,191.15,1750.47,164.23,2023,10,10,1586.24,398.65,Bank Transfer,Sonali Bank,ENT-20231010-00489
PO-202310-0127,2023-10-10,VND001,Creative Corporation,INV-20231010-1865,Hair Spray,PRD0071,Cosmetics,CAT002,2336.28,37,86442.36,20079.09,66363.27,3662.99,62700.28,6800.17,2023,10,10,55900.11,7638.4,Cash,,ENT-20231010-00127
PO-202310-0921,2023-10-09,VND004,Organic Solutions,INV-20231009-9521,Compact Powder,PRD0042,Cosmetics,CAT002,4133.5,21,86803.5,12466.46,74337.04,4271.64,70065.4,3994.13,2023,10,9,66071.27,20147.08,Nagad,,ENT-20231009-00921
PO-202310-1247,2023-10-09,VND002,Kazi Tea IND Ltd.,INV-20231009-1828,Face Wash,PRD0022,Hygiene Products,CAT004,2032.22,10,20322.2,5771.07,14551.13,1047.63,13503.5,1687.18,2023,10,9,11816.32,10110.23,Bank Transfer,Nagad,ENT-20231009-01247
PO-202310-0422,2023-10-09,VND003,Shanti Enterprises,INV-20231009-4091,Face Scrub,PRD0062,Hygiene Products,CAT004,1814.67,16,29034.72,1114.86,27919.86,1176.36,26743.5,2096.65,2023,10,9,24646.85,8610.21,Nagad,,ENT-20231009-00422
PO-202310-1918,2023-10-08,VND003,Shanti Enterprises,INV-20231008-8304,Perfume,PRD0014,Cosmetics,CAT002,4425.81,59,261122.79,56949.9,204172.89,10409.78,193763.11,17404.59,2023,10,8,176358.52,17114.76,Bkash,,ENT-20231008-01918
PO-202310-0872,2023-10-08,VND004,Organic Solutions,INV-20231008-2932,Personal Lubricant,PRD0070,Hygiene Products,CAT004,3145.36,82,257919.52,65788.98,192130.54,277.96,191852.58,5532.28,2023,10,8,186320.3,132144.33,Cash,,ENT-20231008-00872
PO-202310-0053,2023-10-08,VND005,Yello Energy Co.,INV-20231008-4887,Body Oil,PRD0059,Cosmetics,CAT002,4504.89,47,211729.83,5596.5,206133.33,8125.85,198007.48,10852.77,2023,10,8,187154.71,151652.0,Cheque,Rupali Bank,ENT-20231008-00053
PO-202310-0912,2023-10-07,VND001,Creative Corporation,INV-20231007-6200,Women's Nightwear,PRD0003,Fashion Apparel,CAT001,4701.11,31,145734.41,40309.13,105425.28,6068.11,99357.17,753.79,2023,10,7,98603.38,92306.48,Nagad,,ENT-20231007-00912
PO-202310-1438,2023-10-07,VND001,Creative Corporation,INV-20231007-4620,Face Cream,PRD0034,Cosmetics,CAT002,4972.66,80,397812.8,60702.91,337109.89,11112.77,325997.12,18580.73,2023,10,7,307416.39,265763.84,Nagad,,ENT-20231007-01438
PO-202310-0501,2023-10-07,VND006,Sun Corporation Ltd.,INV-20231007-7810,Footwear,PRD0065,Hygiene Products,CAT004,2077.85,11,22856.35,600.15,22256.2,721.07,21535.13,48.88,2023,10,7,21486.25,5103.94,Cheque,Nagad,ENT-20231007-00501
PO-202310-1241,2023-10-06,VND001,Creative Corporation,INV-20231006-6638,Men's Nightwear,PRD0048,Fashion Apparel,CAT001,2298.63,42,96542.46,25434.98,71107.48,3825.02,67282.46,4320.5,2023,10,6,62961.96,34700.51,Bkash,,ENT-20231006-01241
PO-202310-0456,2023-10-06,VND003,Shanti Enterprises,INV-20231006-9330,Toothbrush,PRD0017,Hygiene Products,CAT004,2315.68,6,13894.08,3310.82,10583.26,621.7,9961.56,1310.06,2023,10,6,8651.5,3204.03,Nagad,,ENT-20231006-00456
PO-202310-1625,2023-10-06,VND006,Sun Corporation Ltd.,INV-20231006-4296,Toothpaste,PRD0063,Hygiene Products,CAT004,4344.2,73,317126.6,54069.36,263057.24,4625.89,258431.35,7598.65,2023,10,6,250832.7,150833.02,Bkash,,ENT-20231006-01625
PO-202310-1609,2023-10-06,VND002,Kazi Tea IND Ltd.,INV-20231006-1021,Face Scrub,PRD0062,Hygiene Products,CAT004,3480.49,76,264517.24,12009.35,252507.89,24285.78,228222.11,22180.75,2023,10,6,206041.36,25016.82,Cash,,ENT-20231006-01609
PO-202310-0518,2023-10-06,VND004,Organic Solutions,INV-20231006-8390,Hair Straightener,PRD0073,Hygiene Products,CAT004,1593.02,78,124255.56,5079.22,119176.34,4935.92,114240.42,15754.49,2023,10,6,98485.93,52046.07,Cash,,ENT-20231006-00518
PO-202310-0416,2023-10-06,VND006,Sun Corporation Ltd.,INV-20231006-5100,Hand Sanitizer,PRD0004,Hygiene Products,CAT004,3119.16,73,227698.68,1653.81,226044.87,20520.91,205523.96,12209.57,2023,10,6,193314.39,72568.06,Bkash,,ENT-20231006-00416
PO-202310-0071,2023-10-06,VND002,Kazi Tea IND Ltd.,INV-20231006-2757,Face Scrub,PRD0062,Hygiene Products,CAT004,3159.49,68,214845.32,22864.82,191980.5,8789.56,183190.94,1917.66,2023,10,6,181273.28,152997.73,Cheque,City Bank,ENT-20231006-00071
PO-202310-0916,2023-10-05,VND007,Style Mart Brand,INV-20231005-3413,Men's Innerwear,PRD0015,Fashion Apparel,CAT001,2578.85,23,59313.55,745.96,58567.59,3808.65,54758.94,1679.7,2023,10,5,53079.24,30858.72,Cheque,Nagad,ENT-20231005-00916
PO-202310-0106,2023-10-05,VND002,Kazi Tea IND Ltd.,INV-20231005-7893,Hair Serum,PRD0011,Cosmetics,CAT002,1422.29,2,2844.58,155.96,2688.62,203.42,2485.2,263.56,2023,10,5,2221.64,464.26,Bank Transfer,Bkash,ENT-20231005-00106
PO-202310-0607,2023-10-04,VND002,Kazi Tea IND Ltd.,INV-20231004-3697,Hat,PRD0019,Accessories,CAT003,3507.7,34,119261.8,16591.59,102670.21,1451.19,101219.02,6111.51,2023,10,4,95107.51,64367.02,Nagad,,ENT-20231004-00607
PO-202310-1533,2023-10-04,VND002,Kazi Tea IND Ltd.,INV-20231004-3265,Mouthwash,PRD0025,Hygiene Products,CAT004,1366.23,77,105199.71,19671.42,85528.29,5175.56,80352.73,3152.44,2023,10,4,77200.29,59280.41,Cheque,Bkash,ENT-20231004-01533
PO-202310-0839,2023-10-04,VND002,Kazi Tea IND Ltd.,INV-20231004-5963,Men Polo Shirt,PRD0080,Fashion Apparel,CAT001,2606.96,62,161631.52,29275.94,132355.58,6024.63,126330.95,1872.51,2023,10,4,124458.44,20964.64,Bkash,,ENT-20231004-00839
PO-202310-1586,2023-10-04,VND006,Sun Corporation Ltd.,INV-20231004-9105,Underarm Whitening Cream,PRD0050,Cosmetics,CAT002,3065.99,42,128771.58,23712.4,105059.18,7784.41,97274.77,5396.65,2023,10,4,91878.12,85362.65,Bkash,,ENT-20231004-01586
PO-202310-1865,2023-10-04,VND002,Kazi Tea IND Ltd.,INV-20231004-4827,Men Shirt,PRD0010,Fashion Apparel,CAT001,2309.39,70,161657.3,23052.21,138605.09,11587.73,127017.36,139.29,2023,10,4,126878.07,42839.66,Bank Transfer,BRAC Bank,ENT-20231004-01865
PO-202310-0901,2023-10-03,VND004,Organic Solutions,INV-20231003-8228,Baby Wipes,PRD0069,Hygiene Products,CAT004,1132.91,70,79303.7,15051.81,64251.89,1722.52,62529.37,181.88,2023,10,3,62347.49,6102.53,Cash,,ENT-20231003-00901
PO-202310-1249,2023-10-02,VND002,Kazi Tea IND Ltd.,INV-20231002-1062,Sanitary Napkins,PRD0030,Hygiene Products,CAT004,3042.47,12,36509.64,10454.76,26054.88,597.12,25457.76,3532.76,2023,10,2,21925.0,7115.28,Nagad,,ENT-20231002-01249
PO-202310-0754,2023-10-02,VND003,Shanti Enterprises,INV-20231002-4004,After Sun Lotion,PRD0074,Cosmetics,CAT002,788.95,22,17356.9,3360.04,13996.86,362.95,13633.91,478.15,2023,10,2,13155.76,1643.52,Cheque,Dutch Bangla Bank,ENT-20231002-00754
PO-202310-0609,2023-10-01,VND005,Yello Energy Co.,INV-20231001-8615,Toothpaste,PRD0063,Hygiene Products,CAT004,1291.0,13,16783.0,3898.78,12884.22,1100.68,11783.54,801.69,2023,10,1,10981.85,2382.33,Bkash,,ENT-20231001-00609
PO-202310-1715,2023-10-01,VND007,Style Mart Brand,INV-20231001-1909,Underarm Whitening Cream,PRD0050,Cosmetics,CAT002,96.87,46,4456.02,1052.49,3403.53,131.16,3272.37,420.94,2023,10,1,2851.43,207.48,Nagad,,ENT-20231001-01715
PO-202310-0609,2023-10-01,VND005,Yello Energy Co.,INV-20231001-8615,Toothpaste,PRD0063,Hygiene Products,CAT004,8138.23,475,3865659.25,386565.93,3479093.32,173954.67,3305138.65,165256.93,2023,10,1,3139881.72,1457772.63,Bkash,,ENT-20231001-00609
PO-202309-1906,2023-09-29,VND003,Shanti Enterprises,INV-20230929-2699,Baby Wipes,PRD0069,Hygiene Products,CAT004,2332.13,60,139927.8,26237.32,113690.48,1484.51,112205.97,14909.7,2023,9,29,97296.27,34946.43,Bank Transfer,BRAC Bank,ENT-20230929-01906
PO-202309-1432,2023-09-28,VND005,Yello Energy Co.,INV-20230928-5425,Hair Straightener,PRD0073,Hygiene Products,CAT004,2454.18,17,41721.06,10303.73,31417.33,2864.2,28553.13,1134.08,2023,9,28,27419.05,2792.16,Bank Transfer,Rupali Bank,ENT-20230928-01432
PO-202309-0001,2023-09-28,VND007,Style Mart Brand,INV-20230928-1090,Keychain,PRD0012,Accessories,CAT003,3091.8,85,262803.0,53279.88,209523.12,11528.96,197994.16,14487.71,2023,9,28,183506.45,139707.64,Nagad,,ENT-20230928-00001
PO-202309-0139,2023-09-28,VND002,Kazi Tea IND Ltd.,INV-20230928-6075,Compact Powder,PRD0042,Cosmetics,CAT002,3401.88,54,183701.52,33376.92,150324.6,11832.4,138492.2,4626.03,2023,9,28,133866.17,5025.39,Cheque,Dutch Bangla Bank,ENT-20230928-00139
PO-202309-0765,2023-09-28,VND007,Style Mart Brand,INV-20230928-6403,Scarf,PRD0076,Accessories,CAT003,287.09,69,19809.21,2073.11,17736.1,1498.68,16237.42,1558.64,2023,9,28,14678.78,7536.05,Bkash,,ENT-20230928-00765
PO-202309-1191,2023-09-28,VND005,Yello Energy Co.,INV-20230928-2585,Bra & Panty Set,PRD0031,Hygiene Products,CAT004,2200.37,56,123220.72,27218.5,96002.22,2856.25,93145.97,2117.94,2023,9,28,91028.03,12838.22,Bank Transfer,Bkash,ENT-20230928-01191
PO-202309-1084,2023-09-28,VND005,Yello Energy Co.,INV-20230928-2303,Bra & Panty Set,PRD0031,Hygiene Products,CAT004,3274.75,22,72044.5,8533.2,63511.3,4217.03,59294.27,316.69,2023,9,28,58977.58,18035.12,Nagad,,ENT-20230928-01084
PO-202309-0704,2023-09-28,VND002,Kazi Tea IND Ltd.,INV-20230928-8091,Body Lotion,PRD0064,Cosmetics,CAT002,3637.04,44,160029.76,10741.4,149288.36,3441.62,145846.74,15875.49,2023,9,28,129971.25,73079.59,Cheque,Nagad,ENT-20230928-00704
PO-202309-0067,2023-09-28,VND005,Yello Energy Co.,INV-20230928-6176,Toothpaste,PRD0063,Hygiene Products,CAT004,307.75,21,6462.75,1067.5,5395.25,287.35,5107.9,43.29,2023,9,28,5064.61,4142.15,Cash,,ENT-20230928-00067
PO-202309-0685,2023-09-28,VND002,Kazi Tea IND Ltd.,INV-20230928-1962,Body Oil,PRD0059,Cosmetics,CAT002,1322.46,40,52898.4,15491.79,37406.61,2672.07,34734.54,1724.78,2023,9,28,33009.76,10436.59,Cash,,ENT-20230928-00685
PO-202309-0528,2023-09-28,VND003,Shanti Enterprises,INV-20230928-3260,Toothbrush,PRD0017,Hygiene Products,CAT004,3181.18,5,15905.9,451.69,15454.21,383.13,15071.08,825.58,2023,9,28,14245.5,6863.76,Bank Transfer,City Bank,ENT-20230928-00528
PO-202309-0682,2023-09-28,VND004,Organic Solutions,INV-20230928-9024,Hair Accessories,PRD0029,Hygiene Products,CAT004,3895.07,86,334976.02,26711.4,308264.62,16133.25,292131.37,34006.28,2023,9,28,258125.09,73469.43,Cheque,Dutch Bangla Bank,ENT-20230928-00682
PO-202309-0045,2023-09-26,VND007,Style Mart Brand,INV-20230926-2059,Face Scrub,PRD0062,Hygiene Products,CAT004,520.16,85,44213.6,12566.87,31646.73,794.53,30852.2,3265.88,2023,9,26,27586.32,9003.73,Nagad,,ENT-20230926-00045
PO-202309-0965,2023-09-26,VND002,Kazi Tea IND Ltd.,INV-20230926-2310,Hair Spray,PRD0071,Cosmetics,CAT002,1939.29,96,186171.84,11021.37,175150.47,17257.98,157892.49,1364.81,2023,9,26,156527.68,93902.7,Nagad,,ENT-20230926-00965
PO-202309-1167,2023-09-26,VND004,Organic Solutions,INV-20230926-8927,Hair Accessories,PRD0029,Hygiene Products,CAT004,1728.92,76,131397.92,12204.21,119193.71,10663.98,108529.73,14739.83,2023,9,26,93789.9,23476.59,Bank Transfer,Bkash,ENT-20230926-01167
PO-202309-1708,2023-09-26,VND007,Style Mart Brand,INV-20230926-5723,Belt,PRD0002,Accessories,CAT003,1729.13,51,88185.63,1804.85,86380.78,2203.57,84177.21,540.78,2023,9,26,83636.43,11536.79,Bank Transfer,Sonali Bank,ENT-20230926-01708
PO-202309-1800,2023-09-25,VND002,Kazi Tea IND Ltd.,INV-20230925-2783,Women's Leggings,PRD0079,Fashion Apparel,CAT001,3543.02,4,14172.08,2065.88,12106.2,712.72,11393.48,1367.52,2023,9,25,10025.96,3172.42,Nagad,,ENT-20230925-01800
PO-202309-0520,2023-09-25,VND005,Yello Energy Co.,INV-20230925-4682,Hair Straightener,PRD0073,Hygiene Products,CAT004,4825.7,3,14477.1,1954.84,12522.26,964.93,11557.33,1319.72,2023,9,25,10237.61,4793.02,Cash,,ENT-20230925-00520
PO-202309-1980,2023-09-25,VND007,Style Mart Brand,INV-20230925-2877,Body Spray,PRD0001,Cosmetics,CAT002,642.52,15,9637.8,2728.55,6909.25,281.03,6628.22,461.09,2023,9,25,6167.13,2301.25,Nagad,,ENT-20230925-01980
PO-202309-1297,2023-09-25,VND005,Yello Energy Co.,INV-20230925-5411,Handbag,PRD0020,Accessories,CAT003,643.92,82,52801.44,14154.44,38647.0,2803.11,35843.89,621.77,2023,9,25,35222.12,19576.48,Nagad,,ENT-20230925-01297
PO-202309-1859,2023-09-25,VND003,Shanti Enterprises,INV-20230925-9592,Body Lotion,PRD0064,Cosmetics,CAT002,2980.85,36,107310.6,13743.94,93566.66,3492.65,90074.01,11850.53,2023,9,25,78223.48,54048.34,Bank Transfer,Dutch Bangla Bank,ENT-20230925-01859
PO-202309-0037,2023-09-24,VND007,Style Mart Brand,INV-20230924-6391,Face Mask,PRD0054,Cosmetics,CAT002,3748.18,9,33733.62,7048.15,26685.47,75.0,26610.47,1626.36,2023,9,24,24984.11,19531.18,Bkash,,ENT-20230924-00037
PO-202309-1419,2023-09-23,VND007,Style Mart Brand,INV-20230923-1381,Sanitary Napkins,PRD0030,Hygiene Products,CAT004,2247.25,18,40450.5,5472.83,34977.67,2710.0,32267.67,1371.48,2023,9,23,30896.19,26183.59,Nagad,,ENT-20230923-01419
PO-202309-1907,2023-09-23,VND005,Yello Energy Co.,INV-20230923-6571,Compact Powder,PRD0042,Cosmetics,CAT002,146.71,95,13937.45,2519.28,11418.17,198.29,11219.88,997.2,2023,9,23,10222.68,4298.35,Cheque,Nagad,ENT-20230923-01907
PO-202309-1419,2023-09-23,VND007,Style Mart Brand,INV-20230923-1381,Sanitary Napkins,PRD0030,Hygiene Products,CAT004,5386.49,244,1314303.56,131430.36,1182873.2,59143.66,1123729.54,56186.48,2023,9,23,1067543.06,510220.64,Nagad,,ENT-20230923-01419
PO-202309-0192,2023-09-22,VND003,Shanti Enterprises,INV-20230922-8581,Personal Lubricant,PRD0070,Hygiene Products,CAT004,668.03,71,47430.13,11484.28,35945.85,1860.73,34085.12,1733.18,2023,9,22,32351.94,6346.81,Nagad,,ENT-20230922-00192
PO-202309-1197,2023-09-21,VND003,Shanti Enterprises,INV-20230921-1053,Watch,PRD0043,Accessories,CAT003,3891.84,16,62269.44,895.0,61374.44,896.61,60477.83,4158.18,2023,9,21,56319.65,49622.26,Nagad,,ENT-20230921-01197
PO-202309-1631,2023-09-21,VND003,Shanti Enterprises,INV-20230921-1376,Face Scrub,PRD0062,Hygiene Products,CAT004,1573.75,64,100720.0,29499.36,71220.64,2730.42,68490.22,5136.21,2023,9,21,63354.01,48419.66,Bkash,,ENT-20230921-01631
PO-202309-1564,2023-09-21,VND007,Style Mart Brand,INV-20230921-7382,Kids T-Shirt,PRD0006,Fashion Apparel,CAT001,2537.23,5,12686.15,2668.04,10018.11,418.27,9599.84,762.18,2023,9,21,8837.66,3442.11,Cash,,ENT-20230921-01564
PO-202309-0644,2023-09-20,VND002,Kazi Tea IND Ltd.,INV-20230920-3420,After Sun Lotion,PRD0074,Cosmetics,CAT002,2709.21,43,116496.03,33344.06,83151.97,4494.3,78657.67,5606.25,2023,9,20,73051.42,51239.66,Cash,,ENT-20230920-00644
PO-202309-0706,2023-09-20,VND006,Sun Corporation Ltd.,INV-20230920-9034,Sunglasses,PRD0027,Accessories,CAT003,503.42,53,26681.26,4824.01,21857.25,700.71,21156.54,2068.79,2023,9,20,19087.75,15103.8,Cash,,ENT-20230920-00706
PO-202309-0790,2023-09-20,VND006,Sun Corporation Ltd.,INV-20230920-5200,Body Oil,PRD0059,Cosmetics,CAT002,1581.95,62,98080.9,23875.23,74205.67,3587.83,70617.84,7648.7,2023,9,20,62969.14,2044.89,Cash,,ENT-20230920-00790
PO-202309-0714,2023-09-20,VND005,Yello Energy Co.,INV-20230920-4531,Women's Nightwear,PRD0003,Fashion Apparel,CAT001,4657.48,90,419173.2,120612.28,298560.92,612.91,297948.01,39175.83,2023,9,20,258772.18,103040.43,Cash,,ENT-20230920-00714
PO-202309-0855,2023-09-19,VND005,Yello Energy Co.,INV-20230919-8888,Hair Conditioner,PRD0039,Hygiene Products,CAT004,4590.8,25,114770.0,15171.89,99598.11,8482.0,91116.11,1002.64,2023,9,19,90113.47,66438.87,Bkash,,ENT-20230919-00855
PO-202309-1713,2023-09-18,VND004,Organic Solutions,INV-20230918-3359,Sunglasses,PRD0027,Accessories,CAT003,3634.05,89,323430.45,66645.37,256785.08,12389.05,244396.03,16507.29,2023,9,18,227888.74,128261.6,Bank Transfer,Sonali Bank,ENT-20230918-01713
PO-202309-1713,2023-09-18,VND004,Organic Solutions,INV-20230918-3359,Sunglasses,PRD0027,Accessories,CAT003,6606.59,261,1724319.99,172432.0,1551887.99,77594.4,1474293.59,73714.68,2023,9,18,1400578.91,435901.49,Bank Transfer,Sonali Bank,ENT-20230918-01713
PO-202309-0976,2023-09-17,VND006,Sun Corporation Ltd.,INV-20230917-8382,Jewelry Set,PRD0044,Accessories,CAT003,2689.16,97,260848.52,43985.58,216862.94,2883.79,213979.15,5262.19,2023,9,17,208716.96,110339.94,Cheque,Dutch Bangla Bank,ENT-20230917-00976
PO-202309-0557,2023-09-17,VND002,Kazi Tea IND Ltd.,INV-20230917-7336,Scarf,PRD0076,Accessories,CAT003,3930.46,91,357671.86,9064.73,348607.13,25581.9,323025.23,20818.5,2023,9,17,302206.73,147963.8,Cheque,BRAC Bank,ENT-20230917-00557
PO-202309-0317,2023-09-17,VND002,Kazi Tea IND Ltd.,INV-20230917-9167,Body Lotion,PRD0064,Cosmetics,CAT002,6891.12,266,1833037.92,183303.79,1649734.13,82486.71,1567247.42,78362.37,2023,9,17,1488885.05,249144.35,Cheque,Rupali Bank,ENT-20230917-00317
PO-202309-0317,2023-09-17,VND002,Kazi Tea IND Ltd.,INV-20230917-9167,Body Lotion,PRD0064,Cosmetics,CAT002,4766.19,73,347931.87,39524.7,308407.17,17870.93,290536.24,3579.7,2023,9,17,286956.54,266795.04,Cheque,Rupali Bank,ENT-20230917-00317
PO-202309-1082,2023-09-16,VND003,Shanti Enterprises,INV-20230916-8035,Hoodie,PRD0075,Fashion Apparel,CAT001,4845.6,51,247125.6,9280.32,237845.28,16467.86,221377.42,19186.08,2023,9,16,202191.34,75037.92,Cash,,ENT-20230916-01082
PO-202309-0529,2023-09-16,VND002,Kazi Tea IND Ltd.,INV-20230916-3838,Feminine Wash,PRD0028,Hygiene Products,CAT004,2997.66,2,5995.32,1382.5,4612.82,330.29,4282.53,498.3,2023,9,16,3784.23,1663.76,Cheque,BRAC Bank,ENT-20230916-00529
PO-202309-1384,2023-09-16,VND001,Creative Corporation,INV-20230916-4906,Face Mask,PRD0054,Cosmetics,CAT002,1259.31,35,44075.85,6001.22,38074.63,921.56,37153.07,4118.14,2023,9,16,33034.93,29108.9,Cash,,ENT-20230916-01384
PO-202309-0441,2023-09-16,VND005,Yello Energy Co.,INV-20230916-3850,Belt,PRD0002,Accessories,CAT003,2540.3,92,233707.6,31019.98,202687.62,7477.59,195210.03,29178.31,2023,9,16,166031.72,47009.56,Nagad,,ENT-20230916-00441
PO-202309-1506,2023-09-16,VND007,Style Mart Brand,INV-20230916-4380,Toothpaste,PRD0063,Hygiene Products,CAT004,2306.99,93,214550.07,44161.73,170388.34,15731.55,154656.79,9804.29,2023,9,16,144852.5,24931.55,Bank Transfer,BRAC Bank,ENT-20230916-01506
PO-202309-0271,2023-09-16,VND005,Yello Energy Co.,INV-20230916-1681,Sanitary Napkins,PRD0030,Hygiene Products,CAT004,4557.47,2,9114.94,2635.22,6479.72,395.74,6083.98,59.5,2023,9,16,6024.48,2252.46,Nagad,,ENT-20230916-00271
PO-202309-1848,2023-09-16,VND003,Shanti Enterprises,INV-20230916-4064,Hair Serum,PRD0011,Cosmetics,CAT002,383.26,70,26828.2,2077.99,24750.21,2326.96,22423.25,90.79,2023,9,16,22332.46,59.31,Bkash,,ENT-20230916-01848
PO-202309-0621,2023-09-15,VND001,Creative Corporation,INV-20230915-4024,Perfume,PRD0014,Cosmetics,CAT002,1242.04,46,57133.84,8563.19,48570.65,265.69,48304.96,3069.89,2023,9,15,45235.07,5600.6,Nagad,,ENT-20230915-00621
PO-202309-0688,2023-09-15,VND001,Creative Corporation,INV-20230915-8339,Belt,PRD0002,Accessories,CAT003,3339.42,34,113540.28,24947.11,88593.17,7031.1,81562.07,9762.85,2023,9,15,71799.22,20517.71,Cheque,Dutch Bangla Bank,ENT-20230915-00688
PO-202309-0408,2023-09-15,VND007,Style Mart Brand,INV-20230915-6225,Hair Spray,PRD0071,Cosmetics,CAT002,4714.55,30,141436.5,36265.96,105170.54,9455.64,95714.9,10539.75,2023,9,15,85175.15,41618.02,Nagad,,ENT-20230915-00408
PO-202309-1296,2023-09-15,VND005,Yello Energy Co.,INV-20230915-3745,Kids Dress,PRD0067,Fashion Apparel,CAT001,4622.09,75,346656.75,78736.78,267919.97,12121.75,255798.22,23431.76,2023,9,15,232366.46,161787.6,Cheque,Nagad,ENT-20230915-01296
PO-202309-1336,2023-09-15,VND004,Organic Solutions,INV-20230915-3124,Face Wash,PRD0022,Hygiene Products,CAT004,4970.55,18,89469.9,20537.14,68932.76,5494.14,63438.62,5327.91,2023,9,15,58110.71,37238.91,Cash,,ENT-20230915-01336
PO-202309-1290,2023-09-15,VND006,Sun Corporation Ltd.,INV-20230915-2048,Women's Top,PRD0005,Fashion Apparel,CAT001,4516.92,37,167126.04,50028.57,117097.47,6681.67,110415.8,6578.75,2023,9,15,103837.05,20637.78,Bkash,,ENT-20230915-01290
PO-202309-1114,2023-09-14,VND002,Kazi Tea IND Ltd.,INV-20230914-1506,Jacket,PRD0008,Fashion Apparel,CAT001,1463.19,83,121444.77,28293.24,93151.53,1824.78,91326.75,3825.49,2023,9,14,87501.26,63095.21,Bank Transfer,Rupali Bank,ENT-20230914-01114
PO-202309-0107,2023-09-14,VND002,Kazi Tea IND Ltd.,INV-20230914-4033,Hair Straightener,PRD0073,Hygiene Products,CAT004,2440.52,98,239170.96,28022.1,211148.86,14562.34,196586.52,9627.6,2023,9,14,186958.92,178941.99,Bkash,,ENT-20230914-00107
PO-202309-1099,2023-09-14,VND001,Creative Corporation,INV-20230914-9069,Body Mist,PRD0035,Cosmetics,CAT002,2245.85,100,224585.0,7804.23,216780.77,4119.61,212661.16,15578.05,2023,9,14,197083.11,57665.18,Bkash,,ENT-20230914-01099
PO-202309-0202,2023-09-13,VND001,Creative Corporation,INV-20230913-3365,Body Oil,PRD0059,Cosmetics,CAT002,4237.14,57,241516.98,20331.05,221185.93,10781.69,210404.24,5959.93,2023,9,13,204444.31,107616.14,Bank Transfer,Dutch Bangla Bank,ENT-20230913-00202
PO-202309-1952,2023-09-13,VND007,Style Mart Brand,INV-20230913-3956,Jacket,PRD0008,Fashion Apparel,CAT001,2854.57,56,159855.92,1033.71,158822.21,13397.72,145424.49,1078.87,2023,9,13,144345.62,134258.45,Bkash,,ENT-20230913-01952
PO-202309-1379,2023-09-13,VND002,Kazi Tea IND Ltd.,INV-20230913-2359,Hair Conditioner,PRD0039,Hygiene Products,CAT004,1405.2,84,118036.8,25530.71,92506.09,4580.25,87925.84,12944.8,2023,9,13,74981.04,14467.35,Cash,,ENT-20230913-01379
PO-202309-1986,2023-09-13,VND003,Shanti Enterprises,INV-20230913-9636,Body Scrub,PRD0047,Hygiene Products,CAT004,2286.76,12,27441.12,471.25,26969.87,376.02,26593.85,2436.5,2023,9,13,24157.35,2700.9,Cheque,Bkash,ENT-20230913-01986
PO-202309-1453,2023-09-12,VND001,Creative Corporation,INV-20230912-9953,Hair Accessories,PRD0029,Hygiene Products,CAT004,4961.33,30,148839.9,19403.22,129436.68,9850.56,119586.12,13301.63,2023,9,12,106284.49,44888.76,Cheque,City Bank,ENT-20230912-01453
PO-202309-1988,2023-09-11,VND001,Creative Corporation,INV-20230911-7401,Footwear,PRD0065,Hygiene Products,CAT004,587.26,11,6459.86,1280.17,5179.69,318.11,4861.58,532.78,2023,9,11,4328.8,4294.69,Cash,,ENT-20230911-01988
PO-202309-0594,2023-09-10,VND006,Sun Corporation Ltd.,INV-20230910-6557,Women's Saree,PRD0072,Fashion Apparel,CAT001,3134.24,45,141040.8,17548.2,123492.6,5316.94,118175.66,13968.75,2023,9,10,104206.91,65130.38,Cheque,Nagad,ENT-20230910-00594
PO-202309-0512,2023-09-10,VND001,Creative Corporation,INV-20230910-2546,Face Cream,PRD0034,Cosmetics,CAT002,1424.64,66,94026.24,26357.86,67668.38,2823.08,64845.3,6071.19,2023,9,10,58774.11,11118.31,Cheque,Janata Bank,ENT-20230910-00512
PO-202309-1596,2023-09-10,VND001,Creative Corporation,INV-20230910-4105,Body Spray,PRD0001,Cosmetics,CAT002,2802.87,7,19620.09,1187.18,18432.91,1433.65,16999.26,10.85,2023,9,10,16988.41,8353.36,Bank Transfer,Nagad,ENT-20230910-01596
PO-202309-1955,2023-09-10,VND007,Style Mart Brand,INV-20230910-7512,Watch,PRD0043,Accessories,CAT003,2582.4,8,20659.2,4720.93,15938.27,1494.27,14444.0,1818.44,2023,9,10,12625.56,3655.56,Nagad,,ENT-20230910-01955
PO-202309-1311,2023-09-09,VND004,Organic Solutions,INV-20230909-9870,Kids T-Shirt,PRD0006,Fashion Apparel,CAT001,4750.9,63,299306.7,11872.1,287434.6,14173.82,273260.78,37862.12,2023,9,9,235398.66,74565.56,Bank Transfer,Sonali Bank,ENT-20230909-01311
PO-202309-0184,2023-09-09,VND007,Style Mart Brand,INV-20230909-7897,Umbrella,PRD0060,Accessories,CAT003,922.49,93,85791.57,21560.03,64231.54,3740.29,60491.25,3014.4,2023,9,9,57476.85,54440.27,Bank Transfer,City Bank,ENT-20230909-00184
PO-202309-1332,2023-09-09,VND002,Kazi Tea IND Ltd.,INV-20230909-2421,Toothpaste,PRD0063,Hygiene Products,CAT004,3949.06,94,371211.64,78753.9,292457.74,2398.55,290059.19,38805.8,2023,9,9,251253.39,108424.47,Cash,,ENT-20230909-01332
PO-202309-1332,2023-09-09,VND002,Kazi Tea IND Ltd.,INV-20230909-2421,Toothpaste,PRD0063,Hygiene Products,CAT004,9878.74,466,4603492.84,460349.28,4143143.56,207157.18,3935986.38,196799.32,2023,9,9,3739187.06,1217974.69,Cash,,ENT-20230909-01332
PO-202309-1499,2023-09-09,VND002,Kazi Tea IND Ltd.,INV-20230909-2196,Luggage,PRD0045,Hygiene Products,CAT004,951.34,9,8562.06,2490.93,6071.13,308.83,5762.3,405.96,2023,9,9,5356.34,2162.25,Cash,,ENT-20230909-01499
PO-202309-1891,2023-09-07,VND001,Creative Corporation,INV-20230907-4992,Women's Top,PRD0005,Fashion Apparel,CAT001,1828.65,36,65831.4,13500.53,52330.87,2617.0,49713.87,4463.46,2023,9,7,45250.41,10446.59,Bkash,,ENT-20230907-01891
PO-202309-1256,2023-09-07,VND003,Shanti Enterprises,INV-20230907-5783,Nail Polish,PRD0055,Cosmetics,CAT002,4426.22,96,424917.12,102664.03,322253.09,18231.27,304021.82,44316.69,2023,9,7,259705.13,167624.38,Bkash,,ENT-20230907-01256
PO-202309-1399,2023-09-07,VND003,Shanti Enterprises,INV-20230907-5856,Hat,PRD0019,Accessories,CAT003,4537.11,62,281300.82,24886.31,256414.51,14652.56,241761.95,23155.83,2023,9,7,218606.12,47491.91,Bkash,,ENT-20230907-01399
PO-202309-0540,2023-09-07,VND005,Yello Energy Co.,INV-20230907-6043,Umbrella,PRD0060,Accessories,CAT003,1918.27,38,72894.26,13549.29,59344.97,1956.58,57388.39,8469.59,2023,9,7,48918.8,27700.05,Nagad,,ENT-20230907-00540
PO-202309-0703,2023-09-06,VND007,Style Mart Brand,INV-20230906-8971,Handbag,PRD0020,Accessories,CAT003,2840.47,15,42607.05,52.5,42554.55,1973.68,40580.87,1978.18,2023,9,6,38602.69,22244.8,Bank Transfer,Dutch Bangla Bank,ENT-20230906-00703
PO-202309-0726,2023-09-05,VND003,Shanti Enterprises,INV-20230905-9212,Backpack,PRD0038,Hygiene Products,CAT004,4401.73,49,215684.77,63114.54,152570.23,1134.19,151436.04,13232.51,2023,9,5,138203.53,136932.39,Cheque,City Bank,ENT-20230905-00726
PO-202309-0438,2023-09-05,VND001,Creative Corporation,INV-20230905-5224,Face Toner,PRD0033,Hygiene Products,CAT004,4244.85,4,16979.4,1841.62,15137.78,1451.78,13686.0,184.71,2023,9,5,13501.29,8324.18,Cheque,Sonali Bank,ENT-20230905-00438
PO-202309-0683,2023-09-05,VND004,Organic Solutions,INV-20230905-3285,Toothbrush,PRD0017,Hygiene Products,CAT004,1089.5,86,93697.0,6043.08,87653.92,1746.89,85907.03,2243.6,2023,9,5,83663.43,43632.97,Cheque,City Bank,ENT-20230905-00683
PO-202309-0026,2023-09-05,VND007,Style Mart Brand,INV-20230905-1473,Nail Polish,PRD0055,Cosmetics,CAT002,2763.83,90,248744.7,39664.13,209080.57,12061.64,197018.93,22412.7,2023,9,5,174606.23,75502.3,Cheque,Dutch Bangla Bank,ENT-20230905-00026
PO-202309-0415,2023-09-04,VND003,Shanti Enterprises,INV-20230904-4060,Sunscreen,PRD0068,Hygiene Products,CAT004,2503.17,33,82604.61,3565.65,79038.96,1070.94,77968.02,510.04,2023,9,4,77457.98,3628.18,Cash,,ENT-20230904-00415
PO-202309-0859,2023-09-04,VND006,Sun Corporation Ltd.,INV-20230904-3163,Face Wash,PRD0022,Hygiene Products,CAT004,4990.57,24,119773.68,17758.47,102015.21,5257.79,96757.42,1843.56,2023,9,4,94913.86,14346.57,Cheque,Nagad,ENT-20230904-00859
PO-202309-1562,2023-09-04,VND007,Style Mart Brand,INV-20230904-8447,Personal Toys,PRD0040,Hygiene Products,CAT004,4352.46,3,13057.38,858.87,12198.51,590.77,11607.74,376.86,2023,9,4,11230.88,1787.95,Bkash,,ENT-20230904-01562
PO-202309-0698,2023-09-03,VND001,Creative Corporation,INV-20230903-7575,Sanitary Napkins,PRD0030,Hygiene Products,CAT004,1602.73,89,142642.97,27597.65,115045.32,5948.53,109096.79,13671.06,2023,9,3,95425.73,27011.51,Nagad,,ENT-20230903-00698
PO-202309-0059,2023-09-03,VND007,Style Mart Brand,INV-20230903-3174,Aftershave,PRD0057,Hygiene Products,CAT004,2808.45,98,275228.1,73717.19,201510.91,621.7,200889.21,12632.78,2023,9,3,188256.43,116025.17,Cheque,Nagad,ENT-20230903-00059
PO-202309-1997,2023-09-02,VND005,Yello Energy Co.,INV-20230902-1214,Deodorant,PRD0036,Cosmetics,CAT002,4861.42,37,179872.54,9321.35,170551.19,4165.99,166385.2,18008.42,2023,9,2,148376.78,95332.49,Bkash,,ENT-20230902-01997
PO-202309-0527,2023-09-02,VND007,Style Mart Brand,INV-20230902-9185,Hair Straightener,PRD0073,Hygiene Products,CAT004,205.6,76,15625.6,2292.12,13333.48,924.37,12409.11,1600.43,2023,9,2,10808.68,1382.83,Bank Transfer,Rupali Bank,ENT-20230902-00527
PO-202309-0527,2023-09-02,VND007,Style Mart Brand,INV-20230902-9185,Hair Straightener,PRD0073,Hygiene Products,CAT004,1340.54,410,549621.4,54962.14,494659.26,24732.96,469926.3,23496.32,2023,9,2,446429.98,208042.3,Bank Transfer,Rupali Bank,ENT-20230902-00527
PO-202309-0284,2023-09-02,VND006,Sun Corporation Ltd.,INV-20230902-4734,Deodorant,PRD0036,Cosmetics,CAT002,1934.14,32,61892.48,3160.63,58731.85,3138.23,55593.62,420.12,2023,9,2,55173.5,7884.93,Bank Transfer,Sonali Bank,ENT-20230902-00284
PO-202309-1693,2023-09-01,VND007,Style Mart Brand,INV-20230901-3982,Hair Accessories,PRD0029,Hygiene Products,CAT004,804.54,69,55513.26,11955.85,43557.41,642.22,42915.19,972.7,2023,9,1,41942.49,17880.67,Bkash,,ENT-20230901-01693
PO-202308-1540,2023-08-30,VND003,Shanti Enterprises,INV-20230830-5817,Hair Dryer,PRD0013,Hygiene Products,CAT004,4606.16,90,414554.4,91465.11,323089.29,16595.88,306493.41,15095.71,2023,8,30,291397.7,261729.48,Cheque,Janata Bank,ENT-20230830-01540
PO-202308-0086,2023-08-30,VND003,Shanti Enterprises,INV-20230830-6177,Backpack,PRD0038,Hygiene Products,CAT004,2045.91,43,87974.13,17870.73,70103.4,6215.02,63888.38,9311.12,2023,8,30,54577.26,22623.01,Cash,,ENT-20230830-00086
PO-202308-1177,2023-08-30,VND003,Shanti Enterprises,INV-20230830-9185,Hair Spray,PRD0071,Cosmetics,CAT002,3852.58,16,61641.28,6261.35,55379.93,3101.86,52278.07,5015.65,2023,8,30,47262.42,9640.16,Cheque,BRAC Bank,ENT-20230830-01177
PO-202308-1529,2023-08-30,VND006,Sun Corporation Ltd.,INV-20230830-8233,Deodorant,PRD0036,Cosmetics,CAT002,64.12,38,2436.56,235.97,2200.59,89.31,2111.28,293.44,2023,8,30,1817.84,1448.71,Cheque,Sonali Bank,ENT-20230830-01529
PO-202308-0446,2023-08-30,VND002,Kazi Tea IND Ltd.,INV-20230830-2868,Body Mist,PRD0035,Cosmetics,CAT002,3044.63,43,130919.09,8329.91,122589.18,9708.21,112880.97,8985.35,2023,8,30,103895.62,57824.81,Bkash,,ENT-20230830-00446
PO-202308-0244,2023-08-30,VND007,Style Mart Brand,INV-20230830-5354,Hair Color,PRD0052,Hygiene Products,CAT004,1668.65,4,6674.6,1117.41,5557.19,521.68,5035.51,302.43,2023,8,30,4733.08,894.38,Cheque,Dutch Bangla Bank,ENT-20230830-00244
PO-202308-0983,2023-08-30,VND004,Organic Solutions,INV-20230830-4649,Hair Gel,PRD0077,Hygiene Products,CAT004,2947.84,59,173922.56,40488.3,133434.26,11484.75,121949.51,688.36,2023,8,30,121261.15,108873.74,Cheque,BRAC Bank,ENT-20230830-00983
PO-202308-0391,2023-08-28,VND004,Organic Solutions,INV-20230828-5708,Nail Polish,PRD0055,Cosmetics,CAT002,896.28,62,55569.36,9327.15,46242.21,716.25,45525.96,3289.91,2023,8,28,42236.05,21844.15,Cheque,Janata Bank,ENT-20230828-00391
PO-202308-1543,2023-08-28,VND007,Style Mart Brand,INV-20230828-2377,Toothbrush,PRD0017,Hygiene Products,CAT004,1752.09,68,119142.12,32932.69,86209.43,5923.14,80286.29,709.22,2023,8,28,79577.07,28918.59,Bkash,,ENT-20230828-01543
PO-202308-1904,2023-08-28,VND005,Yello Energy Co.,INV-20230828-3524,Nail Polish,PRD0055,Cosmetics,CAT002,2164.08,22,47609.76,4129.27,43480.49,3083.46,40397.03,1700.09,2023,8,28,38696.94,38336.21,Bkash,,ENT-20230828-01904
PO-202308-0051,2023-08-28,VND007,Style Mart Brand,INV-20230828-1104,Footwear,PRD0065,Hygiene Products,CAT004,3377.4,21,70925.4,15449.75,55475.65,846.85,54628.8,416.58,2023,8,28,54212.22,12409.44,Cash,,ENT-20230828-00051
PO-202308-1739,2023-08-27,VND004,Organic Solutions,INV-20230827-3892,Mouthwash,PRD0025,Hygiene Products,CAT004,4475.68,24,107416.32,21546.67,85869.65,37.73,85831.92,10139.87,2023,8,27,75692.05,58686.62,Bkash,,ENT-20230827-01739
PO-202308-1287,2023-08-27,VND004,Organic Solutions,INV-20230827-9487,Face Serum,PRD0053,Cosmetics,CAT002,1892.45,79,149503.55,13724.72,135778.83,12639.19,123139.64,5948.67,2023,8,27,117190.97,71359.6,Nagad,,ENT-20230827-01287
PO-202308-0015,2023-08-27,VND004,Organic Solutions,INV-20230827-7785,Hair Spray,PRD0071,Cosmetics,CAT002,1899.46,39,74078.94,3732.83,70346.11,1270.96,69075.15,8484.53,2023,8,27,60590.62,43904.59,Bkash,,ENT-20230827-00015
PO-202308-1844,2023-08-26,VND006,Sun Corporation Ltd.,INV-20230826-5813,Deodorant,PRD0036,Cosmetics,CAT002,65.1,89,5793.9,809.1,4984.8,120.1,4864.7,261.74,2023,8,26,4602.96,1029.22,Bkash,,ENT-20230826-01844
PO-202308-1400,2023-08-26,VND002,Kazi Tea IND Ltd.,INV-20230826-2888,Personal Lubricant,PRD0070,Hygiene Products,CAT004,1593.43,66,105166.38,19980.59,85185.79,4048.42,81137.37,6931.7,2023,8,26,74205.67,59812.67,Nagad,,ENT-20230826-01400
PO-202308-1837,2023-08-25,VND006,Sun Corporation Ltd.,INV-20230825-8846,Wallet,PRD0051,Accessories,CAT003,3350.04,12,40200.48,2193.0,38007.48,3079.53,34927.95,4071.8,2023,8,25,30856.15,6585.63,Bkash,,ENT-20230825-01837
PO-202308-1824,2023-08-25,VND001,Creative Corporation,INV-20230825-6720,Mouthwash,PRD0025,Hygiene Products,CAT004,3978.24,37,147194.88,10025.48,137169.4,10213.16,126956.24,6421.2,2023,8,25,120535.04,13714.74,Cash,,ENT-20230825-01824
PO-202308-1864,2023-08-24,VND005,Yello Energy Co.,INV-20230824-9198,Body Oil,PRD0059,Cosmetics,CAT002,2000.45,52,104023.4,25088.12,78935.28,4340.05,74595.23,8791.34,2023,8,24,65803.89,2519.07,Cash,,ENT-20230824-01864
PO-202308-1993,2023-08-24,VND004,Organic Solutions,INV-20230824-5114,Hair Conditioner,PRD0039,Hygiene Products,CAT004,279.21,73,20382.33,4654.19,15728.14,1438.64,14289.5,118.16,2023,8,24,14171.34,7491.51,Cash,,ENT-20230824-01993
PO-202308-0862,2023-08-23,VND001,Creative Corporation,INV-20230823-6842,Men Shirt,PRD0010,Fashion Apparel,CAT001,1706.17,35,59715.95,11640.78,48075.17,1507.39,46567.78,6257.34,2023,8,23,40310.44,14667.91,Bank Transfer,Sonali Bank,ENT-20230823-00862
PO-202308-0689,2023-08-23,VND003,Shanti Enterprises,INV-20230823-1835,Perfume,PRD0014,Cosmetics,CAT002,1069.15,28,29936.2,6283.13,23653.07,2217.3,21435.77,2808.08,2023,8,23,18627.69,11201.38,Nagad,,ENT-20230823-00689
PO-202308-0364,2023-08-23,VND001,Creative Corporation,INV-20230823-6584,Condom,PRD0009,Hygiene Products,CAT004,1848.93,45,83201.85,23766.66,59435.19,5382.05,54053.14,1712.85,2023,8,23,52340.29,40678.36,Cash,,ENT-20230823-00364
PO-202308-1165,2023-08-22,VND003,Shanti Enterprises,INV-20230822-7815,Men's Nightwear,PRD0048,Fashion Apparel,CAT001,1037.23,51,52898.73,8019.46,44879.27,3872.17,41007.1,1586.47,2023,8,22,39420.63,3849.71,Nagad,,ENT-20230822-01165
PO-202308-0218,2023-08-22,VND003,Shanti Enterprises,INV-20230822-2764,Men's Nightwear,PRD0048,Fashion Apparel,CAT001,2948.07,20,58961.4,13172.0,45789.4,3688.4,42101.0,6003.03,2023,8,22,36097.97,29897.89,Nagad,,ENT-20230822-00218
PO-202308-0359,2023-08-21,VND006,Sun Corporation Ltd.,INV-20230821-3794,Umbrella,PRD0060,Accessories,CAT003,3188.49,62,197686.38,1490.69,196195.69,10944.33,185251.36,11009.0,2023,8,21,174242.36,52781.34,Bank Transfer,Janata Bank,ENT-20230821-00359
PO-202308-1345,2023-08-21,VND002,Kazi Tea IND Ltd.,INV-20230821-4385,Face Cream,PRD0034,Cosmetics,CAT002,1426.86,86,122709.96,5914.51,116795.45,2785.85,114009.6,4343.91,2023,8,21,109665.69,11411.33,Bkash,,ENT-20230821-01345
PO-202308-1783,2023-08-21,VND002,Kazi Tea IND Ltd.,INV-20230821-7584,Hat,PRD0019,Accessories,CAT003,279.1,21,5861.1,215.77,5645.33,499.47,5145.86,479.47,2023,8,21,4666.39,470.49,Bank Transfer,Bkash,ENT-20230821-01783
PO-202308-1220,2023-08-21,VND006,Sun Corporation Ltd.,INV-20230821-4048,Beard Oil,PRD0049,Cosmetics,CAT002,8315.09,170,1413565.3,141356.53,1272208.77,63610.44,1208598.33,60429.92,2023,8,21,1148168.41,182716.25,Cash,,ENT-20230821-01220
PO-202308-1220,2023-08-21,VND006,Sun Corporation Ltd.,INV-20230821-4048,Beard Oil,PRD0049,Cosmetics,CAT002,2264.16,57,129057.12,16598.17,112458.95,10360.07,102098.88,13537.85,2023,8,21,88561.03,86515.95,Cash,,ENT-20230821-01220
PO-202308-0755,2023-08-20,VND004,Organic Solutions,INV-20230820-4543,Sunglasses,PRD0027,Accessories,CAT003,4702.86,68,319794.48,12572.27,307222.21,191.73,307030.48,44502.57,2023,8,20,262527.91,160205.99,Cash,,ENT-20230820-00755
PO-202308-0440,2023-08-20,VND005,Yello Energy Co.,INV-20230820-9856,Makeup Remover,PRD0032,Cosmetics,CAT002,4220.26,29,122387.54,24557.63,97829.91,413.2,97416.71,9325.8,2023,8,20,88090.91,64964.42,Cheque,BRAC Bank,ENT-20230820-00440
PO-202308-1187,2023-08-20,VND002,Kazi Tea IND Ltd.,INV-20230820-4816,Hair Color,PRD0052,Hygiene Products,CAT004,4395.13,62,272498.06,31852.0,240646.06,18105.98,222540.08,11975.75,2023,8,20,210564.33,67923.21,Bkash,,ENT-20230820-01187
PO-202308-1338,2023-08-19,VND002,Kazi Tea IND Ltd.,INV-20230819-3835,Hair Conditioner,PRD0039,Hygiene Products,CAT004,3249.75,96,311976.0,81469.92,230506.08,503.34,230002.74,10462.65,2023,8,19,219540.09,127840.37,Nagad,,ENT-20230819-01338
PO-202308-1168,2023-08-18,VND002,Kazi Tea IND Ltd.,INV-20230818-1254,After Sun Lotion,PRD0074,Cosmetics,CAT002,3553.54,38,135034.52,1882.3,133152.22,4676.45,128475.77,10311.97,2023,8,18,118163.8,106145.89,Bkash,,ENT-20230818-01168
PO-202308-1655,2023-08-18,VND007,Style Mart Brand,INV-20230818-4804,Hair Gel,PRD0077,Hygiene Products,CAT004,75.56,41,3097.96,269.46,2828.5,58.09,2770.41,365.68,2023,8,18,2404.73,796.3,Cheque,BRAC Bank,ENT-20230818-01655
PO-202308-1024,2023-08-18,VND007,Style Mart Brand,INV-20230818-6081,Makeup Remover,PRD0032,Cosmetics,CAT002,1346.86,53,71383.58,16549.81,54833.77,5275.61,49558.16,911.04,2023,8,18,48647.12,25397.63,Nagad,,ENT-20230818-01024
PO-202308-1273,2023-08-18,VND006,Sun Corporation Ltd.,INV-20230818-5077,Women's Top,PRD0005,Fashion Apparel,CAT001,1744.29,99,172684.71,22042.24,150642.47,4323.94,146318.53,3762.72,2023,8,18,142555.81,117085.85,Cash,,ENT-20230818-01273
PO-202308-0476,2023-08-18,VND002,Kazi Tea IND Ltd.,INV-20230818-9357,Makeup Kit,PRD0056,Cosmetics,CAT002,575.66,53,30509.98,5923.52,24586.46,1226.8,23359.66,338.65,2023,8,18,23021.01,18352.68,Bank Transfer,Rupali Bank,ENT-20230818-00476
PO-202308-0245,2023-08-17,VND006,Sun Corporation Ltd.,INV-20230817-4089,Personal Lubricant,PRD0070,Hygiene Products,CAT004,4021.53,93,374002.29,27787.54,346214.75,14676.42,331538.33,41851.51,2023,8,17,289686.82,58708.9,Bkash,,ENT-20230817-00245
PO-202308-1817,2023-08-17,VND003,Shanti Enterprises,INV-20230817-8037,Hair Mask,PRD0021,Cosmetics,CAT002,2320.65,81,187972.65,10885.71,177086.94,6928.35,170158.59,23723.07,2023,8,17,146435.52,7055.17,Nagad,,ENT-20230817-01817
PO-202308-0589,2023-08-17,VND002,Kazi Tea IND Ltd.,INV-20230817-5192,Hair Spray,PRD0071,Cosmetics,CAT002,371.29,6,2227.74,414.44,1813.3,43.35,1769.95,32.96,2023,8,17,1736.99,1474.04,Cash,,ENT-20230817-00589
PO-202308-1138,2023-08-16,VND001,Creative Corporation,INV-20230816-3286,Body Lotion,PRD0064,Cosmetics,CAT002,4890.27,85,415672.95,77753.69,337919.26,26840.36,311078.9,15916.93,2023,8,16,295161.97,18152.44,Bank Transfer,Dutch Bangla Bank,ENT-20230816-01138
PO-202308-0123,2023-08-15,VND002,Kazi Tea IND Ltd.,INV-20230815-5216,Men's Innerwear,PRD0015,Fashion Apparel,CAT001,1628.42,95,154699.9,37199.33,117500.57,3749.43,113751.14,11140.54,2023,8,15,102610.6,44138.94,Bkash,,ENT-20230815-00123
PO-202308-1267,2023-08-15,VND003,Shanti Enterprises,INV-20230815-3351,Face Scrub,PRD0062,Hygiene Products,CAT004,396.67,92,36493.64,1829.12,34664.52,198.9,34465.62,2874.59,2023,8,15,31591.03,2342.91,Cheque,Nagad,ENT-20230815-01267
PO-202308-1430,2023-08-15,VND007,Style Mart Brand,INV-20230815-7829,Feminine Wash,PRD0028,Hygiene Products,CAT004,4780.36,13,62144.68,17720.84,44423.84,4093.01,40330.83,516.46,2023,8,15,39814.37,4759.38,Cheque,City Bank,ENT-20230815-01430
PO-202308-1728,2023-08-15,VND001,Creative Corporation,INV-20230815-4539,Toothpaste,PRD0063,Hygiene Products,CAT004,3374.21,39,131594.19,19682.71,111911.48,46.49,111864.99,13893.8,2023,8,15,97971.19,28690.63,Cash,,ENT-20230815-01728
PO-202308-1957,2023-08-14,VND003,Shanti Enterprises,INV-20230814-4869,Personal Lubricant,PRD0070,Hygiene Products,CAT004,261.54,16,4184.64,1025.89,3158.75,203.99,2954.76,392.91,2023,8,14,2561.85,612.28,Cheque,Rupali Bank,ENT-20230814-01957
PO-202308-1308,2023-08-14,VND005,Yello Energy Co.,INV-20230814-1386,Body Mist,PRD0035,Cosmetics,CAT002,1847.11,34,62801.74,11668.66,51133.08,5012.76,46120.32,2769.09,2023,8,14,43351.23,180.82,Cheque,Bkash,ENT-20230814-01308
PO-202308-1013,2023-08-14,VND006,Sun Corporation Ltd.,INV-20230814-6978,Kids T-Shirt,PRD0006,Fashion Apparel,CAT001,881.22,66,58160.52,2977.32,55183.2,2308.86,52874.34,3991.53,2023,8,14,48882.81,39327.12,Nagad,,ENT-20230814-01013
PO-202308-1908,2023-08-13,VND001,Creative Corporation,INV-20230813-6042,Shampoo,PRD0007,Hygiene Products,CAT004,3765.07,99,372741.93,1455.97,371285.96,16221.43,355064.53,33545.26,2023,8,13,321519.27,51052.49,Bank Transfer,City Bank,ENT-20230813-01908
PO-202308-0636,2023-08-13,VND003,Shanti Enterprises,INV-20230813-7092,Shaving Cream,PRD0066,Cosmetics,CAT002,4419.31,72,318190.32,42646.26,275544.06,3646.11,271897.95,5541.57,2023,8,13,266356.38,198346.86,Bkash,,ENT-20230813-00636
PO-202308-0560,2023-08-13,VND007,Style Mart Brand,INV-20230813-5005,Hair Removal Cream,PRD0018,Cosmetics,CAT002,3403.43,80,272274.4,56679.61,215594.79,14342.64,201252.15,14144.88,2023,8,13,187107.27,113164.05,Cash,,ENT-20230813-00560
PO-202308-1121,2023-08-12,VND005,Yello Energy Co.,INV-20230812-8456,Sunscreen,PRD0068,Hygiene Products,CAT004,704.16,96,67599.36,3059.04,64540.32,603.59,63936.73,3378.72,2023,8,12,60558.01,6672.8,Nagad,,ENT-20230812-01121
PO-202308-1760,2023-08-12,VND005,Yello Energy Co.,INV-20230812-9354,Body Butter,PRD0016,Hygiene Products,CAT004,628.26,55,34554.3,6018.96,28535.34,1426.74,27108.6,2980.9,2023,8,12,24127.7,3152.31,Cheque,City Bank,ENT-20230812-01760
PO-202308-1470,2023-08-12,VND004,Organic Solutions,INV-20230812-4884,Women's Nightwear,PRD0003,Fashion Apparel,CAT001,6276.31,464,2912207.84,291220.78,2620987.06,131049.35,2489937.71,124496.89,2023,8,12,2365440.82,978670.25,Nagad,,ENT-20230812-01470
PO-202308-1470,2023-08-12,VND004,Organic Solutions,INV-20230812-4884,Women's Nightwear,PRD0003,Fashion Apparel,CAT001,1084.74,40,43389.6,8794.68,34594.92,1725.66,32869.26,4375.74,2023,8,12,28493.52,8115.0,Nagad,,ENT-20230812-01470
PO-202308-1000,2023-08-11,VND001,Creative Corporation,INV-20230811-8467,Hair Accessories,PRD0029,Hygiene Products,CAT004,1673.13,63,105407.19,21244.15,84163.04,8361.7,75801.34,1734.98,2023,8,11,74066.36,15113.2,Cash,,ENT-20230811-01000
PO-202308-1064,2023-08-11,VND005,Yello Energy Co.,INV-20230811-4122,Face Scrub,PRD0062,Hygiene Products,CAT004,987.84,61,60258.24,10877.01,49381.23,3122.6,46258.63,4623.59,2023,8,11,41635.04,19441.54,Bkash,,ENT-20230811-01064
PO-202308-1339,2023-08-11,VND007,Style Mart Brand,INV-20230811-5129,Face Wash,PRD0022,Hygiene Products,CAT004,3926.4,45,176688.0,17227.96,159460.04,1748.55,157711.49,4734.7,2023,8,11,152976.79,95391.57,Cheque,Sonali Bank,ENT-20230811-01339
PO-202308-0094,2023-08-11,VND002,Kazi Tea IND Ltd.,INV-20230811-6691,Aftershave,PRD0057,Hygiene Products,CAT004,3417.13,76,259701.88,67877.56,191824.32,11356.91,180467.41,18345.45,2023,8,11,162121.96,75915.28,Cheque,Dutch Bangla Bank,ENT-20230811-00094
PO-202308-1901,2023-08-10,VND007,Style Mart Brand,INV-20230810-8774,After Sun Lotion,PRD0074,Cosmetics,CAT002,2267.98,80,181438.4,33254.9,148183.5,7826.22,140357.28,20107.52,2023,8,10,120249.76,23822.89,Nagad,,ENT-20230810-01901
PO-202308-1967,2023-08-10,VND004,Organic Solutions,INV-20230810-6442,Face Scrub,PRD0062,Hygiene Products,CAT004,3064.6,47,144036.2,25626.01,118410.19,961.87,117448.32,14088.54,2023,8,10,103359.78,15420.73,Bkash,,ENT-20230810-01967
PO-202308-1239,2023-08-10,VND004,Organic Solutions,INV-20230810-6208,Women's Leggings,PRD0079,Fashion Apparel,CAT001,3157.86,47,148419.42,14354.93,134064.49,8353.87,125710.62,12859.13,2023,8,10,112851.49,23577.25,Cash,,ENT-20230810-01239
PO-202308-0238,2023-08-10,VND001,Creative Corporation,INV-20230810-6638,Backpack,PRD0038,Hygiene Products,CAT004,3929.17,67,263254.39,77265.77,185988.62,12843.19,173145.43,12094.83,2023,8,10,161050.6,141838.68,Cheque,Janata Bank,ENT-20230810-00238
PO-202308-0782,2023-08-10,VND004,Organic Solutions,INV-20230810-5019,Face Cream,PRD0034,Cosmetics,CAT002,3361.71,25,84042.75,21551.74,62491.01,6230.54,56260.47,7527.68,2023,8,10,48732.79,4852.52,Cash,,ENT-20230810-00782
PO-202308-1086,2023-08-10,VND002,Kazi Tea IND Ltd.,INV-20230810-7095,Lipstick,PRD0061,Cosmetics,CAT002,4092.03,69,282350.07,15497.51,266852.56,15610.87,251241.69,17723.9,2023,8,10,233517.79,8354.18,Bkash,,ENT-20230810-01086
PO-202308-0670,2023-08-10,VND002,Kazi Tea IND Ltd.,INV-20230810-1712,Women's Nightwear,PRD0003,Fashion Apparel,CAT001,990.7,73,72321.1,6842.67,65478.43,3008.51,62469.92,8978.18,2023,8,10,53491.74,2568.65,Cheque,Janata Bank,ENT-20230810-00670
PO-202308-1366,2023-08-09,VND003,Shanti Enterprises,INV-20230809-3385,Scarf,PRD0076,Accessories,CAT003,1000.49,63,63030.87,3991.01,59039.86,5711.33,53328.53,5018.0,2023,8,9,48310.53,33773.75,Cheque,Nagad,ENT-20230809-01366
PO-202308-1603,2023-08-09,VND001,Creative Corporation,INV-20230809-6689,Baby Wipes,PRD0069,Hygiene Products,CAT004,3201.07,76,243281.32,14941.27,228340.05,20045.24,208294.81,31030.61,2023,8,9,177264.2,131914.09,Cash,,ENT-20230809-01603
PO-202308-1539,2023-08-09,VND004,Organic Solutions,INV-20230809-7715,Men's Nightwear,PRD0048,Fashion Apparel,CAT001,3957.24,51,201819.24,43200.0,158619.24,11851.6,146767.64,12153.9,2023,8,9,134613.74,3376.16,Nagad,,ENT-20230809-01539
PO-202308-1690,2023-08-09,VND004,Organic Solutions,INV-20230809-7755,Disinfectant Spray,PRD0037,Cosmetics,CAT002,865.83,49,42425.67,5034.45,37391.22,2000.69,35390.53,2869.14,2023,8,9,32521.39,31948.87,Bank Transfer,Nagad,ENT-20230809-01690
PO-202308-0239,2023-08-08,VND007,Style Mart Brand,INV-20230808-8797,Women's Nightwear,PRD0003,Fashion Apparel,CAT001,3914.44,20,78288.8,17470.57,60818.23,1452.05,59366.18,1352.89,2023,8,8,58013.29,38039.25,Cash,,ENT-20230808-00239
PO-202308-1874,2023-08-08,VND003,Shanti Enterprises,INV-20230808-1955,Scarf,PRD0076,Accessories,CAT003,639.16,84,53689.44,12946.02,40743.42,2249.52,38493.9,3127.11,2023,8,8,35366.79,18425.51,Bkash,,ENT-20230808-01874
PO-202308-1519,2023-08-08,VND004,Organic Solutions,INV-20230808-3980,Perfume,PRD0014,Cosmetics,CAT002,4030.4,33,133003.2,14936.59,118066.61,11731.24,106335.37,8803.08,2023,8,8,97532.29,67591.47,Bank Transfer,Dutch Bangla Bank,ENT-20230808-01519
PO-202308-0815,2023-08-07,VND005,Yello Energy Co.,INV-20230807-5976,Luggage,PRD0045,Hygiene Products,CAT004,3517.07,57,200472.99,1119.36,199353.63,2993.5,196360.13,22908.43,2023,8,7,173451.7,7317.85,Nagad,,ENT-20230807-00815
PO-202308-0058,2023-08-06,VND004,Organic Solutions,INV-20230806-8500,Men T-Shirt,PRD0026,Fashion Apparel,CAT001,3742.68,11,41169.48,10108.78,31060.7,791.73,30268.97,3091.06,2023,8,6,27177.91,131.0,Cash,,ENT-20230806-00058
PO-202308-1714,2023-08-06,VND006,Sun Corporation Ltd.,INV-20230806-5433,Shampoo,PRD0007,Hygiene Products,CAT004,3418.48,23,78625.04,17620.32,61004.72,2393.07,58611.65,6226.62,2023,8,6,52385.03,18040.41,Bkash,,ENT-20230806-01714
PO-202308-1330,2023-08-06,VND002,Kazi Tea IND Ltd.,INV-20230806-1810,Body Scrub,PRD0047,Hygiene Products,CAT004,4179.8,71,296765.8,59105.69,237660.11,16928.44,220731.67,35.92,2023,8,6,220695.75,211772.14,Cheque,BRAC Bank,ENT-20230806-01330
PO-202308-0842,2023-08-06,VND005,Yello Energy Co.,INV-20230806-7665,Body Mist,PRD0035,Cosmetics,CAT002,1857.24,9,16715.16,2486.58,14228.58,764.19,13464.39,805.68,2023,8,6,12658.71,9193.9,Cheque,Sonali Bank,ENT-20230806-00842
PO-202308-1816,2023-08-05,VND003,Shanti Enterprises,INV-20230805-1374,Footwear,PRD0065,Hygiene Products,CAT004,2047.0,65,133055.0,25079.38,107975.62,9553.09,98422.53,1456.65,2023,8,5,96965.88,78028.02,Bkash,,ENT-20230805-01816
PO-202308-0214,2023-08-04,VND007,Style Mart Brand,INV-20230804-3578,Shaving Cream,PRD0066,Cosmetics,CAT002,4502.63,44,198115.72,30393.32,167722.4,6475.52,161246.88,22355.12,2023,8,4,138891.76,128179.1,Nagad,,ENT-20230804-00214
PO-202308-1061,2023-08-04,VND004,Organic Solutions,INV-20230804-1529,Baby Wipes,PRD0069,Hygiene Products,CAT004,1796.35,19,34130.65,776.52,33354.13,770.43,32583.7,3972.16,2023,8,4,28611.54,25055.83,Bkash,,ENT-20230804-01061
PO-202308-0717,2023-08-03,VND003,Shanti Enterprises,INV-20230803-6392,Hair Removal Cream,PRD0018,Cosmetics,CAT002,4624.86,24,110996.64,12888.28,98108.36,4571.25,93537.11,13041.76,2023,8,3,80495.35,41340.35,Bank Transfer,Dutch Bangla Bank,ENT-20230803-00717
PO-202308-1253,2023-08-03,VND005,Yello Energy Co.,INV-20230803-8463,Hair Dryer,PRD0013,Hygiene Products,CAT004,687.18,88,60471.84,15655.34,44816.5,2243.13,42573.37,2325.36,2023,8,3,40248.01,21895.41,Cash,,ENT-20230803-01253
PO-202308-0241,2023-08-02,VND003,Shanti Enterprises,INV-20230802-4665,Hair Accessories,PRD0029,Hygiene Products,CAT004,3528.7,10,35287.0,7146.21,28140.79,2067.58,26073.21,3880.16,2023,8,2,22193.05,1730.03,Cash,,ENT-20230802-00241
PO-202308-0047,2023-08-02,VND002,Kazi Tea IND Ltd.,INV-20230802-6581,Scarf,PRD0076,Accessories,CAT003,3309.59,94,311101.46,71719.97,239381.49,12641.28,226740.21,11506.44,2023,8,2,215233.77,89063.85,Bank Transfer,Dutch Bangla Bank,ENT-20230802-00047
PO-202308-1834,2023-08-02,VND006,Sun Corporation Ltd.,INV-20230802-7345,Women's Nightwear,PRD0003,Fashion Apparel,CAT001,816.82,63,51459.66,9765.26,41694.4,1736.51,39957.89,5455.79,2023,8,2,34502.1,18581.31,Cash,,ENT-20230802-01834
PO-202308-0347,2023-08-01,VND001,Creative Corporation,INV-20230801-9734,Backpack,PRD0038,Hygiene Products,CAT004,2808.71,66,185374.86,7799.05,177575.81,11498.27,166077.54,588.9,2023,8,1,165488.64,144335.26,Bank Transfer,BRAC Bank,ENT-20230801-00347
PO-202307-1673,2023-07-31,VND003,Shanti Enterprises,INV-20230731-2634,Body Mist,PRD0035,Cosmetics,CAT002,1510.62,403,608779.86,60877.99,547901.87,27395.09,520506.78,26025.34,2023,7,31,494481.44,67745.67,Cheque,City Bank,ENT-20230731-01673
PO-202307-1978,2023-07-31,VND005,Yello Energy Co.,INV-20230731-1297,Sunscreen,PRD0068,Hygiene Products,CAT004,2937.39,62,182118.18,52627.08,129491.1,1405.53,128085.57,9622.65,2023,7,31,118462.92,45182.83,Cash,,ENT-20230731-01978
PO-202307-1792,2023-07-31,VND007,Style Mart Brand,INV-20230731-1081,Body Butter,PRD0016,Hygiene Products,CAT004,1883.5,43,80990.5,24242.06,56748.44,4875.85,51872.59,6967.69,2023,7,31,44904.9,16002.34,Bank Transfer,Bkash,ENT-20230731-01792
PO-202307-1673,2023-07-31,VND003,Shanti Enterprises,INV-20230731-2634,Body Mist,PRD0035,Cosmetics,CAT002,1442.7,65,93775.5,22532.48,71243.02,3677.96,67565.06,9996.84,2023,7,31,57568.22,19397.37,Cheque,City Bank,ENT-20230731-01673
PO-202307-0959,2023-07-30,VND002,Kazi Tea IND Ltd.,INV-20230730-4075,Hair Color,PRD0052,Hygiene Products,CAT004,3970.87,33,131038.71,18035.29,113003.42,300.47,112702.95,366.11,2023,7,30,112336.84,87504.14,Bank Transfer,Rupali Bank,ENT-20230730-00959
PO-202307-1216,2023-07-30,VND002,Kazi Tea IND Ltd.,INV-20230730-2726,Hair Dryer,PRD0013,Hygiene Products,CAT004,947.79,25,23694.75,2673.67,21021.08,180.86,20840.22,1351.03,2023,7,30,19489.19,11723.45,Cheque,Rupali Bank,ENT-20230730-01216
PO-202307-0722,2023-07-30,VND004,Organic Solutions,INV-20230730-6833,Women's Skirt,PRD0046,Fashion Apparel,CAT001,4740.63,47,222809.61,45521.0,177288.61,3138.17,174150.44,6686.98,2023,7,30,167463.46,61314.51,Cash,,ENT-20230730-00722
PO-202307-0098,2023-07-30,VND006,Sun Corporation Ltd.,INV-20230730-1935,Hair Color,PRD0052,Hygiene Products,CAT004,224.5,44,9878.0,832.81,9045.19,843.27,8201.92,301.75,2023,7,30,7900.17,6562.74,Bank Transfer,Sonali Bank,ENT-20230730-00098
PO-202307-0459,2023-07-30,VND003,Shanti Enterprises,INV-20230730-7164,Face Serum,PRD0053,Cosmetics,CAT002,1585.88,55,87223.4,5278.43,81944.97,5541.29,76403.68,1763.48,2023,7,30,74640.2,11931.84,Bank Transfer,Bkash,ENT-20230730-00459
PO-202307-1617,2023-07-30,VND005,Yello Energy Co.,INV-20230730-6185,Disinfectant Spray,PRD0037,Cosmetics,CAT002,3695.77,23,85002.71,17972.22,67030.49,1353.44,65677.05,841.84,2023,7,30,64835.21,4841.35,Bkash,,ENT-20230730-01617
PO-202307-0452,2023-07-30,VND005,Yello Energy Co.,INV-20230730-4243,Body Mist,PRD0035,Cosmetics,CAT002,3893.98,68,264790.64,28811.36,235979.28,3878.85,232100.43,32726.51,2023,7,30,199373.92,101151.07,Nagad,,ENT-20230730-00452
PO-202307-1516,2023-07-28,VND007,Style Mart Brand,INV-20230728-6384,Luggage,PRD0045,Hygiene Products,CAT004,2872.25,14,40211.5,6305.97,33905.53,566.19,33339.34,1525.52,2023,7,28,31813.82,26638.36,Cash,,ENT-20230728-01516
PO-202307-0292,2023-07-28,VND001,Creative Corporation,INV-20230728-5735,Men's Nightwear,PRD0048,Fashion Apparel,CAT001,2309.82,88,203264.16,33991.98,169272.18,6739.03,162533.15,3194.57,2023,7,28,159338.58,35161.33,Nagad,,ENT-20230728-00292
PO-202307-0189,2023-07-27,VND005,Yello Energy Co.,INV-20230727-1880,Face Scrub,PRD0062,Hygiene Products,CAT004,4461.65,30,133849.5,27731.56,106117.94,8010.17,98107.77,10462.97,2023,7,27,87644.8,13093.79,Bank Transfer,Nagad,ENT-20230727-00189
PO-202307-1827,2023-07-26,VND004,Organic Solutions,INV-20230726-9531,Shaving Cream,PRD0066,Cosmetics,CAT002,4894.98,37,181114.26,26993.3,154120.96,6299.9,147821.06,6827.13,2023,7,26,140993.93,31778.86,Cash,,ENT-20230726-01827
PO-202307-0143,2023-07-26,VND007,Style Mart Brand,INV-20230726-1565,Hair Straightener,PRD0073,Hygiene Products,CAT004,2541.17,67,170258.39,32817.22,137441.17,5724.22,131716.95,10931.57,2023,7,26,120785.38,120615.74,Cash,,ENT-20230726-00143
PO-202307-0404,2023-07-25,VND004,Organic Solutions,INV-20230725-5883,Hair Color,PRD0052,Hygiene Products,CAT004,4597.95,90,413815.5,66604.53,347210.97,21610.16,325600.81,9164.88,2023,7,25,316435.93,89122.77,Cash,,ENT-20230725-00404
PO-202307-1893,2023-07-25,VND006,Sun Corporation Ltd.,INV-20230725-3436,Body Wash,PRD0058,Hygiene Products,CAT004,3501.85,95,332675.75,32593.9,300081.85,13882.15,286199.7,29329.59,2023,7,25,256870.11,217595.29,Nagad,,ENT-20230725-01893
PO-202307-0617,2023-07-25,VND003,Shanti Enterprises,INV-20230725-2710,Shaving Cream,PRD0066,Cosmetics,CAT002,2313.55,75,173516.25,47972.69,125543.56,4650.87,120892.69,3001.2,2023,7,25,117891.49,50532.99,Cash,,ENT-20230725-00617
PO-202307-1317,2023-07-25,VND005,Yello Energy Co.,INV-20230725-8113,Makeup Remover,PRD0032,Cosmetics,CAT002,3526.01,72,253872.72,26420.88,227451.84,3935.68,223516.16,2794.72,2023,7,25,220721.44,106899.74,Cash,,ENT-20230725-01317
PO-202307-0652,2023-07-25,VND004,Organic Solutions,INV-20230725-8998,Women's Skirt,PRD0046,Fashion Apparel,CAT001,4388.14,82,359827.48,25007.98,334819.5,707.09,334112.41,45242.78,2023,7,25,288869.63,7564.57,Nagad,,ENT-20230725-00652
PO-202307-1576,2023-07-25,VND003,Shanti Enterprises,INV-20230725-3344,Hat,PRD0019,Accessories,CAT003,797.77,63,50259.51,4405.93,45853.58,1309.58,44544.0,1902.54,2023,7,25,42641.46,37763.71,Cash,,ENT-20230725-01576
PO-202307-0616,2023-07-25,VND004,Organic Solutions,INV-20230725-8864,Wallet,PRD0051,Accessories,CAT003,3014.2,99,298405.8,88353.63,210052.17,855.32,209196.85,1024.06,2023,7,25,208172.79,158278.0,Cheque,Rupali Bank,ENT-20230725-00616
PO-202307-1071,2023-07-24,VND001,Creative Corporation,INV-20230724-4671,Makeup Kit,PRD0056,Cosmetics,CAT002,80.83,65,5253.95,773.77,4480.18,12.74,4467.44,327.17,2023,7,24,4140.27,853.41,Cash,,ENT-20230724-01071
PO-202307-0255,2023-07-24,VND007,Style Mart Brand,INV-20230724-2664,Men T-Shirt,PRD0026,Fashion Apparel,CAT001,2866.66,72,206399.52,61483.31,144916.21,2920.75,141995.46,9923.77,2023,7,24,132071.69,44325.37,Bank Transfer,City Bank,ENT-20230724-00255
PO-202307-0401,2023-07-23,VND003,Shanti Enterprises,INV-20230723-2056,Women's Nightwear,PRD0003,Fashion Apparel,CAT001,4862.58,27,131289.66,6877.36,124412.3,5265.04,119147.26,2479.24,2023,7,23,116668.02,106383.26,Bkash,,ENT-20230723-00401
PO-202307-0300,2023-07-23,VND007,Style Mart Brand,INV-20230723-1654,Hair Accessories,PRD0029,Hygiene Products,CAT004,2016.91,73,147234.43,38055.11,109179.32,6352.21,102827.11,9130.6,2023,7,23,93696.51,74184.14,Bkash,,ENT-20230723-00300
PO-202307-0335,2023-07-22,VND005,Yello Energy Co.,INV-20230722-8873,Personal Toys,PRD0040,Hygiene Products,CAT004,1596.32,93,148457.76,17685.82,130771.94,95.9,130676.04,10756.18,2023,7,22,119919.86,108289.27,Cash,,ENT-20230722-00335
PO-202307-1277,2023-07-22,VND004,Organic Solutions,INV-20230722-8718,Men Jeans,PRD0078,Fashion Apparel,CAT001,4575.26,76,347719.76,52418.57,295301.19,12999.11,282302.08,24242.84,2023,7,22,258059.24,122408.3,Cheque,Sonali Bank,ENT-20230722-01277
PO-202307-0335,2023-07-22,VND005,Yello Energy Co.,INV-20230722-8873,Personal Toys,PRD0040,Hygiene Products,CAT004,8582.43,210,1802310.3,180231.03,1622079.27,81103.96,1540975.31,77048.77,2023,7,22,1463926.54,214152.01,Cash,,ENT-20230722-00335
PO-202307-0831,2023-07-22,VND005,Yello Energy Co.,INV-20230722-1947,Face Scrub,PRD0062,Hygiene Products,CAT004,2594.4,32,83020.8,11165.83,71854.97,3871.87,67983.1,4982.37,2023,7,22,63000.73,37901.74,Bank Transfer,City Bank,ENT-20230722-00831
PO-202307-1731,2023-07-21,VND007,Style Mart Brand,INV-20230721-1118,Mouthwash,PRD0025,Hygiene Products,CAT004,3510.85,58,203629.3,50767.15,152862.15,5151.72,147710.43,10419.01,2023,7,21,137291.42,48314.93,Bank Transfer,Bkash,ENT-20230721-01731
PO-202307-0445,2023-07-21,VND004,Organic Solutions,INV-20230721-9388,Personal Toys,PRD0040,Hygiene Products,CAT004,2740.06,65,178103.9,19904.15,158199.75,5762.74,152437.01,14592.45,2023,7,21,137844.56,92729.41,Bank Transfer,Rupali Bank,ENT-20230721-00445
PO-202307-0858,2023-07-21,VND001,Creative Corporation,INV-20230721-8376,Body Oil,PRD0059,Cosmetics,CAT002,693.0,5,3465.0,512.13,2952.87,142.03,2810.84,140.15,2023,7,21,2670.69,479.74,Cash,,ENT-20230721-00858
PO-202307-1500,2023-07-21,VND003,Shanti Enterprises,INV-20230721-2641,Women's Kurti,PRD0081,Fashion Apparel,CAT001,3458.52,77,266306.04,12360.44,253945.6,18281.05,235664.55,33474.29,2023,7,21,202190.26,83889.67,Bank Transfer,Nagad,ENT-20230721-01500
PO-202307-1476,2023-07-20,VND005,Yello Energy Co.,INV-20230720-7311,Sunscreen,PRD0068,Hygiene Products,CAT004,890.32,30,26709.6,3890.46,22819.14,33.18,22785.96,2479.07,2023,7,20,20306.89,313.56,Bkash,,ENT-20230720-01476
PO-202307-1468,2023-07-19,VND005,Yello Energy Co.,INV-20230719-9445,Foot Care Cream,PRD0041,Cosmetics,CAT002,1539.33,37,56955.21,7772.02,49183.19,3208.67,45974.52,1337.48,2023,7,19,44637.04,12516.04,Bkash,,ENT-20230719-01468
PO-202307-1843,2023-07-19,VND002,Kazi Tea IND Ltd.,INV-20230719-1535,Footwear,PRD0065,Hygiene Products,CAT004,2880.19,2,5760.38,1426.64,4333.74,217.05,4116.69,337.76,2023,7,19,3778.93,311.27,Cheque,Nagad,ENT-20230719-01843
PO-202307-0510,2023-07-18,VND001,Creative Corporation,INV-20230718-2838,Footwear,PRD0065,Hygiene Products,CAT004,4179.56,57,238234.92,31432.46,206802.46,2125.96,204676.5,1994.11,2023,7,18,202682.39,117924.34,Bank Transfer,Sonali Bank,ENT-20230718-00510
PO-202307-1231,2023-07-18,VND005,Yello Energy Co.,INV-20230718-2329,Footwear,PRD0065,Hygiene Products,CAT004,4254.45,47,199959.15,12032.58,187926.57,2921.76,185004.81,14945.29,2023,7,18,170059.52,102649.15,Cash,,ENT-20230718-01231
PO-202307-0804,2023-07-18,VND001,Creative Corporation,INV-20230718-2917,Mouthwash,PRD0025,Hygiene Products,CAT004,1173.84,52,61039.68,8228.92,52810.76,2762.72,50048.04,6062.42,2023,7,18,43985.62,32046.67,Bank Transfer,Nagad,ENT-20230718-00804
PO-202307-0742,2023-07-18,VND005,Yello Energy Co.,INV-20230718-6721,Shampoo,PRD0007,Hygiene Products,CAT004,4803.08,5,24015.4,3980.83,20034.57,1412.58,18621.99,2522.78,2023,7,18,16099.21,12735.13,Nagad,,ENT-20230718-00742
PO-202307-1134,2023-07-17,VND005,Yello Energy Co.,INV-20230717-6552,Foot Care Cream,PRD0041,Cosmetics,CAT002,2344.97,48,112558.56,27090.36,85468.2,3231.25,82236.95,7643.96,2023,7,17,74592.99,6558.36,Nagad,,ENT-20230717-01134
PO-202307-1040,2023-07-16,VND001,Creative Corporation,INV-20230716-6641,Aftershave,PRD0057,Hygiene Products,CAT004,1361.83,33,44940.39,5764.29,39176.1,3227.39,35948.71,2368.24,2023,7,16,33580.47,17224.21,Bank Transfer,Bkash,ENT-20230716-01040
PO-202307-1140,2023-07-16,VND007,Style Mart Brand,INV-20230716-8455,Aftershave,PRD0057,Hygiene Products,CAT004,3940.35,95,374333.25,32039.33,342293.92,2013.92,340280.0,19095.95,2023,7,16,321184.05,168585.79,Nagad,,ENT-20230716-01140
PO-202307-1709,2023-07-16,VND007,Style Mart Brand,INV-20230716-6406,Toothpaste,PRD0063,Hygiene Products,CAT004,249.41,97,24192.77,5565.6,18627.17,118.19,18508.98,742.57,2023,7,16,17766.41,1788.67,Nagad,,ENT-20230716-01709
PO-202307-1236,2023-07-15,VND006,Sun Corporation Ltd.,INV-20230715-9406,Nail Polish,PRD0055,Cosmetics,CAT002,216.7,69,14952.3,1940.86,13011.44,410.73,12600.71,1160.15,2023,7,15,11440.56,9922.83,Bkash,,ENT-20230715-01236
PO-202307-0677,2023-07-15,VND001,Creative Corporation,INV-20230715-9859,Women's Leggings,PRD0079,Fashion Apparel,CAT001,947.08,13,12312.04,3584.82,8727.22,870.24,7856.98,511.94,2023,7,15,7345.04,3195.93,Nagad,,ENT-20230715-00677
PO-202307-0181,2023-07-15,VND005,Yello Energy Co.,INV-20230715-8615,Women's Top,PRD0005,Fashion Apparel,CAT001,3156.25,70,220937.5,30871.24,190066.26,10685.46,179380.8,24781.95,2023,7,15,154598.85,66489.59,Cheque,City Bank,ENT-20230715-00181
PO-202307-0641,2023-07-14,VND007,Style Mart Brand,INV-20230714-9926,Hair Gel,PRD0077,Hygiene Products,CAT004,575.72,48,27634.56,3454.1,24180.46,654.39,23526.07,628.62,2023,7,14,22897.45,17442.37,Bkash,,ENT-20230714-00641
PO-202307-0076,2023-07-14,VND006,Sun Corporation Ltd.,INV-20230714-7110,Body Spray,PRD0001,Cosmetics,CAT002,1801.34,40,72053.6,5272.97,66780.63,5735.96,61044.67,226.71,2023,7,14,60817.96,16727.32,Bank Transfer,Dutch Bangla Bank,ENT-20230714-00076
PO-202307-0559,2023-07-13,VND002,Kazi Tea IND Ltd.,INV-20230713-2943,Hoodie,PRD0075,Fashion Apparel,CAT001,4738.81,67,317500.27,68861.5,248638.77,19121.4,229517.37,27158.27,2023,7,13,202359.1,17039.98,Bank Transfer,Janata Bank,ENT-20230713-00559
PO-202307-1838,2023-07-13,VND002,Kazi Tea IND Ltd.,INV-20230713-6394,Kids T-Shirt,PRD0006,Fashion Apparel,CAT001,2782.87,58,161406.46,11731.84,149674.62,6346.46,143328.16,11482.84,2023,7,13,131845.32,8790.36,Bkash,,ENT-20230713-01838
PO-202307-1065,2023-07-13,VND003,Shanti Enterprises,INV-20230713-4048,Foot Care Cream,PRD0041,Cosmetics,CAT002,3725.64,54,201184.56,59089.7,142094.86,5339.04,136755.82,19844.38,2023,7,13,116911.44,90325.77,Cash,,ENT-20230713-01065
PO-202307-0298,2023-07-12,VND005,Yello Energy Co.,INV-20230712-4875,Foot Care Cream,PRD0041,Cosmetics,CAT002,1166.56,20,23331.2,53.25,23277.95,1705.19,21572.76,1371.95,2023,7,12,20200.81,9991.8,Nagad,,ENT-20230712-00298
PO-202307-1474,2023-07-12,VND003,Shanti Enterprises,INV-20230712-9561,Body Butter,PRD0016,Hygiene Products,CAT004,3159.52,46,145337.92,11506.26,133831.66,10662.36,123169.3,11862.9,2023,7,12,111306.4,102382.87,Bkash,,ENT-20230712-01474
PO-202307-0934,2023-07-11,VND005,Yello Energy Co.,INV-20230711-8476,Men T-Shirt,PRD0026,Fashion Apparel,CAT001,2314.9,77,178247.3,48968.56,129278.74,854.19,128424.55,10704.08,2023,7,11,117720.47,12176.68,Nagad,,ENT-20230711-00934
PO-202307-0649,2023-07-11,VND001,Creative Corporation,INV-20230711-5573,Compact Powder,PRD0042,Cosmetics,CAT002,428.74,15,6431.1,103.71,6327.39,561.51,5765.88,291.26,2023,7,11,5474.62,3915.35,Cash,,ENT-20230711-00649
PO-202307-0495,2023-07-11,VND006,Sun Corporation Ltd.,INV-20230711-1607,Jacket,PRD0008,Fashion Apparel,CAT001,4498.26,99,445327.74,48033.64,397294.1,25427.17,371866.93,49392.66,2023,7,11,322474.27,195064.46,Cash,,ENT-20230711-00495
PO-202307-1398,2023-07-10,VND001,Creative Corporation,INV-20230710-5395,Toothbrush,PRD0017,Hygiene Products,CAT004,1655.56,27,44700.12,9120.85,35579.27,3270.03,32309.24,2505.61,2023,7,10,29803.63,10059.97,Cheque,Dutch Bangla Bank,ENT-20230710-01398
PO-202307-0564,2023-07-09,VND003,Shanti Enterprises,INV-20230709-9928,Women's Skirt,PRD0046,Fashion Apparel,CAT001,1239.24,47,58244.28,15694.29,42549.99,2435.67,40114.32,1021.82,2023,7,9,39092.5,31499.6,Bkash,,ENT-20230709-00564
PO-202307-0968,2023-07-09,VND005,Yello Energy Co.,INV-20230709-9324,Scarf,PRD0076,Accessories,CAT003,4322.33,52,224761.16,23535.97,201225.19,3777.43,197447.76,5364.11,2023,7,9,192083.65,46543.19,Cheque,Dutch Bangla Bank,ENT-20230709-00968
PO-202307-1882,2023-07-08,VND002,Kazi Tea IND Ltd.,INV-20230708-5072,Hair Color,PRD0052,Hygiene Products,CAT004,5257.32,89,467901.48,46790.15,421111.33,21055.57,400055.76,20002.79,2023,7,8,380052.97,155134.62,Cheque,Janata Bank,ENT-20230708-01882
PO-202307-1882,2023-07-08,VND002,Kazi Tea IND Ltd.,INV-20230708-5072,Hair Color,PRD0052,Hygiene Products,CAT004,4884.22,34,166063.48,12127.98,153935.5,3603.41,150332.09,17615.93,2023,7,8,132716.16,51903.94,Cheque,Janata Bank,ENT-20230708-01882
PO-202307-1335,2023-07-08,VND001,Creative Corporation,INV-20230708-7705,Footwear,PRD0065,Hygiene Products,CAT004,2242.98,53,118877.94,17847.24,101030.7,7207.8,93822.9,13941.15,2023,7,8,79881.75,43404.61,Nagad,,ENT-20230708-01335
PO-202307-1561,2023-07-08,VND002,Kazi Tea IND Ltd.,INV-20230708-7958,Men Shirt,PRD0010,Fashion Apparel,CAT001,1344.78,23,30929.94,2814.35,28115.59,2564.97,25550.62,421.43,2023,7,8,25129.19,218.28,Bank Transfer,Nagad,ENT-20230708-01561
PO-202307-1784,2023-07-08,VND004,Organic Solutions,INV-20230708-9175,Men Polo Shirt,PRD0080,Fashion Apparel,CAT001,4577.76,41,187688.16,45064.58,142623.58,5313.87,137309.71,4342.1,2023,7,8,132967.61,101472.25,Nagad,,ENT-20230708-01784
PO-202307-1554,2023-07-07,VND007,Style Mart Brand,INV-20230707-5592,Feminine Wash,PRD0028,Hygiene Products,CAT004,345.53,8,2764.24,241.95,2522.29,197.01,2325.28,184.84,2023,7,7,2140.44,2038.24,Nagad,,ENT-20230707-01554
PO-202307-1174,2023-07-06,VND005,Yello Energy Co.,INV-20230706-9485,Hair Color,PRD0052,Hygiene Products,CAT004,2028.48,86,174449.28,3602.84,170846.44,451.01,170395.43,5731.7,2023,7,6,164663.73,151776.27,Nagad,,ENT-20230706-01174
PO-202307-0879,2023-07-06,VND006,Sun Corporation Ltd.,INV-20230706-8627,Hair Straightener,PRD0073,Hygiene Products,CAT004,4974.88,69,343266.72,80052.33,263214.39,8368.15,254846.24,24972.54,2023,7,6,229873.7,46972.95,Cheque,Nagad,ENT-20230706-00879
PO-202307-1664,2023-07-05,VND001,Creative Corporation,INV-20230705-6969,Deodorant,PRD0036,Cosmetics,CAT002,4515.01,9,40635.09,6267.52,34367.57,2535.68,31831.89,914.75,2023,7,5,30917.14,19845.4,Cash,,ENT-20230705-01664
PO-202307-0453,2023-07-05,VND002,Kazi Tea IND Ltd.,INV-20230705-8858,Deodorant,PRD0036,Cosmetics,CAT002,236.35,67,15835.45,1208.78,14626.67,1284.79,13341.88,1988.95,2023,7,5,11352.93,5448.97,Cash,,ENT-20230705-00453
PO-202307-0479,2023-07-05,VND005,Yello Energy Co.,INV-20230705-2417,After Sun Lotion,PRD0074,Cosmetics,CAT002,3076.72,335,1030701.2,103070.12,927631.08,46381.55,881249.53,44062.48,2023,7,5,837187.05,60886.07,Bank Transfer,Nagad,ENT-20230705-00479
PO-202307-1326,2023-07-05,VND003,Shanti Enterprises,INV-20230705-1915,Hair Spray,PRD0071,Cosmetics,CAT002,2726.85,32,87259.2,10468.06,76791.14,6039.03,70752.11,3509.6,2023,7,5,67242.51,40958.98,Bank Transfer,Nagad,ENT-20230705-01326
PO-202307-0479,2023-07-05,VND005,Yello Energy Co.,INV-20230705-2417,After Sun Lotion,PRD0074,Cosmetics,CAT002,2813.98,85,239188.3,9889.52,229298.78,1367.66,227931.12,25654.57,2023,7,5,202276.55,130619.12,Bank Transfer,Nagad,ENT-20230705-00479
PO-202307-0924,2023-07-04,VND005,Yello Energy Co.,INV-20230704-5862,Underarm Whitening Cream,PRD0050,Cosmetics,CAT002,290.89,28,8144.92,1385.4,6759.52,272.97,6486.55,894.76,2023,7,4,5591.79,471.61,Bkash,,ENT-20230704-00924
PO-202307-0522,2023-07-04,VND006,Sun Corporation Ltd.,INV-20230704-7981,Women's Skirt,PRD0046,Fashion Apparel,CAT001,4619.47,16,73911.52,21763.17,52148.35,2541.64,49606.71,2847.38,2023,7,4,46759.33,46098.04,Bkash,,ENT-20230704-00522
PO-202307-1001,2023-07-04,VND003,Shanti Enterprises,INV-20230704-6762,Bra & Panty Set,PRD0031,Hygiene Products,CAT004,875.13,64,56008.32,5913.42,50094.9,4349.87,45745.03,3629.09,2023,7,4,42115.94,29555.57,Nagad,,ENT-20230704-01001
PO-202307-1038,2023-07-04,VND004,Organic Solutions,INV-20230704-1813,Makeup Remover,PRD0032,Cosmetics,CAT002,3058.5,86,263031.0,47775.0,215256.0,7286.58,207969.42,11222.02,2023,7,4,196747.4,786.34,Bkash,,ENT-20230704-01038
PO-202307-0095,2023-07-03,VND005,Yello Energy Co.,INV-20230703-5236,Foot Care Cream,PRD0041,Cosmetics,CAT002,2053.89,97,199227.33,53831.58,145395.75,14034.96,131360.79,4456.52,2023,7,3,126904.27,2866.51,Cheque,Dutch Bangla Bank,ENT-20230703-00095
PO-202307-1070,2023-07-03,VND003,Shanti Enterprises,INV-20230703-3149,Keychain,PRD0012,Accessories,CAT003,3121.27,41,127972.07,36694.57,91277.5,618.42,90659.08,8910.39,2023,7,3,81748.69,69708.07,Cash,,ENT-20230703-01070
PO-202307-0105,2023-07-01,VND003,Shanti Enterprises,INV-20230701-8822,Sunglasses,PRD0027,Accessories,CAT003,3812.12,71,270660.52,35793.71,234866.81,6524.15,228342.66,17793.03,2023,7,1,210549.63,38571.0,Bkash,,ENT-20230701-00105
PO-202307-0424,2023-07-01,VND001,Creative Corporation,INV-20230701-4079,Condom,PRD0009,Hygiene Products,CAT004,1380.7,94,129785.8,4203.97,125581.83,5544.91,120036.92,5161.13,2023,7,1,114875.79,53985.12,Cash,,ENT-20230701-00424
PO-202307-1921,2023-07-01,VND001,Creative Corporation,INV-20230701-9052,Deodorant,PRD0036,Cosmetics,CAT002,2914.49,79,230244.71,67548.49,162696.22,5172.52,157523.7,4124.33,2023,7,1,153399.37,15809.85,Bank Transfer,Nagad,ENT-20230701-01921
PO-202306-0196,2023-06-30,VND004,Organic Solutions,INV-20230630-5827,Hair Straightener,PRD0073,Hygiene Products,CAT004,1688.98,83,140185.34,26963.57,113221.77,386.75,112835.02,474.24,2023,6,30,112360.78,53356.85,Bank Transfer,Sonali Bank,ENT-20230630-00196
PO-202306-1446,2023-06-30,VND005,Yello Energy Co.,INV-20230630-1489,Kids T-Shirt,PRD0006,Fashion Apparel,CAT001,4483.35,33,147950.55,39466.07,108484.48,9957.29,98527.19,13388.19,2023,6,30,85139.0,44266.52,Cheque,Bkash,ENT-20230630-01446
PO-202306-2000,2023-06-30,VND003,Shanti Enterprises,INV-20230630-7506,Hat,PRD0019,Accessories,CAT003,1146.66,11,12613.26,3403.89,9209.37,65.56,9143.81,1252.15,2023,6,30,7891.66,6601.48,Cheque,Dutch Bangla Bank,ENT-20230630-02000
PO-202306-0795,2023-06-30,VND004,Organic Solutions,INV-20230630-5239,Makeup Remover,PRD0032,Cosmetics,CAT002,3645.1,31,112998.1,28646.21,84351.89,2488.87,81863.02,12128.65,2023,6,30,69734.37,6395.76,Nagad,,ENT-20230630-00795
PO-202306-0908,2023-06-30,VND004,Organic Solutions,INV-20230630-3177,Hair Removal Cream,PRD0018,Cosmetics,CAT002,4145.97,30,124379.1,1728.04,122651.06,5305.14,117345.92,7340.1,2023,6,30,110005.82,69177.47,Nagad,,ENT-20230630-00908
PO-202306-1618,2023-06-29,VND003,Shanti Enterprises,INV-20230629-4924,Body Wash,PRD0058,Hygiene Products,CAT004,4599.82,30,137994.6,1468.46,136526.14,3004.24,133521.9,13339.81,2023,6,29,120182.09,101482.32,Cash,,ENT-20230629-01618
PO-202306-0759,2023-06-29,VND007,Style Mart Brand,INV-20230629-1672,Hair Straightener,PRD0073,Hygiene Products,CAT004,1767.22,90,159049.8,39526.24,119523.56,8378.62,111144.94,9206.39,2023,6,29,101938.55,87620.97,Bkash,,ENT-20230629-00759
PO-202306-1640,2023-06-29,VND001,Creative Corporation,INV-20230629-5485,After Sun Lotion,PRD0074,Cosmetics,CAT002,2370.9,31,73497.9,324.99,73172.91,5268.02,67904.89,4127.82,2023,6,29,63777.07,48274.12,Bank Transfer,Janata Bank,ENT-20230629-01640
PO-202306-0645,2023-06-29,VND001,Creative Corporation,INV-20230629-9085,Body Lotion,PRD0064,Cosmetics,CAT002,4629.39,69,319427.91,45267.62,274160.29,10125.73,264034.56,37989.54,2023,6,29,226045.02,77638.22,Nagad,,ENT-20230629-00645
PO-202306-0193,2023-06-29,VND003,Shanti Enterprises,INV-20230629-4846,Shaving Cream,PRD0066,Cosmetics,CAT002,3842.38,60,230542.8,21027.88,209514.92,7230.06,202284.86,21836.06,2023,6,29,180448.8,150356.14,Cash,,ENT-20230629-00193
PO-202306-0261,2023-06-28,VND004,Organic Solutions,INV-20230628-3979,Hair Removal Cream,PRD0018,Cosmetics,CAT002,2233.2,44,98260.8,4202.51,94058.29,1577.61,92480.68,12624.18,2023,6,28,79856.5,56904.3,Cash,,ENT-20230628-00261
PO-202306-1436,2023-06-28,VND005,Yello Energy Co.,INV-20230628-4062,Shampoo,PRD0007,Hygiene Products,CAT004,1453.99,72,104687.28,30841.27,73846.01,5358.79,68487.22,197.37,2023,6,28,68289.85,50534.72,Bank Transfer,Janata Bank,ENT-20230628-01436
PO-202306-1635,2023-06-28,VND004,Organic Solutions,INV-20230628-4360,Lipstick,PRD0061,Cosmetics,CAT002,4727.55,7,33092.85,9011.6,24081.25,914.77,23166.48,82.82,2023,6,28,23083.66,4850.07,Cash,,ENT-20230628-01635
PO-202306-0927,2023-06-27,VND006,Sun Corporation Ltd.,INV-20230627-4168,Jacket,PRD0008,Fashion Apparel,CAT001,2011.41,82,164935.62,34960.26,129975.36,7763.45,122211.91,5680.42,2023,6,27,116531.49,37093.18,Bkash,,ENT-20230627-00927
PO-202306-0799,2023-06-27,VND002,Kazi Tea IND Ltd.,INV-20230627-2217,Women's Skirt,PRD0046,Fashion Apparel,CAT001,2814.2,22,61912.4,6366.87,55545.53,1702.97,53842.56,7232.64,2023,6,27,46609.92,36811.44,Nagad,,ENT-20230627-00799
PO-202306-0569,2023-06-26,VND005,Yello Energy Co.,INV-20230626-5972,Jewelry Set,PRD0044,Accessories,CAT003,1312.08,67,87909.36,7657.41,80251.95,7894.81,72357.14,1488.95,2023,6,26,70868.19,19152.56,Bkash,,ENT-20230626-00569
PO-202306-1018,2023-06-26,VND005,Yello Energy Co.,INV-20230626-5628,Baby Wipes,PRD0069,Hygiene Products,CAT004,2999.58,7,20997.06,5861.19,15135.87,1067.71,14068.16,8.52,2023,6,26,14059.64,6226.99,Bkash,,ENT-20230626-01018
PO-202306-0511,2023-06-26,VND005,Yello Energy Co.,INV-20230626-4085,Deodorant,PRD0036,Cosmetics,CAT002,2071.67,17,35218.39,4840.96,30377.43,1588.43,28789.0,2366.42,2023,6,26,26422.58,23945.35,Cheque,Bkash,ENT-20230626-00511
PO-202306-1135,2023-06-26,VND003,Shanti Enterprises,INV-20230626-9046,Hair Conditioner,PRD0039,Hygiene Products,CAT004,4406.27,96,423001.92,81273.14,341728.78,8288.69,333440.09,21488.82,2023,6,26,311951.27,191074.92,Nagad,,ENT-20230626-01135
PO-202306-1158,2023-06-26,VND002,Kazi Tea IND Ltd.,INV-20230626-5080,Sunglasses,PRD0027,Accessories,CAT003,1237.95,20,24759.0,2806.22,21952.78,543.29,21409.49,2664.31,2023,6,26,18745.18,1006.72,Bank Transfer,Rupali Bank,ENT-20230626-01158
PO-202306-1927,2023-06-25,VND006,Sun Corporation Ltd.,INV-20230625-1205,Men's Innerwear,PRD0015,Fashion Apparel,CAT001,2843.86,33,93847.38,15105.29,78742.09,3398.01,75344.08,5059.67,2023,6,25,70284.41,25270.68,Cash,,ENT-20230625-01927
PO-202306-0194,2023-06-24,VND006,Sun Corporation Ltd.,INV-20230624-5376,Face Cream,PRD0034,Cosmetics,CAT002,373.98,65,24308.7,6228.06,18080.64,567.88,17512.76,799.65,2023,6,24,16713.11,8370.67,Cash,,ENT-20230624-00194
PO-202306-1394,2023-06-24,VND006,Sun Corporation Ltd.,INV-20230624-6091,Wallet,PRD0051,Accessories,CAT003,96.49,53,5113.97,401.15,4712.82,155.31,4557.51,292.72,2023,6,24,4264.79,550.44,Cheque,City Bank,ENT-20230624-01394
PO-202306-1567,2023-06-24,VND004,Organic Solutions,INV-20230624-4745,Body Oil,PRD0059,Cosmetics,CAT002,989.12,13,12858.56,2331.83,10526.73,136.45,10390.28,1333.71,2023,6,24,9056.57,3136.93,Cheque,Rupali Bank,ENT-20230624-01567
PO-202306-1245,2023-06-23,VND003,Shanti Enterprises,INV-20230623-8198,Scarf,PRD0076,Accessories,CAT003,122.8,78,9578.4,1558.25,8020.15,380.26,7639.89,1135.6,2023,6,23,6504.29,5467.0,Nagad,,ENT-20230623-01245
PO-202306-0355,2023-06-23,VND005,Yello Energy Co.,INV-20230623-9205,Toothbrush,PRD0017,Hygiene Products,CAT004,1421.14,99,140692.86,13882.42,126810.44,4494.55,122315.89,1571.33,2023,6,23,120744.56,74294.49,Cheque,BRAC Bank,ENT-20230623-00355
PO-202306-1169,2023-06-23,VND004,Organic Solutions,INV-20230623-9319,Body Spray,PRD0001,Cosmetics,CAT002,2771.44,54,149657.76,43869.05,105788.71,3230.73,102557.98,10258.04,2023,6,23,92299.94,27598.78,Cash,,ENT-20230623-01169
PO-202306-0167,2023-06-23,VND003,Shanti Enterprises,INV-20230623-2188,Women's Nightwear,PRD0003,Fashion Apparel,CAT001,1531.54,74,113333.96,15047.92,98286.04,2020.08,96265.96,5989.05,2023,6,23,90276.91,75002.94,Bank Transfer,Sonali Bank,ENT-20230623-00167
PO-202306-1795,2023-06-22,VND006,Sun Corporation Ltd.,INV-20230622-6019,Toothpaste,PRD0063,Hygiene Products,CAT004,3433.91,100,343391.0,91138.81,252252.19,8985.76,243266.43,23006.67,2023,6,22,220259.76,200282.63,Nagad,,ENT-20230622-01795
PO-202306-1733,2023-06-22,VND002,Kazi Tea IND Ltd.,INV-20230622-3651,Jewelry Set,PRD0044,Accessories,CAT003,302.23,71,21458.33,5878.39,15579.94,432.47,15147.47,871.6,2023,6,22,14275.87,7836.8,Bkash,,ENT-20230622-01733
PO-202306-1682,2023-06-21,VND002,Kazi Tea IND Ltd.,INV-20230621-2099,Toothpaste,PRD0063,Hygiene Products,CAT004,4315.11,64,276167.04,23565.75,252601.29,12864.19,239737.1,5143.99,2023,6,21,234593.11,42911.53,Cheque,Dutch Bangla Bank,ENT-20230621-01682
PO-202306-1471,2023-06-21,VND004,Organic Solutions,INV-20230621-8459,Face Serum,PRD0053,Cosmetics,CAT002,2701.39,86,232319.54,11342.24,220977.3,5498.26,215479.04,394.53,2023,6,21,215084.51,182582.34,Cheque,Sonali Bank,ENT-20230621-01471
PO-202306-1306,2023-06-20,VND003,Shanti Enterprises,INV-20230620-5561,Hair Removal Cream,PRD0018,Cosmetics,CAT002,3598.98,14,50385.72,540.65,49845.07,2741.57,47103.5,5543.11,2023,6,20,41560.39,28283.25,Cash,,ENT-20230620-01306
PO-202306-1401,2023-06-20,VND006,Sun Corporation Ltd.,INV-20230620-6810,Makeup Kit,PRD0056,Cosmetics,CAT002,4140.26,90,372623.4,87482.58,285140.82,26213.44,258927.38,2695.09,2023,6,20,256232.29,231104.3,Nagad,,ENT-20230620-01401
PO-202306-1157,2023-06-19,VND005,Yello Energy Co.,INV-20230619-6174,Bra & Panty Set,PRD0031,Hygiene Products,CAT004,2818.4,73,205743.2,3996.48,201746.72,10899.9,190846.82,23140.43,2023,6,19,167706.39,110041.4,Nagad,,ENT-20230619-01157
PO-202306-0977,2023-06-19,VND006,Sun Corporation Ltd.,INV-20230619-4170,Gloves,PRD0023,Hygiene Products,CAT004,3399.81,52,176790.12,424.46,176365.66,5341.15,171024.51,15667.8,2023,6,19,155356.71,141410.66,Bank Transfer,BRAC Bank,ENT-20230619-00977
PO-202306-1545,2023-06-19,VND006,Sun Corporation Ltd.,INV-20230619-9699,Women's Nightwear,PRD0003,Fashion Apparel,CAT001,3713.47,9,33421.23,8253.81,25167.42,638.71,24528.71,2071.2,2023,6,19,22457.51,20851.04,Bank Transfer,Janata Bank,ENT-20230619-01545
PO-202306-0079,2023-06-19,VND005,Yello Energy Co.,INV-20230619-7942,Compact Powder,PRD0042,Cosmetics,CAT002,2720.61,39,106103.79,8851.15,97252.64,8655.56,88597.08,4864.77,2023,6,19,83732.31,18504.83,Nagad,,ENT-20230619-00079
PO-202306-1566,2023-06-18,VND006,Sun Corporation Ltd.,INV-20230618-7923,Body Scrub,PRD0047,Hygiene Products,CAT004,207.26,78,16166.28,1733.07,14433.21,1358.34,13074.87,110.29,2023,6,18,12964.58,3652.24,Cash,,ENT-20230618-01566
PO-202306-1566,2023-06-18,VND006,Sun Corporation Ltd.,INV-20230618-7923,Body Scrub,PRD0047,Hygiene Products,CAT004,4471.7,345,1542736.5,154273.65,1388462.85,69423.14,1319039.71,65951.99,2023,6,18,1253087.72,588017.63,Cash,,ENT-20230618-01566
PO-202306-0745,2023-06-15,VND006,Sun Corporation Ltd.,INV-20230615-6599,Men's Nightwear,PRD0048,Fashion Apparel,CAT001,4486.03,99,444116.97,80008.56,364108.41,9135.81,354972.6,51348.81,2023,6,15,303623.79,66843.92,Bank Transfer,City Bank,ENT-20230615-00745
PO-202306-1118,2023-06-15,VND005,Yello Energy Co.,INV-20230615-8755,Face Serum,PRD0053,Cosmetics,CAT002,1636.73,8,13093.84,435.31,12658.53,1118.12,11540.41,1173.72,2023,6,15,10366.69,3027.39,Bkash,,ENT-20230615-01118
PO-202306-1166,2023-06-14,VND006,Sun Corporation Ltd.,INV-20230614-5127,Body Mist,PRD0035,Cosmetics,CAT002,116.46,29,3377.34,969.09,2408.25,57.09,2351.16,301.72,2023,6,14,2049.44,1496.26,Nagad,,ENT-20230614-01166
PO-202306-1762,2023-06-14,VND003,Shanti Enterprises,INV-20230614-6684,Women's Nightwear,PRD0003,Fashion Apparel,CAT001,4334.73,23,99698.79,340.47,99358.32,9835.8,89522.52,11296.11,2023,6,14,78226.41,40042.51,Cheque,City Bank,ENT-20230614-01762
PO-202306-0499,2023-06-14,VND003,Shanti Enterprises,INV-20230614-6385,Men Jeans,PRD0078,Fashion Apparel,CAT001,2799.19,46,128762.74,19846.99,108915.75,10534.0,98381.75,3212.02,2023,6,14,95169.73,62856.09,Bank Transfer,BRAC Bank,ENT-20230614-00499
PO-202306-1465,2023-06-14,VND006,Sun Corporation Ltd.,INV-20230614-9013,Compact Powder,PRD0042,Cosmetics,CAT002,3816.25,50,190812.5,44154.25,146658.25,11373.18,135285.07,17015.2,2023,6,14,118269.87,99085.09,Nagad,,ENT-20230614-01465
PO-202306-1563,2023-06-14,VND007,Style Mart Brand,INV-20230614-3900,Body Butter,PRD0016,Hygiene Products,CAT004,3292.76,56,184394.56,455.55,183939.01,999.96,182939.05,17341.2,2023,6,14,165597.85,115953.56,Bkash,,ENT-20230614-01563
PO-202306-0784,2023-06-14,VND004,Organic Solutions,INV-20230614-2165,Keychain,PRD0012,Accessories,CAT003,4087.52,51,208463.52,49574.89,158888.63,9483.06,149405.57,17449.89,2023,6,14,131955.68,65162.77,Bkash,,ENT-20230614-00784
PO-202306-0432,2023-06-13,VND006,Sun Corporation Ltd.,INV-20230613-2596,Hair Mask,PRD0021,Cosmetics,CAT002,1311.59,36,47217.24,7161.05,40056.19,655.52,39400.67,3443.58,2023,6,13,35957.09,6075.1,Bkash,,ENT-20230613-00432
PO-202306-1050,2023-06-13,VND001,Creative Corporation,INV-20230613-2257,Personal Toys,PRD0040,Hygiene Products,CAT004,4189.01,56,234584.56,24020.54,210564.02,3087.92,207476.1,3416.01,2023,6,13,204060.09,92734.93,Bank Transfer,Dutch Bangla Bank,ENT-20230613-01050
PO-202306-1649,2023-06-13,VND006,Sun Corporation Ltd.,INV-20230613-4799,Body Butter,PRD0016,Hygiene Products,CAT004,8816.93,370,3262264.1,326226.41,2936037.69,146801.88,2789235.81,139461.79,2023,6,13,2649774.02,220228.35,Nagad,,ENT-20230613-01649
PO-202306-1649,2023-06-13,VND006,Sun Corporation Ltd.,INV-20230613-4799,Body Butter,PRD0016,Hygiene Products,CAT004,2650.71,55,145789.05,8314.26,137474.79,6753.98,130720.81,1467.15,2023,6,13,129253.66,73633.03,Nagad,,ENT-20230613-01649
PO-202306-0935,2023-06-13,VND003,Shanti Enterprises,INV-20230613-1083,Body Mist,PRD0035,Cosmetics,CAT002,1306.97,2,2613.94,426.22,2187.72,79.74,2107.98,137.02,2023,6,13,1970.96,369.43,Cheque,Rupali Bank,ENT-20230613-00935
PO-202306-1147,2023-06-12,VND005,Yello Energy Co.,INV-20230612-1511,Hair Color,PRD0052,Hygiene Products,CAT004,6069.1,74,449113.4,44911.34,404202.06,20210.1,383991.96,19199.6,2023,6,12,364792.36,46453.25,Bank Transfer,Dutch Bangla Bank,ENT-20230612-01147
PO-202306-1944,2023-06-12,VND003,Shanti Enterprises,INV-20230612-2392,Shaving Cream,PRD0066,Cosmetics,CAT002,4096.34,92,376863.28,24005.65,352857.63,14300.67,338556.96,9572.44,2023,6,12,328984.52,48084.19,Bank Transfer,BRAC Bank,ENT-20230612-01944
PO-202306-1147,2023-06-12,VND005,Yello Energy Co.,INV-20230612-1511,Hair Color,PRD0052,Hygiene Products,CAT004,1997.19,25,49929.75,11748.32,38181.43,1256.69,36924.74,1250.47,2023,6,12,35674.27,32940.12,Bank Transfer,Dutch Bangla Bank,ENT-20230612-01147
PO-202306-0243,2023-06-11,VND004,Organic Solutions,INV-20230611-3356,Hair Conditioner,PRD0039,Hygiene Products,CAT004,3192.39,98,312854.22,17031.66,295822.56,2178.59,293643.97,17392.17,2023,6,11,276251.8,106242.1,Nagad,,ENT-20230611-00243
PO-202306-0918,2023-06-11,VND002,Kazi Tea IND Ltd.,INV-20230611-9964,Women's Saree,PRD0072,Fashion Apparel,CAT001,2518.68,39,98228.52,22794.21,75434.31,6738.04,68696.27,9098.26,2023,6,11,59598.01,45880.25,Bank Transfer,Bkash,ENT-20230611-00918
PO-202306-0390,2023-06-11,VND007,Style Mart Brand,INV-20230611-5420,Men's Innerwear,PRD0015,Fashion Apparel,CAT001,3987.53,46,183426.38,18924.55,164501.83,3542.08,160959.75,14320.97,2023,6,11,146638.78,3310.67,Cheque,Rupali Bank,ENT-20230611-00390
PO-202306-0365,2023-06-10,VND003,Shanti Enterprises,INV-20230610-1650,Gloves,PRD0023,Hygiene Products,CAT004,844.37,94,79370.78,1314.69,78056.09,3640.7,74415.39,3681.88,2023,6,10,70733.51,32374.09,Cheque,Dutch Bangla Bank,ENT-20230610-00365
PO-202306-0667,2023-06-10,VND004,Organic Solutions,INV-20230610-6526,Body Butter,PRD0016,Hygiene Products,CAT004,1470.37,51,74988.87,16172.22,58816.65,2231.86,56584.79,8395.95,2023,6,10,48188.84,17877.42,Cheque,Nagad,ENT-20230610-00667
PO-202306-1090,2023-06-10,VND002,Kazi Tea IND Ltd.,INV-20230610-5781,Hair Dryer,PRD0013,Hygiene Products,CAT004,1248.78,55,68682.9,7820.96,60861.94,1428.0,59433.94,7133.03,2023,6,10,52300.91,17606.17,Nagad,,ENT-20230610-01090
PO-202306-1737,2023-06-08,VND006,Sun Corporation Ltd.,INV-20230608-8859,Watch,PRD0043,Accessories,CAT003,155.62,42,6536.04,980.02,5556.02,32.11,5523.91,657.63,2023,6,8,4866.28,3004.01,Bkash,,ENT-20230608-01737
PO-202306-1151,2023-06-08,VND005,Yello Energy Co.,INV-20230608-2329,Feminine Wash,PRD0028,Hygiene Products,CAT004,678.21,100,67821.0,2375.21,65445.79,6158.31,59287.48,1276.04,2023,6,8,58011.44,30414.79,Cheque,City Bank,ENT-20230608-01151
PO-202306-0019,2023-06-07,VND007,Style Mart Brand,INV-20230607-1273,Perfume,PRD0014,Cosmetics,CAT002,250.49,30,7514.7,1943.64,5571.06,468.73,5102.33,7.54,2023,6,7,5094.79,1561.19,Bank Transfer,Sonali Bank,ENT-20230607-00019
PO-202306-0048,2023-06-07,VND007,Style Mart Brand,INV-20230607-4786,Aftershave,PRD0057,Hygiene Products,CAT004,4105.05,93,381769.65,96940.0,284829.65,14138.98,270690.67,12804.78,2023,6,7,257885.89,191379.84,Bkash,,ENT-20230607-00048
PO-202306-0088,2023-06-07,VND005,Yello Energy Co.,INV-20230607-4175,Sunglasses,PRD0027,Accessories,CAT003,445.93,17,7580.81,2058.98,5521.83,67.71,5454.12,165.0,2023,6,7,5289.12,1169.41,Cash,,ENT-20230607-00088
PO-202306-1892,2023-06-07,VND005,Yello Energy Co.,INV-20230607-9167,Face Cream,PRD0034,Cosmetics,CAT002,2151.35,56,120475.6,1783.92,118691.68,5079.7,113611.98,6442.67,2023,6,7,107169.31,84567.93,Nagad,,ENT-20230607-01892
PO-202306-0457,2023-06-06,VND003,Shanti Enterprises,INV-20230606-5344,Hair Spray,PRD0071,Cosmetics,CAT002,1201.64,22,26436.08,3603.24,22832.84,1861.67,20971.17,2596.16,2023,6,6,18375.01,12948.93,Bank Transfer,Sonali Bank,ENT-20230606-00457
PO-202306-1457,2023-06-06,VND007,Style Mart Brand,INV-20230606-8125,Beard Oil,PRD0049,Cosmetics,CAT002,2526.44,21,53055.24,8669.34,44385.9,1321.03,43064.87,3726.85,2023,6,6,39338.02,29657.64,Nagad,,ENT-20230606-01457
PO-202306-0723,2023-06-05,VND001,Creative Corporation,INV-20230605-5841,Kids Dress,PRD0067,Fashion Apparel,CAT001,3816.38,41,156471.58,21046.25,135425.33,1360.49,134064.84,422.47,2023,6,5,133642.37,82097.53,Cheque,Sonali Bank,ENT-20230605-00723
PO-202306-0085,2023-06-05,VND001,Creative Corporation,INV-20230605-4806,Perfume,PRD0014,Cosmetics,CAT002,3890.4,95,369588.0,47645.94,321942.06,7092.07,314849.99,17327.98,2023,6,5,297522.01,27411.25,Cheque,BRAC Bank,ENT-20230605-00085
PO-202306-1159,2023-06-05,VND003,Shanti Enterprises,INV-20230605-2757,After Sun Lotion,PRD0074,Cosmetics,CAT002,594.33,25,14858.25,1279.39,13578.86,330.92,13247.94,1582.95,2023,6,5,11664.99,10566.26,Bank Transfer,Rupali Bank,ENT-20230605-01159
PO-202306-1695,2023-06-04,VND007,Style Mart Brand,INV-20230604-9045,Hair Mask,PRD0021,Cosmetics,CAT002,3599.53,81,291561.93,82010.58,209551.35,7810.36,201740.99,19099.76,2023,6,4,182641.23,7062.9,Bank Transfer,Janata Bank,ENT-20230604-01695
PO-202306-1212,2023-06-04,VND002,Kazi Tea IND Ltd.,INV-20230604-6225,Face Mask,PRD0054,Cosmetics,CAT002,2344.13,7,16408.91,3100.43,13308.48,416.21,12892.27,1456.25,2023,6,4,11436.02,5428.54,Bkash,,ENT-20230604-01212
PO-202306-1150,2023-06-02,VND006,Sun Corporation Ltd.,INV-20230602-3223,Personal Lubricant,PRD0070,Hygiene Products,CAT004,3382.76,30,101482.8,2066.71,99416.09,779.28,98636.81,13836.28,2023,6,2,84800.53,66442.89,Cash,,ENT-20230602-01150
PO-202306-0331,2023-06-02,VND002,Kazi Tea IND Ltd.,INV-20230602-4678,Women's Nightwear,PRD0003,Fashion Apparel,CAT001,3061.17,51,156119.67,14329.1,141790.57,2109.68,139680.89,3583.13,2023,6,2,136097.76,122918.88,Bank Transfer,Dutch Bangla Bank,ENT-20230602-00331
PO-202306-1355,2023-06-02,VND007,Style Mart Brand,INV-20230602-8626,Women's Kurti,PRD0081,Fashion Apparel,CAT001,2902.02,9,26118.18,146.61,25971.57,1172.94,24798.63,1690.17,2023,6,2,23108.46,19767.78,Bank Transfer,City Bank,ENT-20230602-01355
PO-202306-0612,2023-06-02,VND004,Organic Solutions,INV-20230602-8441,Sunscreen,PRD0068,Hygiene Products,CAT004,1842.31,92,169492.52,37841.82,131650.7,11995.47,119655.23,1416.21,2023,6,2,118239.02,90111.53,Bank Transfer,BRAC Bank,ENT-20230602-00612
PO-202306-0140,2023-06-01,VND002,Kazi Tea IND Ltd.,INV-20230601-8881,Sunglasses,PRD0027,Accessories,CAT003,3501.62,85,297637.7,81062.87,216574.83,13475.34,203099.49,12053.31,2023,6,1,191046.18,81014.74,Cheque,Nagad,ENT-20230601-00140
PO-202306-1607,2023-06-01,VND002,Kazi Tea IND Ltd.,INV-20230601-5395,Face Toner,PRD0033,Hygiene Products,CAT004,2830.04,17,48110.68,13619.28,34491.4,1658.83,32832.57,1016.73,2023,6,1,31815.84,22561.06,Cash,,ENT-20230601-01607
PO-202306-1651,2023-06-01,VND004,Organic Solutions,INV-20230601-8228,Keychain,PRD0012,Accessories,CAT003,186.58,40,7463.2,646.49,6816.71,387.22,6429.49,59.94,2023,6,1,6369.55,1210.33,Bkash,,ENT-20230601-01651
PO-202305-1185,2023-05-31,VND003,Shanti Enterprises,INV-20230531-6000,Footwear,PRD0065,Hygiene Products,CAT004,3721.23,50,186061.5,26812.82,159248.68,10103.39,149145.29,14077.19,2023,5,31,135068.1,123781.43,Nagad,,ENT-20230531-01185
PO-202305-1975,2023-05-31,VND003,Shanti Enterprises,INV-20230531-5442,Condom,PRD0009,Hygiene Products,CAT004,630.36,24,15128.64,2513.99,12614.65,614.59,12000.06,672.82,2023,5,31,11327.24,6725.27,Bank Transfer,Janata Bank,ENT-20230531-01975
PO-202305-1768,2023-05-31,VND003,Shanti Enterprises,INV-20230531-5707,Body Lotion,PRD0064,Cosmetics,CAT002,4680.22,20,93604.4,7166.1,86438.3,6444.17,79994.13,501.92,2023,5,31,79492.21,74140.19,Cash,,ENT-20230531-01768
PO-202305-0614,2023-05-30,VND002,Kazi Tea IND Ltd.,INV-20230530-8636,Hair Straightener,PRD0073,Hygiene Products,CAT004,4479.24,81,362818.44,50825.12,311993.32,26037.05,285956.27,25832.06,2023,5,30,260124.21,8669.01,Bank Transfer,Dutch Bangla Bank,ENT-20230530-00614
PO-202305-1402,2023-05-30,VND002,Kazi Tea IND Ltd.,INV-20230530-4686,Body Scrub,PRD0047,Hygiene Products,CAT004,2216.5,69,152938.5,33302.8,119635.7,5350.29,114285.41,14734.86,2023,5,30,99550.55,50073.2,Bkash,,ENT-20230530-01402
PO-202305-1899,2023-05-30,VND004,Organic Solutions,INV-20230530-2666,After Sun Lotion,PRD0074,Cosmetics,CAT002,2880.07,43,123843.01,21573.18,102269.83,3143.46,99126.37,2824.76,2023,5,30,96301.61,39327.85,Nagad,,ENT-20230530-01899
PO-202305-1462,2023-05-30,VND001,Creative Corporation,INV-20230530-1912,After Sun Lotion,PRD0074,Cosmetics,CAT002,3230.99,65,210014.35,60947.27,149067.08,8151.35,140915.73,12551.11,2023,5,30,128364.62,123559.58,Cheque,Sonali Bank,ENT-20230530-01462
PO-202305-0716,2023-05-29,VND005,Yello Energy Co.,INV-20230529-5049,Gloves,PRD0023,Hygiene Products,CAT004,3111.41,64,199130.24,9129.83,190000.41,4318.72,185681.69,9817.9,2023,5,29,175863.79,93627.86,Nagad,,ENT-20230529-00716
PO-202305-0702,2023-05-29,VND004,Organic Solutions,INV-20230529-4079,Compact Powder,PRD0042,Cosmetics,CAT002,4555.89,88,400918.32,38157.36,362760.96,5289.31,357471.65,37233.9,2023,5,29,320237.75,184263.76,Cash,,ENT-20230529-00702
PO-202305-0092,2023-05-29,VND004,Organic Solutions,INV-20230529-8039,Hair Accessories,PRD0029,Hygiene Products,CAT004,1686.02,47,79242.94,17162.3,62080.64,1408.34,60672.3,4101.59,2023,5,29,56570.71,8490.64,Cash,,ENT-20230529-00092
PO-202305-1433,2023-05-28,VND004,Organic Solutions,INV-20230528-9149,Hand Sanitizer,PRD0004,Hygiene Products,CAT004,981.49,90,88334.1,851.37,87482.73,4751.93,82730.8,10013.86,2023,5,28,72716.94,46145.83,Bkash,,ENT-20230528-01433
PO-202305-1691,2023-05-28,VND005,Yello Energy Co.,INV-20230528-3340,Hat,PRD0019,Accessories,CAT003,4401.85,85,374157.25,46760.71,327396.54,30421.08,296975.46,40610.98,2023,5,28,256364.48,8122.54,Cash,,ENT-20230528-01691
PO-202305-1689,2023-05-28,VND005,Yello Energy Co.,INV-20230528-6406,Men T-Shirt,PRD0026,Fashion Apparel,CAT001,1953.47,79,154324.13,19431.22,134892.91,2783.21,132109.7,13574.99,2023,5,28,118534.71,64071.13,Bkash,,ENT-20230528-01689
PO-202305-0660,2023-05-28,VND006,Sun Corporation Ltd.,INV-20230528-5882,Hair Accessories,PRD0029,Hygiene Products,CAT004,2923.61,40,116944.4,27404.15,89540.25,7602.61,81937.64,2875.27,2023,5,28,79062.37,19103.8,Bank Transfer,Bkash,ENT-20230528-00660
PO-202305-0992,2023-05-28,VND001,Creative Corporation,INV-20230528-7393,Face Scrub,PRD0062,Hygiene Products,CAT004,4184.9,1,4184.9,95.34,4089.56,225.27,3864.29,506.57,2023,5,28,3357.72,2329.27,Nagad,,ENT-20230528-00992
PO-202305-1912,2023-05-28,VND006,Sun Corporation Ltd.,INV-20230528-7903,Face Wash,PRD0022,Hygiene Products,CAT004,4414.69,86,379663.34,59242.13,320421.21,17977.36,302443.85,15949.54,2023,5,28,286494.31,222260.8,Cheque,Bkash,ENT-20230528-01912
PO-202305-1193,2023-05-28,VND001,Creative Corporation,INV-20230528-5069,Men Jeans,PRD0078,Fashion Apparel,CAT001,1942.72,97,188443.84,45105.8,143338.04,11444.81,131893.23,11502.48,2023,5,28,120390.75,86131.36,Cheque,Sonali Bank,ENT-20230528-01193
PO-202305-0623,2023-05-27,VND001,Creative Corporation,INV-20230527-2015,Kids Dress,PRD0067,Fashion Apparel,CAT001,4931.58,19,93700.02,1836.47,91863.55,647.97,91215.58,8157.76,2023,5,27,83057.82,13879.04,Bkash,,ENT-20230527-00623
PO-202305-1703,2023-05-27,VND004,Organic Solutions,INV-20230527-3984,Footwear,PRD0065,Hygiene Products,CAT004,4041.51,36,145494.36,41955.45,103538.91,4760.45,98778.46,2984.49,2023,5,27,95793.97,16508.3,Cash,,ENT-20230527-01703
PO-202305-0262,2023-05-26,VND007,Style Mart Brand,INV-20230526-6573,Face Serum,PRD0053,Cosmetics,CAT002,2423.3,41,99355.3,8815.09,90540.21,4914.33,85625.88,12393.39,2023,5,26,73232.49,16995.4,Bkash,,ENT-20230526-00262
PO-202305-0221,2023-05-26,VND006,Sun Corporation Ltd.,INV-20230526-7327,Men's Innerwear,PRD0015,Fashion Apparel,CAT001,4073.3,48,195518.4,18881.65,176636.75,822.74,175814.01,21760.99,2023,5,26,154053.02,95806.27,Cheque,Rupali Bank,ENT-20230526-00221
PO-202305-0475,2023-05-26,VND003,Shanti Enterprises,INV-20230526-8170,Hair Color,PRD0052,Hygiene Products,CAT004,582.03,98,57038.94,3842.58,53196.36,4410.36,48786.0,3247.16,2023,5,26,45538.84,31257.62,Bank Transfer,City Bank,ENT-20230526-00475
PO-202305-0595,2023-05-26,VND005,Yello Energy Co.,INV-20230526-7619,Women's Nightwear,PRD0003,Fashion Apparel,CAT001,3760.09,94,353448.46,50493.37,302955.09,16115.06,286840.03,18595.18,2023,5,26,268244.85,257528.44,Bkash,,ENT-20230526-00595
PO-202305-1443,2023-05-25,VND006,Sun Corporation Ltd.,INV-20230525-9592,Lipstick,PRD0061,Cosmetics,CAT002,3888.25,54,209965.5,31151.85,178813.65,16829.39,161984.26,15247.66,2023,5,25,146736.6,119468.84,Bkash,,ENT-20230525-01443
PO-202305-1746,2023-05-25,VND003,Shanti Enterprises,INV-20230525-6611,Toothbrush,PRD0017,Hygiene Products,CAT004,4325.07,23,99476.61,8755.09,90721.52,3250.35,87471.17,9911.96,2023,5,25,77559.21,5086.23,Bank Transfer,Nagad,ENT-20230525-01746
PO-202305-0741,2023-05-25,VND005,Yello Energy Co.,INV-20230525-6416,Hand Sanitizer,PRD0004,Hygiene Products,CAT004,1992.67,89,177347.63,2867.15,174480.48,8961.48,165519.0,19251.8,2023,5,25,146267.2,74884.9,Nagad,,ENT-20230525-00741
PO-202305-1301,2023-05-24,VND003,Shanti Enterprises,INV-20230524-5469,Hoodie,PRD0075,Fashion Apparel,CAT001,4078.35,99,403756.65,88871.91,314884.74,22229.07,292655.67,11701.05,2023,5,24,280954.62,108556.67,Bank Transfer,Janata Bank,ENT-20230524-01301
PO-202305-1184,2023-05-23,VND006,Sun Corporation Ltd.,INV-20230523-3140,Toothpaste,PRD0063,Hygiene Products,CAT004,2708.28,17,46040.76,11290.14,34750.62,680.7,34069.92,1709.7,2023,5,23,32360.22,14921.26,Bkash,,ENT-20230523-01184
PO-202305-1244,2023-05-22,VND002,Kazi Tea IND Ltd.,INV-20230522-1407,Underarm Whitening Cream,PRD0050,Cosmetics,CAT002,2584.85,68,175769.8,1128.01,174641.79,13330.2,161311.59,22069.92,2023,5,22,139241.67,68773.58,Cheque,Bkash,ENT-20230522-01244
PO-202305-0260,2023-05-21,VND005,Yello Energy Co.,INV-20230521-7428,Women's Top,PRD0005,Fashion Apparel,CAT001,1259.45,64,80604.8,3635.24,76969.56,1421.77,75547.79,8906.11,2023,5,21,66641.68,61237.51,Cheque,Dutch Bangla Bank,ENT-20230521-00260
PO-202305-0219,2023-05-21,VND007,Style Mart Brand,INV-20230521-2975,Baby Wipes,PRD0069,Hygiene Products,CAT004,1741.85,46,80125.1,10570.07,69555.03,4843.84,64711.19,9470.77,2023,5,21,55240.42,52174.38,Cheque,Bkash,ENT-20230521-00219
PO-202305-1531,2023-05-21,VND006,Sun Corporation Ltd.,INV-20230521-4842,Belt,PRD0002,Accessories,CAT003,4948.57,69,341451.33,99201.89,242249.44,14941.26,227308.18,4224.08,2023,5,21,223084.1,71352.79,Cash,,ENT-20230521-01531
PO-202305-0551,2023-05-19,VND007,Style Mart Brand,INV-20230519-9336,Body Mist,PRD0035,Cosmetics,CAT002,4559.44,88,401230.72,45494.65,355736.07,21685.54,334050.53,7225.68,2023,5,19,326824.85,262889.56,Cash,,ENT-20230519-00551
PO-202305-1459,2023-05-18,VND007,Style Mart Brand,INV-20230518-6127,Makeup Kit,PRD0056,Cosmetics,CAT002,3989.61,93,371033.73,87906.02,283127.71,19170.08,263957.63,10674.42,2023,5,18,253283.21,97352.82,Bank Transfer,Bkash,ENT-20230518-01459
PO-202305-1650,2023-05-18,VND002,Kazi Tea IND Ltd.,INV-20230518-8290,Hair Color,PRD0052,Hygiene Products,CAT004,4613.61,72,332179.92,85075.91,247104.01,14189.12,232914.89,13815.47,2023,5,18,219099.42,123933.4,Bkash,,ENT-20230518-01650
PO-202305-1571,2023-05-17,VND001,Creative Corporation,INV-20230517-4159,Kids T-Shirt,PRD0006,Fashion Apparel,CAT001,2446.6,67,163922.2,5711.27,158210.93,15142.11,143068.82,12516.2,2023,5,17,130552.62,31794.45,Bkash,,ENT-20230517-01571
PO-202305-1329,2023-05-17,VND004,Organic Solutions,INV-20230517-4458,Personal Toys,PRD0040,Hygiene Products,CAT004,3783.97,100,378397.0,75392.9,303004.1,12961.24,290042.86,12130.01,2023,5,17,277912.85,164449.49,Bank Transfer,Janata Bank,ENT-20230517-01329
PO-202305-1571,2023-05-17,VND001,Creative Corporation,INV-20230517-4159,Kids T-Shirt,PRD0006,Fashion Apparel,CAT001,8710.5,361,3144490.5,314449.05,2830041.45,141502.07,2688539.38,134426.97,2023,5,17,2554112.41,770621.98,Bkash,,ENT-20230517-01571
PO-202305-0665,2023-05-16,VND003,Shanti Enterprises,INV-20230516-3636,Face Toner,PRD0033,Hygiene Products,CAT004,4978.99,70,348529.3,19832.71,328696.59,29750.73,298945.86,2148.21,2023,5,16,296797.65,64756.62,Nagad,,ENT-20230516-00665
PO-202305-1629,2023-05-16,VND006,Sun Corporation Ltd.,INV-20230516-1613,Umbrella,PRD0060,Accessories,CAT003,4623.22,75,346741.5,102973.46,243768.04,5662.37,238105.67,4625.56,2023,5,16,233480.11,213135.05,Cash,,ENT-20230516-01629
PO-202305-1770,2023-05-16,VND004,Organic Solutions,INV-20230516-7589,Keychain,PRD0012,Accessories,CAT003,1067.22,21,22411.62,1621.0,20790.62,1776.88,19013.74,870.49,2023,5,16,18143.25,8693.4,Cheque,BRAC Bank,ENT-20230516-01770
PO-202305-1884,2023-05-16,VND001,Creative Corporation,INV-20230516-6098,Makeup Remover,PRD0032,Cosmetics,CAT002,3539.87,8,28318.96,6595.84,21723.12,1370.14,20352.98,551.53,2023,5,16,19801.45,18762.46,Cheque,City Bank,ENT-20230516-01884
PO-202305-0276,2023-05-15,VND004,Organic Solutions,INV-20230515-6958,Body Wash,PRD0058,Hygiene Products,CAT004,1584.57,75,118842.75,7521.32,111321.43,9770.87,101550.56,13577.42,2023,5,15,87973.14,13876.66,Cheque,City Bank,ENT-20230515-00276
PO-202305-0276,2023-05-15,VND004,Organic Solutions,INV-20230515-6958,Body Wash,PRD0058,Hygiene Products,CAT004,8131.76,450,3659292.0,365929.2,3293362.8,164668.14,3128694.66,156434.73,2023,5,15,2972259.93,596095.41,Cheque,City Bank,ENT-20230515-00276
PO-202305-0588,2023-05-15,VND005,Yello Energy Co.,INV-20230515-2936,Face Toner,PRD0033,Hygiene Products,CAT004,2659.85,25,66496.25,18790.36,47705.89,4297.13,43408.76,1842.9,2023,5,15,41565.86,20263.42,Bank Transfer,Dutch Bangla Bank,ENT-20230515-00588
PO-202305-1304,2023-05-14,VND006,Sun Corporation Ltd.,INV-20230514-3681,Keychain,PRD0012,Accessories,CAT003,1688.64,79,133402.56,31657.08,101745.48,8232.51,93512.97,9284.77,2023,5,14,84228.2,62195.11,Cash,,ENT-20230514-01304
PO-202305-0930,2023-05-14,VND006,Sun Corporation Ltd.,INV-20230514-1129,Luggage,PRD0045,Hygiene Products,CAT004,68.15,18,1226.7,75.34,1151.36,69.57,1081.79,155.3,2023,5,14,926.49,905.76,Bank Transfer,Janata Bank,ENT-20230514-00930
PO-202305-1614,2023-05-14,VND007,Style Mart Brand,INV-20230514-9779,Hair Mask,PRD0021,Cosmetics,CAT002,2248.96,40,89958.4,18165.21,71793.19,4889.15,66904.04,1875.5,2023,5,14,65028.54,21833.29,Nagad,,ENT-20230514-01614
PO-202305-1613,2023-05-14,VND007,Style Mart Brand,INV-20230514-2042,Perfume,PRD0014,Cosmetics,CAT002,1395.2,80,111616.0,16818.92,94797.08,8340.55,86456.53,11107.83,2023,5,14,75348.7,14035.57,Cheque,Bkash,ENT-20230514-01613
PO-202305-1590,2023-05-13,VND001,Creative Corporation,INV-20230513-5546,After Sun Lotion,PRD0074,Cosmetics,CAT002,4050.13,38,153904.94,30089.78,123815.16,11285.71,112529.45,3913.8,2023,5,13,108615.65,35349.08,Nagad,,ENT-20230513-01590
PO-202305-1173,2023-05-12,VND004,Organic Solutions,INV-20230512-3278,Body Mist,PRD0035,Cosmetics,CAT002,601.92,66,39726.72,10449.0,29277.72,2663.63,26614.09,3280.39,2023,5,12,23333.7,5353.61,Cheque,BRAC Bank,ENT-20230512-01173
PO-202305-1763,2023-05-12,VND007,Style Mart Brand,INV-20230512-3695,Body Spray,PRD0001,Cosmetics,CAT002,2289.68,19,43503.92,1785.49,41718.43,2135.99,39582.44,1422.72,2023,5,12,38159.72,28951.57,Bank Transfer,Bkash,ENT-20230512-01763
PO-202305-0013,2023-05-12,VND005,Yello Energy Co.,INV-20230512-9776,Face Toner,PRD0033,Hygiene Products,CAT004,3330.06,40,133202.4,38662.64,94539.76,2336.66,92203.1,9567.62,2023,5,12,82635.48,47928.86,Bank Transfer,City Bank,ENT-20230512-00013
PO-202305-1828,2023-05-11,VND006,Sun Corporation Ltd.,INV-20230511-9846,Umbrella,PRD0060,Accessories,CAT003,1410.59,27,38085.93,10295.6,27790.33,1257.64,26532.69,2836.26,2023,5,11,23696.43,9365.23,Cheque,Dutch Bangla Bank,ENT-20230511-01828
PO-202305-1692,2023-05-11,VND005,Yello Energy Co.,INV-20230511-4530,Body Wash,PRD0058,Hygiene Products,CAT004,2666.42,84,223979.28,19365.09,204614.19,2816.66,201797.53,17408.39,2023,5,11,184389.14,32410.45,Cash,,ENT-20230511-01692
PO-202305-1076,2023-05-10,VND007,Style Mart Brand,INV-20230510-8875,Handbag,PRD0020,Accessories,CAT003,3440.8,61,209888.8,22369.02,187519.78,2441.26,185078.52,3155.88,2023,5,10,181922.64,51205.16,Nagad,,ENT-20230510-01076
PO-202305-1534,2023-05-10,VND001,Creative Corporation,INV-20230510-1791,Gloves,PRD0023,Hygiene Products,CAT004,3622.57,23,83319.11,19257.99,64061.12,2348.42,61712.7,1090.36,2023,5,10,60622.34,20364.96,Bkash,,ENT-20230510-01534
PO-202305-0206,2023-05-10,VND006,Sun Corporation Ltd.,INV-20230510-3282,Mouthwash,PRD0025,Hygiene Products,CAT004,75.96,45,3418.2,448.06,2970.14,224.04,2746.1,119.54,2023,5,10,2626.56,430.53,Bkash,,ENT-20230510-00206
PO-202305-1431,2023-05-10,VND004,Organic Solutions,INV-20230510-1626,Feminine Wash,PRD0028,Hygiene Products,CAT004,4701.85,78,366744.3,24860.66,341883.64,27173.28,314710.36,28098.82,2023,5,10,286611.54,50982.09,Cash,,ENT-20230510-01431
PO-202305-1919,2023-05-10,VND002,Kazi Tea IND Ltd.,INV-20230510-3528,Men's Innerwear,PRD0015,Fashion Apparel,CAT001,4544.57,15,68168.55,17756.96,50411.59,2100.98,48310.61,3653.01,2023,5,10,44657.6,23002.3,Nagad,,ENT-20230510-01919
PO-202305-0281,2023-05-09,VND005,Yello Energy Co.,INV-20230509-3622,Feminine Wash,PRD0028,Hygiene Products,CAT004,1777.92,81,144011.52,41123.39,102888.13,7609.5,95278.63,9115.81,2023,5,9,86162.82,3996.16,Bank Transfer,Janata Bank,ENT-20230509-00281
PO-202305-1208,2023-05-08,VND004,Organic Solutions,INV-20230508-5927,Toothpaste,PRD0063,Hygiene Products,CAT004,1519.98,55,83598.9,18434.74,65164.16,6060.02,59104.14,3464.19,2023,5,8,55639.95,5230.38,Bkash,,ENT-20230508-01208
PO-202305-0421,2023-05-08,VND003,Shanti Enterprises,INV-20230508-4655,Face Serum,PRD0053,Cosmetics,CAT002,963.68,41,39510.88,10130.79,29380.09,1311.65,28068.44,628.33,2023,5,8,27440.11,6453.77,Nagad,,ENT-20230508-00421
PO-202305-0433,2023-05-08,VND007,Style Mart Brand,INV-20230508-8035,Makeup Kit,PRD0056,Cosmetics,CAT002,917.53,17,15598.01,1910.18,13687.83,680.35,13007.48,410.84,2023,5,8,12596.64,3673.91,Bank Transfer,Bkash,ENT-20230508-00433
PO-202305-0871,2023-05-08,VND006,Sun Corporation Ltd.,INV-20230508-2621,Shampoo,PRD0007,Hygiene Products,CAT004,2222.63,49,108908.87,22704.41,86204.46,5411.96,80792.5,8665.6,2023,5,8,72126.9,15918.43,Cash,,ENT-20230508-00871
PO-202305-0990,2023-05-08,VND006,Sun Corporation Ltd.,INV-20230508-3252,Diapers,PRD0024,Hygiene Products,CAT004,4987.17,91,453832.47,93247.04,360585.43,35077.44,325507.99,19017.99,2023,5,8,306490.0,255815.61,Cash,,ENT-20230508-00990
PO-202305-1149,2023-05-08,VND005,Yello Energy Co.,INV-20230508-5324,Men Shirt,PRD0010,Fashion Apparel,CAT001,1589.83,69,109698.27,29155.15,80543.12,5676.36,74866.76,9635.38,2023,5,8,65231.38,4998.4,Bkash,,ENT-20230508-01149
PO-202305-0332,2023-05-07,VND007,Style Mart Brand,INV-20230507-7263,Women's Kurti,PRD0081,Fashion Apparel,CAT001,3985.3,39,155426.7,1066.99,154359.71,2729.04,151630.67,13034.03,2023,5,7,138596.64,118173.9,Bank Transfer,Nagad,ENT-20230507-00332
PO-202305-0011,2023-05-07,VND005,Yello Energy Co.,INV-20230507-8803,Face Toner,PRD0033,Hygiene Products,CAT004,2443.84,11,26882.24,6611.17,20271.07,1877.42,18393.65,1323.38,2023,5,7,17070.27,2592.52,Nagad,,ENT-20230507-00011
PO-202305-0449,2023-05-07,VND001,Creative Corporation,INV-20230507-4975,Hair Removal Cream,PRD0018,Cosmetics,CAT002,4245.61,47,199543.67,21183.47,178360.2,11467.06,166893.14,5333.36,2023,5,7,161559.78,86685.38,Cheque,Bkash,ENT-20230507-00449
PO-202305-1052,2023-05-06,VND007,Style Mart Brand,INV-20230506-4799,Sanitary Napkins,PRD0030,Hygiene Products,CAT004,4464.29,48,214285.92,6841.85,207444.07,7123.57,200320.5,10064.31,2023,5,6,190256.19,166513.53,Bank Transfer,Bkash,ENT-20230506-01052
PO-202305-0828,2023-05-06,VND006,Sun Corporation Ltd.,INV-20230506-3281,Hoodie,PRD0075,Fashion Apparel,CAT001,2066.53,22,45463.66,10419.56,35044.1,1354.69,33689.41,4015.38,2023,5,6,29674.03,29347.65,Cheque,Dutch Bangla Bank,ENT-20230506-00828
PO-202305-0233,2023-05-06,VND003,Shanti Enterprises,INV-20230506-3365,Women's Saree,PRD0072,Fashion Apparel,CAT001,1468.23,68,99839.64,15104.87,84734.77,2584.45,82150.32,1276.99,2023,5,6,80873.33,43217.42,Bkash,,ENT-20230506-00233
PO-202305-1829,2023-05-06,VND006,Sun Corporation Ltd.,INV-20230506-5878,Baby Wipes,PRD0069,Hygiene Products,CAT004,667.7,89,59425.3,8416.92,51008.38,4796.89,46211.49,4449.96,2023,5,6,41761.53,5373.54,Cash,,ENT-20230506-01829
PO-202305-1126,2023-05-05,VND004,Organic Solutions,INV-20230505-3340,Hair Removal Cream,PRD0018,Cosmetics,CAT002,5623.39,82,461117.98,46111.8,415006.18,20750.31,394255.87,19712.79,2023,5,5,374543.08,44121.12,Cash,,ENT-20230505-01126
PO-202305-1126,2023-05-05,VND004,Organic Solutions,INV-20230505-3340,Hair Removal Cream,PRD0018,Cosmetics,CAT002,747.69,22,16449.18,512.66,15936.52,637.57,15298.95,74.42,2023,5,5,15224.53,3828.36,Cash,,ENT-20230505-01126
PO-202305-0553,2023-05-05,VND001,Creative Corporation,INV-20230505-8211,Belt,PRD0002,Accessories,CAT003,1327.49,48,63719.52,6892.54,56826.98,848.63,55978.35,3844.73,2023,5,5,52133.62,29890.57,Cheque,Janata Bank,ENT-20230505-00553
PO-202305-1726,2023-05-04,VND004,Organic Solutions,INV-20230504-7515,Belt,PRD0002,Accessories,CAT003,321.87,4,1287.48,317.29,970.19,18.03,952.16,85.0,2023,5,4,867.16,355.13,Bkash,,ENT-20230504-01726
PO-202305-0054,2023-05-04,VND004,Organic Solutions,INV-20230504-4687,Lipstick,PRD0061,Cosmetics,CAT002,4655.21,74,344485.54,96839.71,247645.83,7024.96,240620.87,22870.58,2023,5,4,217750.29,169963.81,Cash,,ENT-20230504-00054
PO-202305-1732,2023-05-04,VND005,Yello Energy Co.,INV-20230504-3597,Men's Innerwear,PRD0015,Fashion Apparel,CAT001,4331.44,1,4331.44,1024.11,3307.33,286.69,3020.64,387.98,2023,5,4,2632.66,912.22,Nagad,,ENT-20230504-01732
PO-202305-1074,2023-05-03,VND002,Kazi Tea IND Ltd.,INV-20230503-1840,Men Shirt,PRD0010,Fashion Apparel,CAT001,1699.92,100,169992.0,29137.69,140854.31,11293.37,129560.94,13980.5,2023,5,3,115580.44,94585.49,Bank Transfer,Sonali Bank,ENT-20230503-01074
PO-202305-1505,2023-05-03,VND003,Shanti Enterprises,INV-20230503-6007,Disinfectant Spray,PRD0037,Cosmetics,CAT002,1961.37,45,88261.65,23302.8,64958.85,471.37,64487.48,6341.57,2023,5,3,58145.91,52679.98,Bkash,,ENT-20230503-01505
PO-202305-1128,2023-05-03,VND003,Shanti Enterprises,INV-20230503-7425,Hat,PRD0019,Accessories,CAT003,1975.6,46,90877.6,3278.62,87598.98,4448.45,83150.53,1364.02,2023,5,3,81786.51,55296.98,Cheque,Bkash,ENT-20230503-01128
PO-202305-0468,2023-05-02,VND005,Yello Energy Co.,INV-20230502-5117,Body Oil,PRD0059,Cosmetics,CAT002,3270.04,28,91561.12,11724.16,79836.96,625.49,79211.47,11116.41,2023,5,2,68095.06,10892.18,Bkash,,ENT-20230502-00468
PO-202305-1769,2023-05-01,VND007,Style Mart Brand,INV-20230501-4197,Men Shirt,PRD0010,Fashion Apparel,CAT001,4270.29,28,119568.12,1948.8,117619.32,3948.23,113671.09,2817.8,2023,5,1,110853.29,103874.03,Nagad,,ENT-20230501-01769
PO-202305-1769,2023-05-01,VND007,Style Mart Brand,INV-20230501-4197,Men Shirt,PRD0010,Fashion Apparel,CAT001,2622.82,433,1135681.06,113568.11,1022112.95,51105.65,971007.3,48550.37,2023,5,1,922456.93,209077.27,Nagad,,ENT-20230501-01769
PO-202305-1769,2023-05-01,VND007,Style Mart Brand,INV-20230501-4197,Men Shirt,PRD0010,Fashion Apparel,CAT001,5078.74,289,1467755.86,146775.59,1320980.27,66049.01,1254931.26,62746.56,2023,5,1,1192184.7,299485.04,Nagad,,ENT-20230501-01769
PO-202304-0864,2023-04-30,VND003,Shanti Enterprises,INV-20230430-2017,Disinfectant Spray,PRD0037,Cosmetics,CAT002,4565.08,79,360641.32,3348.57,357292.75,26545.08,330747.67,3370.96,2023,4,30,327376.71,176484.88,Nagad,,ENT-20230430-00864
PO-202304-0552,2023-04-30,VND003,Shanti Enterprises,INV-20230430-6059,Belt,PRD0002,Accessories,CAT003,2732.37,45,122956.65,18848.41,104108.24,5760.12,98348.12,7632.13,2023,4,30,90715.99,59423.77,Cash,,ENT-20230430-00552
PO-202304-1180,2023-04-29,VND007,Style Mart Brand,INV-20230429-7554,Makeup Kit,PRD0056,Cosmetics,CAT002,1969.19,38,74829.22,12918.42,61910.8,3175.91,58734.89,4335.09,2023,4,29,54399.8,43883.31,Nagad,,ENT-20230429-01180
PO-202304-0075,2023-04-28,VND002,Kazi Tea IND Ltd.,INV-20230428-6622,Belt,PRD0002,Accessories,CAT003,3182.32,38,120928.16,1048.22,119879.94,81.83,119798.11,4571.12,2023,4,28,115226.99,84409.22,Cheque,Janata Bank,ENT-20230428-00075
PO-202304-1119,2023-04-28,VND002,Kazi Tea IND Ltd.,INV-20230428-5851,Compact Powder,PRD0042,Cosmetics,CAT002,2067.76,37,76507.12,20133.21,56373.91,3968.44,52405.47,443.54,2023,4,28,51961.93,27802.35,Bkash,,ENT-20230428-01119
PO-202304-0710,2023-04-28,VND001,Creative Corporation,INV-20230428-7663,Jewelry Set,PRD0044,Accessories,CAT003,1822.02,42,76524.84,14940.25,61584.59,887.15,60697.44,2791.49,2023,4,28,57905.95,26847.32,Bkash,,ENT-20230428-00710
PO-202304-1860,2023-04-27,VND001,Creative Corporation,INV-20230427-5584,Underarm Whitening Cream,PRD0050,Cosmetics,CAT002,1674.59,15,25118.85,2009.52,23109.33,1162.01,21947.32,2052.72,2023,4,27,19894.6,15951.29,Cheque,City Bank,ENT-20230427-01860
PO-202304-1218,2023-04-27,VND003,Shanti Enterprises,INV-20230427-8777,Women's Leggings,PRD0079,Fashion Apparel,CAT001,2374.66,63,149603.58,39395.44,110208.14,5717.6,104490.54,10284.61,2023,4,27,94205.93,4264.85,Cash,,ENT-20230427-01218
PO-202304-0252,2023-04-27,VND005,Yello Energy Co.,INV-20230427-8612,Hair Removal Cream,PRD0018,Cosmetics,CAT002,2171.23,99,214951.77,11333.17,203618.6,8334.88,195283.72,7417.48,2023,4,27,187866.24,89929.27,Cash,,ENT-20230427-00252
PO-202304-1063,2023-04-27,VND004,Organic Solutions,INV-20230427-9934,Women's Skirt,PRD0046,Fashion Apparel,CAT001,1102.36,79,87086.44,20667.34,66419.1,5218.77,61200.33,2783.8,2023,4,27,58416.53,47169.6,Nagad,,ENT-20230427-01063
PO-202304-0813,2023-04-26,VND003,Shanti Enterprises,INV-20230426-3341,Body Wash,PRD0058,Hygiene Products,CAT004,3441.09,36,123879.24,8065.91,115813.33,10773.65,105039.68,3403.03,2023,4,26,101636.65,12441.76,Cash,,ENT-20230426-00813
PO-202304-0813,2023-04-26,VND003,Shanti Enterprises,INV-20230426-3341,Body Wash,PRD0058,Hygiene Products,CAT004,8533.6,81,691221.6,69122.16,622099.44,31104.97,590994.47,29549.72,2023,4,26,561444.75,115344.33,Cash,,ENT-20230426-00813
PO-202304-0724,2023-04-26,VND001,Creative Corporation,INV-20230426-5956,Face Cream,PRD0034,Cosmetics,CAT002,2809.02,58,162923.16,21437.5,141485.66,13954.68,127530.98,6675.3,2023,4,26,120855.68,89767.33,Cheque,Janata Bank,ENT-20230426-00724
PO-202304-0814,2023-04-25,VND006,Sun Corporation Ltd.,INV-20230425-8515,Men's Nightwear,PRD0048,Fashion Apparel,CAT001,4081.65,52,212245.8,5511.23,206734.57,8458.82,198275.75,10241.91,2023,4,25,188033.84,169916.38,Bkash,,ENT-20230425-00814
PO-202304-0580,2023-04-25,VND002,Kazi Tea IND Ltd.,INV-20230425-8793,Face Serum,PRD0053,Cosmetics,CAT002,4593.38,62,284789.56,20701.21,264088.35,5840.39,258247.96,34539.27,2023,4,25,223708.69,199742.09,Bkash,,ENT-20230425-00580
PO-202304-0020,2023-04-24,VND006,Sun Corporation Ltd.,INV-20230424-2627,Condom,PRD0009,Hygiene Products,CAT004,791.52,29,22954.08,3369.5,19584.58,891.39,18693.19,1774.52,2023,4,24,16918.67,15764.04,Cheque,Nagad,ENT-20230424-00020
PO-202304-0434,2023-04-24,VND006,Sun Corporation Ltd.,INV-20230424-5242,Disinfectant Spray,PRD0037,Cosmetics,CAT002,1289.51,48,61896.48,14877.47,47019.01,3642.3,43376.71,3384.78,2023,4,24,39991.93,22379.64,Bank Transfer,Dutch Bangla Bank,ENT-20230424-00434
PO-202304-0549,2023-04-24,VND005,Yello Energy Co.,INV-20230424-7056,Disinfectant Spray,PRD0037,Cosmetics,CAT002,4960.88,64,317496.32,53894.61,263601.71,6288.86,257312.85,32666.04,2023,4,24,224646.81,124350.22,Cash,,ENT-20230424-00549
PO-202304-1195,2023-04-23,VND006,Sun Corporation Ltd.,INV-20230423-4695,Hair Dryer,PRD0013,Hygiene Products,CAT004,4709.06,66,310797.96,46895.59,263902.37,23845.28,240057.09,12599.43,2023,4,23,227457.66,157437.08,Bkash,,ENT-20230423-01195
PO-202304-1367,2023-04-22,VND004,Organic Solutions,INV-20230422-6359,Face Wash,PRD0022,Hygiene Products,CAT004,1301.42,31,40344.02,4723.59,35620.43,2955.67,32664.76,2286.83,2023,4,22,30377.93,22774.9,Nagad,,ENT-20230422-01367
PO-202304-0656,2023-04-22,VND007,Style Mart Brand,INV-20230422-4053,Women's Nightwear,PRD0003,Fashion Apparel,CAT001,4217.39,11,46391.29,10088.88,36302.41,1382.24,34920.17,2836.53,2023,4,22,32083.64,13442.71,Bkash,,ENT-20230422-00656
PO-202304-1415,2023-04-22,VND005,Yello Energy Co.,INV-20230422-2397,Aftershave,PRD0057,Hygiene Products,CAT004,1257.49,26,32694.74,8103.71,24591.03,802.4,23788.63,53.1,2023,4,22,23735.53,13000.93,Bank Transfer,Rupali Bank,ENT-20230422-01415
PO-202304-1789,2023-04-22,VND002,Kazi Tea IND Ltd.,INV-20230422-1207,Hand Sanitizer,PRD0004,Hygiene Products,CAT004,4981.96,78,388592.88,107476.9,281115.98,5001.85,276114.13,37134.27,2023,4,22,238979.86,226278.08,Cash,,ENT-20230422-01789
PO-202304-1262,2023-04-21,VND004,Organic Solutions,INV-20230421-1279,Personal Lubricant,PRD0070,Hygiene Products,CAT004,4837.62,81,391847.22,109980.68,281866.54,15525.5,266341.04,23971.4,2023,4,21,242369.64,194942.89,Bank Transfer,Dutch Bangla Bank,ENT-20230421-01262
PO-202304-1110,2023-04-21,VND005,Yello Energy Co.,INV-20230421-5509,Kids T-Shirt,PRD0006,Fashion Apparel,CAT001,3622.61,66,239092.26,41571.09,197521.17,928.42,196592.75,8994.82,2023,4,21,187597.93,175009.32,Bank Transfer,Dutch Bangla Bank,ENT-20230421-01110
PO-202304-0465,2023-04-20,VND005,Yello Energy Co.,INV-20230420-5846,Personal Lubricant,PRD0070,Hygiene Products,CAT004,1159.35,12,13912.2,160.54,13751.66,305.0,13446.66,1929.37,2023,4,20,11517.29,3779.53,Cheque,Janata Bank,ENT-20230420-00465
PO-202304-0885,2023-04-20,VND006,Sun Corporation Ltd.,INV-20230420-5017,Hair Straightener,PRD0073,Hygiene Products,CAT004,2695.54,35,94343.9,20590.18,73753.72,3547.73,70205.99,8861.1,2023,4,20,61344.89,25904.48,Bank Transfer,BRAC Bank,ENT-20230420-00885
PO-202304-1203,2023-04-19,VND001,Creative Corporation,INV-20230419-2943,Hair Accessories,PRD0029,Hygiene Products,CAT004,4210.18,125,526272.5,52627.25,473645.25,23682.26,449962.99,22498.15,2023,4,19,427464.84,152138.68,Bank Transfer,Nagad,ENT-20230419-01203
PO-202304-0694,2023-04-19,VND005,Yello Energy Co.,INV-20230419-8123,Jewelry Set,PRD0044,Accessories,CAT003,1263.49,99,125085.51,3063.06,122022.45,5163.82,116858.63,16266.67,2023,4,19,100591.96,62720.19,Bank Transfer,Sonali Bank,ENT-20230419-00694
PO-202304-1203,2023-04-19,VND001,Creative Corporation,INV-20230419-2943,Hair Accessories,PRD0029,Hygiene Products,CAT004,1127.74,66,74430.84,22297.25,52133.59,3068.87,49064.72,6279.06,2023,4,19,42785.66,3760.15,Bank Transfer,Nagad,ENT-20230419-01203
PO-202304-0082,2023-04-18,VND003,Shanti Enterprises,INV-20230418-8858,Backpack,PRD0038,Hygiene Products,CAT004,4601.49,14,64420.86,17828.31,46592.55,3729.72,42862.83,983.5,2023,4,18,41879.33,34979.3,Bkash,,ENT-20230418-00082
PO-202304-0661,2023-04-18,VND007,Style Mart Brand,INV-20230418-1655,Gloves,PRD0023,Hygiene Products,CAT004,779.27,84,65458.68,4340.8,61117.88,5714.01,55403.87,2141.48,2023,4,18,53262.39,10928.21,Cash,,ENT-20230418-00661
PO-202304-1358,2023-04-17,VND003,Shanti Enterprises,INV-20230417-6418,Watch,PRD0043,Accessories,CAT003,1359.79,67,91105.93,15583.72,75522.21,49.57,75472.64,4673.77,2023,4,17,70798.87,40611.89,Cheque,BRAC Bank,ENT-20230417-01358
PO-202304-0556,2023-04-16,VND001,Creative Corporation,INV-20230416-2725,Sunscreen,PRD0068,Hygiene Products,CAT004,1760.41,98,172520.18,50297.54,122222.64,9540.32,112682.32,16198.13,2023,4,16,96484.19,39718.6,Nagad,,ENT-20230416-00556
PO-202304-1496,2023-04-16,VND004,Organic Solutions,INV-20230416-1897,Hair Spray,PRD0071,Cosmetics,CAT002,3674.94,125,459367.5,45936.75,413430.75,20671.54,392759.21,19637.96,2023,4,16,373121.25,15755.66,Bkash,,ENT-20230416-01496
PO-202304-1496,2023-04-16,VND004,Organic Solutions,INV-20230416-1897,Hair Spray,PRD0071,Cosmetics,CAT002,1322.23,61,80656.03,5547.61,75108.42,4129.27,70979.15,10056.18,2023,4,16,60922.97,50875.61,Bkash,,ENT-20230416-01496
PO-202304-1382,2023-04-15,VND001,Creative Corporation,INV-20230415-8045,Body Mist,PRD0035,Cosmetics,CAT002,4696.82,76,356958.32,70623.74,286334.58,6107.75,280226.83,40194.07,2023,4,15,240032.76,104016.03,Bkash,,ENT-20230415-01382
PO-202304-0904,2023-04-15,VND005,Yello Energy Co.,INV-20230415-9980,Men Polo Shirt,PRD0080,Fashion Apparel,CAT001,3810.52,57,217199.64,31201.3,185998.34,10451.97,175546.37,9245.77,2023,4,15,166300.6,93904.04,Cash,,ENT-20230415-00904
PO-202304-1260,2023-04-15,VND005,Yello Energy Co.,INV-20230415-8781,Face Mask,PRD0054,Cosmetics,CAT002,4453.13,76,338437.88,33357.33,305080.55,30458.92,274621.63,6071.1,2023,4,15,268550.53,180844.19,Nagad,,ENT-20230415-01260
PO-202304-0128,2023-04-15,VND004,Organic Solutions,INV-20230415-2488,Face Serum,PRD0053,Cosmetics,CAT002,2871.58,83,238341.14,19053.04,219288.1,8285.35,211002.75,4417.38,2023,4,15,206585.37,7129.66,Cheque,Janata Bank,ENT-20230415-00128
PO-202304-1630,2023-04-14,VND002,Kazi Tea IND Ltd.,INV-20230414-8480,Beard Oil,PRD0049,Cosmetics,CAT002,3866.42,19,73461.98,19668.18,53793.8,1557.66,52236.14,2503.5,2023,4,14,49732.64,12203.37,Cheque,Janata Bank,ENT-20230414-01630
PO-202304-1266,2023-04-14,VND002,Kazi Tea IND Ltd.,INV-20230414-8328,Women's Leggings,PRD0079,Fashion Apparel,CAT001,221.62,97,21497.14,587.28,20909.86,684.05,20225.81,2365.92,2023,4,14,17859.89,14480.88,Bkash,,ENT-20230414-01266
PO-202304-0630,2023-04-14,VND004,Organic Solutions,INV-20230414-4499,Hair Mask,PRD0021,Cosmetics,CAT002,3294.86,90,296537.4,9105.94,287431.46,15180.29,272251.17,2972.99,2023,4,14,269278.18,203697.82,Cash,,ENT-20230414-00630
PO-202304-0111,2023-04-14,VND001,Creative Corporation,INV-20230414-5143,Face Cream,PRD0034,Cosmetics,CAT002,3792.55,72,273063.6,40424.18,232639.42,19877.01,212762.41,23341.26,2023,4,14,189421.15,107752.37,Bank Transfer,Janata Bank,ENT-20230414-00111
PO-202304-1961,2023-04-13,VND005,Yello Energy Co.,INV-20230413-9937,Women's Top,PRD0005,Fashion Apparel,CAT001,2524.6,47,118656.2,872.12,117784.08,9037.1,108746.98,3056.29,2023,4,13,105690.69,52561.52,Cheque,Dutch Bangla Bank,ENT-20230413-01961
PO-202304-0044,2023-04-13,VND001,Creative Corporation,INV-20230413-9382,Hair Accessories,PRD0029,Hygiene Products,CAT004,3083.96,36,111022.56,17539.63,93482.93,974.6,92508.33,13829.47,2023,4,13,78678.86,31359.96,Cheque,Rupali Bank,ENT-20230413-00044
PO-202304-1667,2023-04-13,VND003,Shanti Enterprises,INV-20230413-9754,Sanitary Napkins,PRD0030,Hygiene Products,CAT004,2878.26,36,103617.36,31068.25,72549.11,2633.42,69915.69,5422.88,2023,4,13,64492.81,8209.46,Nagad,,ENT-20230413-01667
PO-202304-1248,2023-04-13,VND001,Creative Corporation,INV-20230413-6376,Hand Sanitizer,PRD0004,Hygiene Products,CAT004,4956.34,52,257729.68,19268.21,238461.47,12442.75,226018.72,17265.09,2023,4,13,208753.63,187605.05,Cash,,ENT-20230413-01248
PO-202304-1574,2023-04-13,VND002,Kazi Tea IND Ltd.,INV-20230413-8652,Watch,PRD0043,Accessories,CAT003,1539.69,54,83143.26,9022.88,74120.38,4890.76,69229.62,6168.1,2023,4,13,63061.52,15500.99,Nagad,,ENT-20230413-01574
PO-202304-1230,2023-04-12,VND001,Creative Corporation,INV-20230412-3792,Gloves,PRD0023,Hygiene Products,CAT004,2530.58,27,68325.66,4393.3,63932.36,1593.95,62338.41,3594.38,2023,4,12,58744.03,58735.39,Cash,,ENT-20230412-01230
PO-202304-1230,2023-04-12,VND001,Creative Corporation,INV-20230412-3792,Gloves,PRD0023,Hygiene Products,CAT004,3865.8,464,1793731.2,179373.12,1614358.08,80717.9,1533640.18,76682.01,2023,4,12,1456958.17,185362.35,Cash,,ENT-20230412-01230
PO-202304-1738,2023-04-11,VND002,Kazi Tea IND Ltd.,INV-20230411-5191,Hair Gel,PRD0077,Hygiene Products,CAT004,230.38,12,2764.56,41.39,2723.17,80.06,2643.11,133.33,2023,4,11,2509.78,1415.41,Bank Transfer,BRAC Bank,ENT-20230411-01738
PO-202304-1512,2023-04-11,VND001,Creative Corporation,INV-20230411-5523,Lipstick,PRD0061,Cosmetics,CAT002,2145.28,30,64358.4,10412.72,53945.68,2076.71,51868.97,2342.77,2023,4,11,49526.2,47838.61,Bkash,,ENT-20230411-01512
PO-202304-1122,2023-04-11,VND004,Organic Solutions,INV-20230411-8908,Hair Conditioner,PRD0039,Hygiene Products,CAT004,2809.32,98,275313.36,49156.47,226156.89,5233.08,220923.81,30567.6,2023,4,11,190356.21,20889.22,Cash,,ENT-20230411-01122
PO-202304-0587,2023-04-10,VND006,Sun Corporation Ltd.,INV-20230410-6523,Men Shirt,PRD0010,Fashion Apparel,CAT001,4840.41,23,111329.43,25280.09,86049.34,6367.49,79681.85,7122.57,2023,4,10,72559.28,57241.3,Cheque,Bkash,ENT-20230410-00587
PO-202304-0634,2023-04-09,VND006,Sun Corporation Ltd.,INV-20230409-2400,Wallet,PRD0051,Accessories,CAT003,2322.59,2,4645.18,457.45,4187.73,322.25,3865.48,497.73,2023,4,9,3367.75,1509.66,Cheque,Dutch Bangla Bank,ENT-20230409-00634
PO-202304-1108,2023-04-09,VND005,Yello Energy Co.,INV-20230409-9684,Nail Polish,PRD0055,Cosmetics,CAT002,4185.56,37,154865.72,4152.63,150713.09,9803.92,140909.17,9099.17,2023,4,9,131810.0,45533.87,Nagad,,ENT-20230409-01108
PO-202304-1482,2023-04-08,VND007,Style Mart Brand,INV-20230408-1403,Underarm Whitening Cream,PRD0050,Cosmetics,CAT002,1159.99,84,97439.16,22003.8,75435.36,2741.22,72694.14,7484.87,2023,4,8,65209.27,27555.71,Cash,,ENT-20230408-01482
PO-202304-0582,2023-04-07,VND002,Kazi Tea IND Ltd.,INV-20230407-2317,Watch,PRD0043,Accessories,CAT003,3788.32,5,18941.6,2054.04,16887.56,122.75,16764.81,2150.8,2023,4,7,14614.01,13639.98,Nagad,,ENT-20230407-00582
PO-202304-0301,2023-04-07,VND006,Sun Corporation Ltd.,INV-20230407-7309,Hair Conditioner,PRD0039,Hygiene Products,CAT004,323.84,2,647.68,134.11,513.57,40.42,473.15,66.4,2023,4,7,406.75,246.55,Cheque,BRAC Bank,ENT-20230407-00301
PO-202304-1163,2023-04-07,VND007,Style Mart Brand,INV-20230407-7311,Face Mask,PRD0054,Cosmetics,CAT002,812.77,47,38200.19,3912.91,34287.28,3182.57,31104.71,3788.72,2023,4,7,27315.99,20326.36,Cheque,Sonali Bank,ENT-20230407-01163
PO-202304-1721,2023-04-06,VND005,Yello Energy Co.,INV-20230406-9340,Men T-Shirt,PRD0026,Fashion Apparel,CAT001,2178.24,48,104555.52,8020.74,96534.78,6510.36,90024.42,12431.82,2023,4,6,77592.6,23665.94,Cheque,Dutch Bangla Bank,ENT-20230406-01721
PO-202304-1579,2023-04-06,VND003,Shanti Enterprises,INV-20230406-8222,Handbag,PRD0020,Accessories,CAT003,4098.53,38,155744.14,7179.18,148564.96,14253.28,134311.68,20143.27,2023,4,6,114168.41,30307.48,Cheque,BRAC Bank,ENT-20230406-01579
PO-202304-0508,2023-04-06,VND001,Creative Corporation,INV-20230406-1041,Face Wash,PRD0022,Hygiene Products,CAT004,3855.96,37,142670.52,17429.41,125241.11,9839.52,115401.59,16232.06,2023,4,6,99169.53,67803.15,Cheque,Rupali Bank,ENT-20230406-00508
PO-202304-1779,2023-04-06,VND007,Style Mart Brand,INV-20230406-4051,Body Butter,PRD0016,Hygiene Products,CAT004,4215.87,68,286679.16,6569.36,280109.8,9281.73,270828.07,1067.25,2023,4,6,269760.82,49170.73,Cash,,ENT-20230406-01779
PO-202304-1521,2023-04-05,VND002,Kazi Tea IND Ltd.,INV-20230405-4673,Body Wash,PRD0058,Hygiene Products,CAT004,4267.51,55,234713.05,7482.27,227230.78,12688.49,214542.29,7001.2,2023,4,5,207541.09,29067.91,Bkash,,ENT-20230405-01521
PO-202304-0576,2023-04-04,VND007,Style Mart Brand,INV-20230404-8818,Face Wash,PRD0022,Hygiene Products,CAT004,987.48,66,65173.68,2321.96,62851.72,4639.11,58212.61,2220.24,2023,4,4,55992.37,33765.87,Nagad,,ENT-20230404-00576
PO-202304-0906,2023-04-04,VND002,Kazi Tea IND Ltd.,INV-20230404-3375,Mouthwash,PRD0025,Hygiene Products,CAT004,4728.82,85,401949.7,84978.83,316970.87,10506.97,306463.9,17819.34,2023,4,4,288644.56,196176.66,Cash,,ENT-20230404-00906
PO-202304-1009,2023-04-04,VND007,Style Mart Brand,INV-20230404-5491,Hair Serum,PRD0011,Cosmetics,CAT002,2518.78,42,105788.76,23108.63,82680.13,8007.73,74672.4,7439.43,2023,4,4,67232.97,59355.4,Nagad,,ENT-20230404-01009
PO-202304-0310,2023-04-04,VND004,Organic Solutions,INV-20230404-8336,Nail Polish,PRD0055,Cosmetics,CAT002,1496.9,70,104783.0,30318.96,74464.04,3371.4,71092.64,5748.86,2023,4,4,65343.78,31687.18,Nagad,,ENT-20230404-00310
PO-202304-0642,2023-04-04,VND007,Style Mart Brand,INV-20230404-7060,Hand Sanitizer,PRD0004,Hygiene Products,CAT004,533.75,12,6405.0,1659.67,4745.33,212.93,4532.4,327.1,2023,4,4,4205.3,763.49,Cheque,Rupali Bank,ENT-20230404-00642
PO-202304-1219,2023-04-03,VND001,Creative Corporation,INV-20230403-2534,Men Jeans,PRD0078,Fashion Apparel,CAT001,1867.98,47,87795.06,8720.0,79075.06,2990.9,76084.16,1122.07,2023,4,3,74962.09,14430.15,Nagad,,ENT-20230403-01219
PO-202304-0691,2023-04-03,VND002,Kazi Tea IND Ltd.,INV-20230403-9870,Feminine Wash,PRD0028,Hygiene Products,CAT004,767.25,94,72121.5,6023.91,66097.59,3275.01,62822.58,1677.89,2023,4,3,61144.69,11943.46,Cheque,Bkash,ENT-20230403-00691
PO-202304-0635,2023-04-03,VND005,Yello Energy Co.,INV-20230403-1384,Hair Straightener,PRD0073,Hygiene Products,CAT004,3996.23,13,51950.99,2911.41,49039.58,2460.88,46578.7,4381.44,2023,4,3,42197.26,8402.3,Cheque,Bkash,ENT-20230403-00635
PO-202304-0538,2023-04-03,VND002,Kazi Tea IND Ltd.,INV-20230403-6194,Feminine Wash,PRD0028,Hygiene Products,CAT004,3721.99,17,63273.83,3094.49,60179.34,4065.7,56113.64,2733.95,2023,4,3,53379.69,3780.71,Bkash,,ENT-20230403-00538
PO-202304-1659,2023-04-02,VND007,Style Mart Brand,INV-20230402-9562,Hand Sanitizer,PRD0004,Hygiene Products,CAT004,4616.69,79,364718.51,74644.05,290074.46,19040.6,271033.86,35792.35,2023,4,2,235241.51,157645.09,Bank Transfer,BRAC Bank,ENT-20230402-01659
PO-202304-0574,2023-04-02,VND007,Style Mart Brand,INV-20230402-5053,Body Mist,PRD0035,Cosmetics,CAT002,334.76,24,8034.24,2191.71,5842.53,171.01,5671.52,773.98,2023,4,2,4897.54,2088.35,Cheque,Sonali Bank,ENT-20230402-00574
PO-202303-1923,2023-03-31,VND002,Kazi Tea IND Ltd.,INV-20230331-9775,Body Wash,PRD0058,Hygiene Products,CAT004,2538.26,30,76147.8,20982.19,55165.61,3332.11,51833.5,1747.85,2023,3,31,50085.65,14410.07,Cheque,BRAC Bank,ENT-20230331-01923
PO-202303-1480,2023-03-31,VND006,Sun Corporation Ltd.,INV-20230331-3588,Hair Conditioner,PRD0039,Hygiene Products,CAT004,4473.91,38,170008.58,37248.53,132760.05,2178.61,130581.44,1575.48,2023,3,31,129005.96,42684.24,Bkash,,ENT-20230331-01480
PO-202303-0826,2023-03-31,VND006,Sun Corporation Ltd.,INV-20230331-2534,Shaving Cream,PRD0066,Cosmetics,CAT002,2714.27,60,162856.2,20743.05,142113.15,11806.85,130306.3,10580.16,2023,3,31,119726.14,76434.66,Cheque,Nagad,ENT-20230331-00826
PO-202303-0150,2023-03-30,VND003,Shanti Enterprises,INV-20230330-3186,Hair Gel,PRD0077,Hygiene Products,CAT004,1028.81,37,38065.97,9066.18,28999.79,945.95,28053.84,425.53,2023,3,30,27628.31,4554.93,Cheque,Dutch Bangla Bank,ENT-20230330-00150
PO-202303-0891,2023-03-30,VND001,Creative Corporation,INV-20230330-6043,Hair Accessories,PRD0029,Hygiene Products,CAT004,1499.82,27,40495.14,9470.43,31024.71,200.66,30824.05,4470.78,2023,3,30,26353.27,29.94,Cheque,Dutch Bangla Bank,ENT-20230330-00891
PO-202303-0375,2023-03-30,VND002,Kazi Tea IND Ltd.,INV-20230330-8298,Baby Wipes,PRD0069,Hygiene Products,CAT004,1665.82,71,118273.22,21241.14,97032.08,1199.3,95832.78,8805.75,2023,3,30,87027.03,26273.75,Nagad,,ENT-20230330-00375
PO-202303-0386,2023-03-30,VND005,Yello Energy Co.,INV-20230330-6570,Hair Spray,PRD0071,Cosmetics,CAT002,4974.83,90,447734.7,53847.2,393887.5,15955.07,377932.43,6834.63,2023,3,30,371097.8,77404.86,Bank Transfer,Sonali Bank,ENT-20230330-00386
PO-202303-1079,2023-03-29,VND004,Organic Solutions,INV-20230329-5448,Hair Gel,PRD0077,Hygiene Products,CAT004,641.7,8,5133.6,1039.74,4093.86,103.82,3990.04,456.4,2023,3,29,3533.64,414.54,Bank Transfer,Nagad,ENT-20230329-01079
PO-202303-1734,2023-03-29,VND005,Yello Energy Co.,INV-20230329-6130,Women's Saree,PRD0072,Fashion Apparel,CAT001,1695.42,93,157674.06,37430.92,120243.14,8279.92,111963.22,4885.89,2023,3,29,107077.33,36941.43,Cash,,ENT-20230329-01734
PO-202303-1535,2023-03-29,VND007,Style Mart Brand,INV-20230329-9185,Body Mist,PRD0035,Cosmetics,CAT002,3312.47,81,268310.07,30810.73,237499.34,4066.85,233432.49,20273.94,2023,3,29,213158.55,155629.83,Bank Transfer,Nagad,ENT-20230329-01535
PO-202303-1634,2023-03-29,VND001,Creative Corporation,INV-20230329-2818,Compact Powder,PRD0042,Cosmetics,CAT002,4503.99,4,18015.96,3561.88,14454.08,400.83,14053.25,1988.21,2023,3,29,12065.04,2898.53,Cheque,Dutch Bangla Bank,ENT-20230329-01634
PO-202303-1097,2023-03-28,VND002,Kazi Tea IND Ltd.,INV-20230328-7654,Nail Polish,PRD0055,Cosmetics,CAT002,4837.58,23,111264.34,9413.88,101850.46,2355.5,99494.96,12950.64,2023,3,28,86544.32,4061.21,Cheque,Dutch Bangla Bank,ENT-20230328-01097
PO-202303-1228,2023-03-28,VND003,Shanti Enterprises,INV-20230328-3499,Face Cream,PRD0034,Cosmetics,CAT002,833.62,79,65855.98,12620.84,53235.14,2353.9,50881.24,5002.84,2023,3,28,45878.4,38990.81,Nagad,,ENT-20230328-01228
PO-202303-0286,2023-03-28,VND002,Kazi Tea IND Ltd.,INV-20230328-4653,Men Shirt,PRD0010,Fashion Apparel,CAT001,1639.4,63,103282.2,7006.61,96275.59,5283.79,90991.8,1865.69,2023,3,28,89126.11,88096.51,Cash,,ENT-20230328-00286
PO-202303-1285,2023-03-27,VND003,Shanti Enterprises,INV-20230327-2381,Men T-Shirt,PRD0026,Fashion Apparel,CAT001,1523.31,3,4569.93,261.5,4308.43,202.76,4105.67,516.89,2023,3,27,3588.78,3576.64,Cheque,Dutch Bangla Bank,ENT-20230327-01285
PO-202303-0938,2023-03-27,VND002,Kazi Tea IND Ltd.,INV-20230327-6436,Hair Spray,PRD0071,Cosmetics,CAT002,796.01,10,7960.1,510.89,7449.21,510.45,6938.76,106.79,2023,3,27,6831.97,3693.14,Bank Transfer,Nagad,ENT-20230327-00938
PO-202303-0998,2023-03-27,VND001,Creative Corporation,INV-20230327-1851,Body Scrub,PRD0047,Hygiene Products,CAT004,3791.19,41,155438.79,44192.65,111246.14,8350.79,102895.35,10206.67,2023,3,27,92688.68,56435.49,Bkash,,ENT-20230327-00998
PO-202303-0762,2023-03-27,VND007,Style Mart Brand,INV-20230327-8761,Condom,PRD0009,Hygiene Products,CAT004,1510.37,97,146505.89,33277.84,113228.05,4488.7,108739.35,12704.33,2023,3,27,96035.02,20177.5,Bkash,,ENT-20230327-00762
PO-202303-0622,2023-03-27,VND007,Style Mart Brand,INV-20230327-6140,Aftershave,PRD0057,Hygiene Products,CAT004,1583.59,63,99766.17,20551.43,79214.74,4069.23,75145.51,3483.51,2023,3,27,71662.0,36732.02,Cash,,ENT-20230327-00622
PO-202303-0926,2023-03-27,VND002,Kazi Tea IND Ltd.,INV-20230327-4489,Women's Skirt,PRD0046,Fashion Apparel,CAT001,4126.81,95,392046.95,95943.9,296103.05,5682.57,290420.48,25742.66,2023,3,27,264677.82,244672.08,Nagad,,ENT-20230327-00926
PO-202303-1044,2023-03-27,VND006,Sun Corporation Ltd.,INV-20230327-7147,Keychain,PRD0012,Accessories,CAT003,186.07,81,15071.67,1927.29,13144.38,447.68,12696.7,1334.13,2023,3,27,11362.57,9691.18,Bank Transfer,Dutch Bangla Bank,ENT-20230327-01044
PO-202303-0938,2023-03-27,VND002,Kazi Tea IND Ltd.,INV-20230327-6436,Hair Spray,PRD0071,Cosmetics,CAT002,3174.36,432,1371323.52,137132.35,1234191.17,61709.56,1172481.61,58624.08,2023,3,27,1113857.53,224320.21,Bank Transfer,Nagad,ENT-20230327-00938
PO-202303-0973,2023-03-27,VND005,Yello Energy Co.,INV-20230327-6198,Kids T-Shirt,PRD0006,Fashion Apparel,CAT001,3629.27,12,43551.24,6276.75,37274.49,388.78,36885.71,3596.57,2023,3,27,33289.14,11826.0,Bank Transfer,Janata Bank,ENT-20230327-00973
PO-202303-1005,2023-03-27,VND004,Organic Solutions,INV-20230327-8668,After Sun Lotion,PRD0074,Cosmetics,CAT002,2160.87,84,181513.08,13741.87,167771.21,8095.38,159675.83,3480.23,2023,3,27,156195.6,21274.78,Bkash,,ENT-20230327-01005
PO-202303-1205,2023-03-26,VND003,Shanti Enterprises,INV-20230326-8828,Men Jeans,PRD0078,Fashion Apparel,CAT001,4667.78,44,205382.32,27686.58,177695.74,14841.51,162854.23,855.9,2023,3,26,161998.33,6154.32,Cheque,Sonali Bank,ENT-20230326-01205
PO-202303-0876,2023-03-26,VND007,Style Mart Brand,INV-20230326-8361,Kids T-Shirt,PRD0006,Fashion Apparel,CAT001,3735.75,60,224145.0,32523.24,191621.76,17745.23,173876.53,25173.55,2023,3,26,148702.98,144423.22,Cheque,Rupali Bank,ENT-20230326-00876
PO-202303-0406,2023-03-26,VND006,Sun Corporation Ltd.,INV-20230326-6807,Feminine Wash,PRD0028,Hygiene Products,CAT004,4263.39,97,413548.83,93639.35,319909.48,22048.91,297860.57,2120.42,2023,3,26,295740.15,134772.37,Cash,,ENT-20230326-00406
PO-202303-0038,2023-03-26,VND006,Sun Corporation Ltd.,INV-20230326-6448,Women's Skirt,PRD0046,Fashion Apparel,CAT001,4251.56,94,399646.64,95824.98,303821.66,19225.24,284596.42,40127.98,2023,3,26,244468.44,30674.21,Nagad,,ENT-20230326-00038
PO-202303-0866,2023-03-26,VND003,Shanti Enterprises,INV-20230326-9914,After Sun Lotion,PRD0074,Cosmetics,CAT002,3413.36,83,283308.88,74534.95,208773.93,16244.78,192529.15,18420.88,2023,3,26,174108.27,119157.98,Cheque,Janata Bank,ENT-20230326-00866
PO-202303-0313,2023-03-25,VND003,Shanti Enterprises,INV-20230325-9237,Sunglasses,PRD0027,Accessories,CAT003,4167.8,27,112530.6,25878.89,86651.71,2028.55,84623.16,10163.94,2023,3,25,74459.22,65284.1,Bank Transfer,Nagad,ENT-20230325-00313
PO-202303-1772,2023-03-24,VND003,Shanti Enterprises,INV-20230324-1585,Nail Polish,PRD0055,Cosmetics,CAT002,3346.57,34,113783.38,30197.58,83585.8,5950.66,77635.14,10621.25,2023,3,24,67013.89,4225.87,Nagad,,ENT-20230324-01772
PO-202303-0757,2023-03-24,VND005,Yello Energy Co.,INV-20230324-6960,Hand Sanitizer,PRD0004,Hygiene Products,CAT004,4865.48,21,102175.08,24832.93,77342.15,3900.76,73441.39,7314.76,2023,3,24,66126.63,22380.15,Bkash,,ENT-20230324-00757
PO-202303-0779,2023-03-24,VND003,Shanti Enterprises,INV-20230324-4871,Foot Care Cream,PRD0041,Cosmetics,CAT002,2618.22,18,47127.96,13457.99,33669.97,123.04,33546.93,4162.92,2023,3,24,29384.01,2137.0,Nagad,,ENT-20230324-00779
PO-202303-0601,2023-03-23,VND003,Shanti Enterprises,INV-20230323-2574,Footwear,PRD0065,Hygiene Products,CAT004,4182.61,79,330426.19,42634.18,287792.01,3900.58,283891.43,28421.22,2023,3,23,255470.21,209758.59,Cash,,ENT-20230323-00601
PO-202303-0429,2023-03-23,VND007,Style Mart Brand,INV-20230323-1524,Women's Leggings,PRD0079,Fashion Apparel,CAT001,4529.96,48,217438.08,39179.37,178258.71,1980.3,176278.41,22510.91,2023,3,23,153767.5,2682.32,Cheque,BRAC Bank,ENT-20230323-00429
PO-202303-0137,2023-03-22,VND004,Organic Solutions,INV-20230322-6610,Hoodie,PRD0075,Fashion Apparel,CAT001,3856.32,10,38563.2,8795.04,29768.16,960.43,28807.73,3666.61,2023,3,22,25141.12,7189.41,Cheque,City Bank,ENT-20230322-00137
PO-202303-1939,2023-03-22,VND007,Style Mart Brand,INV-20230322-3867,Body Oil,PRD0059,Cosmetics,CAT002,87.59,91,7970.69,852.27,7118.42,227.57,6890.85,87.46,2023,3,22,6803.39,2374.71,Bkash,,ENT-20230322-01939
PO-202303-0797,2023-03-22,VND005,Yello Energy Co.,INV-20230322-5397,Hair Dryer,PRD0013,Hygiene Products,CAT004,300.61,55,16533.55,3753.86,12779.69,1039.44,11740.25,1276.88,2023,3,22,10463.37,7381.55,Bkash,,ENT-20230322-00797
PO-202303-1357,2023-03-22,VND007,Style Mart Brand,INV-20230322-7590,Condom,PRD0009,Hygiene Products,CAT004,3169.03,2,6338.06,1321.45,5016.61,414.04,4602.57,516.01,2023,3,22,4086.56,3055.26,Cash,,ENT-20230322-01357
PO-202303-1939,2023-03-22,VND007,Style Mart Brand,INV-20230322-3867,Body Oil,PRD0059,Cosmetics,CAT002,3332.38,221,736455.98,73645.6,662810.38,33140.52,629669.86,31483.49,2023,3,22,598186.37,168729.47,Bkash,,ENT-20230322-01939
PO-202303-0980,2023-03-22,VND003,Shanti Enterprises,INV-20230322-4063,Belt,PRD0002,Accessories,CAT003,1972.46,46,90733.16,2967.25,87765.91,7310.42,80455.49,9365.49,2023,3,22,71090.0,11490.0,Cash,,ENT-20230322-00980
PO-202303-1021,2023-03-21,VND005,Yello Energy Co.,INV-20230321-1451,Women's Saree,PRD0072,Fashion Apparel,CAT001,1391.57,34,47313.38,3202.99,44110.39,4078.93,40031.46,1471.25,2023,3,21,38560.21,7944.04,Cash,,ENT-20230321-01021
PO-202303-1981,2023-03-21,VND007,Style Mart Brand,INV-20230321-1874,Women's Leggings,PRD0079,Fashion Apparel,CAT001,4651.07,69,320923.83,61775.66,259148.17,21882.98,237265.19,21168.46,2023,3,21,216096.73,215782.7,Nagad,,ENT-20230321-01981
PO-202303-1120,2023-03-21,VND006,Sun Corporation Ltd.,INV-20230321-3856,Face Serum,PRD0053,Cosmetics,CAT002,4991.76,78,389357.28,83136.9,306220.38,16616.76,289603.62,35554.19,2023,3,21,254049.43,175844.87,Cheque,Dutch Bangla Bank,ENT-20230321-01120
PO-202303-0951,2023-03-20,VND003,Shanti Enterprises,INV-20230320-9247,Women's Saree,PRD0072,Fashion Apparel,CAT001,1686.79,13,21928.27,1513.93,20414.34,2005.29,18409.05,896.08,2023,3,20,17512.97,15611.37,Cash,,ENT-20230320-00951
PO-202303-0775,2023-03-20,VND004,Organic Solutions,INV-20230320-6478,Hair Mask,PRD0021,Cosmetics,CAT002,2590.67,8,20725.36,5406.25,15319.11,754.76,14564.35,725.57,2023,3,20,13838.78,1724.66,Bkash,,ENT-20230320-00775
PO-202303-0671,2023-03-20,VND002,Kazi Tea IND Ltd.,INV-20230320-1571,Aftershave,PRD0057,Hygiene Products,CAT004,876.7,81,71012.7,10185.5,60827.2,4761.24,56065.96,841.6,2023,3,20,55224.36,22197.43,Cash,,ENT-20230320-00671
PO-202303-0278,2023-03-20,VND002,Kazi Tea IND Ltd.,INV-20230320-5424,Women's Top,PRD0005,Fashion Apparel,CAT001,2732.12,16,43713.92,2897.1,40816.82,2257.8,38559.02,1199.74,2023,3,20,37359.28,22426.18,Nagad,,ENT-20230320-00278
PO-202303-0805,2023-03-19,VND004,Organic Solutions,INV-20230319-2328,Hat,PRD0019,Accessories,CAT003,3570.48,53,189235.44,11733.79,177501.65,7807.24,169694.41,1009.13,2023,3,19,168685.28,6549.6,Cheque,Dutch Bangla Bank,ENT-20230319-00805
PO-202303-1383,2023-03-19,VND001,Creative Corporation,INV-20230319-5448,Body Lotion,PRD0064,Cosmetics,CAT002,1257.16,36,45257.76,12695.47,32562.29,1555.06,31007.23,3283.34,2023,3,19,27723.89,12361.23,Bkash,,ENT-20230319-01383
PO-202303-1541,2023-03-19,VND001,Creative Corporation,INV-20230319-5192,Women's Saree,PRD0072,Fashion Apparel,CAT001,1311.88,87,114133.56,3803.26,110330.3,9906.63,100423.67,420.86,2023,3,19,100002.81,43713.71,Cash,,ENT-20230319-01541
PO-202303-1507,2023-03-19,VND003,Shanti Enterprises,INV-20230319-7770,Foot Care Cream,PRD0041,Cosmetics,CAT002,2439.99,45,109799.55,2552.48,107247.07,4643.91,102603.16,546.48,2023,3,19,102056.68,70449.49,Bkash,,ENT-20230319-01507
PO-202303-1036,2023-03-18,VND006,Sun Corporation Ltd.,INV-20230318-4818,Hair Gel,PRD0077,Hygiene Products,CAT004,1277.66,15,19164.9,1324.39,17840.51,682.29,17158.22,2563.07,2023,3,18,14595.15,5303.45,Bkash,,ENT-20230318-01036
PO-202303-1257,2023-03-18,VND002,Kazi Tea IND Ltd.,INV-20230318-1712,Face Cream,PRD0034,Cosmetics,CAT002,3640.29,89,323985.81,7291.83,316693.98,8340.38,308353.6,25203.6,2023,3,18,283150.0,249700.51,Bank Transfer,Bkash,ENT-20230318-01257
PO-202303-0678,2023-03-18,VND001,Creative Corporation,INV-20230318-2121,Backpack,PRD0038,Hygiene Products,CAT004,4581.64,25,114541.0,31272.46,83268.54,556.38,82712.16,12043.08,2023,3,18,70669.08,31572.87,Cheque,BRAC Bank,ENT-20230318-00678
PO-202303-0947,2023-03-17,VND005,Yello Energy Co.,INV-20230317-3549,Face Serum,PRD0053,Cosmetics,CAT002,2038.3,21,42804.3,9718.86,33085.44,150.07,32935.37,3149.83,2023,3,17,29785.54,21480.23,Cash,,ENT-20230317-00947
PO-202303-0213,2023-03-17,VND007,Style Mart Brand,INV-20230317-7115,Face Scrub,PRD0062,Hygiene Products,CAT004,889.8,82,72963.6,12515.46,60448.14,4456.42,55991.72,6747.47,2023,3,17,49244.25,15711.07,Cheque,Janata Bank,ENT-20230317-00213
PO-202303-0006,2023-03-16,VND006,Sun Corporation Ltd.,INV-20230316-9733,Shampoo,PRD0007,Hygiene Products,CAT004,3190.41,77,245661.57,41852.58,203808.99,6051.94,197757.05,5044.83,2023,3,16,192712.22,123335.76,Bkash,,ENT-20230316-00006
PO-202303-1705,2023-03-16,VND007,Style Mart Brand,INV-20230316-2316,Beard Oil,PRD0049,Cosmetics,CAT002,2749.21,8,21993.68,4433.16,17560.52,793.8,16766.72,957.79,2023,3,16,15808.93,801.93,Nagad,,ENT-20230316-01705
PO-202303-0294,2023-03-16,VND004,Organic Solutions,INV-20230316-9599,Face Wash,PRD0022,Hygiene Products,CAT004,8692.78,286,2486135.08,248613.51,2237521.57,111876.08,2125645.49,106282.27,2023,3,16,2019363.22,633188.32,Cash,,ENT-20230316-00294
PO-202303-0894,2023-03-16,VND002,Kazi Tea IND Ltd.,INV-20230316-2010,Keychain,PRD0012,Accessories,CAT003,975.13,92,89711.96,14995.2,74716.76,4241.42,70475.34,2506.47,2023,3,16,67968.87,35586.68,Nagad,,ENT-20230316-00894
PO-202303-0294,2023-03-16,VND004,Organic Solutions,INV-20230316-9599,Face Wash,PRD0022,Hygiene Products,CAT004,366.65,66,24198.9,4870.54,19328.36,760.71,18567.65,1237.25,2023,3,16,17330.4,3501.96,Cash,,ENT-20230316-00294
PO-202303-1055,2023-03-16,VND006,Sun Corporation Ltd.,INV-20230316-2188,Toothbrush,PRD0017,Hygiene Products,CAT004,3841.45,49,188231.05,33374.87,154856.18,6705.46,148150.72,21180.02,2023,3,16,126970.7,113499.86,Bkash,,ENT-20230316-01055
PO-202303-0933,2023-03-16,VND006,Sun Corporation Ltd.,INV-20230316-6190,Hand Sanitizer,PRD0004,Hygiene Products,CAT004,2717.97,72,195693.84,36557.97,159135.87,5964.82,153171.05,15173.19,2023,3,16,137997.86,52249.09,Bkash,,ENT-20230316-00933
PO-202303-0328,2023-03-15,VND001,Creative Corporation,INV-20230315-4349,Hair Mask,PRD0021,Cosmetics,CAT002,3848.32,66,253989.12,72246.57,181742.55,4061.03,177681.52,1274.13,2023,3,15,176407.39,109533.48,Cash,,ENT-20230315-00328
PO-202303-0230,2023-03-15,VND001,Creative Corporation,INV-20230315-3979,Hand Sanitizer,PRD0004,Hygiene Products,CAT004,1575.74,50,78787.0,23243.94,55543.06,110.6,55432.46,2062.85,2023,3,15,53369.61,51571.06,Bank Transfer,Nagad,ENT-20230315-00230
PO-202303-0328,2023-03-15,VND001,Creative Corporation,INV-20230315-4349,Hair Mask,PRD0021,Cosmetics,CAT002,5452.61,79,430756.19,43075.62,387680.57,19384.03,368296.54,18414.83,2023,3,15,349881.71,3807.19,Cash,,ENT-20230315-00328
PO-202303-1599,2023-03-14,VND005,Yello Energy Co.,INV-20230314-1792,Hair Spray,PRD0071,Cosmetics,CAT002,4057.59,61,247512.99,5937.81,241575.18,16054.41,225520.77,26957.65,2023,3,14,198563.12,153126.45,Nagad,,ENT-20230314-01599
PO-202303-1948,2023-03-14,VND002,Kazi Tea IND Ltd.,INV-20230314-8253,Luggage,PRD0045,Hygiene Products,CAT004,1633.59,49,80045.91,23786.55,56259.36,1755.05,54504.31,5223.16,2023,3,14,49281.15,36650.76,Bkash,,ENT-20230314-01948
PO-202303-0987,2023-03-13,VND003,Shanti Enterprises,INV-20230313-9254,Women's Saree,PRD0072,Fashion Apparel,CAT001,2795.79,82,229254.78,65982.76,163272.02,14100.93,149171.09,20764.76,2023,3,13,128406.33,34283.83,Cheque,Bkash,ENT-20230313-00987
PO-202303-0116,2023-03-12,VND007,Style Mart Brand,INV-20230312-2475,Gloves,PRD0023,Hygiene Products,CAT004,3284.1,3,9852.3,468.87,9383.43,524.63,8858.8,575.84,2023,3,12,8282.96,7993.5,Bank Transfer,Dutch Bangla Bank,ENT-20230312-00116
PO-202303-0168,2023-03-12,VND007,Style Mart Brand,INV-20230312-5673,Hair Mask,PRD0021,Cosmetics,CAT002,4615.85,91,420042.35,32896.57,387145.78,22474.13,364671.65,44011.34,2023,3,12,320660.31,9219.56,Bkash,,ENT-20230312-00168
PO-202303-0711,2023-03-12,VND006,Sun Corporation Ltd.,INV-20230312-7769,Watch,PRD0043,Accessories,CAT003,2797.01,46,128662.46,21203.99,107458.47,6113.0,101345.47,2097.83,2023,3,12,99247.64,13872.79,Cash,,ENT-20230312-00711
PO-202303-0321,2023-03-11,VND001,Creative Corporation,INV-20230311-5734,Hat,PRD0019,Accessories,CAT003,4612.52,85,392064.2,58963.96,333100.24,13251.4,319848.84,46765.61,2023,3,11,273083.23,152695.75,Nagad,,ENT-20230311-00321
PO-202303-0637,2023-03-10,VND004,Organic Solutions,INV-20230310-6857,Men's Nightwear,PRD0048,Fashion Apparel,CAT001,3805.75,27,102755.25,20778.75,81976.5,6662.53,75313.97,7376.58,2023,3,10,67937.39,54084.1,Bank Transfer,City Bank,ENT-20230310-00637
PO-202303-1922,2023-03-10,VND003,Shanti Enterprises,INV-20230310-6348,Face Toner,PRD0033,Hygiene Products,CAT004,3389.43,81,274543.83,30630.04,243913.79,5820.37,238093.42,27356.88,2023,3,10,210736.54,192309.14,Bank Transfer,Bkash,ENT-20230310-01922
PO-202303-1111,2023-03-10,VND006,Sun Corporation Ltd.,INV-20230310-5961,Hair Gel,PRD0077,Hygiene Products,CAT004,150.97,75,11322.75,2813.94,8508.81,647.34,7861.47,609.37,2023,3,10,7252.1,4812.25,Nagad,,ENT-20230310-01111
PO-202303-1058,2023-03-10,VND007,Style Mart Brand,INV-20230310-2199,Toothbrush,PRD0017,Hygiene Products,CAT004,1671.43,5,8357.15,1748.27,6608.88,569.83,6039.05,271.81,2023,3,10,5767.24,4501.38,Cheque,Rupali Bank,ENT-20230310-01058
PO-202303-1913,2023-03-10,VND007,Style Mart Brand,INV-20230310-5051,Body Butter,PRD0016,Hygiene Products,CAT004,1475.45,88,129839.6,10380.29,119459.31,3681.58,115777.73,6085.88,2023,3,10,109691.85,36785.83,Bank Transfer,Nagad,ENT-20230310-01913
PO-202303-0269,2023-03-09,VND006,Sun Corporation Ltd.,INV-20230309-4044,Women's Skirt,PRD0046,Fashion Apparel,CAT001,4494.1,10,44941.0,2985.95,41955.05,3090.0,38865.05,939.6,2023,3,9,37925.45,36259.68,Bank Transfer,Bkash,ENT-20230309-00269
PO-202303-1765,2023-03-09,VND004,Organic Solutions,INV-20230309-9489,Handbag,PRD0020,Accessories,CAT003,4621.09,82,378929.38,20102.48,358826.9,141.21,358685.69,41339.85,2023,3,9,317345.84,243665.75,Cash,,ENT-20230309-01765
PO-202303-1213,2023-03-09,VND005,Yello Energy Co.,INV-20230309-6003,Underarm Whitening Cream,PRD0050,Cosmetics,CAT002,3012.92,92,277188.64,3533.47,273655.17,16588.93,257066.24,23346.81,2023,3,9,233719.43,105000.69,Bank Transfer,BRAC Bank,ENT-20230309-01213
PO-202303-1869,2023-03-08,VND002,Kazi Tea IND Ltd.,INV-20230308-9171,Nail Polish,PRD0055,Cosmetics,CAT002,810.47,50,40523.5,624.3,39899.2,976.31,38922.89,1064.67,2023,3,8,37858.22,30859.23,Bank Transfer,Janata Bank,ENT-20230308-01869
PO-202303-0030,2023-03-08,VND006,Sun Corporation Ltd.,INV-20230308-7786,Gloves,PRD0023,Hygiene Products,CAT004,2322.73,35,81295.55,7593.25,73702.3,4554.2,69148.1,8587.44,2023,3,8,60560.66,56696.1,Nagad,,ENT-20230308-00030
PO-202303-0070,2023-03-07,VND001,Creative Corporation,INV-20230307-9116,Bra & Panty Set,PRD0031,Hygiene Products,CAT004,539.64,99,53424.36,10179.69,43244.67,468.4,42776.27,2109.36,2023,3,7,40666.91,28752.35,Cheque,Sonali Bank,ENT-20230307-00070
PO-202303-0732,2023-03-07,VND005,Yello Energy Co.,INV-20230307-1417,Women's Saree,PRD0072,Fashion Apparel,CAT001,3495.55,65,227210.75,54062.01,173148.74,1283.55,171865.19,23661.56,2023,3,7,148203.63,121137.98,Nagad,,ENT-20230307-00732
PO-202303-1759,2023-03-06,VND007,Style Mart Brand,INV-20230306-1873,Makeup Kit,PRD0056,Cosmetics,CAT002,3537.19,60,212231.4,60635.62,151595.78,14066.13,137529.65,1949.69,2023,3,6,135579.96,91425.0,Nagad,,ENT-20230306-01759
PO-202303-0955,2023-03-06,VND001,Creative Corporation,INV-20230306-9854,Jewelry Set,PRD0044,Accessories,CAT003,4600.49,99,455448.51,19379.49,436069.02,3175.67,432893.35,10548.22,2023,3,6,422345.13,200149.92,Bkash,,ENT-20230306-00955
PO-202303-1363,2023-03-05,VND006,Sun Corporation Ltd.,INV-20230305-3149,Perfume,PRD0014,Cosmetics,CAT002,4990.86,5,24954.3,7222.48,17731.82,91.5,17640.32,371.82,2023,3,5,17268.5,15368.25,Nagad,,ENT-20230305-01363
PO-202303-0889,2023-03-05,VND006,Sun Corporation Ltd.,INV-20230305-9091,Women's Skirt,PRD0046,Fashion Apparel,CAT001,2739.3,11,30132.3,8362.49,21769.81,1985.11,19784.7,826.91,2023,3,5,18957.79,18503.75,Cheque,City Bank,ENT-20230305-00889
PO-202303-1143,2023-03-04,VND004,Organic Solutions,INV-20230304-6501,After Sun Lotion,PRD0074,Cosmetics,CAT002,225.03,56,12601.68,2411.72,10189.96,272.53,9917.43,976.0,2023,3,4,8941.43,795.04,Bank Transfer,City Bank,ENT-20230304-01143
PO-202303-0737,2023-03-04,VND005,Yello Energy Co.,INV-20230304-4659,Face Cream,PRD0034,Cosmetics,CAT002,2967.26,23,68246.98,19747.94,48499.04,4199.02,44300.02,6050.43,2023,3,4,38249.59,17806.45,Cash,,ENT-20230304-00737
PO-202303-1575,2023-03-03,VND007,Style Mart Brand,INV-20230303-5748,Footwear,PRD0065,Hygiene Products,CAT004,3502.08,41,143585.28,20855.8,122729.48,3977.77,118751.71,15489.99,2023,3,3,103261.72,53988.94,Bank Transfer,Sonali Bank,ENT-20230303-01575
PO-202303-1929,2023-03-02,VND001,Creative Corporation,INV-20230302-6550,Face Wash,PRD0022,Hygiene Products,CAT004,6774.45,454,3075600.3,307560.03,2768040.27,138402.01,2629638.26,131481.91,2023,3,2,2498156.35,61537.87,Cheque,City Bank,ENT-20230302-01929
PO-202303-1929,2023-03-02,VND001,Creative Corporation,INV-20230302-6550,Face Wash,PRD0022,Hygiene Products,CAT004,4493.91,16,71902.56,7255.29,64647.27,5249.12,59398.15,1121.94,2023,3,2,58276.21,38880.34,Cheque,City Bank,ENT-20230302-01929
PO-202302-1502,2023-02-28,VND002,Kazi Tea IND Ltd.,INV-20230228-1147,Beard Oil,PRD0049,Cosmetics,CAT002,3677.49,94,345684.06,26024.84,319659.22,10961.29,308697.93,26288.19,2023,2,28,282409.74,274084.15,Bkash,,ENT-20230228-01502
PO-202302-1250,2023-02-28,VND002,Kazi Tea IND Ltd.,INV-20230228-9817,Men Shirt,PRD0010,Fashion Apparel,CAT001,3334.87,49,163408.63,43607.84,119800.79,10081.15,109719.64,16110.97,2023,2,28,93608.67,58773.78,Cheque,BRAC Bank,ENT-20230228-01250
PO-202302-0785,2023-02-28,VND007,Style Mart Brand,INV-20230228-7526,Face Toner,PRD0033,Hygiene Products,CAT004,4788.92,53,253812.76,6908.52,246904.24,390.2,246514.04,3608.99,2023,2,28,242905.05,83268.25,Cash,,ENT-20230228-00785
PO-202302-0778,2023-02-27,VND005,Yello Energy Co.,INV-20230227-5445,Hair Removal Cream,PRD0018,Cosmetics,CAT002,2295.84,39,89537.76,11240.12,78297.64,5303.51,72994.13,6214.85,2023,2,27,66779.28,2516.81,Nagad,,ENT-20230227-00778
PO-202302-1269,2023-02-27,VND001,Creative Corporation,INV-20230227-4426,Men's Nightwear,PRD0048,Fashion Apparel,CAT001,332.85,80,26628.0,981.13,25646.87,869.43,24777.44,187.4,2023,2,27,24590.04,9162.66,Cheque,Janata Bank,ENT-20230227-01269
PO-202302-0322,2023-02-26,VND005,Yello Energy Co.,INV-20230226-4522,Handbag,PRD0020,Accessories,CAT003,3377.14,91,307319.74,92030.51,215289.23,13682.77,201606.46,8388.2,2023,2,26,193218.26,82018.85,Bkash,,ENT-20230226-00322
PO-202302-0676,2023-02-26,VND002,Kazi Tea IND Ltd.,INV-20230226-1113,Makeup Remover,PRD0032,Cosmetics,CAT002,149.28,53,7911.84,2163.32,5748.52,268.48,5480.04,47.99,2023,2,26,5432.05,918.17,Bank Transfer,City Bank,ENT-20230226-00676
PO-202302-0411,2023-02-26,VND007,Style Mart Brand,INV-20230226-5795,Toothpaste,PRD0063,Hygiene Products,CAT004,2229.86,32,71355.52,14180.77,57174.75,5356.14,51818.61,3998.57,2023,2,26,47820.04,38371.42,Cheque,BRAC Bank,ENT-20230226-00411
PO-202302-0705,2023-02-26,VND004,Organic Solutions,INV-20230226-3900,Baby Wipes,PRD0069,Hygiene Products,CAT004,1075.08,83,89231.64,8682.38,80549.26,5123.67,75425.59,849.07,2023,2,26,74576.52,74322.1,Cheque,Bkash,ENT-20230226-00705
PO-202302-0480,2023-02-26,VND007,Style Mart Brand,INV-20230226-1281,Scarf,PRD0076,Accessories,CAT003,4394.57,95,417484.15,120932.99,296551.16,12480.28,284070.88,9028.71,2023,2,26,275042.17,129638.75,Cheque,Nagad,ENT-20230226-00480
PO-202302-1595,2023-02-25,VND001,Creative Corporation,INV-20230225-7638,Hair Gel,PRD0077,Hygiene Products,CAT004,4689.62,40,187584.8,41460.77,146124.03,4750.25,141373.78,19553.05,2023,2,25,121820.73,58918.52,Nagad,,ENT-20230225-01595
PO-202302-0550,2023-02-25,VND002,Kazi Tea IND Ltd.,INV-20230225-2843,Feminine Wash,PRD0028,Hygiene Products,CAT004,4159.9,68,282873.2,77934.13,204939.07,16524.22,188414.85,26591.92,2023,2,25,161822.93,37956.73,Cheque,Nagad,ENT-20230225-00550
PO-202302-1178,2023-02-24,VND004,Organic Solutions,INV-20230224-7861,Lipstick,PRD0061,Cosmetics,CAT002,166.19,85,14126.15,4025.44,10100.71,358.14,9742.57,1038.97,2023,2,24,8703.6,350.83,Bkash,,ENT-20230224-01178
PO-202302-0363,2023-02-24,VND004,Organic Solutions,INV-20230224-7934,Sunscreen,PRD0068,Hygiene Products,CAT004,2669.74,99,264304.26,62141.64,202162.62,3694.45,198468.17,19145.38,2023,2,24,179322.79,151848.37,Cheque,City Bank,ENT-20230224-00363
PO-202302-1803,2023-02-24,VND005,Yello Energy Co.,INV-20230224-4961,Belt,PRD0002,Accessories,CAT003,3203.25,76,243447.0,54868.56,188578.44,15690.24,172888.2,18897.6,2023,2,24,153990.6,76193.12,Cheque,Sonali Bank,ENT-20230224-01803
PO-202302-0713,2023-02-23,VND001,Creative Corporation,INV-20230223-1292,Hair Conditioner,PRD0039,Hygiene Products,CAT004,2318.79,41,95070.39,14065.14,81005.25,2167.44,78837.81,7153.71,2023,2,23,71684.1,31897.92,Cheque,Nagad,ENT-20230223-00713
PO-202302-0336,2023-02-22,VND001,Creative Corporation,INV-20230222-8392,Condom,PRD0009,Hygiene Products,CAT004,4384.77,149,653330.73,65333.07,587997.66,29399.88,558597.78,27929.89,2023,2,22,530667.89,199740.2,Bkash,,ENT-20230222-00336
PO-202302-0336,2023-02-22,VND001,Creative Corporation,INV-20230222-8392,Condom,PRD0009,Hygiene Products,CAT004,3246.07,66,214240.62,10387.4,203853.22,17502.73,186350.49,6248.01,2023,2,22,180102.48,79975.22,Bkash,,ENT-20230222-00336
PO-202302-1910,2023-02-22,VND001,Creative Corporation,INV-20230222-7318,After Sun Lotion,PRD0074,Cosmetics,CAT002,1523.92,91,138676.72,8423.52,130253.2,5148.94,125104.26,7426.5,2023,2,22,117677.76,105988.26,Cash,,ENT-20230222-01910
PO-202302-0769,2023-02-22,VND006,Sun Corporation Ltd.,INV-20230222-5643,Body Butter,PRD0016,Hygiene Products,CAT004,3140.33,62,194700.46,13249.14,181451.32,15663.61,165787.71,11788.49,2023,2,22,153999.22,82511.86,Cash,,ENT-20230222-00769
PO-202302-0769,2023-02-22,VND006,Sun Corporation Ltd.,INV-20230222-5643,Body Butter,PRD0016,Hygiene Products,CAT004,4470.99,275,1229522.25,122952.23,1106570.02,55328.5,1051241.52,52562.08,2023,2,22,998679.44,129221.27,Cash,,ENT-20230222-00769
PO-202302-0940,2023-02-22,VND002,Kazi Tea IND Ltd.,INV-20230222-9846,Hair Spray,PRD0071,Cosmetics,CAT002,869.4,75,65205.0,5440.87,59764.13,4963.71,54800.42,6037.98,2023,2,22,48762.44,25426.43,Bkash,,ENT-20230222-00940
PO-202302-0396,2023-02-21,VND005,Yello Energy Co.,INV-20230221-7362,Watch,PRD0043,Accessories,CAT003,4484.87,21,94182.27,8960.53,85221.74,1066.24,84155.5,11391.26,2023,2,21,72764.24,17542.13,Nagad,,ENT-20230221-00396
PO-202302-0846,2023-02-21,VND002,Kazi Tea IND Ltd.,INV-20230221-9034,Women's Nightwear,PRD0003,Fashion Apparel,CAT001,2860.15,40,114406.0,12279.22,102126.78,16.31,102110.47,674.17,2023,2,21,101436.3,76503.34,Bkash,,ENT-20230221-00846
PO-202302-1669,2023-02-21,VND003,Shanti Enterprises,INV-20230221-9696,Belt,PRD0002,Accessories,CAT003,141.15,29,4093.35,89.86,4003.49,177.42,3826.07,83.14,2023,2,21,3742.93,58.77,Nagad,,ENT-20230221-01669
PO-202302-1452,2023-02-21,VND003,Shanti Enterprises,INV-20230221-1522,Women's Saree,PRD0072,Fashion Apparel,CAT001,1560.76,5,7803.8,2081.51,5722.29,391.58,5330.71,446.27,2023,2,21,4884.44,1981.51,Cash,,ENT-20230221-01452
PO-202302-0242,2023-02-20,VND007,Style Mart Brand,INV-20230220-8825,Jewelry Set,PRD0044,Accessories,CAT003,1293.21,62,80179.02,1521.6,78657.42,3681.96,74975.46,4160.41,2023,2,20,70815.05,58194.41,Cheque,Sonali Bank,ENT-20230220-00242
PO-202302-0999,2023-02-20,VND003,Shanti Enterprises,INV-20230220-8991,Personal Toys,PRD0040,Hygiene Products,CAT004,1119.14,37,41408.18,3060.59,38347.59,1272.63,37074.96,4804.22,2023,2,20,32270.74,156.36,Bkash,,ENT-20230220-00999
PO-202302-1215,2023-02-20,VND005,Yello Energy Co.,INV-20230220-6207,Men Polo Shirt,PRD0080,Fashion Apparel,CAT001,2931.37,65,190539.05,4835.25,185703.8,2048.43,183655.37,21465.53,2023,2,20,162189.84,101967.41,Bkash,,ENT-20230220-01215
PO-202302-0129,2023-02-20,VND006,Sun Corporation Ltd.,INV-20230220-4987,Belt,PRD0002,Accessories,CAT003,1904.04,82,156131.28,30374.48,125756.8,1010.24,124746.56,17265.99,2023,2,20,107480.57,62280.3,Cash,,ENT-20230220-00129
PO-202302-0297,2023-02-20,VND003,Shanti Enterprises,INV-20230220-6991,Face Toner,PRD0033,Hygiene Products,CAT004,3262.37,25,81559.25,2657.52,78901.73,2221.6,76680.13,2904.47,2023,2,20,73775.66,49735.56,Nagad,,ENT-20230220-00297
PO-202302-1741,2023-02-19,VND007,Style Mart Brand,INV-20230219-2894,Body Mist,PRD0035,Cosmetics,CAT002,2130.1,4,8520.4,1419.33,7101.07,270.67,6830.4,544.6,2023,2,19,6285.8,4847.79,Cash,,ENT-20230219-01741
PO-202302-0663,2023-02-19,VND006,Sun Corporation Ltd.,INV-20230219-8173,Men Jeans,PRD0078,Fashion Apparel,CAT001,4267.77,2,8535.54,2530.83,6004.71,443.52,5561.19,64.36,2023,2,19,5496.83,1533.18,Nagad,,ENT-20230219-00663
PO-202302-1449,2023-02-18,VND002,Kazi Tea IND Ltd.,INV-20230218-3874,Men's Nightwear,PRD0048,Fashion Apparel,CAT001,2228.82,6,13372.92,1226.38,12146.54,464.82,11681.72,1720.1,2023,2,18,9961.62,4924.57,Nagad,,ENT-20230218-01449
PO-202302-1217,2023-02-18,VND004,Organic Solutions,INV-20230218-6393,Umbrella,PRD0060,Accessories,CAT003,4536.12,66,299383.92,65368.75,234015.17,11881.41,222133.76,15524.92,2023,2,18,206608.84,53826.72,Cash,,ENT-20230218-01217
PO-202302-0715,2023-02-18,VND006,Sun Corporation Ltd.,INV-20230218-4062,Deodorant,PRD0036,Cosmetics,CAT002,133.11,42,5590.62,798.98,4791.64,25.92,4765.72,611.68,2023,2,18,4154.04,3634.77,Cheque,City Bank,ENT-20230218-00715
PO-202302-1577,2023-02-17,VND007,Style Mart Brand,INV-20230217-6314,Body Oil,PRD0059,Cosmetics,CAT002,3975.08,96,381607.68,36728.43,344879.25,12300.14,332579.11,1801.35,2023,2,17,330777.76,194780.35,Cash,,ENT-20230217-01577
PO-202302-1628,2023-02-16,VND005,Yello Energy Co.,INV-20230216-1056,Gloves,PRD0023,Hygiene Products,CAT004,1398.35,52,72714.2,2286.18,70428.02,3439.1,66988.92,6020.38,2023,2,16,60968.54,17839.81,Cheque,Bkash,ENT-20230216-01628
PO-202302-1755,2023-02-16,VND004,Organic Solutions,INV-20230216-5073,Makeup Remover,PRD0032,Cosmetics,CAT002,1516.18,84,127359.12,33949.91,93409.21,8245.2,85164.01,12564.38,2023,2,16,72599.63,3150.63,Bkash,,ENT-20230216-01755
PO-202302-0282,2023-02-15,VND003,Shanti Enterprises,INV-20230215-2983,Face Mask,PRD0054,Cosmetics,CAT002,2766.2,56,154907.2,9700.09,145207.11,10790.72,134416.39,7014.39,2023,2,15,127402.0,56526.78,Bank Transfer,BRAC Bank,ENT-20230215-00282
PO-202302-0603,2023-02-15,VND001,Creative Corporation,INV-20230215-5761,Body Scrub,PRD0047,Hygiene Products,CAT004,4914.88,40,196595.2,23327.08,173268.12,3432.45,169835.67,19910.25,2023,2,15,149925.42,82221.87,Bkash,,ENT-20230215-00603
PO-202302-1973,2023-02-15,VND005,Yello Energy Co.,INV-20230215-4143,Foot Care Cream,PRD0041,Cosmetics,CAT002,753.48,18,13562.64,1067.98,12494.66,1203.66,11291.0,1059.21,2023,2,15,10231.79,1438.92,Bank Transfer,Bkash,ENT-20230215-01973
PO-202302-0833,2023-02-14,VND006,Sun Corporation Ltd.,INV-20230214-3403,Hair Straightener,PRD0073,Hygiene Products,CAT004,816.67,77,62883.59,11132.95,51750.64,3394.0,48356.64,1444.72,2023,2,14,46911.92,37665.69,Cash,,ENT-20230214-00833
PO-202302-1587,2023-02-14,VND003,Shanti Enterprises,INV-20230214-8464,Body Oil,PRD0059,Cosmetics,CAT002,842.81,88,74167.28,9239.89,64927.39,2946.33,61981.06,2626.74,2023,2,14,59354.32,47302.18,Bank Transfer,Rupali Bank,ENT-20230214-01587
PO-202302-1886,2023-02-13,VND007,Style Mart Brand,INV-20230213-8500,Women's Skirt,PRD0046,Fashion Apparel,CAT001,822.26,70,57558.2,1692.95,55865.25,2087.15,53778.1,1754.18,2023,2,13,52023.92,40330.01,Nagad,,ENT-20230213-01886
PO-202302-0867,2023-02-12,VND003,Shanti Enterprises,INV-20230212-4657,Hat,PRD0019,Accessories,CAT003,67.78,23,1558.94,212.39,1346.55,122.44,1224.11,173.63,2023,2,12,1050.48,395.54,Nagad,,ENT-20230212-00867
PO-202302-1612,2023-02-12,VND006,Sun Corporation Ltd.,INV-20230212-4681,Shampoo,PRD0007,Hygiene Products,CAT004,3869.6,50,193480.0,19492.58,173987.42,11975.26,162012.16,9034.95,2023,2,12,152977.21,135262.51,Bank Transfer,Nagad,ENT-20230212-01612
PO-202302-0119,2023-02-11,VND007,Style Mart Brand,INV-20230211-5688,Face Scrub,PRD0062,Hygiene Products,CAT004,2472.75,9,22254.75,6037.07,16217.68,1321.48,14896.2,2124.95,2023,2,11,12771.25,1224.38,Cheque,Bkash,ENT-20230211-00119
PO-202302-0632,2023-02-11,VND004,Organic Solutions,INV-20230211-3919,Foot Care Cream,PRD0041,Cosmetics,CAT002,746.42,91,67924.22,591.55,67332.67,4811.45,62521.22,2337.07,2023,2,11,60184.15,48242.15,Cheque,BRAC Bank,ENT-20230211-00632
PO-202302-0860,2023-02-11,VND001,Creative Corporation,INV-20230211-1559,Hair Straightener,PRD0073,Hygiene Products,CAT004,1801.15,32,57636.8,11569.92,46066.88,3.29,46063.59,6252.45,2023,2,11,39811.14,26766.13,Nagad,,ENT-20230211-00860
PO-202302-1819,2023-02-11,VND002,Kazi Tea IND Ltd.,INV-20230211-9101,Kids T-Shirt,PRD0006,Fashion Apparel,CAT001,2143.48,1,2143.48,318.86,1824.62,21.99,1802.63,9.86,2023,2,11,1792.77,731.56,Cash,,ENT-20230211-01819
PO-202302-1410,2023-02-11,VND002,Kazi Tea IND Ltd.,INV-20230211-6891,Body Mist,PRD0035,Cosmetics,CAT002,1202.97,47,56539.59,10940.15,45599.44,2988.82,42610.62,3833.56,2023,2,11,38777.06,776.07,Bkash,,ENT-20230211-01410
PO-202302-0565,2023-02-10,VND002,Kazi Tea IND Ltd.,INV-20230210-4901,Hair Dryer,PRD0013,Hygiene Products,CAT004,1900.11,27,51302.97,1420.44,49882.53,3313.36,46569.17,3525.77,2023,2,10,43043.4,13990.14,Bkash,,ENT-20230210-00565
PO-202302-0931,2023-02-10,VND003,Shanti Enterprises,INV-20230210-9307,Hoodie,PRD0075,Fashion Apparel,CAT001,262.63,7,1838.41,135.81,1702.6,131.73,1570.87,55.5,2023,2,10,1515.37,860.57,Bank Transfer,Nagad,ENT-20230210-00931
PO-202302-0430,2023-02-08,VND003,Shanti Enterprises,INV-20230208-4699,Face Toner,PRD0033,Hygiene Products,CAT004,1550.56,16,24808.96,2730.89,22078.07,587.99,21490.08,133.67,2023,2,8,21356.41,12412.98,Nagad,,ENT-20230208-00430
PO-202302-1201,2023-02-08,VND006,Sun Corporation Ltd.,INV-20230208-7167,After Sun Lotion,PRD0074,Cosmetics,CAT002,2674.71,4,10698.84,2210.88,8487.96,269.7,8218.26,873.12,2023,2,8,7345.14,4830.1,Bank Transfer,Rupali Bank,ENT-20230208-01201
PO-202302-0338,2023-02-07,VND006,Sun Corporation Ltd.,INV-20230207-6869,Aftershave,PRD0057,Hygiene Products,CAT004,1937.42,137,265426.54,26542.65,238883.89,11944.19,226939.7,11346.99,2023,2,7,215592.71,104778.96,Cheque,Nagad,ENT-20230207-00338
PO-202302-1238,2023-02-07,VND004,Organic Solutions,INV-20230207-9643,Personal Lubricant,PRD0070,Hygiene Products,CAT004,2648.59,42,111240.78,11193.63,100047.15,2311.53,97735.62,7713.84,2023,2,7,90021.78,87808.0,Cheque,Dutch Bangla Bank,ENT-20230207-01238
PO-202302-0915,2023-02-07,VND005,Yello Energy Co.,INV-20230207-4662,Lipstick,PRD0061,Cosmetics,CAT002,1380.86,25,34521.5,5639.1,28882.4,203.79,28678.61,2857.59,2023,2,7,25821.02,20155.58,Cheque,Dutch Bangla Bank,ENT-20230207-00915
PO-202302-0458,2023-02-07,VND006,Sun Corporation Ltd.,INV-20230207-9090,Hair Gel,PRD0077,Hygiene Products,CAT004,2726.89,8,21815.12,5691.2,16123.92,1059.86,15064.06,643.71,2023,2,7,14420.35,5156.26,Cheque,Rupali Bank,ENT-20230207-00458
PO-202302-1524,2023-02-07,VND003,Shanti Enterprises,INV-20230207-5097,Lipstick,PRD0061,Cosmetics,CAT002,4398.56,39,171543.84,8538.16,163005.68,9155.32,153850.36,15412.64,2023,2,7,138437.72,16404.51,Cash,,ENT-20230207-01524
PO-202302-0338,2023-02-07,VND006,Sun Corporation Ltd.,INV-20230207-6869,Aftershave,PRD0057,Hygiene Products,CAT004,937.6,91,85321.6,16613.26,68708.34,5697.92,63010.42,90.82,2023,2,7,62919.6,60212.19,Cheque,Nagad,ENT-20230207-00338
PO-202302-1424,2023-02-06,VND005,Yello Energy Co.,INV-20230206-8370,Face Scrub,PRD0062,Hygiene Products,CAT004,2621.86,12,31462.32,2590.33,28871.99,1521.74,27350.25,30.38,2023,2,6,27319.87,15667.7,Bkash,,ENT-20230206-01424
PO-202302-0627,2023-02-06,VND006,Sun Corporation Ltd.,INV-20230206-3028,Men's Innerwear,PRD0015,Fashion Apparel,CAT001,1025.95,25,25648.75,7124.08,18524.67,582.26,17942.41,2329.0,2023,2,6,15613.41,13918.03,Cheque,Janata Bank,ENT-20230206-00627
PO-202302-0812,2023-02-06,VND005,Yello Energy Co.,INV-20230206-5297,Jewelry Set,PRD0044,Accessories,CAT003,1111.29,132,146690.28,14669.03,132021.25,6601.06,125420.19,6271.01,2023,2,6,119149.18,54688.81,Bank Transfer,Janata Bank,ENT-20230206-00812
PO-202302-0962,2023-02-06,VND004,Organic Solutions,INV-20230206-4199,Hair Conditioner,PRD0039,Hygiene Products,CAT004,1062.52,52,55251.04,15665.47,39585.57,3760.54,35825.03,628.31,2023,2,6,35196.72,16805.06,Bank Transfer,BRAC Bank,ENT-20230206-00962
PO-202302-0812,2023-02-06,VND005,Yello Energy Co.,INV-20230206-5297,Jewelry Set,PRD0044,Accessories,CAT003,4064.86,18,73167.48,2207.84,70959.64,4336.56,66623.08,696.45,2023,2,6,65926.63,18224.7,Bank Transfer,Janata Bank,ENT-20230206-00812
PO-202302-0819,2023-02-05,VND007,Style Mart Brand,INV-20230205-6802,Underarm Whitening Cream,PRD0050,Cosmetics,CAT002,2442.46,277,676561.42,67656.14,608905.28,30445.26,578460.02,28923.0,2023,2,5,549537.02,138068.68,Bkash,,ENT-20230205-00819
PO-202302-1319,2023-02-05,VND004,Organic Solutions,INV-20230205-2093,Perfume,PRD0014,Cosmetics,CAT002,339.26,10,3392.6,958.27,2434.33,64.18,2370.15,30.0,2023,2,5,2340.15,1798.93,Nagad,,ENT-20230205-01319
PO-202302-0155,2023-02-05,VND002,Kazi Tea IND Ltd.,INV-20230205-6111,Kids Dress,PRD0067,Fashion Apparel,CAT001,716.49,80,57319.2,10267.75,47051.45,4154.28,42897.17,627.19,2023,2,5,42269.98,16497.67,Cheque,Rupali Bank,ENT-20230205-00155
PO-202302-1395,2023-02-05,VND002,Kazi Tea IND Ltd.,INV-20230205-5227,Luggage,PRD0045,Hygiene Products,CAT004,2038.54,20,40770.8,72.32,40698.48,868.54,39829.94,1602.42,2023,2,5,38227.52,35888.43,Bkash,,ENT-20230205-01395
PO-202302-0819,2023-02-05,VND007,Style Mart Brand,INV-20230205-6802,Underarm Whitening Cream,PRD0050,Cosmetics,CAT002,1401.9,88,123367.2,22499.67,100867.53,5664.49,95203.04,6965.56,2023,2,5,88237.48,27504.19,Bkash,,ENT-20230205-00819
PO-202302-1775,2023-02-05,VND002,Kazi Tea IND Ltd.,INV-20230205-7447,Sunglasses,PRD0027,Accessories,CAT003,3222.2,91,293220.2,20067.46,273152.74,12220.95,260931.79,22936.49,2023,2,5,237995.3,84881.79,Bank Transfer,City Bank,ENT-20230205-01775
PO-202302-0303,2023-02-04,VND007,Style Mart Brand,INV-20230204-8955,Women's Top,PRD0005,Fashion Apparel,CAT001,4434.29,46,203977.34,15267.04,188710.3,4852.54,183857.76,5969.04,2023,2,4,177888.72,11224.43,Bank Transfer,Janata Bank,ENT-20230204-00303
PO-202302-1644,2023-02-04,VND007,Style Mart Brand,INV-20230204-1679,Foot Care Cream,PRD0041,Cosmetics,CAT002,4851.31,68,329889.08,61503.99,268385.09,26254.9,242130.19,3780.49,2023,2,4,238349.7,231351.65,Bkash,,ENT-20230204-01644
PO-202302-1804,2023-02-03,VND002,Kazi Tea IND Ltd.,INV-20230203-8103,Disinfectant Spray,PRD0037,Cosmetics,CAT002,1844.07,52,95891.64,19982.85,75908.79,2173.19,73735.6,3185.15,2023,2,3,70550.45,56079.96,Bkash,,ENT-20230203-01804
PO-202302-1048,2023-02-03,VND005,Yello Energy Co.,INV-20230203-9659,Hand Sanitizer,PRD0004,Hygiene Products,CAT004,1136.32,18,20453.76,1371.2,19082.56,1278.17,17804.39,587.11,2023,2,3,17217.28,11182.32,Cheque,Bkash,ENT-20230203-01048
PO-202302-1420,2023-02-03,VND005,Yello Energy Co.,INV-20230203-9343,Face Wash,PRD0022,Hygiene Products,CAT004,3860.67,95,366763.65,70159.83,296603.82,25615.26,270988.56,38989.69,2023,2,3,231998.87,227244.8,Cash,,ENT-20230203-01420
PO-202302-0400,2023-02-03,VND007,Style Mart Brand,INV-20230203-5338,Hair Straightener,PRD0073,Hygiene Products,CAT004,4421.17,5,22105.85,5071.0,17034.85,934.21,16100.64,1298.91,2023,2,3,14801.73,3114.48,Bkash,,ENT-20230203-00400
PO-202302-1536,2023-02-03,VND003,Shanti Enterprises,INV-20230203-6703,Hair Dryer,PRD0013,Hygiene Products,CAT004,1798.58,54,97123.32,3399.84,93723.48,5142.26,88581.22,8421.01,2023,2,3,80160.21,47495.55,Nagad,,ENT-20230203-01536
PO-202302-0165,2023-02-02,VND007,Style Mart Brand,INV-20230202-8278,Body Oil,PRD0059,Cosmetics,CAT002,280.45,3,841.35,89.11,752.24,26.38,725.86,0.74,2023,2,2,725.12,204.76,Cash,,ENT-20230202-00165
PO-202302-1100,2023-02-02,VND005,Yello Energy Co.,INV-20230202-5513,Disinfectant Spray,PRD0037,Cosmetics,CAT002,3496.11,4,13984.44,3047.59,10936.85,412.64,10524.21,642.63,2023,2,2,9881.58,4382.56,Cash,,ENT-20230202-01100
PO-202302-0444,2023-02-02,VND004,Organic Solutions,INV-20230202-2255,Diapers,PRD0024,Hygiene Products,CAT004,2339.32,51,119305.32,14064.72,105240.6,7411.32,97829.28,10643.09,2023,2,2,87186.19,42529.06,Cash,,ENT-20230202-00444
PO-202302-1647,2023-02-02,VND004,Organic Solutions,INV-20230202-3648,Deodorant,PRD0036,Cosmetics,CAT002,4357.68,16,69722.88,6794.88,62928.0,5411.99,57516.01,7110.32,2023,2,2,50405.69,50236.9,Bank Transfer,Janata Bank,ENT-20230202-01647
PO-202302-0802,2023-02-02,VND007,Style Mart Brand,INV-20230202-1030,Diapers,PRD0024,Hygiene Products,CAT004,2770.87,90,249378.3,35177.73,214200.57,7134.76,207065.81,21987.45,2023,2,2,185078.36,122138.25,Nagad,,ENT-20230202-00802
PO-202301-0969,2023-01-31,VND002,Kazi Tea IND Ltd.,INV-20230131-6891,Women's Leggings,PRD0079,Fashion Apparel,CAT001,2588.42,87,225192.54,49265.37,175927.17,13090.51,162836.66,11311.8,2023,1,31,151524.86,107924.07,Bank Transfer,Sonali Bank,ENT-20230131-00969
PO-202301-1716,2023-01-31,VND004,Organic Solutions,INV-20230131-6481,Hoodie,PRD0075,Fashion Apparel,CAT001,1509.35,73,110182.55,22904.28,87278.27,7533.03,79745.24,995.74,2023,1,31,78749.5,28129.6,Bkash,,ENT-20230131-01716
PO-202301-1106,2023-01-31,VND005,Yello Energy Co.,INV-20230131-7942,Women's Kurti,PRD0081,Fashion Apparel,CAT001,4278.42,58,248148.36,32805.46,215342.9,17425.82,197917.08,13393.61,2023,1,31,184523.47,34290.02,Nagad,,ENT-20230131-01106
PO-202301-1813,2023-01-30,VND003,Shanti Enterprises,INV-20230130-2315,Face Toner,PRD0033,Hygiene Products,CAT004,4210.07,76,319965.32,23609.73,296355.59,6059.68,290295.91,26743.07,2023,1,30,263552.84,141256.62,Cash,,ENT-20230130-01813
PO-202301-1312,2023-01-30,VND007,Style Mart Brand,INV-20230130-2964,Wallet,PRD0051,Accessories,CAT003,1530.3,10,15303.0,836.01,14466.99,500.73,13966.26,864.71,2023,1,30,13101.55,11564.12,Cash,,ENT-20230130-01312
PO-202301-0461,2023-01-30,VND003,Shanti Enterprises,INV-20230130-2800,Makeup Remover,PRD0032,Cosmetics,CAT002,4240.1,74,313767.4,54098.12,259669.28,23523.63,236145.65,11833.53,2023,1,30,224312.12,221613.09,Bank Transfer,Janata Bank,ENT-20230130-00461
PO-202301-0251,2023-01-30,VND001,Creative Corporation,INV-20230130-3114,Men's Nightwear,PRD0048,Fashion Apparel,CAT001,2372.77,95,225413.15,9127.89,216285.26,6875.14,209410.12,23017.3,2023,1,30,186392.82,98940.26,Nagad,,ENT-20230130-00251
PO-202301-1712,2023-01-30,VND005,Yello Energy Co.,INV-20230130-6936,Women's Kurti,PRD0081,Fashion Apparel,CAT001,4365.8,48,209558.4,45148.42,164409.98,6221.51,158188.47,14579.55,2023,1,30,143608.92,102271.8,Nagad,,ENT-20230130-01712
PO-202301-1711,2023-01-30,VND004,Organic Solutions,INV-20230130-2361,Shaving Cream,PRD0066,Cosmetics,CAT002,1034.36,86,88954.96,10549.22,78405.74,2674.27,75731.47,745.89,2023,1,30,74985.58,9004.87,Bkash,,ENT-20230130-01711
PO-202301-0546,2023-01-30,VND002,Kazi Tea IND Ltd.,INV-20230130-7410,Watch,PRD0043,Accessories,CAT003,3245.93,59,191509.87,56399.01,135110.86,7851.16,127259.7,1557.04,2023,1,30,125702.66,40600.05,Bank Transfer,Rupali Bank,ENT-20230130-00546
PO-202301-0412,2023-01-29,VND003,Shanti Enterprises,INV-20230129-9307,Umbrella,PRD0060,Accessories,CAT003,4589.27,91,417623.57,15715.07,401908.5,24009.55,377898.95,49205.38,2023,1,29,328693.57,94384.23,Cash,,ENT-20230129-00412
PO-202301-1657,2023-01-29,VND005,Yello Energy Co.,INV-20230129-6943,Women's Top,PRD0005,Fashion Apparel,CAT001,2182.41,24,52377.84,1227.67,51150.17,664.8,50485.37,1808.15,2023,1,29,48677.22,20517.99,Bkash,,ENT-20230129-01657
PO-202301-0848,2023-01-29,VND007,Style Mart Brand,INV-20230129-4972,Wallet,PRD0051,Accessories,CAT003,3585.1,78,279637.8,56278.95,223358.85,20610.96,202747.89,247.06,2023,1,29,202500.83,161367.46,Cash,,ENT-20230129-00848
PO-202301-1123,2023-01-28,VND005,Yello Energy Co.,INV-20230128-9152,Makeup Remover,PRD0032,Cosmetics,CAT002,4712.97,72,339333.84,18292.3,321041.54,24890.06,296151.48,765.66,2023,1,28,295385.82,76079.34,Bkash,,ENT-20230128-01123
PO-202301-0377,2023-01-28,VND003,Shanti Enterprises,INV-20230128-5148,Nail Polish,PRD0055,Cosmetics,CAT002,3624.44,73,264584.12,61601.05,202983.07,10876.45,192106.62,22082.09,2023,1,28,170024.53,40404.49,Cheque,Dutch Bangla Bank,ENT-20230128-00377
PO-202301-0943,2023-01-28,VND002,Kazi Tea IND Ltd.,INV-20230128-4359,Condom,PRD0009,Hygiene Products,CAT004,292.87,41,12007.67,572.59,11435.08,1131.78,10303.3,1211.62,2023,1,28,9091.68,8782.91,Cheque,City Bank,ENT-20230128-00943
PO-202301-1736,2023-01-28,VND004,Organic Solutions,INV-20230128-3935,Backpack,PRD0038,Hygiene Products,CAT004,2136.32,40,85452.8,13679.7,71773.1,3489.12,68283.98,2958.99,2023,1,28,65324.99,49584.35,Nagad,,ENT-20230128-01736
PO-202301-0996,2023-01-27,VND002,Kazi Tea IND Ltd.,INV-20230127-9287,Hat,PRD0019,Accessories,CAT003,373.58,69,25777.02,4302.91,21474.11,185.38,21288.73,1844.24,2023,1,27,19444.49,1045.52,Nagad,,ENT-20230127-00996
PO-202301-1805,2023-01-26,VND007,Style Mart Brand,INV-20230126-4475,Body Mist,PRD0035,Cosmetics,CAT002,1128.3,73,82365.9,7928.87,74437.03,6834.99,67602.04,8207.57,2023,1,26,59394.47,20310.31,Cash,,ENT-20230126-01805
PO-202301-1565,2023-01-26,VND003,Shanti Enterprises,INV-20230126-9781,Belt,PRD0002,Accessories,CAT003,1443.31,99,142887.69,9130.07,133757.62,1706.83,132050.79,6455.49,2023,1,26,125595.3,13215.49,Nagad,,ENT-20230126-01565
PO-202301-1030,2023-01-25,VND007,Style Mart Brand,INV-20230125-5530,Sunscreen,PRD0068,Hygiene Products,CAT004,1748.77,76,132906.52,37942.84,94963.68,3178.66,91785.02,10198.44,2023,1,25,81586.58,54349.16,Bkash,,ENT-20230125-01030
PO-202301-0681,2023-01-24,VND003,Shanti Enterprises,INV-20230124-3800,Scarf,PRD0076,Accessories,CAT003,2644.59,18,47602.62,8780.93,38821.69,2857.01,35964.68,651.63,2023,1,24,35313.05,31160.25,Cash,,ENT-20230124-00681
PO-202301-0349,2023-01-23,VND005,Yello Energy Co.,INV-20230123-1942,Wallet,PRD0051,Accessories,CAT003,2505.06,45,112727.7,28969.38,83758.32,5148.12,78610.2,11010.82,2023,1,23,67599.38,17521.74,Cheque,Bkash,ENT-20230123-00349
PO-202301-1810,2023-01-22,VND006,Sun Corporation Ltd.,INV-20230122-8898,Condom,PRD0009,Hygiene Products,CAT004,2810.59,4,11242.36,1205.84,10036.52,162.47,9874.05,555.85,2023,1,22,9318.2,2066.2,Cheque,Rupali Bank,ENT-20230122-01810
PO-202301-1810,2023-01-22,VND006,Sun Corporation Ltd.,INV-20230122-8898,Condom,PRD0009,Hygiene Products,CAT004,2651.49,304,806052.96,80605.3,725447.66,36272.38,689175.28,34458.76,2023,1,22,654716.52,273221.6,Cheque,Rupali Bank,ENT-20230122-01810
PO-202301-0733,2023-01-22,VND005,Yello Energy Co.,INV-20230122-4136,Diapers,PRD0024,Hygiene Products,CAT004,3338.85,100,333885.0,4040.05,329844.95,10887.12,318957.83,9150.64,2023,1,22,309807.19,174109.6,Bank Transfer,Nagad,ENT-20230122-00733
PO-202301-0450,2023-01-22,VND005,Yello Energy Co.,INV-20230122-6552,Body Mist,PRD0035,Cosmetics,CAT002,3840.82,84,322628.88,22265.27,300363.61,14040.36,286323.25,28194.33,2023,1,22,258128.92,169367.17,Nagad,,ENT-20230122-00450
PO-202301-1936,2023-01-22,VND001,Creative Corporation,INV-20230122-2371,Lipstick,PRD0061,Cosmetics,CAT002,2673.0,77,205821.0,28263.33,177557.67,16287.79,161269.88,19881.01,2023,1,22,141388.87,80880.21,Cash,,ENT-20230122-01936
PO-202301-0463,2023-01-21,VND004,Organic Solutions,INV-20230121-9448,Women's Top,PRD0005,Fashion Apparel,CAT001,4193.43,71,297733.53,53106.54,244626.99,17875.86,226751.13,21376.44,2023,1,21,205374.69,24626.27,Cash,,ENT-20230121-00463
PO-202301-1943,2023-01-21,VND004,Organic Solutions,INV-20230121-1227,Aftershave,PRD0057,Hygiene Products,CAT004,3853.37,63,242762.31,9154.6,233607.71,3466.71,230141.0,24777.9,2023,1,21,205363.1,152914.32,Nagad,,ENT-20230121-01943
PO-202301-0800,2023-01-21,VND002,Kazi Tea IND Ltd.,INV-20230121-2150,Deodorant,PRD0036,Cosmetics,CAT002,1406.61,95,133627.95,6619.46,127008.49,4055.66,122952.83,13364.29,2023,1,21,109588.54,32855.75,Bank Transfer,Dutch Bangla Bank,ENT-20230121-00800
PO-202301-0216,2023-01-21,VND006,Sun Corporation Ltd.,INV-20230121-2670,Men Polo Shirt,PRD0080,Fashion Apparel,CAT001,4946.38,92,455066.96,101174.6,353892.36,6108.42,347783.94,9271.55,2023,1,21,338512.39,54444.16,Cheque,Dutch Bangla Bank,ENT-20230121-00216
PO-202301-1676,2023-01-21,VND005,Yello Energy Co.,INV-20230121-5577,Hair Straightener,PRD0073,Hygiene Products,CAT004,1132.64,100,113264.0,26603.9,86660.1,33.6,86626.5,689.79,2023,1,21,85936.71,6414.73,Nagad,,ENT-20230121-01676
PO-202301-1854,2023-01-20,VND002,Kazi Tea IND Ltd.,INV-20230120-8561,Beard Oil,PRD0049,Cosmetics,CAT002,2791.0,36,100476.0,4030.48,96445.52,9093.11,87352.41,7545.24,2023,1,20,79807.17,15462.81,Nagad,,ENT-20230120-01854
PO-202301-0506,2023-01-19,VND001,Creative Corporation,INV-20230119-4222,Footwear,PRD0065,Hygiene Products,CAT004,1245.49,49,61029.01,7250.95,53778.06,132.96,53645.1,5424.71,2023,1,19,48220.39,7353.42,Bank Transfer,Rupali Bank,ENT-20230119-00506
PO-202301-1014,2023-01-19,VND003,Shanti Enterprises,INV-20230119-6522,Sanitary Napkins,PRD0030,Hygiene Products,CAT004,2219.74,54,119865.96,6500.22,113365.74,4719.23,108646.51,13410.76,2023,1,19,95235.75,51673.49,Cheque,Nagad,ENT-20230119-01014
PO-202301-1397,2023-01-19,VND005,Yello Energy Co.,INV-20230119-6449,Backpack,PRD0038,Hygiene Products,CAT004,3835.26,69,264632.94,60228.95,204403.99,5738.64,198665.35,24387.63,2023,1,19,174277.72,5801.82,Nagad,,ENT-20230119-01397
PO-202301-0339,2023-01-18,VND004,Organic Solutions,INV-20230118-8942,Bra & Panty Set,PRD0031,Hygiene Products,CAT004,2470.68,12,29648.16,3787.41,25860.75,2262.7,23598.05,767.31,2023,1,18,22830.74,3366.89,Bkash,,ENT-20230118-00339
PO-202301-1976,2023-01-18,VND001,Creative Corporation,INV-20230118-6169,Men Jeans,PRD0078,Fashion Apparel,CAT001,1767.3,49,86597.7,24612.25,61985.45,2262.66,59722.79,2144.7,2023,1,18,57578.09,28035.31,Bkash,,ENT-20230118-01976
PO-202301-0164,2023-01-18,VND003,Shanti Enterprises,INV-20230118-6398,Personal Toys,PRD0040,Hygiene Products,CAT004,2044.85,37,75659.45,7479.1,68180.35,3412.32,64768.03,1610.29,2023,1,18,63157.74,13129.19,Bank Transfer,Nagad,ENT-20230118-00164
PO-202301-0869,2023-01-17,VND002,Kazi Tea IND Ltd.,INV-20230117-7360,Body Mist,PRD0035,Cosmetics,CAT002,4524.01,77,348348.77,98661.12,249687.65,18580.84,231106.81,31780.17,2023,1,17,199326.64,21021.82,Bkash,,ENT-20230117-00869
PO-202301-0022,2023-01-17,VND003,Shanti Enterprises,INV-20230117-5287,Nail Polish,PRD0055,Cosmetics,CAT002,2705.37,70,189375.9,37936.27,151439.63,895.11,150544.52,5627.6,2023,1,17,144916.92,123397.05,Cheque,Sonali Bank,ENT-20230117-00022
PO-202301-0179,2023-01-17,VND003,Shanti Enterprises,INV-20230117-8151,Personal Toys,PRD0040,Hygiene Products,CAT004,1077.14,71,76476.94,22526.04,53950.9,2115.32,51835.58,3334.5,2023,1,17,48501.08,42422.66,Cheque,Rupali Bank,ENT-20230117-00179
PO-202301-1414,2023-01-17,VND007,Style Mart Brand,INV-20230117-5552,Watch,PRD0043,Accessories,CAT003,1738.65,52,90409.8,12857.71,77552.09,180.93,77371.16,6772.9,2023,1,17,70598.26,1412.23,Nagad,,ENT-20230117-01414
PO-202301-1254,2023-01-17,VND002,Kazi Tea IND Ltd.,INV-20230117-7780,Men Polo Shirt,PRD0080,Fashion Apparel,CAT001,3321.38,26,86355.88,20495.15,65860.73,4073.67,61787.06,1034.93,2023,1,17,60752.13,13388.88,Nagad,,ENT-20230117-01254
PO-202301-0360,2023-01-16,VND007,Style Mart Brand,INV-20230116-4026,Makeup Kit,PRD0056,Cosmetics,CAT002,855.76,67,57335.92,1620.37,55715.55,3544.7,52170.85,5247.71,2023,1,16,46923.14,27916.13,Nagad,,ENT-20230116-00360
PO-202301-0121,2023-01-16,VND006,Sun Corporation Ltd.,INV-20230116-5884,Hair Straightener,PRD0073,Hygiene Products,CAT004,1441.06,55,79258.3,3101.17,76157.13,2429.8,73727.33,2968.42,2023,1,16,70758.91,57715.29,Nagad,,ENT-20230116-00121
PO-202301-0097,2023-01-16,VND001,Creative Corporation,INV-20230116-3264,Men Shirt,PRD0010,Fashion Apparel,CAT001,3236.21,99,320384.79,74406.49,245978.3,14778.03,231200.27,4488.65,2023,1,16,226711.62,188027.76,Cheque,Dutch Bangla Bank,ENT-20230116-00097
PO-202301-1362,2023-01-15,VND007,Style Mart Brand,INV-20230115-1321,Belt,PRD0002,Accessories,CAT003,1948.38,87,169509.06,26382.58,143126.48,11179.2,131947.28,9897.99,2023,1,15,122049.29,81067.97,Bkash,,ENT-20230115-01362
PO-202301-0524,2023-01-15,VND007,Style Mart Brand,INV-20230115-9576,Hair Gel,PRD0077,Hygiene Products,CAT004,4367.11,94,410508.34,66052.74,344455.6,15131.22,329324.38,25503.1,2023,1,15,303821.28,300777.44,Cheque,Rupali Bank,ENT-20230115-00524
PO-202301-1008,2023-01-15,VND003,Shanti Enterprises,INV-20230115-4341,Women's Nightwear,PRD0003,Fashion Apparel,CAT001,2864.45,61,174731.45,45641.49,129089.96,6773.07,122316.89,12213.13,2023,1,15,110103.76,81860.74,Bank Transfer,Dutch Bangla Bank,ENT-20230115-01008
PO-202301-1665,2023-01-15,VND007,Style Mart Brand,INV-20230115-5057,Hair Serum,PRD0011,Cosmetics,CAT002,2810.86,22,61838.92,18459.66,43379.26,2262.22,41117.04,720.83,2023,1,15,40396.21,20842.34,Cheque,Bkash,ENT-20230115-01665
PO-202301-0407,2023-01-15,VND003,Shanti Enterprises,INV-20230115-1274,Women's Saree,PRD0072,Fashion Apparel,CAT001,7572.93,184,1393419.12,139341.91,1254077.21,62703.86,1191373.35,59568.67,2023,1,15,1131804.68,179282.84,Cheque,Janata Bank,ENT-20230115-00407
PO-202301-0407,2023-01-15,VND003,Shanti Enterprises,INV-20230115-1274,Women's Saree,PRD0072,Fashion Apparel,CAT001,374.06,30,11221.8,674.35,10547.45,653.03,9894.42,619.46,2023,1,15,9274.96,6221.88,Cheque,Janata Bank,ENT-20230115-00407
PO-202301-1046,2023-01-14,VND005,Yello Energy Co.,INV-20230114-9989,Feminine Wash,PRD0028,Hygiene Products,CAT004,399.7,47,18785.9,2212.76,16573.14,1213.23,15359.91,816.51,2023,1,14,14543.4,1022.5,Bank Transfer,Bkash,ENT-20230114-01046
PO-202301-0195,2023-01-14,VND002,Kazi Tea IND Ltd.,INV-20230114-3007,Shaving Cream,PRD0066,Cosmetics,CAT002,2969.55,21,62360.55,7937.09,54423.46,5428.3,48995.16,6335.0,2023,1,14,42660.16,26788.09,Bkash,,ENT-20230114-00195
PO-202301-1051,2023-01-14,VND002,Kazi Tea IND Ltd.,INV-20230114-9375,Men's Innerwear,PRD0015,Fashion Apparel,CAT001,728.04,95,69163.8,15702.58,53461.22,1523.93,51937.29,4706.92,2023,1,14,47230.37,34801.38,Cash,,ENT-20230114-01051
PO-202301-0316,2023-01-14,VND002,Kazi Tea IND Ltd.,INV-20230114-6106,Hair Removal Cream,PRD0018,Cosmetics,CAT002,3422.18,98,335373.64,70910.93,264462.71,8257.89,256204.82,34175.5,2023,1,14,222029.32,75338.57,Cheque,Bkash,ENT-20230114-00316
PO-202301-0911,2023-01-13,VND007,Style Mart Brand,INV-20230113-7398,Body Butter,PRD0016,Hygiene Products,CAT004,4125.95,1,4125.95,171.65,3954.3,308.79,3645.51,109.72,2023,1,13,3535.79,2458.8,Bkash,,ENT-20230113-00911
PO-202301-0748,2023-01-13,VND006,Sun Corporation Ltd.,INV-20230113-8699,Condom,PRD0009,Hygiene Products,CAT004,472.6,11,5198.6,800.76,4397.84,13.49,4384.35,181.41,2023,1,13,4202.94,3759.1,Bank Transfer,Dutch Bangla Bank,ENT-20230113-00748
PO-202301-1132,2023-01-12,VND002,Kazi Tea IND Ltd.,INV-20230112-2298,Hair Gel,PRD0077,Hygiene Products,CAT004,1228.36,99,121607.64,10216.31,111391.33,4464.75,106926.58,13276.72,2023,1,12,93649.86,60495.52,Cash,,ENT-20230112-01132
PO-202301-0198,2023-01-12,VND003,Shanti Enterprises,INV-20230112-1373,Men's Nightwear,PRD0048,Fashion Apparel,CAT001,1670.52,24,40092.48,7853.56,32238.92,3217.83,29021.09,64.84,2023,1,12,28956.25,7317.87,Cheque,Janata Bank,ENT-20230112-00198
PO-202301-1578,2023-01-11,VND006,Sun Corporation Ltd.,INV-20230111-3687,Shaving Cream,PRD0066,Cosmetics,CAT002,271.4,28,7599.2,1431.68,6167.52,29.25,6138.27,455.14,2023,1,11,5683.13,1710.26,Bkash,,ENT-20230111-01578
PO-202301-0657,2023-01-11,VND002,Kazi Tea IND Ltd.,INV-20230111-4118,Face Serum,PRD0053,Cosmetics,CAT002,4246.74,74,314258.76,39453.49,274805.27,20879.72,253925.55,26473.61,2023,1,11,227451.94,37412.05,Bank Transfer,Janata Bank,ENT-20230111-00657
PO-202301-0820,2023-01-11,VND001,Creative Corporation,INV-20230111-2167,Gloves,PRD0023,Hygiene Products,CAT004,3461.45,26,89997.7,4998.39,84999.31,581.63,84417.68,8872.66,2023,1,11,75545.02,48450.33,Cash,,ENT-20230111-00820
PO-202301-0657,2023-01-11,VND002,Kazi Tea IND Ltd.,INV-20230111-4118,Face Serum,PRD0053,Cosmetics,CAT002,7912.21,157,1242216.97,124221.7,1117995.27,55899.76,1062095.51,53104.78,2023,1,11,1008990.73,180873.89,Bank Transfer,Janata Bank,ENT-20230111-00657
PO-202301-0820,2023-01-11,VND001,Creative Corporation,INV-20230111-2167,Gloves,PRD0023,Hygiene Products,CAT004,1089.81,101,110070.81,11007.08,99063.73,4953.19,94110.54,4705.53,2023,1,11,89405.01,19622.73,Cash,,ENT-20230111-00820
PO-202301-1146,2023-01-11,VND005,Yello Energy Co.,INV-20230111-1515,Women's Nightwear,PRD0003,Fashion Apparel,CAT001,553.94,25,13848.5,791.64,13056.86,15.81,13041.05,449.38,2023,1,11,12591.67,1780.39,Cash,,ENT-20230111-01146
PO-202301-1501,2023-01-11,VND007,Style Mart Brand,INV-20230111-3021,Face Toner,PRD0033,Hygiene Products,CAT004,1157.11,59,68269.49,5655.13,62614.36,2565.95,60048.41,4096.3,2023,1,11,55952.11,45987.09,Bkash,,ENT-20230111-01501
PO-202301-1556,2023-01-10,VND007,Style Mart Brand,INV-20230110-5479,Women's Leggings,PRD0079,Fashion Apparel,CAT001,1223.19,95,116203.05,15645.06,100557.99,7892.6,92665.39,13759.05,2023,1,10,78906.34,23359.77,Nagad,,ENT-20230110-01556
PO-202301-1526,2023-01-10,VND007,Style Mart Brand,INV-20230110-4897,Jacket,PRD0008,Fashion Apparel,CAT001,1640.04,49,80361.96,4621.35,75740.61,256.37,75484.24,5999.38,2023,1,10,69484.86,59348.39,Cheque,Nagad,ENT-20230110-01526
PO-202301-1852,2023-01-10,VND002,Kazi Tea IND Ltd.,INV-20230110-6398,Women's Leggings,PRD0079,Fashion Apparel,CAT001,2998.33,49,146918.17,16237.45,130680.72,7228.62,123452.1,13321.6,2023,1,10,110130.5,5667.4,Bkash,,ENT-20230110-01852
PO-202301-1883,2023-01-10,VND002,Kazi Tea IND Ltd.,INV-20230110-1160,Body Spray,PRD0001,Cosmetics,CAT002,1981.94,21,41620.74,5186.0,36434.74,769.76,35664.98,1138.31,2023,1,10,34526.67,18127.79,Cheque,Bkash,ENT-20230110-01883
PO-202301-0327,2023-01-10,VND001,Creative Corporation,INV-20230110-7190,Body Oil,PRD0059,Cosmetics,CAT002,4647.01,19,88293.19,2966.27,85326.92,705.27,84621.65,12370.47,2023,1,10,72251.18,37299.89,Bank Transfer,Rupali Bank,ENT-20230110-00327
PO-202301-1526,2023-01-10,VND007,Style Mart Brand,INV-20230110-4897,Jacket,PRD0008,Fashion Apparel,CAT001,4026.63,415,1671051.45,167105.15,1503946.3,75197.32,1428748.98,71437.45,2023,1,10,1357311.53,209006.42,Cheque,Nagad,ENT-20230110-01526
PO-202301-0382,2023-01-09,VND004,Organic Solutions,INV-20230109-3836,Gloves,PRD0023,Hygiene Products,CAT004,4650.83,47,218589.01,40387.63,178201.38,7906.75,170294.63,13412.26,2023,1,9,156882.37,71147.71,Cash,,ENT-20230109-00382
PO-202301-1707,2023-01-09,VND004,Organic Solutions,INV-20230109-1497,Men T-Shirt,PRD0026,Fashion Apparel,CAT001,2295.29,2,4590.58,243.11,4347.47,96.47,4251.0,348.9,2023,1,9,3902.1,1466.86,Cash,,ENT-20230109-01707
PO-202301-0201,2023-01-09,VND002,Kazi Tea IND Ltd.,INV-20230109-9989,Nail Polish,PRD0055,Cosmetics,CAT002,4998.55,94,469863.7,16623.82,453239.88,6993.46,446246.42,42684.38,2023,1,9,403562.04,231585.19,Cash,,ENT-20230109-00201
PO-202301-1895,2023-01-09,VND005,Yello Energy Co.,INV-20230109-7629,Body Lotion,PRD0064,Cosmetics,CAT002,4796.76,32,153496.32,15204.38,138291.94,7143.43,131148.51,18690.13,2023,1,9,112458.38,26560.84,Nagad,,ENT-20230109-01895
PO-202301-0629,2023-01-09,VND006,Sun Corporation Ltd.,INV-20230109-3366,Kids Dress,PRD0067,Fashion Apparel,CAT001,1541.46,78,120233.88,5044.31,115189.57,7881.21,107308.36,14192.62,2023,1,9,93115.74,24004.12,Bank Transfer,Rupali Bank,ENT-20230109-00629
PO-202301-0369,2023-01-08,VND005,Yello Energy Co.,INV-20230108-6577,Handbag,PRD0020,Accessories,CAT003,2244.0,74,166056.0,37258.21,128797.79,9447.16,119350.63,15084.12,2023,1,8,104266.51,17819.07,Bank Transfer,Nagad,ENT-20230108-00369
PO-202301-1671,2023-01-08,VND001,Creative Corporation,INV-20230108-1726,Personal Toys,PRD0040,Hygiene Products,CAT004,3827.63,33,126311.79,10444.98,115866.81,3926.05,111940.76,13568.56,2023,1,8,98372.2,77411.32,Nagad,,ENT-20230108-01671
PO-202301-0420,2023-01-08,VND001,Creative Corporation,INV-20230108-2132,Personal Toys,PRD0040,Hygiene Products,CAT004,1214.54,65,78945.1,12488.33,66456.77,2700.65,63756.12,6824.05,2023,1,8,56932.07,10898.1,Cash,,ENT-20230108-00420
PO-202301-0464,2023-01-07,VND004,Organic Solutions,INV-20230107-1214,Lipstick,PRD0061,Cosmetics,CAT002,3742.69,88,329356.72,64709.35,264647.37,26322.53,238324.84,19781.37,2023,1,7,218543.47,182161.87,Bank Transfer,BRAC Bank,ENT-20230107-00464
PO-202301-1340,2023-01-07,VND001,Creative Corporation,INV-20230107-6580,Hair Accessories,PRD0029,Hygiene Products,CAT004,1655.23,83,137384.09,3757.39,133626.7,5030.41,128596.29,5999.54,2023,1,7,122596.75,109879.1,Bank Transfer,Nagad,ENT-20230107-01340
PO-202301-1626,2023-01-07,VND002,Kazi Tea IND Ltd.,INV-20230107-1962,Scarf,PRD0076,Accessories,CAT003,4226.82,88,371960.16,96616.37,275343.79,5926.56,269417.23,33413.2,2023,1,7,236004.03,138350.01,Cash,,ENT-20230107-01626
PO-202301-1926,2023-01-07,VND004,Organic Solutions,INV-20230107-5542,Face Cream,PRD0034,Cosmetics,CAT002,2127.58,83,176589.14,13173.11,163416.03,8438.21,154977.82,1517.83,2023,1,7,153459.99,2996.62,Bkash,,ENT-20230107-01926
PO-202301-0182,2023-01-06,VND007,Style Mart Brand,INV-20230106-9359,Makeup Kit,PRD0056,Cosmetics,CAT002,3730.86,98,365624.28,70152.27,295472.01,8677.47,286794.54,41797.65,2023,1,6,244996.89,73756.71,Cash,,ENT-20230106-00182
PO-202301-1879,2023-01-06,VND007,Style Mart Brand,INV-20230106-2437,Bra & Panty Set,PRD0031,Hygiene Products,CAT004,499.78,48,23989.44,1656.51,22332.93,247.21,22085.72,1185.04,2023,1,6,20900.68,15604.34,Cheque,Dutch Bangla Bank,ENT-20230106-01879
PO-202301-0895,2023-01-05,VND006,Sun Corporation Ltd.,INV-20230105-2578,Kids Dress,PRD0067,Fashion Apparel,CAT001,2542.35,36,91524.6,20765.29,70759.31,2839.36,67919.95,2687.58,2023,1,5,65232.37,30035.74,Bkash,,ENT-20230105-00895
PO-202301-0228,2023-01-05,VND002,Kazi Tea IND Ltd.,INV-20230105-2126,Shampoo,PRD0007,Hygiene Products,CAT004,2850.67,78,222352.26,9166.19,213186.07,12900.08,200285.99,12537.92,2023,1,5,187748.07,96932.05,Cash,,ENT-20230105-00228
PO-202301-1234,2023-01-04,VND001,Creative Corporation,INV-20230104-9164,Keychain,PRD0012,Accessories,CAT003,388.07,41,15910.87,2519.34,13391.53,1194.47,12197.06,1130.69,2023,1,4,11066.37,10999.07,Cheque,Sonali Bank,ENT-20230104-01234
PO-202301-1049,2023-01-04,VND004,Organic Solutions,INV-20230104-5232,Hair Gel,PRD0077,Hygiene Products,CAT004,268.87,22,5915.14,532.26,5382.88,14.55,5368.33,359.53,2023,1,4,5008.8,636.13,Cheque,Bkash,ENT-20230104-01049
PO-202301-0829,2023-01-04,VND004,Organic Solutions,INV-20230104-6663,Umbrella,PRD0060,Accessories,CAT003,1630.61,8,13044.88,3384.58,9660.3,539.12,9121.18,1154.34,2023,1,4,7966.84,2772.72,Cash,,ENT-20230104-00829
PO-202301-0571,2023-01-03,VND007,Style Mart Brand,INV-20230103-6559,Face Mask,PRD0054,Cosmetics,CAT002,2000.25,36,72009.0,6405.2,65603.8,4832.26,60771.54,6584.78,2023,1,3,54186.76,44846.41,Cash,,ENT-20230103-00571
PO-202301-1314,2023-01-02,VND003,Shanti Enterprises,INV-20230102-7603,Personal Lubricant,PRD0070,Hygiene Products,CAT004,2372.9,1,2372.9,117.08,2255.82,68.92,2186.9,321.37,2023,1,2,1865.53,1631.89,Cash,,ENT-20230102-01314
PO-202301-1846,2023-01-02,VND002,Kazi Tea IND Ltd.,INV-20230102-1373,Lipstick,PRD0061,Cosmetics,CAT002,691.77,74,51190.98,7035.74,44155.24,2599.33,41555.91,6072.67,2023,1,2,35483.24,7311.37,Bkash,,ENT-20230102-01846
PO-202301-1209,2023-01-02,VND005,Yello Energy Co.,INV-20230102-5771,Sanitary Napkins,PRD0030,Hygiene Products,CAT004,4483.09,92,412444.28,28459.21,383985.07,19602.98,364382.09,27879.09,2023,1,2,336503.0,26969.88,Cash,,ENT-20230102-01209
PO-202301-0383,2023-01-02,VND006,Sun Corporation Ltd.,INV-20230102-1940,Diapers,PRD0024,Hygiene Products,CAT004,918.04,38,34885.52,365.2,34520.32,838.36,33681.96,330.25,2023,1,2,33351.71,32098.98,Cheque,BRAC Bank,ENT-20230102-00383
PO-202301-1153,2023-01-02,VND007,Style Mart Brand,INV-20230102-3900,Shampoo,PRD0007,Hygiene Products,CAT004,4079.7,93,379412.1,26595.53,352816.57,13313.62,339502.95,45810.34,2023,1,2,293692.61,134827.94,Nagad,,ENT-20230102-01153
PO-202301-0066,2023-01-01,VND007,Style Mart Brand,INV-20230101-9639,Watch,PRD0043,Accessories,CAT003,3400.73,45,153032.85,35217.71,117815.14,10145.01,107670.13,14369.73,2023,1,1,93300.4,66622.48,Bank Transfer,City Bank,ENT-20230101-00066
PO-202301-1959,2023-01-01,VND001,Creative Corporation,INV-20230101-5797,Aftershave,PRD0057,Hygiene Products,CAT004,3594.3,5,17971.5,5071.1,12900.4,330.58,12569.82,34.09,2023,1,1,12535.73,9064.09,Bkash,,ENT-20230101-01959
PO-202301-0029,2023-01-01,VND006,Sun Corporation Ltd.,INV-20230101-4409,Underarm Whitening Cream,PRD0050,Cosmetics,CAT002,4427.44,19,84121.36,19787.37,64333.99,4762.06,59571.93,7108.32,2023,1,1,52463.61,51952.42,Bank Transfer,Janata Bank,ENT-20230101-00029
PO-202301-1971,2023-01-01,VND005,Yello Energy Co.,INV-20230101-3837,Body Butter,PRD0016,Hygiene Products,CAT004,2947.61,94,277075.34,39810.79,237264.55,1424.62,235839.93,28019.42,2023,1,1,207820.51,113923.9,Cheque,Bkash,ENT-20230101-01971
PO-202301-1066,2023-01-01,VND004,Organic Solutions,INV-20230101-8248,Toothpaste,PRD0063,Hygiene Products,CAT004,4117.84,82,337662.88,77644.06,260018.82,21218.84,238799.98,20399.25,2023,1,1,218400.73,26144.91,Bank Transfer,City Bank,ENT-20230101-01066
